Date,Open,High,Low,Close,Adj Close,Volume
2019-01-01,160.899994,162.350006,155.449997,157.250000,155.247147,4726656
2019-01-02,157.000000,157.850006,152.500000,154.850006,152.877701,2735262
2019-01-03,154.899994,156.100006,150.300003,152.500000,150.557602,2758876
2019-01-04,152.100006,154.000000,150.000000,152.550003,150.606995,2777308
2019-01-07,152.899994,154.449997,150.250000,151.250000,149.323563,2714218
2019-01-08,150.500000,154.300003,149.649994,153.449997,151.495529,2791866
2019-01-09,153.600006,154.449997,147.600006,149.350006,147.447754,4054809
2019-01-10,151.000000,151.800003,148.500000,151.100006,149.175461,3534546
2019-01-11,151.100006,152.600006,149.100006,151.500000,149.570358,2254999
2019-01-14,151.000000,151.149994,147.000000,148.350006,146.460510,2624582
2019-01-15,148.500000,149.949997,147.250000,148.649994,146.756653,1805678
2019-01-16,148.199997,150.699997,148.000000,148.449997,146.559219,1574176
2019-01-17,148.399994,151.250000,146.350006,149.000000,147.102203,2618859
2019-01-18,149.699997,149.800003,144.550003,146.750000,144.880875,2306520
2019-01-21,146.500000,148.000000,144.250000,145.949997,144.091049,1763205
2019-01-22,145.399994,146.649994,141.699997,145.699997,143.844238,2261667
2019-01-23,145.500000,146.500000,142.050003,143.000000,141.178650,2322990
2019-01-24,143.000000,144.050003,141.100006,142.550003,140.734360,1678843
2019-01-25,142.850006,145.449997,136.149994,137.350006,135.600601,3297651
2019-01-28,138.000000,141.000000,118.949997,136.399994,134.662689,9404485
2019-01-29,136.449997,143.800003,133.600006,140.800003,139.006638,4301493
2019-01-30,140.899994,141.500000,136.500000,139.899994,138.118118,3102926
2019-01-31,139.500000,141.750000,135.000000,137.149994,135.403137,3498642
2019-02-01,136.949997,144.800003,134.550003,143.000000,141.178650,7091209
2019-02-04,142.899994,142.899994,121.300003,123.099998,121.532097,9832462
2019-02-05,122.000000,127.400002,119.599998,124.250000,122.667458,8484607
2019-02-06,123.849998,124.199997,114.800003,122.900002,121.334648,9905219
2019-02-07,122.199997,126.800003,119.050003,123.949997,122.371269,9826247
2019-02-08,123.000000,125.449997,115.699997,123.750000,122.173820,8059813
2019-02-11,122.949997,123.250000,115.800003,118.199997,116.694511,7048335
2019-02-12,117.199997,120.000000,115.349998,116.949997,115.460419,3698931
2019-02-14,118.449997,119.500000,116.000000,118.099998,116.595779,4962697
2019-02-15,118.150002,121.150002,116.500000,119.800003,118.274132,4509378
2019-02-18,118.300003,119.900002,116.099998,117.500000,116.003426,2569451
2019-02-19,118.400002,119.800003,116.800003,118.250000,116.743874,2644152
2019-02-20,117.949997,121.099998,116.199997,120.050003,118.520958,3739081
2019-02-21,119.800003,121.000000,117.900002,119.400002,117.879234,2698192
2019-02-22,120.250000,130.699997,119.800003,128.050003,126.419060,14695085
2019-02-25,125.000000,133.899994,123.000000,132.000000,130.318756,12769956
2019-02-26,130.000000,134.300003,128.000000,132.100006,130.417480,8879092
2019-02-27,133.800003,136.300003,129.550003,132.250000,130.565567,5875292
2019-02-28,133.500000,134.199997,128.000000,128.850006,127.208870,3960957
2019-03-01,130.350006,135.199997,128.850006,133.850006,132.145187,7738116
2019-03-05,132.500000,143.699997,132.000000,141.800003,139.993927,7598974
2019-03-06,142.750000,143.750000,138.199997,139.250000,137.476395,4856085
2019-03-07,139.000000,140.949997,135.300003,136.899994,135.156326,3496617
2019-03-08,135.750000,139.350006,135.399994,138.199997,136.439758,3681442
2019-03-11,137.850006,140.949997,137.600006,139.050003,137.278976,2550759
2019-03-12,140.500000,150.750000,140.050003,148.399994,146.509872,12543653
2019-03-13,148.399994,150.399994,145.399994,147.350006,145.473236,5700158
2019-03-14,147.399994,149.199997,143.600006,145.550003,143.696167,4052596
2019-03-15,145.800003,148.899994,140.250000,141.850006,140.043289,5981701
2019-03-18,142.399994,145.000000,140.350006,143.899994,142.067169,4934286
2019-03-19,144.449997,144.850006,140.500000,142.000000,140.191376,4320808
2019-03-20,142.000000,142.699997,138.050003,139.449997,137.673859,3242462
2019-03-22,140.699997,141.449997,137.050003,138.250000,136.489136,3147147
2019-03-25,137.000000,137.600006,133.500000,134.350006,132.638824,2977535
2019-03-26,134.899994,140.000000,133.399994,138.300003,136.538498,4180951
2019-03-27,138.550003,140.949997,136.250000,137.500000,135.748703,2778662
2019-03-28,138.449997,143.149994,136.300003,137.800003,136.044876,3966292
2019-04-01,147.449997,153.199997,145.100006,151.449997,149.521011,7938713
2019-04-02,151.699997,153.300003,148.350006,151.649994,149.718475,6228254
2019-04-03,150.300003,152.649994,146.600006,147.550003,145.670670,3416023
2019-04-04,147.949997,150.300003,145.449997,147.500000,145.621307,3963980
2019-04-05,148.000000,149.199997,146.199997,146.899994,145.028961,2004719
2019-04-08,147.500000,148.649994,141.100006,141.949997,140.142014,4399839
2019-04-09,142.300003,147.000000,137.449997,146.000000,144.140442,8432342
2019-04-10,145.750000,147.399994,142.050003,142.850006,141.030548,4356153
2019-04-11,142.750000,143.149994,138.600006,141.000000,139.204102,3535449
2019-04-12,140.800003,144.449997,139.199997,141.399994,139.598999,5769634
2019-04-15,141.000000,145.149994,140.550003,142.949997,141.129272,4375074
2019-04-16,142.199997,145.350006,142.199997,143.050003,141.227997,3648947
2019-04-18,143.100006,144.449997,137.649994,138.600006,136.834671,3954004
2019-04-22,138.000000,138.649994,134.350006,135.149994,133.428635,3189574
2019-04-23,135.399994,136.300003,131.550003,132.500000,130.812378,4084835
2019-04-24,132.750000,137.100006,132.100006,136.149994,134.415848,4329268
2019-04-25,135.100006,137.000000,133.850006,134.750000,133.033722,2112063
2019-04-26,135.000000,135.649994,130.250000,131.399994,129.726379,4350584
2019-04-30,131.800003,131.800003,125.000000,127.050003,125.431793,4006829
2019-05-02,126.000000,130.000000,124.800003,126.650002,125.036888,3754433
2019-05-03,124.000000,129.000000,123.000000,128.300003,126.665878,6222801
2019-05-06,125.750000,127.400002,125.050003,125.599998,124.000259,1996014
2019-05-07,126.400002,127.000000,120.050003,122.349998,120.791656,4593214
2019-05-08,121.800003,123.650002,120.400002,120.900002,119.360123,2661345
2019-05-09,121.900002,122.199997,119.150002,120.099998,118.570297,2907774
2019-05-10,121.000000,122.300003,119.250000,120.000000,118.471588,2835247
2019-05-13,120.699997,120.900002,116.650002,117.599998,116.102150,2124122
2019-05-14,116.349998,124.550003,115.000000,123.349998,121.778915,4548264
2019-05-15,124.199997,124.949997,116.099998,117.400002,115.904709,3659017
2019-05-16,118.099998,119.500000,113.000000,118.800003,117.286880,5368281
2019-05-17,117.750000,120.550003,116.099998,119.300003,117.780495,4631007
2019-05-20,131.199997,154.899994,128.100006,151.949997,150.014648,37670288
2019-05-21,154.699997,158.949997,148.449997,154.649994,152.680237,39732349
2019-05-22,155.050003,158.800003,152.800003,157.949997,155.938217,13565092
2019-05-23,169.500000,180.800003,157.699997,161.050003,158.998734,61334483
2019-05-24,162.350006,163.750000,151.850006,156.399994,154.407959,19435041
2019-05-27,159.100006,160.699997,155.149994,157.199997,155.197754,9664810
2019-05-28,157.100006,160.350006,156.050003,157.649994,155.642029,5456461
2019-05-29,157.949997,158.399994,151.750000,155.149994,153.173889,12993604
2019-05-30,158.100006,159.399994,155.100006,158.100006,156.086319,6740283
2019-05-31,158.500000,159.300003,149.100006,154.750000,152.778992,7553254
2019-06-03,154.000000,161.899994,151.649994,159.050003,157.024216,7975636
2019-06-04,158.149994,159.300003,154.500000,157.600006,155.592697,5502910
2019-06-06,156.899994,157.800003,151.199997,153.149994,151.199356,3832155
2019-06-07,152.949997,153.550003,146.800003,151.350006,149.422287,5016442
2019-06-10,152.000000,155.500000,147.000000,149.949997,148.040131,3967379
2019-06-11,149.500000,154.250000,148.350006,153.600006,151.643616,3413094
2019-06-12,154.000000,159.350006,150.550003,153.199997,151.248703,7477081
2019-06-13,153.199997,158.850006,149.000000,153.100006,151.150009,7968656
2019-06-14,156.000000,156.000000,151.550003,152.449997,150.508286,6589668
2019-06-17,153.000000,153.949997,147.250000,147.899994,146.016220,3470303
2019-06-18,147.350006,148.850006,144.000000,147.949997,146.065582,5764444
2019-06-19,148.449997,149.750000,140.600006,142.800003,140.981171,4744374
2019-06-20,142.300003,149.699997,140.350006,148.449997,146.559219,4477064
2019-06-21,147.000000,152.000000,145.949997,146.800003,144.930237,4673136
2019-06-24,145.899994,148.800003,144.600006,147.750000,145.868149,3240654
2019-06-25,146.500000,151.949997,144.850006,150.850006,148.928650,4920288
2019-06-26,150.000000,155.300003,148.500000,153.800003,151.841095,4779891
2019-06-27,152.300003,154.949997,151.500000,152.850006,150.903183,2858423
2019-06-28,152.500000,156.300003,149.800003,150.500000,148.583099,4642404
2019-07-01,150.649994,155.600006,148.050003,154.100006,152.137253,6182608
2019-07-02,154.899994,158.199997,151.399994,154.699997,152.729614,11741576
2019-07-03,156.399994,157.600006,154.199997,155.600006,153.618164,5661251
2019-07-04,160.100006,161.800003,154.300003,156.100006,154.111786,15687573
2019-07-05,156.300003,156.850006,145.850006,147.300003,145.423874,6607087
2019-07-08,143.250000,146.250000,137.550003,138.899994,137.130844,5896584
2019-07-09,138.050003,143.199997,135.750000,141.149994,139.352188,7317997
2019-07-10,142.000000,142.500000,137.250000,139.350006,137.575119,5548654
2019-07-11,140.500000,141.850006,137.500000,141.000000,139.204102,5098558
2019-07-12,141.000000,143.449997,137.800003,140.300003,138.513031,6678610
2019-07-15,141.000000,141.699997,136.100006,137.949997,136.192947,4491271
2019-07-16,137.899994,140.949997,136.600006,140.149994,138.364944,4954078
2019-07-17,140.199997,141.000000,137.000000,138.050003,136.291702,3984405
2019-07-18,137.699997,137.949997,133.350006,134.199997,132.490723,4247055
2019-07-19,134.250000,135.199997,130.300003,131.399994,129.726379,4256095
2019-07-22,130.750000,134.199997,128.699997,131.649994,129.973206,5467444
2019-07-23,131.449997,135.949997,130.750000,134.050003,132.342651,5753483
2019-07-24,133.449997,134.000000,127.849998,129.800003,128.146774,5403438
2019-07-25,130.500000,131.300003,127.750000,129.399994,127.751862,3977652
2019-07-26,129.399994,134.199997,128.399994,131.850006,130.170654,3632048
2019-07-29,131.000000,131.850006,127.099998,129.449997,128.190109,4349871
2019-07-30,128.000000,131.000000,123.849998,125.349998,124.130020,4167043
2019-07-31,125.000000,129.300003,124.199997,128.800003,127.546448,3665392
2019-08-01,128.600006,129.100006,123.000000,125.449997,124.229050,4462938
2019-08-02,124.900002,129.750000,123.300003,128.100006,126.853264,4637509
2019-08-05,126.199997,126.400002,121.150002,124.699997,123.486343,5259236
2019-08-06,124.000000,129.449997,124.000000,128.199997,126.952286,3899290
2019-08-07,128.199997,130.149994,124.599998,125.599998,124.377586,3911797
2019-08-08,126.199997,134.000000,124.050003,130.899994,129.626007,7070036
2019-08-09,134.699997,135.899994,130.100006,132.399994,131.111389,8589075
2019-08-13,133.000000,133.899994,128.600006,130.300003,129.031845,4226112
2019-08-14,130.899994,132.449997,127.349998,130.649994,129.378433,4761139
2019-08-16,130.000000,133.949997,128.149994,132.850006,131.557037,4087073
2019-08-19,132.800003,136.949997,132.300003,135.500000,134.181244,4261741
2019-08-20,135.699997,136.800003,132.050003,135.649994,134.329773,4515865
2019-08-21,134.000000,135.300003,130.250000,131.899994,130.616257,3426518
2019-08-22,130.949997,131.300003,126.099998,126.900002,125.664948,3358838
2019-08-23,123.400002,132.199997,122.900002,131.300003,130.022125,4374006
2019-08-26,132.100006,135.949997,128.300003,135.199997,133.884140,5507570
2019-08-27,134.750000,138.199997,133.899994,137.149994,135.815170,4495705
2019-08-28,136.199997,137.100006,132.149994,135.949997,134.626846,5312871
2019-08-29,138.000000,138.000000,130.350006,132.350006,131.061905,6108447
2019-08-30,132.399994,138.300003,132.149994,137.350006,136.013229,7806183
2019-09-03,135.600006,136.899994,133.000000,135.250000,133.933670,3477541
2019-09-04,134.600006,135.500000,130.600006,134.949997,133.636581,4313711
2019-09-05,135.000000,138.649994,133.350006,135.750000,134.428802,6840367
2019-09-06,135.399994,138.449997,135.050003,137.750000,136.409332,3744649
2019-09-09,137.800003,141.750000,136.350006,140.899994,139.528687,4349296
2019-09-11,140.050003,144.899994,140.050003,143.949997,142.548996,4245005
2019-09-12,144.850006,146.300003,142.050003,143.050003,141.657761,3500479
2019-09-13,143.000000,146.899994,140.550003,145.750000,144.331497,3561056
2019-09-16,144.000000,147.199997,143.149994,145.949997,144.529510,3713796
2019-09-17,145.500000,147.899994,142.399994,143.750000,142.350937,4167662
2019-09-18,144.000000,146.000000,142.100006,144.149994,142.747055,3465608
2019-09-19,143.949997,144.899994,140.500000,142.550003,141.162628,2662885
2019-09-20,143.000000,152.100006,141.300003,149.100006,147.648880,7545363
2019-09-23,154.000000,154.000000,147.550003,152.399994,150.916748,4136992
2019-09-24,151.250000,153.000000,145.399994,148.050003,146.609100,4576924
2019-09-25,149.699997,151.000000,145.500000,147.550003,146.113953,4572108
2019-09-26,148.449997,155.399994,146.649994,152.699997,151.213837,7013490
2019-09-27,152.699997,152.699997,147.199997,149.449997,147.995453,4016921
2019-09-30,149.100006,149.750000,143.750000,145.850006,144.430496,3528313
2019-10-01,146.100006,147.699997,140.500000,143.649994,142.251907,3732047
2019-10-03,143.000000,145.000000,141.399994,143.550003,142.152893,2070232
2019-10-04,143.949997,144.500000,137.550003,140.000000,138.637421,2382805
2019-10-07,138.449997,140.000000,135.250000,135.800003,134.478317,2701943
2019-10-09,134.949997,139.649994,134.100006,139.000000,137.647171,2682715
2019-10-10,138.000000,139.100006,135.300003,137.399994,136.062729,2413888
2019-10-11,137.449997,138.800003,134.600006,136.949997,135.617111,2780875
2019-10-14,137.899994,152.399994,137.000000,147.100006,145.668335,10795909
2019-10-15,147.699997,155.850006,146.600006,155.000000,153.491455,11048872
2019-10-16,155.000000,160.899994,155.000000,160.149994,158.591339,9587304
2019-10-17,159.800003,165.000000,157.649994,162.550003,160.967972,6523046
2019-10-18,174.899994,175.800003,165.100006,175.100006,173.395828,14162661
2019-10-22,174.500000,180.000000,173.399994,178.649994,176.911270,7909839
2019-10-23,178.750000,178.750000,172.399994,176.449997,174.732697,4743985
2019-10-24,175.000000,180.000000,174.300003,179.000000,177.257858,4753708
2019-10-25,179.500000,183.699997,177.199997,181.300003,179.535492,7857185
2019-10-27,182.899994,184.250000,182.000000,183.399994,181.615036,1003411
2019-10-29,182.800003,197.000000,182.350006,195.550003,193.646790,9534790
2019-10-30,194.350006,197.449997,192.300003,195.750000,193.844864,4791525
2019-10-31,196.699997,201.300003,196.000000,199.649994,197.706879,6584768
2019-11-01,199.000000,202.399994,196.199997,200.449997,198.499115,3522957
2019-11-04,200.949997,203.899994,198.250000,200.899994,198.944733,3965499
2019-11-05,200.000000,201.500000,197.699997,200.550003,198.598129,2326138
2019-11-06,199.000000,209.699997,198.600006,207.550003,205.530014,6220311
2019-11-07,207.899994,210.399994,205.500000,209.149994,207.114441,3959490
2019-11-08,208.699997,212.000000,206.199997,208.050003,206.025131,4057743
2019-11-11,206.949997,212.250000,206.050003,210.850006,208.797897,2907157
2019-11-13,209.000000,210.750000,194.300003,198.199997,196.270996,9836594
2019-11-14,196.250000,203.149994,194.050003,202.300003,200.331100,4141184
2019-11-15,202.000000,205.000000,200.800003,203.600006,201.618439,3314555
2019-11-18,203.800003,205.600006,200.100006,201.149994,199.192291,2041767
2019-11-19,202.000000,202.600006,196.250000,199.699997,197.756393,2954848
2019-11-20,198.500000,207.449997,198.100006,205.699997,203.698013,3488019
2019-11-21,206.899994,209.000000,201.949997,205.500000,203.499954,4409698
2019-11-22,204.750000,206.300003,200.100006,203.449997,201.469894,2545651
2019-11-25,201.899994,216.250000,201.600006,215.199997,213.105545,6805228
2019-11-26,214.750000,217.699997,207.149994,210.600006,208.550323,5247790
2019-11-27,209.899994,215.199997,208.500000,213.550003,211.471603,4051404
2019-11-28,212.800003,216.199997,210.500000,213.100006,211.025986,4234343
2019-11-29,212.399994,221.500000,211.699997,214.899994,212.808456,7969827
2019-12-02,212.000000,213.699997,206.050003,209.000000,206.965897,3169460
2019-12-03,208.000000,209.949997,203.550003,207.850006,205.827087,2382612
2019-12-04,205.800003,213.500000,205.300003,212.449997,210.382339,2917279
2019-12-05,213.000000,213.699997,207.350006,208.399994,206.371704,2309030
2019-12-06,208.449997,210.050003,205.050003,206.500000,204.490219,1958477
2019-12-09,205.899994,209.699997,202.399994,207.449997,205.430969,2550809
2019-12-10,207.449997,208.199997,203.300003,204.199997,202.212601,2139886
2019-12-11,203.100006,207.800003,202.649994,206.149994,204.143631,2155584
2019-12-12,206.899994,212.350006,206.600006,210.399994,208.352280,2958155
2019-12-13,210.500000,213.250000,208.500000,212.199997,210.134750,2867800
2019-12-16,212.100006,213.250000,209.399994,210.500000,208.451294,2184582
2019-12-17,210.500000,213.199997,210.000000,211.199997,209.144470,1968218
2019-12-18,211.800003,212.449997,205.600006,208.149994,206.124161,2542320
2019-12-19,207.649994,211.000000,206.750000,210.550003,208.500824,2180662
2019-12-20,210.000000,220.800003,209.500000,218.800003,216.670532,6997898
2019-12-23,217.750000,220.800003,212.399994,214.550003,212.461884,3709426
2019-12-24,214.550003,216.949997,207.600006,209.149994,207.114441,2984621
2019-12-26,208.949997,211.100006,205.600006,208.949997,206.916382,3299177
2019-12-27,209.050003,211.199997,207.100006,209.100006,207.064911,2240503
2019-12-30,209.899994,211.600006,208.000000,208.649994,206.619278,1938731
2019-12-31,208.699997,210.750000,207.649994,208.350006,206.322220,1600059
2020-01-01,209.000000,210.449997,206.649994,207.850006,205.827087,1553127
2020-01-02,208.000000,213.199997,207.500000,211.199997,209.144470,2991937
2020-01-03,210.250000,212.350006,205.800003,208.300003,206.272705,2512421
2020-01-06,207.750000,207.750000,197.750000,199.550003,197.607864,4353179
2020-01-07,200.550003,205.699997,200.550003,204.050003,202.064072,2966120
2020-01-08,201.000000,203.550003,194.550003,201.500000,199.538895,5762654
2020-01-09,201.899994,208.899994,201.899994,208.000000,205.975616,3496063
2020-01-10,208.000000,213.000000,205.899994,209.100006,207.064911,2769132
2020-01-13,210.649994,216.250000,209.600006,213.600006,211.521133,3527267
2020-01-14,213.449997,215.500000,211.850006,214.350006,212.263824,1775182
2020-01-15,214.500000,218.000000,212.500000,216.600006,214.491928,1982079
2020-01-16,217.699997,222.500000,217.000000,220.000000,217.858841,4280379
2020-01-17,216.000000,229.250000,213.699997,228.399994,226.177094,10810744
2020-01-20,229.550003,232.250000,224.149994,226.550003,224.345108,4546367
2020-01-21,224.350006,227.000000,220.500000,224.250000,222.067474,2813526
2020-01-22,224.800003,228.000000,221.149994,225.899994,223.701416,2939366
2020-01-23,226.000000,231.199997,225.750000,229.600006,227.365417,2650092
2020-01-24,225.500000,232.399994,219.000000,229.750000,227.513931,7154795
2020-01-27,229.500000,236.449997,226.050003,230.550003,228.306152,5293975
2020-01-28,232.250000,234.500000,229.100006,229.899994,227.662476,2161711
2020-01-29,231.699997,238.350006,231.000000,232.300003,230.039124,3738186
2020-01-30,232.300003,232.750000,228.199997,231.500000,229.246902,2192123
2020-01-31,231.000000,234.550003,227.149994,229.449997,227.216858,2720308
2020-02-03,221.699997,224.649994,215.600006,220.899994,218.750076,2720614
2020-02-04,222.649994,227.149994,222.050003,225.449997,223.255783,2028088
2020-02-05,226.750000,239.300003,222.550003,236.250000,233.950684,8985919
2020-02-06,237.399994,243.600006,234.100006,236.500000,234.198242,8852675
2020-02-07,236.399994,242.149994,235.250000,239.500000,237.169037,5052443
2020-02-10,239.500000,245.149994,237.550003,244.500000,242.120392,5588211
2020-02-11,245.199997,248.600006,243.649994,245.300003,242.912613,3533751
2020-02-12,245.899994,251.399994,245.000000,249.699997,247.269760,4490312
2020-02-13,249.800003,252.750000,248.250000,251.449997,249.002731,2563148
2020-02-14,252.500000,258.600006,251.550003,256.149994,253.657013,4968325
2020-02-17,256.899994,257.399994,251.649994,252.500000,250.042511,2411524
2020-02-18,251.649994,251.649994,245.250000,249.449997,247.022202,2430446
2020-02-19,250.000000,255.500000,249.899994,254.000000,251.527924,2101729
2020-02-20,253.199997,261.000000,252.649994,258.649994,256.132660,3108173
2020-02-24,254.800003,255.850006,244.100006,247.250000,244.843613,3309214
2020-02-25,249.800003,251.750000,242.399994,246.449997,244.051392,3309962
2020-02-26,244.000000,246.300003,241.000000,242.800003,240.436935,2897390
2020-02-27,241.449997,241.449997,232.050003,234.149994,231.871109,3568055
2020-02-28,221.000000,226.800003,217.000000,218.649994,216.521973,3364181
2020-03-02,223.000000,226.699997,216.149994,218.600006,216.472458,3162614
2020-03-03,221.000000,228.649994,219.250000,225.750000,223.552872,2992170
2020-03-04,226.100006,227.000000,213.550003,221.100006,218.948135,5216787
2020-03-05,223.750000,226.850006,219.350006,221.750000,219.591797,3159080
2020-03-06,215.100006,216.750000,207.500000,214.750000,212.659912,4375226
2020-03-09,207.000000,208.500000,197.250000,199.699997,197.756393,2763988
2020-03-11,197.399994,205.000000,192.250000,195.750000,193.844864,3763186
2020-03-12,180.100006,183.899994,160.449997,162.149994,160.571838,4834390
2020-03-13,145.949997,161.350006,129.750000,148.750000,147.302261,7463176
2020-03-16,141.000000,142.300003,128.649994,134.699997,133.389023,6582749
2020-03-17,135.699997,142.550003,130.500000,133.399994,132.101669,6388061
2020-03-18,135.899994,137.000000,127.099998,130.199997,128.932800,4255688
2020-03-19,121.000000,132.949997,118.199997,128.899994,127.645470,5517080
2020-03-20,138.000000,141.600006,128.699997,137.699997,136.359818,4496351
2020-03-23,123.050003,135.000000,118.199997,120.900002,120.599144,1456143
2020-03-24,125.000000,132.949997,116.400002,130.350006,130.025620,5125923
2020-03-25,126.000000,134.899994,125.000000,132.300003,131.970795,2771318
2020-03-26,135.000000,152.000000,132.050003,140.250000,139.900986,7980255
2020-03-27,146.000000,151.000000,126.250000,128.000000,127.681473,4378366
2020-03-30,124.000000,129.800003,121.000000,128.699997,128.379730,2397592
2020-03-31,131.699997,138.449997,129.449997,137.600006,137.257599,2200227
2020-04-01,138.949997,138.949997,131.800003,133.949997,133.616669,1997603
2020-04-03,134.000000,134.600006,128.000000,129.050003,128.728867,1761897
2020-04-07,131.000000,141.500000,131.000000,138.149994,137.806213,2463474
2020-04-08,136.850006,147.149994,134.899994,138.100006,137.756348,3237290
2020-04-09,140.000000,146.250000,140.000000,142.449997,142.095520,2359428
2020-04-13,142.000000,149.000000,136.550003,146.000000,145.636688,2204560
2020-04-15,148.050003,150.949997,143.199997,145.250000,144.888535,3413325
2020-04-16,142.000000,144.850006,140.550003,143.300003,142.943405,2685695
2020-04-17,146.949997,148.550003,141.550003,143.899994,143.541901,2383979
2020-04-20,146.000000,155.449997,142.600006,146.699997,146.334930,6835058
2020-04-21,143.000000,143.000000,134.149994,135.949997,135.611679,3576177
2020-04-22,136.000000,138.800003,132.100006,137.600006,137.257599,6012030
2020-04-23,140.500000,142.500000,137.500000,140.500000,140.150375,3371195
2020-04-24,137.149994,140.550003,134.100006,134.649994,134.314926,1823167
2020-04-27,136.399994,138.350006,134.100006,134.600006,134.265060,2996533
2020-04-28,135.949997,141.899994,135.050003,139.300003,138.953369,5721109
2020-04-29,140.000000,140.699997,135.649994,139.500000,139.152847,4774187
2020-04-30,141.449997,147.449997,140.300003,141.399994,141.048126,4899422
2020-05-04,136.899994,137.500000,130.000000,131.550003,131.222641,6012691
2020-05-05,135.000000,136.350006,131.800003,132.699997,132.369766,3112486
2020-05-06,133.649994,135.399994,127.300003,133.250000,132.918411,6685480
2020-05-07,131.100006,135.649994,130.000000,134.899994,134.564301,2423478
2020-05-08,136.899994,139.350006,136.199997,137.149994,136.808701,2431204
2020-05-11,137.850006,143.300003,137.500000,140.050003,139.701477,2900696
2020-05-12,138.500000,140.699997,133.199997,139.899994,139.551849,2901801
2020-05-13,145.000000,145.000000,140.750000,141.149994,140.798737,3115038
2020-05-14,139.550003,142.350006,137.399994,140.899994,140.549362,1587450
2020-05-15,141.399994,143.699997,140.000000,141.050003,140.699005,2145697
2020-05-18,144.800003,146.399994,134.350006,135.899994,135.561798,4941536
2020-05-19,137.800003,145.899994,134.449997,139.699997,139.352356,5564024
2020-05-20,139.500000,143.199997,138.000000,141.350006,140.998276,2872608
2020-05-21,142.199997,144.000000,137.050003,138.300003,137.955841,2682428
2020-05-22,138.000000,141.199997,136.600006,138.100006,137.756348,2449109
2020-05-26,139.000000,143.300003,138.350006,139.500000,139.152847,2657870
2020-05-27,139.750000,141.600006,138.500000,141.000000,140.649124,2224751
2020-05-28,141.699997,144.399994,140.600006,142.649994,142.294998,2816689
2020-05-29,141.100006,153.600006,141.100006,148.350006,147.980850,9162612
2020-06-01,150.000000,154.899994,149.500000,150.500000,150.125473,3985102
2020-06-02,151.000000,152.600006,148.250000,149.949997,149.576859,2482873
2020-06-03,151.750000,157.899994,149.600006,150.649994,150.275101,5875845
2020-06-04,150.500000,153.899994,146.149994,148.000000,147.631699,3146640
2020-06-05,148.899994,155.000000,148.449997,152.449997,152.070633,4111095
2020-06-08,155.600006,158.500000,150.649994,152.649994,152.270126,4899754
2020-06-09,154.199997,156.699997,151.050003,151.899994,151.521988,3005643
2020-06-10,152.750000,154.750000,150.250000,151.850006,151.472122,4135121
2020-06-11,151.850006,165.449997,150.250000,151.800003,151.422256,16533100
2020-06-12,144.000000,153.300003,141.000000,152.300003,151.921005,4817295
2020-06-15,151.800003,156.850006,148.250000,149.250000,148.878601,3214496
2020-06-16,153.500000,154.000000,142.750000,146.199997,145.836182,2640377
2020-06-17,145.000000,148.449997,143.449997,147.149994,146.783829,1252809
2020-06-18,146.699997,149.449997,146.000000,147.850006,147.482071,2037814
2020-06-19,149.600006,154.399994,148.899994,152.699997,152.320007,5245179
2020-06-22,154.500000,156.199997,153.600006,154.649994,154.265137,4662143
2020-06-23,157.000000,161.800003,155.550003,157.199997,156.808792,4790074
2020-06-24,159.100006,163.000000,153.500000,154.800003,154.414795,4078195
2020-06-25,153.250000,169.199997,153.000000,161.649994,161.247726,14608370
2020-06-26,164.000000,166.350006,161.300003,162.149994,161.746490,6772909
2020-06-29,161.399994,163.550003,156.750000,159.750000,159.352478,2937549
2020-06-30,161.399994,164.149994,155.250000,156.250000,155.861191,3827240
2020-07-01,157.149994,159.000000,156.050003,157.649994,157.257690,1681231
2020-07-02,159.800003,160.949997,156.149994,158.199997,157.806320,2152710
2020-07-03,160.000000,163.850006,157.399994,160.000000,159.601837,4481657
2020-07-06,161.949997,165.199997,160.500000,164.199997,163.791382,3515662
2020-07-07,164.500000,170.649994,163.300003,168.149994,167.731567,8172143
2020-07-08,168.000000,169.500000,161.399994,163.000000,162.594376,3650115
2020-07-09,163.000000,165.100006,161.449997,162.750000,162.344986,1711099
2020-07-10,161.500000,163.399994,158.500000,159.699997,159.302597,1950837
2020-07-13,161.449997,162.449997,154.350006,156.050003,155.661667,2585981
2020-07-14,155.899994,156.250000,149.000000,149.750000,149.377350,2352010
2020-07-15,150.100006,153.850006,147.000000,147.750000,147.382339,2180415
2020-07-16,148.100006,150.000000,145.199997,148.899994,148.529465,1473784
2020-07-17,149.750000,153.899994,149.000000,151.600006,151.222748,2222846
2020-07-20,153.149994,161.899994,152.100006,160.699997,160.300110,6329853
2020-07-21,161.449997,168.100006,159.100006,167.300003,166.883682,6517373
2020-07-22,167.000000,172.000000,162.000000,169.399994,168.978439,4611051
2020-07-23,168.350006,170.699997,165.399994,169.949997,169.527069,2199241
2020-07-24,167.399994,169.750000,163.649994,168.750000,168.330078,1801357
2020-07-27,168.649994,169.050003,163.000000,165.949997,165.537033,1156539
2020-07-28,166.300003,174.899994,163.800003,173.550003,173.118134,4829045
2020-07-29,174.000000,190.850006,172.050003,179.100006,178.654327,15392378
2020-07-30,179.199997,181.350006,173.250000,175.050003,174.614410,3403335
2020-07-31,174.000000,178.649994,172.100006,175.250000,174.813889,2644457
2020-08-03,175.250000,178.699997,171.199997,172.250000,171.821381,2789132
2020-08-04,174.000000,184.000000,172.199997,182.100006,181.646851,4208453
2020-08-05,183.000000,184.800003,178.500000,179.600006,179.153061,4042372
2020-08-06,180.100006,188.000000,177.500000,185.949997,185.487274,6447296
2020-08-07,181.050003,195.000000,180.100006,192.899994,192.419983,9386323
2020-08-10,192.899994,198.300003,192.350006,195.699997,195.212997,4627306
2020-08-11,196.000000,199.800003,194.399994,195.850006,195.362656,2965963
2020-08-12,195.800003,200.750000,190.199997,197.699997,197.208023,3352636
2020-08-13,198.899994,203.300003,197.750000,200.750000,200.250443,3552469
2020-08-14,202.399994,204.500000,191.449997,196.199997,195.711761,6617104
2020-08-17,197.399994,201.649994,196.050003,197.800003,197.307785,3227005
2020-08-18,200.000000,216.800003,199.000000,213.699997,213.168198,13367091
2020-08-19,214.250000,245.399994,214.250000,239.550003,238.953918,19592028
2020-08-20,241.199997,245.000000,230.399994,234.000000,233.417694,9484513
2020-08-21,237.100006,244.500000,231.100006,233.350006,232.769318,5797329
2020-08-24,236.000000,253.850006,235.000000,248.699997,248.081116,11878911
2020-08-25,252.000000,322.399994,250.000000,307.549988,306.784668,49264537
2020-08-26,299.000000,302.799988,278.250000,285.549988,284.839386,26717004
2020-08-27,284.899994,297.700012,283.700012,286.700012,285.986572,15748895
2020-08-28,289.000000,295.649994,286.500000,288.250000,287.532715,7256271
2020-08-31,290.000000,297.600006,270.250000,279.549988,278.854309,15172187
2020-09-01,279.950012,287.049988,271.549988,281.100006,280.400482,5169176
2020-09-02,283.000000,306.000000,280.399994,293.049988,292.320740,17403674
2020-09-03,294.750000,298.700012,287.649994,291.250000,290.525238,9061697
2020-09-04,284.000000,293.450012,280.100006,285.149994,284.440399,6719721
2020-09-07,285.149994,291.700012,282.049988,285.250000,284.540131,5812023
2020-09-08,286.000000,289.799988,273.549988,277.700012,277.008942,5660442
2020-09-09,276.899994,286.899994,274.399994,283.049988,282.345612,6661093
2020-09-10,287.649994,307.950012,285.899994,298.299988,297.557678,25430532
2020-09-11,299.000000,303.649994,292.100006,296.000000,295.263397,9743753
2020-09-14,301.799988,304.000000,290.149994,293.149994,292.420532,6120182
2020-09-15,294.899994,298.700012,270.000000,288.549988,287.831970,2552460
2020-09-16,292.700012,302.850006,290.100006,297.100006,296.360687,6159158
2020-09-17,295.000000,300.799988,292.149994,293.700012,292.969177,2466000
2020-09-18,297.600006,299.700012,287.299988,291.549988,290.824463,2744172
2020-09-21,293.000000,296.250000,265.000000,277.100006,276.410461,6459206
2020-09-22,278.250000,283.000000,257.500000,280.399994,279.702240,12535965
2020-09-23,283.950012,296.250000,278.450012,283.549988,282.844391,8864848
2020-09-24,277.950012,281.250000,269.500000,270.450012,269.777008,3689023
2020-09-25,275.899994,283.600006,275.000000,280.299988,279.602478,7663618
2020-09-28,283.100006,302.049988,282.100006,295.700012,294.964142,5875621
2020-09-29,299.899994,307.000000,292.149994,297.899994,297.158691,10246726
2020-09-30,300.000000,304.700012,295.100006,297.100006,296.360687,5618023
2020-10-01,299.799988,311.950012,296.000000,308.149994,307.383179,6914312
2020-10-05,311.500000,334.500000,307.350006,326.600006,325.787262,20009492
2020-10-06,329.399994,331.149994,320.299988,327.149994,326.335876,7705557
2020-10-07,325.149994,335.600006,323.250000,330.100006,329.278564,8234005
2020-10-08,329.000000,329.799988,310.500000,316.250000,315.463013,4125845
2020-10-09,318.799988,322.049988,310.500000,313.000000,312.221130,2468904
2020-10-12,315.000000,322.700012,313.000000,315.350006,314.565277,2556329
2020-10-13,315.500000,316.799988,309.750000,313.200012,312.420624,1454109
2020-10-14,312.950012,315.700012,310.049988,313.399994,312.620087,1517470
2020-10-15,315.000000,325.850006,305.350006,307.100006,306.335815,4960658
2020-10-16,309.250000,313.950012,305.350006,307.000000,306.236023,1871531
2020-10-19,309.899994,319.250000,309.350006,316.950012,316.161285,3329571
2020-10-20,315.299988,327.850006,313.500000,321.899994,321.098938,7198907
2020-10-21,322.000000,324.700012,306.000000,312.000000,311.223602,4998821
2020-10-22,311.000000,314.799988,309.000000,311.500000,310.724823,2380993
2020-10-23,314.000000,322.450012,313.299988,315.450012,314.665009,4159352
2020-10-26,318.000000,318.700012,305.049988,307.399994,306.635071,4397393
2020-10-27,308.000000,315.350006,303.000000,314.049988,313.268494,3549135
2020-10-28,313.799988,320.799988,309.850006,318.850006,318.056549,3098009
2020-10-29,315.399994,332.350006,313.200012,328.899994,328.081543,6897070
2020-10-30,331.049988,347.500000,329.649994,339.700012,338.854675,14205844
2020-11-02,339.100006,344.299988,333.049988,341.100006,340.251160,4272022
2020-11-03,344.000000,349.600006,340.149994,344.799988,343.941986,4078834
2020-11-04,342.600006,359.500000,337.500000,351.850006,350.974426,9701398
2020-11-05,353.000000,354.950012,345.250000,352.750000,351.872192,5361436
2020-11-06,352.000000,353.850006,345.049988,352.100006,351.223816,3863486
2020-11-09,354.000000,364.700012,351.850006,357.899994,357.009369,6278843
2020-11-10,358.100006,361.750000,353.200012,359.500000,358.605377,3590100
2020-11-11,359.200012,362.700012,354.049988,360.100006,359.203888,2869576
2020-11-12,358.200012,369.500000,358.000000,365.549988,364.640289,4199715
2020-11-13,364.000000,371.649994,362.049988,368.600006,367.682739,2786714
2020-11-14,369.799988,372.850006,369.500000,371.250000,370.326172,620753
2020-11-17,372.000000,401.950012,371.000000,394.299988,393.318787,10496968
2020-11-18,393.950012,404.700012,387.399994,394.500000,393.518311,8656493
2020-11-19,390.000000,398.500000,377.799988,385.750000,384.790070,7731483
2020-11-20,385.100006,402.000000,385.000000,388.299988,387.333710,5490838
2020-11-23,390.100006,413.700012,383.100006,409.049988,408.032074,7318547
2020-11-24,409.899994,415.500000,404.200012,407.200012,406.186707,6167783
2020-11-25,408.950012,411.500000,393.000000,399.250000,398.256500,3448648
2020-11-26,402.799988,411.549988,399.149994,401.950012,400.949768,5490958
2020-11-27,401.000000,407.850006,396.299988,398.399994,397.408569,6429153
2020-12-01,398.000000,423.950012,395.100006,421.899994,420.850128,7846125
2020-12-02,420.549988,461.899994,419.350006,453.750000,452.620850,16821595
2020-12-03,453.750000,457.000000,443.250000,447.549988,446.436279,6848649
2020-12-04,449.000000,456.549988,442.000000,445.950012,444.840240,4131360
2020-12-07,446.000000,466.350006,445.950012,457.549988,456.411377,5371039
2020-12-08,457.549988,462.299988,446.549988,451.899994,450.775452,3872952
2020-12-09,454.000000,458.100006,447.299988,449.100006,447.982452,2798049
2020-12-10,448.000000,452.250000,438.049988,447.250000,446.136993,3113868
2020-12-11,447.250000,451.799988,440.399994,449.799988,448.680695,2940168
2020-12-14,451.000000,462.000000,447.000000,455.149994,454.017365,3762369
2020-12-15,455.500000,464.049988,446.549988,462.450012,461.299225,4779869
2020-12-16,462.500000,467.549988,457.549988,463.250000,462.097229,4088505
2020-12-17,463.399994,473.950012,455.100006,459.299988,458.157043,4912523
2020-12-18,461.000000,464.200012,450.799988,455.149994,454.017365,2159692
2020-12-21,454.000000,460.750000,409.649994,429.200012,428.131958,5350194
2020-12-22,428.200012,461.549988,418.100006,458.799988,457.658295,8342699
2020-12-23,458.000000,466.799988,454.200012,463.600006,462.446320,4604130
2020-12-24,465.000000,479.850006,462.399994,473.649994,472.471344,7985151
2020-12-28,473.000000,507.000000,472.700012,490.850006,489.628510,13714406
2020-12-29,492.000000,499.149994,484.700012,489.200012,487.982635,5849496
2020-12-30,489.200012,496.000000,478.399994,484.149994,482.945190,5419517
2020-12-31,481.000000,484.000000,435.750000,479.549988,478.356659,7575962
2021-01-01,477.000000,493.250000,477.000000,491.149994,489.927765,5035248
2021-01-04,492.000000,502.600006,486.649994,494.500000,493.269440,4936582
2021-01-05,492.000000,501.399994,489.600006,494.399994,493.169678,3654033
2021-01-06,496.000000,500.649994,484.250000,490.899994,489.678406,3295461
2021-01-07,493.899994,523.950012,493.799988,518.099976,516.810669,9879731
2021-01-08,523.000000,526.599976,514.099976,518.000000,516.710938,3702267
2021-01-11,520.599976,524.599976,510.500000,519.150024,517.858093,4148831
2021-01-12,519.000000,536.599976,517.099976,525.400024,524.092590,4878024
2021-01-13,529.099976,540.200012,521.299988,536.049988,534.716064,4948731
2021-01-14,534.950012,541.000000,528.400024,532.099976,530.775818,3161306
2021-01-15,534.700012,537.500000,518.799988,527.299988,525.987793,3376852
2021-01-18,528.000000,529.099976,502.049988,507.850006,506.586243,5204588
2021-01-19,512.299988,532.000000,512.299988,530.099976,528.780823,4181185
2021-01-20,532.150024,552.150024,531.000000,546.750000,545.389404,6681731
2021-01-21,551.400024,552.950012,531.549988,536.900024,535.563965,4208383
2021-01-22,534.049988,546.750000,521.599976,526.799988,525.489075,4179558
2021-01-25,530.250000,534.400024,509.000000,513.900024,512.621216,3728411
2021-01-27,513.099976,521.549988,507.049988,512.799988,511.523895,2792007
2021-01-28,507.299988,519.500000,501.350006,511.850006,510.576263,4197516
2021-01-29,515.200012,525.200012,502.500000,506.649994,505.389221,3822560
2021-02-01,510.500000,539.500000,496.899994,537.200012,535.863220,4004036
2021-02-02,542.049988,566.900024,540.799988,564.200012,562.796021,5144708
2021-02-03,568.000000,576.599976,558.349976,566.599976,565.190063,6087209
2021-02-04,561.950012,611.700012,556.000000,589.700012,588.232544,11184167
2021-02-05,595.000000,607.849976,588.599976,595.349976,593.868469,4754950
2021-02-08,605.400024,638.000000,603.549988,628.299988,626.736511,7085276
2021-02-09,631.450012,641.900024,621.000000,629.849976,628.282593,4510798
2021-02-10,633.049988,654.900024,622.099976,650.700012,649.080688,5991927
2021-02-11,654.000000,661.000000,645.349976,658.599976,656.961060,3688016
2021-02-12,657.000000,724.450012,655.200012,718.950012,717.160950,16810897
2021-02-15,725.000000,787.950012,707.650024,763.450012,761.550171,21579566
2021-02-16,760.000000,802.950012,756.250000,780.200012,778.258484,19426061
2021-02-17,787.150024,802.000000,782.250000,785.450012,783.495422,8908279
2021-02-18,787.250000,824.500000,786.000000,808.200012,806.188782,9694238
2021-02-19,813.000000,831.000000,729.500000,781.900024,779.954285,20210882
2021-02-22,786.000000,813.000000,780.549988,805.900024,803.894531,10890564
2021-02-23,814.799988,827.299988,789.000000,799.650024,797.660156,9753081
2021-02-24,806.000000,812.049988,795.450012,805.200012,803.196289,4626257
2021-02-25,814.000000,862.400024,809.000000,843.500000,841.401001,12118095
2021-02-26,833.900024,861.000000,819.849976,833.650024,831.575500,11355426
2021-03-01,840.750000,860.950012,836.450012,851.500000,849.381042,5996840
2021-03-02,857.400024,876.500000,852.250000,872.549988,870.378662,5116413
2021-03-03,880.450012,944.900024,872.849976,915.349976,913.072144,11670544
2021-03-04,910.000000,938.700012,905.400024,918.400024,916.114563,8141787
2021-03-05,918.000000,934.000000,888.299988,909.900024,907.635803,7109101
2021-03-08,918.099976,926.400024,905.099976,910.200012,907.934998,3904469
2021-03-09,918.000000,928.400024,893.599976,905.200012,902.947449,5561849
2021-03-10,911.000000,914.099976,888.700012,898.150024,895.915039,5465016
2021-03-12,905.000000,923.799988,889.299988,894.099976,891.875061,6049852
2021-03-15,898.750000,904.000000,874.500000,896.200012,893.969849,5234540
2021-03-16,900.700012,904.400024,888.049988,897.799988,895.565735,2555026
2021-03-17,898.000000,905.400024,865.000000,873.900024,871.725342,3886557
2021-03-18,876.000000,891.000000,857.750000,871.049988,868.882385,4465851
2021-03-19,866.000000,895.400024,840.200012,889.650024,887.436157,4794995
2021-03-22,892.900024,1003.000000,883.450012,991.049988,988.583801,22596465
2021-03-23,999.000000,1086.699951,991.049988,1058.400024,1055.766357,31098225
2021-03-24,1063.000000,1093.000000,1018.400024,1025.449951,1022.898193,22877032
2021-03-25,1032.949951,1041.449951,977.000000,981.549988,979.107422,13139164
2021-03-26,1000.000000,1018.450012,978.000000,988.299988,985.840637,9396506
2021-03-30,1004.000000,1042.449951,988.000000,1031.550049,1028.983154,10470011
2021-03-31,1038.000000,1053.150024,1016.599976,1031.150024,1028.583984,6440569
2021-04-01,1043.400024,1116.050049,1035.000000,1107.199951,1104.444702,12713083
2021-04-05,1127.000000,1150.000000,1098.849976,1138.250000,1135.417480,15795720
2021-04-06,1153.400024,1241.000000,1142.500000,1225.400024,1222.350586,21496457
2021-04-07,1233.400024,1251.599976,1108.000000,1165.550049,1162.649536,23007694
2021-04-08,1162.500000,1191.000000,1137.750000,1162.500000,1159.607178,12404773
2021-04-09,1163.400024,1228.000000,1151.199951,1201.400024,1198.410400,12923020
2021-04-12,1177.400024,1177.400024,1061.400024,1074.400024,1071.726440,13690016
2021-04-13,1077.000000,1116.300049,1051.050049,1106.349976,1103.596924,12137329
2021-04-15,1095.000000,1144.900024,1081.349976,1129.949951,1127.138062,9350889
2021-04-16,1130.000000,1192.000000,1112.000000,1159.000000,1156.115967,10661068
2021-04-19,1100.000000,1153.000000,1089.000000,1136.349976,1133.522217,8565063
2021-04-20,1156.849976,1177.699951,1125.050049,1142.750000,1139.906250,8261172
2021-04-22,1134.000000,1169.000000,1123.000000,1157.800049,1154.918945,7124786
2021-04-23,1161.000000,1182.900024,1145.650024,1157.599976,1154.719238,6167151
2021-04-26,1160.000000,1197.900024,1160.000000,1173.349976,1170.430176,6939823
2021-04-27,1184.699951,1213.500000,1181.000000,1191.150024,1188.185913,7109421
2021-04-28,1207.949951,1213.949951,1180.750000,1185.199951,1182.250610,5020151
2021-04-29,1196.550049,1212.650024,1178.000000,1182.300049,1179.357910,4070698
2021-04-30,1171.000000,1200.949951,1143.000000,1158.699951,1155.816528,4232500
2021-05-03,1145.099976,1264.400024,1122.650024,1255.550049,1252.425537,11276228
2021-05-04,1285.000000,1298.949951,1241.849976,1262.500000,1259.358276,10271516
2021-05-05,1274.400024,1288.250000,1240.250000,1267.500000,1264.345947,7805805
2021-05-06,1272.349976,1311.849976,1263.000000,1286.750000,1283.547974,6240535
2021-05-07,1305.000000,1322.400024,1290.449951,1298.900024,1295.667847,4584524
2021-05-10,1294.900024,1314.000000,1286.300049,1304.099976,1300.854858,3892338
2021-05-11,1292.000000,1326.000000,1284.000000,1303.500000,1300.256348,4744734
2021-05-12,1311.000000,1328.500000,1278.599976,1285.800049,1282.600342,4143731
2021-05-14,1300.000000,1302.000000,1213.349976,1220.349976,1217.313232,6377643
2021-05-17,1230.000000,1299.000000,1227.449951,1289.099976,1285.892090,7782732
2021-05-18,1314.949951,1344.949951,1302.000000,1326.699951,1323.398438,6531595
2021-05-19,1350.000000,1351.550049,1283.900024,1294.699951,1291.478149,9925284
2021-05-20,1301.300049,1320.000000,1283.949951,1302.000000,1298.759888,5837747
2021-05-21,1320.000000,1336.000000,1300.050049,1315.099976,1311.827271,8314215
2021-05-24,1321.699951,1328.650024,1303.000000,1306.800049,1303.548096,7913411
2021-05-25,1314.349976,1322.000000,1272.900024,1282.750000,1279.557983,3697062
2021-05-26,1288.949951,1326.849976,1254.250000,1322.800049,1319.508301,5630730
2021-05-27,1329.500000,1342.000000,1304.250000,1325.800049,1322.500854,36690935
2021-05-28,1311.599976,1330.449951,1298.000000,1302.599976,1299.358398,2979585
2021-05-31,1307.050049,1321.500000,1292.000000,1316.300049,1313.024414,2709718
2021-06-01,1319.900024,1430.000000,1309.050049,1416.250000,1412.725708,10018645
2021-06-02,1425.550049,1557.000000,1413.000000,1546.750000,1542.900879,24541949
2021-06-03,1564.000000,1623.800049,1553.000000,1583.099976,1579.160400,19107244
2021-06-04,1605.000000,1713.550049,1585.800049,1700.949951,1696.717163,21102075
2021-06-07,1715.000000,1717.199951,1613.000000,1624.300049,1620.257935,15350263
2021-06-08,1633.000000,1668.000000,1602.449951,1636.449951,1632.377686,12410257
2021-06-09,1640.000000,1649.449951,1571.849976,1594.650024,1590.681763,11614666
2021-06-10,1612.000000,1630.000000,1591.000000,1612.000000,1607.988525,5362307
2021-06-11,1615.099976,1620.099976,1575.250000,1601.599976,1597.614502,5355387
2021-06-14,1441.449951,1529.949951,1201.199951,1501.449951,1497.713623,43530006
2021-06-15,1550.949951,1572.599976,1477.199951,1538.849976,1535.020508,22320542
2021-06-16,1510.000000,1538.199951,1409.300049,1448.300049,1444.695923,12626149
2021-06-17,1380.000000,1436.000000,1303.500000,1367.699951,1364.296631,27926070
2021-06-18,1350.000000,1504.000000,1332.550049,1487.500000,1483.798340,30526777
2021-06-21,1490.000000,1582.000000,1444.849976,1540.000000,1536.167847,21101083
2021-06-22,1554.050049,1582.000000,1531.800049,1541.599976,1537.763672,12069983
2021-06-23,1560.099976,1569.949951,1481.300049,1504.750000,1501.005371,12679703
2021-06-24,1509.949951,1519.000000,1488.050049,1508.500000,1504.746094,7261764
2021-06-25,1525.000000,1534.000000,1501.000000,1519.449951,1515.668823,4962963
2021-06-28,1524.900024,1565.000000,1518.199951,1525.750000,1521.953125,6178022
2021-06-29,1526.000000,1548.699951,1513.000000,1523.550049,1519.758667,5551918
2021-06-30,1539.000000,1539.000000,1502.699951,1507.550049,1503.798462,3256147
2021-07-01,1509.550049,1522.550049,1482.900024,1490.250000,1487.528320,3759914
2021-07-02,1490.250000,1507.699951,1411.550049,1422.050049,1419.452881,6653653
2021-07-05,1427.000000,1443.949951,1350.599976,1394.349976,1391.803467,12239845
2021-07-06,1400.900024,1444.150024,1378.750000,1414.800049,1412.216187,9485434
2021-07-07,1420.000000,1437.099976,1385.000000,1425.650024,1423.046265,5549751
2021-07-08,1420.000000,1445.000000,1411.800049,1425.900024,1423.295776,3898830
2021-07-09,1425.900024,1456.599976,1416.449951,1431.349976,1428.735840,4502324
2021-07-12,1442.000000,1447.000000,1414.150024,1420.699951,1418.105225,2557189
2021-07-13,1433.000000,1433.000000,1385.199951,1417.699951,1415.110718,4157955
2021-07-14,1449.000000,1449.000000,1397.800049,1402.050049,1399.489502,3859529
2021-07-15,1399.000000,1429.000000,1393.400024,1407.949951,1405.378540,2728305
2021-07-16,1409.000000,1415.000000,1388.250000,1395.500000,1392.951416,2134914
2021-07-19,1390.000000,1412.650024,1332.750000,1380.599976,1378.078491,6190302
2021-07-20,1340.000000,1382.900024,1336.099976,1365.699951,1363.205566,4529933
2021-07-22,1375.000000,1424.900024,1340.500000,1416.750000,1414.162598,5009804
2021-07-23,1430.000000,1434.849976,1386.199951,1401.650024,1399.089966,4694140
2021-07-26,1399.800049,1416.800049,1392.000000,1403.900024,1401.335938,2054318
2021-07-27,1403.900024,1424.599976,1378.150024,1396.750000,1394.198975,2978042
2021-07-28,1406.849976,1424.800049,1378.599976,1399.900024,1397.343262,3188606
2021-07-29,1413.949951,1425.000000,1397.000000,1400.250000,1397.692627,2538248
2021-07-30,1409.500000,1449.500000,1400.250000,1420.250000,1417.656128,4403219
2021-08-02,1435.000000,1445.000000,1424.099976,1438.199951,1435.573364,2483790
2021-08-03,1467.000000,1467.000000,1422.199951,1442.800049,1440.165039,4442122
2021-08-04,1460.000000,1460.000000,1423.050049,1429.550049,1426.939087,3341801
2021-08-05,1428.000000,1438.000000,1407.400024,1432.349976,1429.734131,2104359
2021-08-06,1422.000000,1555.000000,1422.000000,1536.650024,1533.843628,14250256
2021-08-09,1546.699951,1565.000000,1482.500000,1493.400024,1490.672485,6031426
2021-08-10,1488.000000,1498.650024,1426.050049,1446.500000,1443.858154,3581449
2021-08-11,1455.000000,1456.599976,1407.000000,1437.050049,1434.425537,3197412
2021-08-12,1443.599976,1458.000000,1430.250000,1442.900024,1440.264771,2455443
2021-08-13,1445.000000,1454.000000,1428.000000,1437.000000,1434.375488,2095991
2021-08-16,1431.500000,1449.699951,1413.550049,1430.099976,1427.488037,1909352
2021-08-17,1431.000000,1451.000000,1416.199951,1441.650024,1439.016968,3062815
2021-08-18,1441.900024,1496.800049,1432.599976,1460.000000,1457.333496,4738820
2021-08-20,1438.000000,1482.650024,1411.000000,1430.099976,1427.488037,4933377
2021-08-23,1415.050049,1427.750000,1361.550049,1396.699951,1394.149170,4866080
2021-08-24,1407.000000,1448.400024,1390.000000,1437.800049,1435.174194,3362312
2021-08-25,1444.250000,1481.800049,1425.000000,1475.349976,1472.655518,5361140
2021-08-26,1482.000000,1494.650024,1460.400024,1475.699951,1473.004883,4678919
2021-08-27,1475.000000,1515.000000,1474.099976,1506.050049,1503.299561,5164477
2021-08-30,1513.750000,1527.000000,1493.300049,1516.550049,1513.780396,3149863
2021-08-31,1517.300049,1596.849976,1512.800049,1587.599976,1584.700439,7234384
2021-09-01,1594.900024,1600.849976,1561.500000,1565.199951,1562.341431,3056760
2021-09-02,1571.000000,1594.300049,1565.500000,1570.550049,1567.681763,2171898
2021-09-03,1578.500000,1581.400024,1551.550049,1565.550049,1562.690674,1687999
2021-09-06,1572.000000,1628.449951,1566.050049,1582.000000,1579.110718,5562312
2021-09-07,1585.099976,1592.349976,1553.000000,1558.099976,1555.254395,1651169
2021-09-08,1559.900024,1579.000000,1538.250000,1555.949951,1553.108276,2084219
2021-09-09,1561.599976,1565.500000,1535.050049,1545.000000,1542.178345,1243149
2021-09-13,1548.000000,1557.000000,1525.250000,1532.449951,1529.651123,1759456
2021-09-14,1539.900024,1547.250000,1497.050049,1513.199951,1510.436279,7143757
2021-09-15,1524.000000,1545.599976,1496.900024,1516.800049,1514.029907,12834337
2021-09-16,1523.000000,1535.000000,1499.750000,1503.199951,1500.454590,7616906
2021-09-17,1503.199951,1525.000000,1465.750000,1480.250000,1477.546509,3329954
2021-09-20,1464.900024,1488.500000,1409.949951,1418.849976,1416.258789,2273312
2021-09-21,1420.000000,1446.949951,1381.349976,1441.449951,1438.817383,2682157
2021-09-22,1435.000000,1462.650024,1424.349976,1437.750000,1435.124146,1663858
2021-09-23,1453.000000,1480.000000,1441.099976,1474.349976,1471.657227,1622616
2021-09-24,1483.000000,1516.000000,1455.000000,1461.699951,1459.030273,2760295
2021-09-27,1462.000000,1544.000000,1462.000000,1531.250000,1528.453369,4737676
2021-09-28,1557.000000,1557.900024,1475.000000,1487.300049,1484.583740,3547971
2021-09-29,1466.300049,1498.000000,1464.300049,1485.650024,1482.936646,1764350
2021-09-30,1484.699951,1519.000000,1463.349976,1468.099976,1465.418701,2072145
2021-10-01,1465.000000,1468.750000,1422.650024,1458.699951,1456.035889,2311858
2021-10-04,1471.000000,1531.000000,1460.099976,1526.650024,1523.861938,3209302
2021-10-05,1515.000000,1557.849976,1512.349976,1527.650024,1524.859985,2544835
2021-10-06,1529.800049,1541.000000,1472.000000,1479.550049,1476.847778,1777998
2021-10-07,1502.849976,1535.750000,1490.000000,1520.750000,1517.972534,1919106
2021-10-08,1522.000000,1569.449951,1511.449951,1547.900024,1545.072998,2646112
2021-10-11,1553.000000,1563.699951,1532.150024,1539.750000,1536.937866,1910095
2021-10-12,1539.000000,1566.900024,1514.500000,1554.449951,1551.611084,1900749
2021-10-13,1568.449951,1608.300049,1551.300049,1569.699951,1566.833008,3923958
2021-10-14,1580.000000,1656.000000,1574.800049,1646.349976,1643.343140,5256882
2021-10-18,1672.949951,1672.949951,1608.550049,1615.500000,1612.549561,3791222
2021-10-19,1625.199951,1637.000000,1562.050049,1569.449951,1566.583496,1822638
2021-10-20,1574.000000,1607.349976,1539.099976,1589.699951,1586.796509,2768997
2021-10-21,1601.949951,1626.849976,1581.699951,1595.050049,1592.137085,3129269
2021-10-22,1595.050049,1608.800049,1537.000000,1543.000000,1540.182007,2580699
2021-10-25,1545.000000,1551.400024,1494.050049,1532.199951,1529.401611,2276050
2021-10-26,1532.000000,1557.250000,1520.900024,1543.849976,1541.030396,1661783
2021-10-27,1548.000000,1581.150024,1540.000000,1566.550049,1563.688965,2121282
2021-10-28,1550.000000,1566.900024,1367.699951,1398.550049,1395.995850,7093354
2021-10-29,1400.000000,1454.800049,1377.750000,1423.599976,1421.000000,3165141
2021-11-01,1436.000000,1457.000000,1411.199951,1445.300049,1442.660522,1543436
2021-11-02,1455.000000,1489.000000,1452.800049,1472.800049,1470.110107,1667692
2021-11-03,1474.000000,1501.000000,1464.449951,1485.900024,1483.186157,1710819
2021-11-04,1495.000000,1511.500000,1483.000000,1489.449951,1486.729614,272261
2021-11-08,1495.000000,1575.150024,1485.650024,1568.250000,1565.385742,2565017
2021-11-09,1555.000000,1659.000000,1554.949951,1635.449951,1632.462891,4713708
2021-11-10,1625.550049,1686.000000,1620.400024,1655.849976,1652.825806,3728328
2021-11-11,1650.000000,1704.000000,1640.849976,1664.900024,1661.859375,4470709
2021-11-12,1678.300049,1719.500000,1670.099976,1705.199951,1702.085693,5349189
2021-11-15,1713.750000,1764.000000,1691.800049,1749.550049,1746.354736,3997553
2021-11-16,1759.449951,1766.550049,1706.900024,1711.599976,1708.473999,2172117
2021-11-17,1714.000000,1729.699951,1682.500000,1706.449951,1703.333374,1476385
2021-11-18,1708.000000,1714.000000,1640.000000,1688.750000,1685.665649,2255988
2021-11-22,1691.400024,1701.400024,1610.050049,1675.750000,1672.689453,2552170
2021-11-23,1660.150024,1720.349976,1650.000000,1707.949951,1704.830688,2472589
2021-11-24,1721.599976,1788.900024,1712.449951,1755.150024,1751.944580,4562858
2021-11-25,1762.949951,1773.699951,1735.550049,1763.050049,1759.830078,2341862
2021-11-26,1740.000000,1768.550049,1660.849976,1669.550049,1666.500977,3510810
2021-11-29,1655.000000,1697.000000,1609.849976,1665.050049,1662.009033,2119826
2021-11-30,1668.000000,1718.650024,1648.150024,1662.849976,1659.812988,2952368
2021-12-01,1694.000000,1705.000000,1652.349976,1693.300049,1690.207520,2476360
2021-12-02,1692.500000,1735.000000,1687.650024,1732.250000,1729.086426,2159661
2021-12-03,1734.000000,1745.000000,1701.099976,1708.099976,1704.980347,1544077
2021-12-06,1710.000000,1727.949951,1640.000000,1645.599976,1642.594604,1574680
2021-12-07,1658.900024,1686.699951,1654.000000,1678.449951,1675.384521,1476012
2021-12-08,1679.800049,1726.400024,1679.050049,1715.500000,1712.366943,1406394
2021-12-09,1725.000000,1739.250000,1706.599976,1722.250000,1719.104492,1306393
2021-12-10,1710.599976,1788.000000,1710.599976,1740.400024,1737.221436,2708578
2021-12-13,1755.000000,1762.199951,1711.099976,1719.550049,1716.409546,1104594
2021-12-14,1712.000000,1727.900024,1683.000000,1720.099976,1716.958496,1198653
2021-12-15,1720.000000,1727.000000,1687.050049,1695.300049,1692.203857,866378
2021-12-16,1707.300049,1719.849976,1687.000000,1702.050049,1698.941528,751885
2021-12-17,1698.949951,1702.000000,1640.000000,1645.300049,1642.295166,1215873
2021-12-20,1629.000000,1629.000000,1555.199951,1589.949951,1587.046143,1945211
2021-12-21,1621.099976,1645.900024,1602.900024,1620.500000,1617.540405,1563851
2021-12-22,1631.250000,1663.449951,1627.000000,1658.099976,1655.071777,993006
2021-12-23,1674.699951,1684.199951,1658.199951,1676.199951,1673.138672,979023
2021-12-24,1680.000000,1703.949951,1658.199951,1698.199951,1695.098511,1234386
2021-12-27,1694.750000,1738.000000,1686.050049,1730.199951,1727.040039,1672655
2021-12-28,1740.000000,1760.000000,1728.099976,1751.000000,1747.802124,1552918
2021-12-29,1751.000000,1755.000000,1709.400024,1718.050049,1714.912354,1100579
2021-12-30,1714.000000,1725.000000,1685.000000,1696.400024,1693.301758,1359574
2021-12-31,1694.949951,1725.000000,1691.050049,1709.449951,1706.328003,1310960
2022-01-03,1713.000000,1733.000000,1711.199951,1717.150024,1714.013916,1094708
2022-01-04,1725.750000,1728.000000,1700.000000,1719.000000,1715.860474,1191189
2022-01-05,1722.000000,1744.650024,1702.550049,1715.449951,1712.316895,1583598
2022-01-06,1710.000000,1723.849976,1675.599976,1713.099976,1709.971313,1615375
2022-01-07,1719.900024,1730.800049,1689.500000,1699.099976,1695.996826,1295933
2022-01-10,1707.550049,1766.000000,1699.099976,1752.599976,1749.399048,1670551
2022-01-11,1758.000000,1850.000000,1737.000000,1843.900024,1840.532349,5126019
2022-01-12,1873.000000,1873.000000,1808.300049,1830.099976,1826.757568,2518912
2022-01-13,1834.000000,1863.000000,1808.000000,1853.349976,1849.965088,1881069
2022-01-14,1850.000000,1890.449951,1831.099976,1870.250000,1866.834351,2357616
2022-01-17,1876.000000,1901.400024,1855.650024,1877.800049,1874.370483,1700525
2022-01-18,1885.000000,1908.500000,1830.050049,1840.949951,1837.587769,2294146
2022-01-19,1839.800049,1857.000000,1811.250000,1849.300049,1845.922485,1544606
2022-01-20,1855.000000,1880.349976,1843.699951,1865.849976,1862.442383,1252017
2022-01-21,1860.849976,1873.000000,1810.750000,1828.349976,1825.010742,1929667
2022-01-24,1822.000000,1827.449951,1696.550049,1715.800049,1712.666504,2381112
2022-01-25,1668.000000,1750.550049,1668.000000,1741.400024,1738.219604,1817963
2022-01-27,1718.000000,1725.550049,1654.500000,1686.000000,1682.920776,3549583
2022-01-28,1702.500000,1744.099976,1683.949951,1693.699951,1690.606689,1624750
2022-01-31,1708.949951,1734.000000,1705.000000,1714.949951,1711.817871,1024738
2022-02-01,1727.949951,1765.099976,1699.150024,1746.900024,1743.709595,1574361
2022-02-02,1755.000000,1786.000000,1747.000000,1779.349976,1776.100342,1405276
2022-02-03,1771.949951,1787.000000,1746.400024,1751.849976,1748.650391,588866
2022-02-04,1758.000000,1770.000000,1733.699951,1757.300049,1754.090576,855996
2022-02-07,1765.000000,1765.500000,1722.099976,1731.800049,1728.637085,854871
2022-02-08,1739.400024,1747.000000,1677.050049,1716.000000,1712.865967,1480201
2022-02-09,1724.599976,1791.900024,1718.099976,1783.150024,1779.893433,1674022
2022-02-10,1799.000000,1809.000000,1766.000000,1786.099976,1782.837891,1747943
2022-02-11,1764.000000,1774.900024,1743.349976,1764.300049,1761.077759,1196002
2022-02-14,1736.300049,1737.900024,1653.000000,1663.949951,1660.911011,1919476
2022-02-15,1636.000000,1751.400024,1627.849976,1744.250000,1741.064331,2261554
2022-02-16,1744.250000,1776.000000,1730.000000,1738.099976,1734.925537,1663614
2022-02-17,1750.000000,1762.000000,1724.000000,1730.949951,1727.788696,1075487
2022-02-18,1739.000000,1754.599976,1725.000000,1736.300049,1733.128906,945100
2022-02-21,1738.800049,1738.800049,1671.300049,1685.199951,1682.122192,1449291
2022-02-22,1636.099976,1678.900024,1630.000000,1667.699951,1664.654053,1717579
2022-02-23,1682.000000,1717.500000,1670.000000,1688.699951,1685.615723,1285012
2022-02-24,1626.000000,1648.599976,1528.800049,1543.949951,1541.130127,2798065
2022-02-25,1594.000000,1638.099976,1578.800049,1618.699951,1615.743652,1741584
2022-02-28,1603.750000,1651.099976,1592.250000,1644.449951,1641.446777,1869037
2022-03-02,1638.000000,1664.250000,1615.500000,1641.800049,1638.801392,1249817
2022-03-03,1670.000000,1678.199951,1634.949951,1643.800049,1640.797852,1333325
2022-03-04,1621.800049,1655.500000,1601.199951,1615.000000,1612.050415,1433490
2022-03-07,1590.000000,1592.000000,1539.300049,1564.050049,1561.193604,1508821
2022-03-08,1574.900024,1607.400024,1553.400024,1601.599976,1598.674927,1396347
2022-03-09,1609.599976,1669.949951,1608.000000,1656.550049,1653.524658,1498176
2022-03-10,1682.000000,1749.599976,1678.250000,1742.849976,1739.666992,2294474
2022-03-11,1750.000000,1757.000000,1721.199951,1734.099976,1730.932983,1354129
2022-03-14,1732.000000,1752.449951,1722.449951,1736.099976,1732.929199,659190
2022-03-15,1740.000000,1754.199951,1686.650024,1701.400024,1698.292725,1085901
2022-03-16,1724.000000,1764.000000,1718.650024,1758.000000,1754.789307,1269866
2022-03-17,1775.599976,1823.599976,1760.000000,1819.650024,1816.326782,2392329
2022-03-21,1836.050049,1841.900024,1796.150024,1802.949951,1799.657104,1081052
2022-03-22,1802.949951,1837.000000,1790.000000,1831.550049,1828.204956,964066
2022-03-23,1848.050049,1848.050049,1800.849976,1811.000000,1807.692627,1553366
2022-03-24,1815.000000,1839.550049,1800.150024,1832.800049,1829.452759,1030145
2022-03-25,1835.550049,1878.000000,1822.000000,1867.000000,1863.590332,1366115
2022-03-28,1876.900024,1924.400024,1851.050049,1909.699951,1906.212158,1895438
2022-03-29,1919.250000,1930.900024,1885.500000,1917.250000,1913.748413,1715098
2022-03-30,1927.699951,2015.000000,1917.300049,1995.250000,1991.605957,3215951
2022-03-31,2005.000000,2042.000000,1991.000000,2014.750000,2011.070313,2786973
2022-04-01,2018.000000,2049.000000,2013.050049,2043.650024,2039.917603,1267111
2022-04-04,2050.000000,2075.500000,2032.000000,2065.850098,2062.077148,1334265
2022-04-05,2078.000000,2189.800049,2067.600098,2139.850098,2135.942139,4970260
2022-04-06,2153.750000,2182.850098,2124.199951,2160.000000,2156.055176,2259018
2022-04-07,2165.949951,2214.949951,2081.250000,2099.050049,2095.216309,3499044
2022-04-08,2115.000000,2176.000000,2105.250000,2170.949951,2166.984863,1924054
2022-04-11,2181.850098,2200.000000,2158.500000,2180.199951,2176.218018,1615715
2022-04-12,2188.000000,2219.000000,2155.000000,2196.949951,2192.937744,2632324
2022-04-13,2210.000000,2217.149902,2173.449951,2199.449951,2195.432861,992512
2022-04-18,2179.800049,2240.000000,2156.750000,2233.850098,2229.770508,1747434
2022-04-19,2245.000000,2255.000000,2140.100098,2168.300049,2164.340088,1639219
2022-04-20,2178.000000,2207.949951,2161.899902,2183.949951,2179.961182,1119025
2022-04-21,2216.000000,2293.550049,2203.899902,2286.350098,2282.174316,2243636
2022-04-22,2297.000000,2306.000000,2265.000000,2273.300049,2269.148438,1786042
2022-04-25,2259.949951,2295.000000,2242.600098,2284.199951,2280.028320,1683622
2022-04-26,2297.000000,2413.899902,2295.100098,2395.300049,2390.925537,3199358
2022-04-27,2404.949951,2420.949951,2325.000000,2334.100098,2329.837158,2559876
2022-04-28,2359.850098,2389.899902,2336.300049,2378.550049,2374.206055,1679893
2022-04-29,2389.000000,2394.149902,2301.500000,2332.000000,2327.740967,1916180
2022-05-02,2325.000000,2362.300049,2311.000000,2339.500000,2335.227295,1006544
2022-05-04,2358.699951,2362.899902,2233.050049,2253.800049,2249.683838,1744686
2022-05-05,2270.000000,2303.800049,2236.000000,2255.399902,2251.280762,1636796
2022-05-06,2210.000000,2262.000000,2200.000000,2247.699951,2243.594727,1161579
2022-05-09,2229.500000,2244.199951,2180.000000,2197.649902,2193.635986,1450886
2022-05-10,2190.000000,2220.000000,2097.500000,2109.500000,2105.647461,1471866
2022-05-11,2109.600098,2157.750000,2077.000000,2119.300049,2115.429688,1397917
2022-05-12,2103.000000,2113.600098,2011.050049,2045.199951,2041.464722,1553685
2022-05-13,2084.500000,2135.000000,2035.300049,2054.149902,2050.398193,1547617
2022-05-16,2082.649902,2141.949951,2057.649902,2105.899902,2102.053711,1742552
2022-05-17,2133.050049,2192.250000,2119.399902,2184.850098,2180.860107,1061085
2022-05-18,2199.699951,2216.899902,2172.000000,2181.100098,2177.116699,1296983
2022-05-19,2145.000000,2154.750000,2097.600098,2114.750000,2110.887695,986930
2022-05-20,2159.000000,2232.399902,2151.000000,2219.550049,2215.496338,1444803
2022-05-23,2231.750000,2245.000000,2155.649902,2170.649902,2166.685547,1455450
2022-05-24,2161.000000,2178.899902,2142.550049,2160.199951,2156.254639,1008943
2022-05-25,2168.000000,2181.449951,2066.199951,2074.149902,2070.361572,1382448
2022-05-26,2077.000000,2088.000000,1906.199951,2046.400024,2042.662598,4967514
2022-05-27,2080.000000,2094.300049,2047.699951,2080.149902,2076.350830,1354005
2022-05-30,2120.000000,2175.000000,2102.000000,2165.649902,2161.694580,1384584
2022-05-31,2160.000000,2225.800049,2150.399902,2167.550049,2163.591309,2861556
2022-06-01,2169.949951,2189.300049,2126.000000,2150.899902,2146.971680,1448212
2022-06-02,2155.000000,2218.000000,2142.300049,2209.399902,2205.364746,1855167
2022-06-03,2235.000000,2242.250000,2176.050049,2190.000000,2186.000244,1651685
2022-06-06,2188.500000,2230.000000,2168.199951,2225.050049,2220.986328,1664487
2022-06-07,2210.000000,2254.699951,2207.050049,2227.550049,2223.481689,2046676
2022-06-08,2244.949951,2244.949951,2158.550049,2177.199951,2173.223633,1530739
2022-06-09,2160.300049,2224.000000,2155.000000,2219.199951,2215.146973,1440385
2022-06-10,2190.000000,2215.000000,2171.000000,2203.100098,2199.076416,1305761
2022-06-13,2172.500000,2172.500000,2066.750000,2079.750000,2075.951904,1764172
2022-06-14,2274.000000,2274.000000,2053.100098,2196.449951,2192.438477,6515102
2022-06-15,2218.399902,2219.699951,2174.199951,2184.600098,2180.610107,1313510
2022-06-16,2205.000000,2217.300049,2076.050049,2083.000000,2079.195801,2131789
2022-06-17,2062.000000,2137.399902,2060.149902,2095.800049,2091.972656,2280135
2022-06-20,2107.300049,2123.300049,2025.000000,2079.850098,2076.051514,2603594
2022-06-21,2100.000000,2177.000000,2091.649902,2161.800049,2157.852051,1331500
2022-06-22,2149.949951,2149.949951,2077.100098,2089.199951,2085.384033,1774137
2022-06-23,2105.000000,2128.000000,2080.000000,2110.350098,2106.495850,1026783
2022-06-24,2121.000000,2168.000000,2108.600098,2161.449951,2157.502197,1156536
2022-06-27,2189.000000,2211.000000,2169.350098,2181.600098,2177.615723,1202504
2022-06-28,2170.000000,2210.250000,2160.000000,2204.600098,2200.573730,1282047
2022-06-29,2185.000000,2247.800049,2177.199951,2220.100098,2216.045166,1692493
2022-06-30,2220.000000,2248.500000,2180.500000,2190.899902,2186.898682,1568415
2022-07-01,2189.899902,2242.000000,2138.250000,2232.199951,2228.123047,2141743
2022-07-04,2232.199951,2277.000000,2228.350098,2261.850098,2257.718994,1581159
2022-07-05,2264.000000,2290.699951,2238.000000,2246.449951,2242.347412,1356776
2022-07-06,2245.000000,2277.000000,2236.500000,2272.850098,2268.698975,1045463
2022-07-07,2280.000000,2294.949951,2256.000000,2274.300049,2270.146484,946131
2022-07-08,2286.000000,2303.600098,2263.899902,2293.050049,2288.862305,898576
2022-07-11,2293.050049,2384.600098,2291.050049,2373.250000,2368.915527,1967308
2022-07-12,2364.399902,2389.800049,2350.149902,2365.649902,2361.329346,1273008
2022-07-13,2373.500000,2384.649902,2333.699951,2353.500000,2349.201416,982185
2022-07-14,2365.000000,2404.000000,2336.500000,2383.100098,2379.759033,933554
2022-07-15,2414.500000,2422.949951,2377.000000,2405.250000,2401.877930,1169788
2022-07-18,2424.000000,2441.850098,2406.050049,2423.600098,2420.202148,937204
2022-07-19,2406.949951,2459.300049,2405.000000,2451.300049,2447.863281,843301
2022-07-20,2462.000000,2472.800049,2444.000000,2451.100098,2447.663818,693601
2022-07-21,2453.800049,2498.949951,2451.250000,2495.500000,2492.001465,1314165
2022-07-22,2505.500000,2514.050049,2483.100098,2499.399902,2495.895752,833522
2022-07-25,2505.000000,2562.149902,2500.000000,2550.600098,2547.024170,1220351
2022-07-26,2555.000000,2568.600098,2533.000000,2559.699951,2556.111084,865142
2022-07-27,2560.000000,2572.500000,2528.000000,2548.699951,2545.126709,953588
2022-07-28,2559.899902,2565.649902,2531.600098,2550.399902,2546.823975,759442
2022-07-29,2565.000000,2622.000000,2560.000000,2569.199951,2565.597900,1107195
2022-08-01,2575.850098,2669.399902,2569.199951,2660.149902,2656.420410,1267039
2022-08-02,2660.000000,2697.000000,2640.000000,2683.649902,2679.887451,1096480
2022-08-03,2685.000000,2717.000000,2671.199951,2711.399902,2707.598389,815831
2022-08-04,2725.000000,2743.899902,2684.250000,2723.600098,2719.781494,1223799
2022-08-05,2760.000000,2767.649902,2685.000000,2698.399902,2694.616699,1639981
2022-08-08,2700.000000,2807.649902,2695.649902,2791.899902,2787.985596,1581696
2022-08-10,2801.750000,2834.899902,2781.550049,2827.199951,2823.236328,1304663
2022-08-11,2841.000000,2848.399902,2815.100098,2834.050049,2830.076904,978616
2022-08-12,2840.000000,2871.149902,2834.050049,2864.550049,2860.533691,843025
2022-08-16,2879.000000,2986.000000,2871.000000,2975.850098,2971.677979,1969492
2022-08-17,2986.000000,3028.550049,2980.000000,3008.649902,3004.431641,1510171
2022-08-18,3005.000000,3186.000000,3004.000000,3153.649902,3149.228516,3502295
2022-08-19,3178.000000,3258.899902,3075.250000,3130.199951,3125.811523,6109949
2022-08-22,3134.000000,3191.800049,3029.199951,3051.600098,3047.321533,3473580
2022-08-23,3032.649902,3074.000000,2927.399902,3030.649902,3026.400879,4169136
2022-08-24,3038.000000,3153.000000,2986.000000,3134.649902,3130.254883,3475387
2022-08-25,3167.000000,3177.800049,3055.699951,3066.350098,3062.051025,3119494
2022-08-26,3080.000000,3172.949951,3078.000000,3139.550049,3135.148193,2897602
2022-08-29,3055.000000,3166.449951,3037.850098,3142.600098,3138.194092,1924984
2022-08-30,3165.000000,3263.100098,3161.000000,3194.350098,3189.871582,4392183
2022-09-01,3200.000000,3245.000000,3184.399902,3233.250000,3228.717041,1880363
2022-09-02,3261.000000,3369.399902,3225.000000,3355.800049,3351.095215,4835905
2022-09-05,3374.100098,3431.800049,3313.000000,3346.550049,3341.858154,3686950
2022-09-06,3370.000000,3447.600098,3355.000000,3435.800049,3430.982910,2580772
2022-09-07,3435.800049,3487.949951,3406.100098,3473.750000,3468.879639,2188110
2022-09-08,3499.000000,3501.500000,3450.000000,3462.800049,3457.945068,1560414
2022-09-09,3479.000000,3507.949951,3415.149902,3451.199951,3446.361328,1614634
2022-09-12,3465.000000,3495.500000,3457.899902,3463.800049,3458.943848,1647756
2022-09-13,3478.000000,3568.899902,3421.300049,3555.800049,3550.814697,3479669
2022-09-14,3518.000000,3608.000000,3511.000000,3572.100098,3567.092041,2740337
2022-09-15,3590.000000,3767.949951,3575.000000,3748.699951,3743.443848,4716688
2022-09-16,3755.000000,3866.949951,3614.600098,3702.199951,3697.009521,5687429
2022-09-19,3718.949951,3801.949951,3680.750000,3778.649902,3773.352051,3092486
2022-09-20,3819.000000,3885.000000,3812.000000,3834.550049,3829.174072,3338704
2022-09-21,3837.649902,3862.800049,3571.250000,3640.100098,3634.996826,6089846
2022-09-22,3639.000000,3735.949951,3608.050049,3716.300049,3711.089844,3490772
2022-09-23,3732.000000,3737.899902,3655.000000,3674.300049,3669.148682,3001474
2022-09-26,3646.300049,3658.000000,3532.000000,3586.199951,3581.172119,3123908
2022-09-27,3596.000000,3629.550049,3485.850098,3559.100098,3554.110107,3546332
2022-09-28,3528.000000,3596.949951,3503.000000,3548.750000,3543.774658,2259832
2022-09-29,3583.500000,3664.750000,3443.600098,3470.699951,3465.833984,15060223
2022-09-30,3447.949951,3523.800049,3371.100098,3455.750000,3450.904785,4307707
2022-10-03,3440.000000,3460.050049,3110.199951,3157.300049,3152.873535,7578847
2022-10-04,3230.000000,3291.199951,3125.000000,3237.699951,3233.160400,5642467
2022-10-06,3270.000000,3318.800049,3208.050049,3285.000000,3280.394531,2845165
2022-10-07,3280.000000,3310.949951,3228.149902,3277.600098,3273.004883,1930275
2022-10-10,3234.000000,3278.750000,3214.350098,3246.250000,3241.698730,1590792
2022-10-11,3257.550049,3338.000000,3249.000000,3273.949951,3269.359619,2544394
2022-10-12,3297.000000,3297.000000,3145.000000,3223.649902,3219.130127,2972601
2022-10-13,3218.000000,3262.800049,3189.000000,3233.649902,3229.116455,1840193
2022-10-14,3272.000000,3305.000000,3194.850098,3209.500000,3205.000244,1344415
2022-10-17,3211.000000,3235.000000,3136.100098,3212.600098,3208.096191,1985298
2022-10-18,3249.000000,3298.000000,3226.100098,3284.300049,3279.695313,1635079
2022-10-19,3300.000000,3310.000000,3259.649902,3277.250000,3272.655273,1396513
2022-10-20,3260.000000,3365.000000,3245.000000,3357.100098,3352.393311,2211287
2022-10-21,3374.899902,3382.000000,3287.000000,3311.899902,3307.256836,1120790
2022-10-24,3325.000000,3340.100098,3287.399902,3309.800049,3305.159668,248249
2022-10-25,3321.949951,3345.000000,3294.000000,3300.500000,3295.872559,879424
2022-10-27,3319.850098,3355.000000,3297.000000,3325.000000,3320.338379,1106870
2022-10-28,3322.000000,3387.949951,3297.649902,3323.300049,3318.640625,1323334
2022-10-31,3339.949951,3360.000000,3326.100098,3347.449951,3342.756836,575722
2022-11-01,3361.899902,3607.449951,3352.000000,3575.699951,3570.686768,4393335
2022-11-02,3580.000000,3625.149902,3526.000000,3580.699951,3575.679688,2534755
2022-11-03,3550.000000,3614.699951,3542.449951,3590.399902,3585.366211,1275216
2022-11-04,3642.000000,3849.800049,3566.750000,3833.250000,3827.875732,6112097
2022-11-07,3852.449951,4013.699951,3820.000000,3960.600098,3955.047363,5985652
2022-11-09,3977.000000,4048.000000,3943.050049,3997.199951,3991.595703,3732472
2022-11-10,3995.000000,4030.000000,3962.149902,3992.250000,3986.652832,2313795
2022-11-11,4040.000000,4048.949951,3975.149902,4008.850098,4003.229736,1476875
2022-11-14,3999.000000,4078.000000,3990.000000,4022.550049,4016.910400,1803092
2022-11-15,4025.050049,4065.000000,4022.000000,4057.800049,4052.110840,1065546
2022-11-16,4057.300049,4096.000000,3863.550049,3956.600098,3951.052734,3059841
2022-11-17,3970.000000,4033.000000,3900.000000,4018.149902,4012.516602,2266112
2022-11-18,4028.350098,4043.000000,3984.000000,4019.800049,4014.164307,1440776
2022-11-21,4019.949951,4019.949951,3921.949951,4001.850098,3996.239258,1492003
2022-11-22,4001.850098,4056.000000,3988.000000,4034.000000,4028.343994,1705043
2022-11-23,4050.000000,4061.850098,3873.000000,3903.300049,3897.827393,2861156
2022-11-24,3910.000000,3935.000000,3821.000000,3921.100098,3915.602783,2797181
2022-11-25,3929.000000,3949.899902,3845.300049,3901.100098,3895.630859,2506346
2022-11-28,3899.399902,3925.000000,3871.399902,3886.149902,3880.701172,1119166
2022-11-29,3885.000000,3915.000000,3864.050049,3878.399902,3872.962158,1513444
2022-11-30,3897.800049,3939.899902,3867.000000,3917.899902,3912.406982,1968428
2022-12-01,3937.500000,3944.949951,3902.449951,3915.100098,3909.611084,945838
2022-12-02,3905.000000,3963.800049,3885.000000,3922.500000,3917.000488,1297832
2022-12-05,3928.899902,3939.000000,3810.050049,3930.399902,3924.889404,2392866
2022-12-06,3920.000000,4057.000000,3909.000000,4031.800049,4026.147461,2962621
2022-12-07,4031.000000,4057.899902,3984.550049,3999.300049,3993.693115,1257261
2022-12-08,4010.000000,4045.000000,4003.350098,4025.000000,4019.356934,895075
2022-12-09,4044.000000,4094.000000,3941.500000,3996.800049,3991.196533,2129800
2022-12-12,3997.000000,4031.899902,3968.750000,4016.699951,4011.068604,802499
2022-12-13,4027.800049,4072.000000,4011.600098,4060.199951,4054.507568,1215308
2022-12-14,4076.000000,4092.050049,4040.000000,4055.800049,4050.113770,1114492
2022-12-15,4055.800049,4073.050049,4025.000000,4043.750000,4038.080566,866138
2022-12-16,4018.899902,4047.899902,3944.050049,3980.800049,3975.218750,1598960
2022-12-19,3988.000000,4104.000000,3971.449951,4075.300049,4069.586426,1643404
2022-12-20,4095.000000,4172.000000,4066.399902,4165.299805,4159.459961,3778426
2022-12-21,4175.000000,4190.000000,3883.250000,3901.949951,3896.479248,3585883
2022-12-22,3948.000000,3948.000000,3817.050049,3868.550049,3863.126221,2879658
2022-12-23,3822.000000,3848.000000,3616.800049,3642.199951,3637.093262,3036157
2022-12-26,3653.000000,3744.899902,3620.000000,3716.750000,3711.539063,2162662
2022-12-27,3732.449951,3797.899902,3695.050049,3769.649902,3764.364990,1804911
2022-12-28,3756.050049,3825.000000,3745.000000,3797.699951,3792.375488,1377950
2022-12-29,3790.000000,3825.000000,3748.100098,3810.600098,3805.257568,1531692
2022-12-30,3829.699951,3898.000000,3822.050049,3858.350098,3852.940430,1528747
2023-01-02,3870.000000,3874.000000,3822.550049,3841.199951,3835.814453,923051
2023-01-03,3841.899902,3852.850098,3791.000000,3830.949951,3825.578857,799905
2023-01-04,3839.000000,3874.949951,3803.600098,3827.050049,3821.684326,1028377
2023-01-05,3827.050049,3842.399902,3756.899902,3829.800049,3824.430664,997006
2023-01-06,3829.000000,3868.250000,3797.050049,3824.250000,3818.888428,912159
2023-01-09,3843.000000,3880.000000,3811.250000,3855.300049,3849.894775,753981
2023-01-10,3859.000000,3862.050049,3555.000000,3646.899902,3641.787109,3595798
2023-01-11,3660.000000,3664.500000,3560.100098,3635.800049,3630.702637,2226506
2023-01-12,3642.500000,3679.000000,3612.000000,3647.199951,3642.086426,1199785
2023-01-13,3651.199951,3736.050049,3642.199951,3721.149902,3715.932861,1364712
2023-01-16,3720.000000,3739.949951,3600.000000,3619.800049,3614.724854,1863848
2023-01-17,3620.000000,3649.600098,3560.199951,3639.350098,3634.247559,1668381
2023-01-18,3648.000000,3648.000000,3527.100098,3596.699951,3591.657227,3652240
2023-01-19,3470.000000,3537.699951,3426.699951,3463.550049,3458.693848,3696319
2023-01-20,3450.000000,3477.350098,3440.949951,3456.149902,3451.304199,1510258
2023-01-23,3443.050049,3460.000000,3412.550049,3436.350098,3431.532227,974857
2023-01-24,3447.449951,3508.000000,3430.000000,3442.000000,3437.174316,1518123
2023-01-25,3422.000000,3428.000000,3315.000000,3388.949951,3384.198486,3686439
2023-01-27,3335.000000,3346.500000,2712.000000,2761.449951,2757.578369,14764368
2023-01-30,2850.000000,3037.550049,2665.000000,2892.850098,2888.794189,20947906
2023-01-31,2980.000000,3073.600098,2906.000000,2973.899902,2969.730469,11568020
2023-02-01,2995.000000,3010.750000,1941.199951,2135.350098,2132.356201,13525314
2023-02-02,2348.850098,2348.850098,1494.750000,1565.250000,1563.055420,34474080
2023-02-03,1490.000000,1679.900024,1017.450012,1586.800049,1584.575317,43885579
2023-02-06,1575.000000,1615.000000,1435.199951,1572.699951,1570.494995,19308603
2023-02-07,1571.000000,1962.699951,1525.599976,1802.949951,1800.422119,19188072
2023-02-08,1869.849976,2222.149902,1840.849976,2164.250000,2161.215820,19173006
2023-02-09,2168.000000,2168.000000,1731.400024,1925.699951,1923.000000,18279862
2023-02-10,1769.000000,1990.000000,1733.150024,1846.949951,1844.360596,11334878
2023-02-13,1850.000000,1921.699951,1662.250000,1717.650024,1715.241821,12210940
2023-02-14,1735.000000,1889.000000,1611.349976,1749.699951,1747.246826,14579030
2023-02-15,1780.000000,1824.400024,1750.000000,1779.099976,1776.605591,7636578
2023-02-16,1820.000000,1874.949951,1790.000000,1796.599976,1794.081055,5578515
2023-02-17,1800.000000,1815.849976,1703.199951,1722.699951,1720.284668,5392513
2023-02-20,1650.000000,1685.000000,1560.500000,1621.449951,1619.176758,6762330
2023-02-21,1626.000000,1644.449951,1561.300049,1571.099976,1568.897339,5571915
2023-02-22,1535.000000,1560.000000,1381.199951,1404.849976,1402.880371,10606476
2023-02-23,1380.000000,1438.000000,1350.000000,1382.650024,1380.711426,8907540
2023-02-24,1410.000000,1427.000000,1261.599976,1315.650024,1313.805420,8736727
2023-02-27,1300.000000,1313.800049,1131.050049,1193.500000,1191.826782,10271008
2023-02-28,1145.000000,1398.000000,1103.750000,1363.849976,1361.937744,33948366
2023-03-01,1424.000000,1580.000000,1411.000000,1564.300049,1562.106812,20114340
2023-03-02,1499.900024,1646.000000,1407.900024,1607.250000,1604.996582,26970925
2023-03-03,1688.849976,1905.949951,1685.500000,1879.500000,1876.864746,22888891
2023-03-06,1966.699951,2135.000000,1855.000000,1982.900024,1980.119995,27180456
2023-03-08,2040.000000,2088.000000,1941.000000,2039.650024,2036.790527,13568243
2023-03-09,2049.800049,2068.850098,1905.349976,1953.150024,1950.411621,12627794
2023-03-10,1870.000000,1940.000000,1820.599976,1896.199951,1893.541382,9419942
2023-03-13,1917.000000,1985.000000,1857.400024,1874.400024,1871.771973,7572604
2023-03-14,1874.000000,1874.849976,1651.349976,1738.199951,1735.762939,12679663
2023-03-15,1760.900024,1891.449951,1728.099976,1839.000000,1836.421631,12296703
2023-03-16,1861.000000,1875.000000,1795.000000,1843.800049,1841.214966,6509495
2023-03-17,1901.000000,1918.849976,1845.000000,1876.550049,1873.918945,5969594
2023-03-20,1837.000000,1849.949951,1777.400024,1804.949951,1802.419434,5168139
2023-03-21,1836.949951,1861.000000,1804.949951,1824.250000,1821.692383,4094018
2023-03-22,1834.000000,1850.000000,1806.150024,1815.400024,1812.854858,3248124
2023-03-23,1794.000000,1834.000000,1780.000000,1794.000000,1791.484741,4108804
2023-03-24,1796.000000,1823.000000,1695.250000,1740.650024,1738.209595,6187968
2023-03-27,1740.650024,1757.400024,1682.000000,1723.050049,1720.634277,5053055
2023-03-28,1727.949951,1733.000000,1573.000000,1600.849976,1598.605591,8144878
2023-03-29,1602.949951,1756.000000,1591.099976,1740.400024,1737.959961,9332702
2023-03-31,1788.000000,1825.000000,1740.000000,1750.449951,1747.995850,4893249
2023-04-03,1750.449951,1754.949951,1695.500000,1717.449951,1715.042114,3445796
2023-04-05,1717.449951,1737.949951,1671.550049,1698.000000,1695.619385,3690559
2023-04-06,1705.000000,1793.650024,1688.150024,1754.050049,1751.590820,6012473
2023-04-10,1774.000000,1812.699951,1760.599976,1797.250000,1794.730225,4197975
2023-04-11,1810.000000,1829.000000,1792.849976,1803.150024,1800.622070,2883672
2023-04-12,1814.000000,1858.750000,1797.050049,1847.250000,1844.660034,4809035
2023-04-13,1855.000000,1885.000000,1826.050049,1870.750000,1868.127075,3402280
2023-04-17,1870.750000,1904.900024,1847.000000,1878.750000,1876.115845,2983032
2023-04-18,1892.000000,1902.750000,1830.000000,1850.949951,1848.354858,2542401
2023-04-19,1847.000000,1877.699951,1835.000000,1853.849976,1851.250732,2455884
2023-04-20,1855.000000,1878.900024,1836.849976,1842.900024,1840.316162,2016823
2023-04-21,1846.000000,1853.250000,1796.050049,1803.000000,1800.472168,2090833
2023-04-24,1804.000000,1817.400024,1775.800049,1801.949951,1799.423706,1963582
2023-04-25,1806.000000,1913.750000,1801.800049,1844.599976,1842.013794,5364841
2023-04-26,1854.000000,1874.000000,1826.400024,1847.900024,1845.309326,2422711
2023-04-27,1848.000000,1864.949951,1832.550049,1853.050049,1850.452148,1782360
2023-04-28,1868.050049,1944.000000,1857.150024,1924.949951,1922.251099,6159130
2023-05-02,1935.000000,1966.000000,1908.000000,1919.849976,1917.158203,3813963
2023-05-03,1919.000000,1940.000000,1785.349976,1839.000000,1836.421631,5849432
2023-05-04,1839.050049,1935.000000,1839.050049,1911.250000,1908.570435,4842127
2023-05-05,1954.800049,1955.000000,1903.150024,1920.300049,1917.607788,6137744
2023-05-08,1920.300049,1926.900024,1876.000000,1887.500000,1884.853760,2835197
2023-05-09,1900.000000,1930.000000,1889.099976,1896.099976,1893.441650,2700563
2023-05-10,1899.000000,1914.900024,1883.949951,1892.150024,1889.497314,1970906
2023-05-11,1925.000000,2013.750000,1910.000000,1984.650024,1981.867432,8835941
2023-05-12,2009.000000,2010.000000,1946.550049,1964.699951,1961.945435,3816201
2023-05-15,1959.900024,1964.699951,1880.000000,1916.050049,1913.363770,4836782
2023-05-16,1927.000000,1935.000000,1881.000000,1889.150024,1886.501465,3058799
2023-05-17,1900.000000,1919.949951,1857.750000,1899.500000,1896.836914,3632797
2023-05-18,1910.050049,1924.000000,1877.199951,1890.000000,1887.350098,2437396
2023-05-19,1888.000000,1983.000000,1872.099976,1956.050049,1953.307617,7541150
2023-05-22,2010.000000,2347.000000,1983.400024,2326.100098,2322.838867,26311368
2023-05-23,2410.899902,2759.449951,2400.000000,2633.699951,2630.007324,28432888
2023-05-24,2709.000000,2750.000000,2425.350098,2475.600098,2472.128906,23465761
2023-05-25,2440.000000,2558.800049,2386.649902,2537.449951,2533.892334,8434009
2023-05-26,2565.000000,2599.949951,2535.149902,2544.350098,2540.782959,3963515
2023-05-29,2570.000000,2583.500000,2523.000000,2534.050049,2530.497314,2779432
2023-05-30,2529.300049,2554.149902,2475.149902,2496.449951,2492.949951,1736953
2023-05-31,2482.000000,2573.000000,2428.000000,2493.350098,2489.854248,4268439
2023-06-01,2499.899902,2560.000000,2485.300049,2492.149902,2488.656006,1704946
2023-06-02,2535.000000,2538.899902,2425.000000,2445.050049,2441.622070,5543791
2023-06-05,2463.199951,2514.000000,2428.000000,2433.949951,2430.537598,2956768
2023-06-06,2475.000000,2506.949951,2425.899902,2433.649902,2430.237793,6473608
2023-06-07,2453.000000,2466.949951,2435.000000,2439.550049,2436.129639,2522516
2023-06-08,2450.000000,2475.899902,2369.050049,2429.149902,2425.744141,3781621
2023-06-09,2447.949951,2458.899902,2428.000000,2451.149902,2447.713379,1948506
2023-06-12,2460.000000,2505.000000,2432.600098,2484.800049,2481.316406,2804898
2023-06-13,2499.000000,2505.000000,2442.199951,2462.550049,2459.097412,2210990
2023-06-14,2469.899902,2484.800049,2452.350098,2457.149902,2453.704834,1364403
2023-06-15,2469.000000,2527.000000,2462.899902,2485.649902,2482.165039,3744029
2023-06-16,2499.199951,2526.899902,2487.399902,2509.600098,2506.081543,7999982
2023-06-19,2504.000000,2521.600098,2350.000000,2401.399902,2398.032959,11475674
2023-06-20,2435.000000,2435.000000,2390.000000,2414.800049,2411.414551,2479711
2023-06-21,2426.699951,2440.000000,2393.100098,2405.949951,2402.576660,7418013
2023-06-22,2425.100098,2449.949951,2360.000000,2397.250000,2393.889160,8459191
2023-06-23,2392.300049,2392.300049,2163.300049,2233.550049,2230.418457,15213238
2023-06-26,2210.050049,2336.449951,2173.050049,2295.600098,2292.381592,7847341
2023-06-27,2328.949951,2343.850098,2271.000000,2284.449951,2281.247070,3361053
2023-06-28,2300.000000,2418.600098,2293.850098,2402.000000,2398.632324,28353193
2023-06-30,2437.949951,2437.949951,2350.000000,2388.050049,2384.701904,5125497
2023-07-03,2405.000000,2417.850098,2373.199951,2385.500000,2382.155518,2662358
2023-07-04,2397.000000,2414.000000,2373.050049,2387.699951,2384.352295,2308684
2023-07-05,2391.000000,2412.050049,2374.000000,2399.149902,2395.786377,2198481
2023-07-06,2399.149902,2427.600098,2390.000000,2402.899902,2400.731934,2476366
2023-07-07,2395.000000,2409.949951,2368.100098,2379.600098,2378.640869,1823645
2023-07-10,2392.800049,2462.699951,2355.000000,2410.250000,2409.278320,3771285
2023-07-11,2423.750000,2444.949951,2388.000000,2422.899902,2421.923096,2247776
2023-07-12,2429.899902,2432.000000,2380.449951,2387.899902,2386.937256,1445282
2023-07-13,2397.000000,2405.699951,2355.550049,2362.050049,2361.097900,1247741
2023-07-14,2375.000000,2385.000000,2340.000000,2376.100098,2375.142334,1353535
2023-07-17,2399.899902,2459.500000,2391.300049,2408.550049,2407.579102,3090373
2023-07-18,2415.000000,2510.000000,2405.199951,2416.899902,2415.925537,5978272
2023-07-19,2428.649902,2443.000000,2416.899902,2423.750000,2422.772949,1637260
2023-07-20,2428.949951,2433.899902,2400.000000,2419.750000,2418.774658,1564275
2023-07-21,2410.000000,2457.850098,2395.300049,2416.300049,2415.325928,2280563
2023-07-24,2430.000000,2439.399902,2412.050049,2418.199951,2417.225098,1113193
2023-07-25,2428.000000,2479.000000,2416.000000,2466.649902,2465.655518,3017555
2023-07-26,2472.449951,2506.000000,2446.000000,2470.750000,2469.753906,4021773
2023-07-27,2470.750000,2485.000000,2415.000000,2428.399902,2427.420898,2243944
2023-07-28,2437.000000,2481.649902,2431.100098,2463.199951,2462.207031,2339800
2023-07-31,2477.000000,2518.000000,2467.000000,2492.199951,2491.195313,3359974
2023-08-01,2504.850098,2514.000000,2455.250000,2481.100098,2480.099854,1575727
2023-08-02,2493.000000,2514.000000,2451.000000,2473.550049,2472.552979,2506971
2023-08-03,2469.899902,2550.000000,2462.000000,2532.600098,2531.579102,4720470
2023-08-04,2545.300049,2557.899902,2502.000000,2541.800049,2540.775391,3294056
2023-08-07,2550.949951,2569.000000,2516.399902,2550.500000,2549.471924,4684333
2023-08-08,2563.250000,2563.250000,2461.300049,2474.550049,2473.552490,6127920
2023-08-09,2488.350098,2516.899902,2472.000000,2507.100098,2506.089355,5781400
2023-08-10,2510.000000,2577.500000,2510.000000,2552.399902,2551.371094,8140756
2023-08-11,2550.050049,2568.149902,2518.199951,2539.500000,2538.476318,7157372
2023-08-14,2480.000000,2484.949951,2400.050049,2456.000000,2455.010010,9786919
2023-08-16,2450.000000,2465.000000,2420.000000,2445.100098,2444.114502,7084828
2023-08-17,2454.949951,2487.199951,2442.050049,2479.699951,2478.700439,7769452
2023-08-18,2477.500000,2665.949951,2461.300049,2577.399902,2576.360840,14679923
2023-08-21,2588.000000,2655.000000,2580.500000,2639.750000,2638.685791,10479200
2023-08-22,2668.850098,2721.000000,2654.100098,2698.050049,2696.962402,10291468
2023-08-23,2720.000000,2722.399902,2488.850098,2530.300049,2529.280029,5251316
2023-08-24,2580.000000,2613.000000,2531.100098,2539.550049,2538.526367,4558367
2023-08-25,2549.000000,2549.000000,2486.000000,2495.750000,2494.743896,2808721
2023-08-28,2550.000000,2582.000000,2455.649902,2472.449951,2471.453369,4457038
2023-08-29,2472.100098,2536.649902,2445.000000,2506.449951,2505.439697,4802150
2023-08-30,2517.000000,2543.000000,2492.399902,2513.100098,2512.087158,6484593
2023-08-31,2449.949951,2489.949951,2383.750000,2419.250000,2418.274902,6230369
2023-09-01,2381.000000,2465.550049,2380.000000,2450.050049,2449.062500,6764397
2023-09-04,2454.000000,2480.000000,2450.050049,2470.600098,2469.604248,5998454
2023-09-05,2482.000000,2501.399902,2464.000000,2494.050049,2493.044678,6489319
2023-09-06,2494.050049,2504.000000,2471.000000,2496.500000,2495.493652,7416248
2023-09-07,2498.000000,2520.000000,2485.000000,2509.500000,2508.488525,4298988
2023-09-08,2513.800049,2538.600098,2506.100098,2519.300049,2518.284424,5640973
2023-09-11,2565.000000,2630.250000,2546.000000,2614.949951,2613.895752,9148241
2023-09-12,2622.449951,2626.600098,2530.000000,2535.699951,2534.677734,5658774
2023-09-13,2545.699951,2566.949951,2496.000000,2518.899902,2517.884521,1780068
2023-09-14,2541.850098,2545.000000,2506.050049,2519.800049,2518.784424,1218481
2023-09-15,2519.800049,2558.000000,2514.199951,2540.050049,2539.026123,1547001
2023-09-18,2552.000000,2555.000000,2491.000000,2502.449951,2501.441162,861677
2023-09-20,2502.399902,2533.649902,2458.899902,2470.300049,2469.304199,1203019
2023-09-21,2479.800049,2503.800049,2461.000000,2479.250000,2478.250488,1279908
2023-09-22,2489.949951,2498.000000,2460.000000,2464.899902,2463.906250,865589
2023-09-25,2479.949951,2489.000000,2424.000000,2482.100098,2481.099609,1216898
2023-09-26,2491.000000,2499.000000,2452.600098,2457.949951,2456.959229,698863
2023-09-27,2460.000000,2498.000000,2445.100098,2483.300049,2482.299072,1077373
2023-09-28,2489.949951,2511.000000,2446.699951,2475.250000,2474.252197,2225560
2023-09-29,2462.050049,2479.550049,2405.050049,2413.899902,2412.926758,1689201
2023-10-03,2418.000000,2424.899902,2372.000000,2387.250000,2386.287598,2019899
2023-10-04,2402.199951,2502.750000,2392.250000,2464.949951,2463.956299,2857377
2023-10-05,2477.949951,2486.500000,2446.399902,2466.350098,2465.355957,1132455
2023-10-06,2466.350098,2514.949951,2466.050049,2478.100098,2477.101074,1510035
2023-10-09,2440.000000,2459.699951,2411.300049,2442.600098,2441.615479,1408224
2023-10-10,2443.000000,2517.949951,2443.000000,2498.300049,2497.292969,1771910
2023-10-11,2533.899902,2538.000000,2482.500000,2488.600098,2487.596924,1627836
2023-10-12,2499.899902,2521.750000,2490.649902,2506.350098,2505.339844,1804818
2023-10-13,2488.899902,2495.000000,2422.350098,2454.550049,2453.560547,2278682
2023-10-16,2454.550049,2464.699951,2421.850098,2429.350098,2428.370850,803856
2023-10-17,2459.949951,2462.000000,2423.500000,2428.399902,2427.420898,707543
2023-10-18,2440.000000,2441.750000,2401.050049,2406.350098,2405.380127,776977
2023-10-19,2400.000000,2414.699951,2382.550049,2402.199951,2401.231689,1168822
2023-10-20,2398.050049,2443.949951,2382.050049,2393.750000,2392.785156,1240350
2023-10-23,2397.800049,2412.350098,2301.800049,2308.649902,2307.719238,1483549
2023-10-25,2320.000000,2348.050049,2235.300049,2257.000000,2256.090088,1540819
2023-10-26,2249.000000,2249.000000,2167.050049,2203.199951,2202.311768,2226073
2023-10-27,2222.000000,2275.000000,2212.000000,2261.699951,2260.788330,1244293
2023-10-30,2260.050049,2305.000000,2250.000000,2299.100098,2298.173340,996448
2023-10-31,2320.000000,2320.000000,2276.000000,2294.649902,2293.724854,1155280
2023-11-01,2299.000000,2312.250000,2207.000000,2217.300049,2216.406250,1666579
2023-11-02,2247.000000,2297.949951,2204.199951,2215.300049,2214.406982,2340997
2023-11-03,2215.300049,2279.000000,2215.000000,2229.850098,2228.951172,1853300
2023-11-06,2253.949951,2260.000000,2233.000000,2246.000000,2245.094727,770061
2023-11-07,2257.000000,2260.000000,2226.649902,2233.350098,2232.449707,641554
2023-11-08,2245.300049,2298.000000,2235.000000,2259.949951,2259.039063,1169180
2023-11-09,2269.000000,2272.600098,2210.100098,2214.649902,2213.757080,1267890
2023-11-10,2220.250000,2237.000000,2198.500000,2205.100098,2204.211182,1072597
2023-11-13,2215.500000,2241.899902,2195.550049,2213.649902,2212.757568,853633
2023-11-15,2240.000000,2250.000000,2220.500000,2225.399902,2224.502930,696475
2023-11-16,2226.000000,2232.800049,2196.100098,2205.899902,2205.010742,1307584
2023-11-17,2205.899902,2237.949951,2201.000000,2208.800049,2207.909668,916518
2023-11-20,2211.000000,2218.500000,2142.000000,2149.850098,2148.983398,1577213
2023-11-21,2160.000000,2232.550049,2158.350098,2196.649902,2195.764404,1839502
2023-11-22,2205.149902,2225.000000,2153.500000,2172.649902,2171.774170,1247205
2023-11-23,2190.000000,2190.000000,2160.600098,2175.250000,2174.373047,729114
2023-11-24,2179.000000,2251.949951,2160.899902,2225.449951,2224.552979,1946259
2023-11-28,2301.000000,2512.399902,2275.000000,2423.500000,2422.523193,11972275
2023-11-29,2468.699951,2477.649902,2390.000000,2396.600098,2395.634033,4561574
2023-11-30,2400.050049,2409.000000,2343.050049,2358.550049,2357.599365,2983879
2023-12-01,2370.000000,2403.350098,2354.100098,2362.699951,2361.747559,1792983
2023-12-04,2549.949951,2595.000000,2487.449951,2531.199951,2530.179688,5681516
2023-12-05,2531.199951,2999.899902,2531.199951,2959.350098,2958.157227,22879079
2023-12-06,3080.000000,3154.550049,2844.850098,2883.949951,2882.787354,19355777
2023-12-07,2900.000000,2945.899902,2853.050049,2887.149902,2885.986084,6325887
2023-12-08,2902.699951,2927.000000,2760.000000,2822.149902,2821.012207,6959428
2023-12-11,2837.050049,2919.899902,2811.050049,2855.800049,2854.648926,5064123
2023-12-12,2869.100098,2895.949951,2840.550049,2857.649902,2856.498047,2017772
2023-12-13,2860.000000,2899.100098,2805.000000,2875.050049,2873.891113,2805832
2023-12-14,2900.949951,2932.949951,2887.000000,2894.050049,2892.883545,3224681
2023-12-15,2912.050049,3000.000000,2893.899902,2991.800049,2990.593994,4921484
2023-12-18,2993.949951,3027.750000,2961.100098,2980.600098,2979.398682,2315922
2023-12-19,2988.800049,2994.350098,2915.000000,2941.250000,2940.064453,1741493
2023-12-20,2946.000000,2968.000000,2766.199951,2783.850098,2782.728027,3417739
2023-12-21,2750.000000,2821.949951,2725.000000,2799.750000,2798.621338,2678577
2023-12-22,2815.949951,2847.600098,2791.399902,2808.350098,2807.218018,1513956
2023-12-26,2817.000000,2893.750000,2800.100098,2865.449951,2864.294922,2048484
2023-12-27,2880.699951,2894.800049,2833.600098,2843.350098,2842.203857,1698325
2023-12-28,2855.000000,2867.350098,2800.100098,2809.899902,2808.767334,4102912
2023-12-29,2823.899902,2863.300049,2802.850098,2848.949951,2847.801514,1507086
2024-01-01,2852.300049,2947.000000,2842.050049,2917.199951,2916.023926,2898619
2024-01-02,2922.000000,2948.199951,2841.000000,2932.399902,2931.217773,2671368
2024-01-03,3047.000000,3199.000000,2955.600098,3003.000000,3001.789551,19725411
2024-01-04,3039.399902,3044.449951,2990.000000,2998.300049,2997.091309,2975620
2024-01-05,3009.949951,3066.899902,2981.100098,3006.600098,3005.388184,3219949
2024-01-08,3020.000000,3027.000000,2952.949951,2963.500000,2962.305420,1849061
2024-01-09,2990.699951,3068.800049,2980.000000,3014.600098,3013.385010,2885706
2024-01-10,3024.000000,3112.000000,3020.050049,3098.199951,3096.950928,3590297
2024-01-11,3120.000000,3129.000000,3065.000000,3080.899902,3079.657959,2008103
2024-01-12,3096.350098,3125.000000,3068.199951,3104.100098,3102.848877,1795933
2024-01-15,3127.000000,3130.000000,3067.449951,3089.500000,3088.254639,1407007
2024-01-16,3095.000000,3104.500000,3035.000000,3056.500000,3055.267822,2515564
2024-01-17,3033.000000,3045.000000,2946.300049,2971.050049,2969.852295,2897218
2024-01-18,2975.550049,2985.000000,2885.100098,2918.899902,2917.723389,2552342
2024-01-19,2945.350098,2949.449951,2903.050049,2915.649902,2914.474609,2014096
2024-01-23,3014.949951,3014.949951,2885.500000,2896.550049,2895.382324,1827002
2024-01-24,2901.000000,2929.100098,2871.250000,2903.449951,2902.279541,5807940
2024-01-25,2903.449951,2926.350098,2804.399902,2893.600098,2892.433594,2601969
2024-01-29,2929.000000,3092.699951,2923.050049,3064.649902,3063.414551,4402976
2024-01-30,3081.000000,3129.899902,3020.899902,3091.100098,3089.854004,3115506
2024-01-31,3092.750000,3151.699951,3072.399902,3142.000000,3140.733398,2671051
2024-02-01,3156.899902,3236.949951,3083.050049,3153.500000,3152.228760,4686595
2024-02-02,3184.949951,3208.500000,3140.000000,3157.449951,3156.177246,2708695
2024-02-05,3170.000000,3229.399902,3151.449951,3173.449951,3172.170654,2191195
2024-02-06,3183.899902,3228.199951,3160.000000,3203.750000,3202.458496,2078891
2024-02-07,3220.050049,3277.949951,3210.000000,3229.850098,3228.548096,2095911
2024-02-08,3245.600098,3245.600098,3146.100098,3168.600098,3167.322754,1679004
2024-02-09,3184.449951,3224.949951,3121.199951,3215.199951,3213.903809,1572789
2024-02-12,3229.000000,3241.949951,3160.000000,3169.750000,3168.472168,1083138
2024-02-13,3180.000000,3194.000000,3092.050049,3178.449951,3177.168701,1225207
2024-02-14,3184.000000,3255.250000,3169.850098,3207.199951,3205.907227,1741264
2024-02-15,3219.850098,3252.750000,3184.050049,3193.800049,3192.512695,2035204
2024-02-16,3214.000000,3252.300049,3192.649902,3223.600098,3222.300537,2193673
2024-02-19,3240.000000,3308.600098,3235.800049,3258.800049,3257.486328,1779444
2024-02-20,3267.000000,3269.800049,3210.149902,3228.600098,3227.298584,1467630
2024-02-21,3238.000000,3300.000000,3205.000000,3223.199951,3221.900635,1657021
2024-02-22,3239.000000,3274.000000,3210.500000,3263.050049,3261.734619,1138722
2024-02-23,3263.050049,3319.949951,3225.100098,3273.300049,3271.980469,1975035
2024-02-26,3272.000000,3344.000000,3263.000000,3327.750000,3326.408447,1695378
2024-02-27,3339.000000,3340.000000,3273.000000,3302.300049,3300.968750,1125570
2024-02-28,3309.199951,3318.800049,3207.500000,3219.000000,3217.702393,1358879
2024-02-29,3220.050049,3304.750000,3205.350098,3285.399902,3284.075439,1352988
2024-03-01,3309.850098,3346.000000,3281.800049,3318.750000,3317.412109,1161067
2024-03-04,3335.000000,3350.000000,3310.050049,3317.149902,3315.812744,1061244
2024-03-05,3325.300049,3334.000000,3295.050049,3310.199951,3308.865479,1190416
2024-03-06,3323.000000,3323.000000,3183.149902,3233.949951,3232.646240,1935203
2024-03-07,3240.000000,3262.000000,3220.000000,3226.550049,3225.249512,856328
2024-03-11,3241.199951,3259.000000,3200.000000,3207.350098,3206.057129,738851
2024-03-12,3207.350098,3222.699951,3111.000000,3122.500000,3121.241211,1199487
2024-03-13,3125.000000,3138.050049,2850.149902,2906.199951,2905.028564,3407040
2024-03-14,2927.449951,3101.199951,2880.000000,3087.449951,3086.205322,3759100
2024-03-15,3111.000000,3143.399902,3061.250000,3132.199951,3130.937256,2199094
2024-03-18,3050.100098,3124.000000,2976.050049,3111.750000,3110.495605,3042515
2024-03-19,3126.000000,3164.800049,3041.850098,3052.699951,3051.469482,1460452
2024-03-20,3075.000000,3083.199951,3021.100098,3051.449951,3050.219971,966481
2024-03-21,3089.550049,3107.100098,3059.600098,3066.500000,3065.263916,1175751
2024-03-22,3066.550049,3128.949951,3048.050049,3107.699951,3106.447266,951557
2024-03-26,3100.500000,3171.949951,3089.100098,3109.949951,3108.696289,937103
2024-03-27,3115.000000,3138.449951,3106.250000,3122.100098,3120.841553,900231
2024-03-28,3134.000000,3237.000000,3096.750000,3197.100098,3195.811279,2327053
2024-04-01,3230.199951,3291.800049,3207.850098,3252.100098,3250.789063,1292646
2024-04-02,3258.949951,3285.000000,3240.000000,3268.750000,3267.432373,868829
2024-04-03,3250.000000,3260.149902,3222.000000,3233.449951,3232.146484,1153109
2024-04-04,3250.000000,3273.000000,3201.699951,3210.800049,3209.505859,1403826
2024-04-05,3211.100098,3234.000000,3178.949951,3224.800049,3223.500000,755607
2024-04-08,3240.949951,3243.500000,3197.199951,3224.550049,3223.250244,577440
2024-04-09,3240.699951,3251.000000,3185.000000,3198.449951,3197.160645,833679
2024-04-10,3200.000000,3254.600098,3192.500000,3242.000000,3240.693115,1441138
2024-04-12,3210.000000,3247.500000,3205.300049,3209.899902,3208.605957,705173
2024-04-15,3150.000000,3180.300049,3103.199951,3147.449951,3146.181152,1035378
2024-04-16,3101.000000,3149.199951,3100.000000,3106.399902,3105.147705,1134184
2024-04-18,3125.149902,3145.000000,3008.300049,3019.300049,3018.083008,1703646
2024-04-19,3000.000000,3057.050049,2962.500000,3026.949951,3025.729736,1727317
2024-04-22,3053.000000,3077.500000,3025.000000,3063.350098,3062.115234,993929
2024-04-23,3059.000000,3091.000000,3043.100098,3065.100098,3063.864502,1654272
2024-04-24,3071.949951,3087.850098,3040.000000,3043.550049,3042.323242,605917
2024-04-25,3050.000000,3120.899902,3025.649902,3115.250000,3113.994141,1515529
2024-04-26,3119.899902,3129.899902,3066.050049,3080.399902,3079.158203,662764
2024-04-29,3110.000000,3110.500000,3051.500000,3081.199951,3079.958008,648544
2024-04-30,3094.000000,3108.449951,3045.000000,3054.699951,3053.468506,804552
2024-05-02,3071.949951,3119.850098,3015.050049,3039.600098,3038.374756,2219085
2024-05-03,3030.000000,3045.000000,2975.100098,2993.250000,2992.043457,1472168
2024-05-06,2993.250000,3000.199951,2850.000000,2874.649902,2873.491211,2377944
2024-05-07,2889.949951,2905.350098,2822.000000,2835.949951,2834.806641,1262311
2024-05-08,2850.000000,2890.899902,2820.000000,2860.550049,2859.396973,951411
2024-05-09,2864.800049,2883.649902,2756.000000,2766.649902,2765.534668,1485510
2024-05-10,2794.949951,2809.000000,2760.449951,2797.250000,2796.122314,2354794
2024-05-13,2803.000000,2890.000000,2790.500000,2879.600098,2878.439209,3784373
2024-05-14,2894.949951,3046.000000,2874.550049,3037.550049,3036.325684,5725807
2024-05-15,3046.750000,3118.850098,3037.600098,3049.750000,3048.520508,1688836
2024-05-16,3065.000000,3076.949951,2974.949951,3041.649902,3040.423828,1835312
2024-05-17,3041.050049,3091.000000,3015.500000,3060.500000,3059.266357,825436
2024-05-21,3067.899902,3175.000000,3034.500000,3117.500000,3116.243408,3091659
2024-05-22,3129.949951,3145.000000,3073.500000,3140.949951,3139.683838,3371077
2024-05-23,3156.699951,3406.000000,3135.550049,3387.300049,3385.934570,6979082
2024-05-24,3406.000000,3457.850098,3355.600098,3384.949951,3383.585449,3473668
2024-05-27,3358.000000,3358.000000,3267.050049,3289.050049,3287.724121,2582485
2024-05-28,3309.649902,3329.500000,3229.050049,3244.050049,3242.742432,1621168
2024-05-29,3250.000000,3322.899902,3212.000000,3258.800049,3257.486328,1910729
2024-05-30,3254.000000,3274.300049,3174.500000,3194.250000,3192.962402,1990208
2024-05-31,3225.250000,3434.449951,3225.250000,3411.350098,3409.974854,6384589
2024-06-03,3725.000000,3743.899902,3586.050049,3645.250000,3643.780518,8511359
2024-06-04,3520.000000,3520.000000,2733.949951,2941.250000,2940.064453,20306909
2024-06-05,3030.000000,3150.000000,2750.000000,3115.350098,3114.094238,8778345
2024-06-06,3184.000000,3222.399902,3137.149902,3185.649902,3184.365723,5873271
2024-06-07,3170.399902,3233.750000,3151.600098,3219.550049,3218.252197,4740455
2024-06-10,3267.000000,3284.399902,3205.500000,3220.100098,3218.802002,4935698
2024-06-11,3224.000000,3265.000000,3195.050049,3221.250000,3219.951416,4173692
2024-06-12,3224.899902,3245.000000,3208.000000,3219.050049,3217.752441,3022477
2024-06-13,3230.000000,3254.000000,3207.250000,3224.800049,3223.500000,3202978
2024-06-14,3225.000000,3275.000000,3221.100098,3261.750000,3261.750000,4224855
2024-06-18,3310.000000,3345.000000,3287.199951,3309.050049,3309.050049,1755612
2024-06-19,3314.000000,3314.000000,3226.300049,3261.899902,3261.899902,1419264
2024-06-20,3263.899902,3315.000000,3240.000000,3259.449951,3259.449951,1366545
2024-06-21,3265.050049,3277.100098,3176.399902,3189.300049,3189.300049,4697655
2024-06-24,3185.750000,3214.800049,3135.000000,3194.600098,3194.600098,3261647
2024-06-25,3204.750000,3208.449951,3156.350098,3171.100098,3171.100098,1694962
2024-06-26,3169.050049,3187.699951,3163.899902,3170.500000,3170.500000,2142889
2024-06-27,3177.000000,3202.250000,3150.000000,3175.149902,3175.149902,5114980
2024-06-28,3190.000000,3211.949951,3157.000000,3177.149902,3177.149902,960905
2024-07-01,3179.949951,3193.149902,3157.550049,3183.800049,3183.800049,832170
2024-07-02,3179.850098,3207.800049,3131.050049,3153.199951,3153.199951,1490844
2024-07-03,3158.000000,3194.550049,3147.750000,3190.949951,3190.949951,1152522
2024-07-04,3192.000000,3194.449951,3138.050049,3144.250000,3144.250000,1055391
2024-07-05,3143.899902,3158.550049,3123.949951,3147.899902,3147.899902,663988
2024-07-08,3147.899902,3158.199951,3075.000000,3113.600098,3113.600098,1155112
2024-07-09,3115.949951,3158.000000,3100.500000,3110.750000,3110.750000,922403
2024-07-10,3120.100098,3127.250000,3063.399902,3096.000000,3096.000000,586710
2024-07-11,3118.699951,3129.800049,3074.100098,3078.300049,3078.300049,899781
2024-07-12,3090.000000,3098.800049,3058.350098,3065.449951,3065.449951,756036
2024-07-15,3066.100098,3103.500000,3058.350098,3090.399902,3090.399902,724171
2024-07-16,3110.000000,3137.750000,3096.100098,3109.300049,3109.300049,988357
2024-07-18,3106.000000,3111.000000,3057.149902,3092.199951,3092.199951,1021653
2024-07-19,3092.000000,3094.500000,3000.000000,3005.699951,3005.699951,1026941
2024-07-22,3005.699951,3026.899902,2972.149902,3000.850098,3000.850098,662085
2024-07-23,3020.000000,3038.000000,2886.350098,2995.350098,2995.350098,1443331
2024-07-24,2995.350098,3007.500000,2959.300049,2970.699951,2970.699951,693702
2024-07-25,2960.699951,3017.649902,2945.100098,2973.500000,2973.500000,1105721
2024-07-26,2995.000000,3109.000000,2988.100098,3080.500000,3080.500000,1942427
2024-07-29,3094.300049,3120.350098,3088.250000,3099.899902,3099.899902,470412