Date,Open,High,Low,Close,Adj Close,Volume
2019-01-01,621.900024,630.200012,621.900024,627.299988,623.803833,12179223
2019-01-02,623.000000,628.500000,617.500000,620.049988,616.594299,12386281
2019-01-03,621.400024,622.000000,603.650024,607.950012,604.561768,13228602
2019-01-04,612.000000,624.750000,609.500000,619.599976,616.146790,8381367
2019-01-07,626.000000,640.700012,624.200012,637.450012,633.897461,11735286
2019-01-08,636.000000,653.750000,630.599976,650.900024,647.272461,11879875
2019-01-09,652.349976,672.049988,652.349976,670.099976,666.365417,18003387
2019-01-10,668.900024,668.900024,654.599976,663.250000,659.553589,12751327
2019-01-11,665.000000,668.500000,658.200012,666.500000,662.785461,8330315
2019-01-14,663.000000,663.000000,652.549988,659.200012,655.526184,6856244
2019-01-15,661.299988,664.250000,655.049988,660.599976,656.918335,5467484
2019-01-16,660.700012,670.400024,660.700012,664.000000,660.299438,6598151
2019-01-17,669.900024,680.000000,665.599976,676.650024,672.878906,10448209
2019-01-18,674.900024,676.049988,661.450012,664.599976,660.896057,7037386
2019-01-21,661.549988,664.500000,656.500000,660.299988,656.619995,6157956
2019-01-22,656.349976,663.599976,653.849976,661.599976,657.912720,7951640
2019-01-23,659.500000,667.000000,658.599976,661.599976,657.912720,7596006
2019-01-24,665.000000,665.549988,655.000000,663.650024,659.951416,7013582
2019-01-25,665.200012,676.849976,665.200012,669.750000,666.017395,6628922
2019-01-28,669.000000,674.450012,650.349976,656.299988,652.642334,7792690
2019-01-29,658.500000,671.000000,649.549988,660.750000,657.067505,8302420
2019-01-30,687.049988,703.349976,683.750000,690.950012,687.099182,46912230
2019-01-31,697.250000,726.849976,689.049988,722.700012,718.672241,35239544
2019-02-01,720.750000,726.400024,705.400024,717.250000,713.252625,13792059
2019-02-04,711.299988,724.500000,708.000000,720.500000,716.484558,8195956
2019-02-05,722.000000,731.599976,719.500000,729.500000,725.434326,8665426
2019-02-06,731.299988,734.500000,715.599976,725.750000,721.705261,8077340
2019-02-07,726.250000,733.799988,724.000000,730.150024,726.080750,7203465
2019-02-08,727.000000,732.799988,716.250000,719.400024,715.390625,7341956
2019-02-11,719.900024,719.900024,705.299988,710.849976,706.888306,7234953
2019-02-12,701.000000,713.400024,700.000000,705.599976,701.667603,15856819
2019-02-14,706.000000,706.400024,692.599976,695.000000,691.126648,10383603
2019-02-15,700.000000,704.000000,681.700012,686.599976,682.773499,10866440
2019-02-18,686.000000,697.700012,680.700012,693.299988,689.436035,7135564
2019-02-19,693.299988,705.400024,689.650024,693.049988,689.187500,6816325
2019-02-20,697.599976,703.000000,695.299988,700.349976,696.446777,5772687
2019-02-21,700.500000,706.500000,695.099976,697.200012,693.314392,6674353
2019-02-22,697.450012,704.450012,691.200012,702.049988,698.137329,9822278
2019-02-25,702.900024,705.799988,696.099976,703.700012,699.778198,11428024
2019-02-26,694.000000,715.599976,693.049988,710.150024,706.192261,9166951
2019-02-27,714.950012,727.799988,713.049988,718.200012,714.197388,13284424
2019-02-28,723.450012,723.450012,706.400024,709.549988,705.595520,26230891
2019-03-01,713.500000,714.950012,699.549988,702.400024,698.485413,7713824
2019-03-05,705.700012,733.900024,700.700012,732.049988,727.970154,11298428
2019-03-06,733.900024,733.900024,712.549988,720.599976,716.583923,10510670
2019-03-07,720.750000,739.450012,720.750000,733.750000,729.660706,11263734
2019-03-08,732.000000,737.250000,728.400024,733.400024,729.312622,7744794
2019-03-11,733.299988,744.900024,730.599976,734.500000,730.406494,9421608
2019-03-12,738.700012,749.000000,738.549988,742.549988,738.411621,8131901
2019-03-13,743.599976,751.000000,736.500000,738.000000,733.887024,12333789
2019-03-14,740.000000,749.700012,737.400024,740.599976,736.472473,7100875
2019-03-15,742.950012,748.950012,731.700012,735.099976,731.003174,14560368
2019-03-18,741.000000,753.849976,740.250000,747.000000,742.836853,8067253
2019-03-19,755.000000,763.000000,749.049988,760.900024,756.659424,8818172
2019-03-20,760.750000,767.000000,754.349976,755.750000,751.538086,9758274
2019-03-22,764.700012,765.900024,735.549988,757.049988,752.830811,10355078
2019-03-25,752.700012,755.000000,741.150024,745.700012,741.544128,7130411
2019-03-26,747.400024,760.950012,741.650024,757.099976,752.880493,7300104
2019-03-27,761.299988,770.000000,755.849976,759.299988,755.068298,7456768
2019-03-28,761.099976,787.650024,757.150024,780.700012,776.349060,16643818
2019-04-01,780.950012,783.000000,760.599976,765.599976,761.333130,6021202
2019-04-02,769.150024,774.950012,761.000000,767.400024,763.123169,6592678
2019-04-03,770.000000,772.750000,758.700012,761.500000,757.256104,5591613
2019-04-04,763.000000,771.900024,760.000000,762.150024,757.902466,7009879
2019-04-05,763.950012,768.750000,756.099976,762.200012,757.952148,5343947
2019-04-08,764.299988,768.000000,748.549988,754.599976,750.394409,4918795
2019-04-09,755.000000,766.000000,751.000000,763.400024,759.145447,5483424
2019-04-10,761.250000,767.900024,758.000000,760.849976,756.609619,5933250
2019-04-11,760.500000,761.349976,747.000000,752.299988,748.107361,5365803
2019-04-12,753.400024,766.750000,751.599976,764.349976,760.090088,4671869
2019-04-15,764.000000,770.200012,760.000000,762.849976,758.598511,3707106
2019-04-16,765.099976,776.000000,765.099976,771.099976,766.802490,7088601
2019-04-18,778.400024,779.000000,769.000000,771.200012,766.901978,6098041
2019-04-22,768.900024,768.900024,750.549988,755.500000,751.289429,4185156
2019-04-23,757.450012,759.299988,749.000000,753.250000,749.052063,5098170
2019-04-24,754.700012,755.700012,738.349976,752.849976,748.654236,7825049
2019-04-25,754.000000,758.549988,738.549988,740.900024,736.770874,10282068
2019-04-26,762.000000,765.150024,747.250000,759.900024,755.664978,23294204
2019-04-30,759.950012,769.700012,755.799988,766.849976,762.576233,12434805
2019-05-02,765.400024,767.799988,748.049988,752.349976,748.156982,7033021
2019-05-03,754.150024,763.799988,753.450012,757.299988,753.079407,5970814
2019-05-06,746.000000,753.400024,744.099976,747.450012,743.284302,5909936
2019-05-07,751.849976,755.500000,740.000000,741.849976,737.715515,5071941
2019-05-08,741.900024,744.750000,733.349976,735.500000,731.400940,6739894
2019-05-09,733.900024,740.500000,729.400024,731.000000,726.925964,4193451
2019-05-10,734.400024,738.500000,729.500000,735.049988,730.953430,3913815
2019-05-13,734.000000,742.849976,730.000000,732.099976,728.019958,5891071
2019-05-14,729.400024,738.500000,722.500000,731.349976,727.273987,7049134
2019-05-15,735.799988,737.700012,716.099976,721.950012,717.926453,4849130
2019-05-16,720.950012,735.000000,718.700012,731.849976,727.771301,5142617
2019-05-17,731.799988,752.150024,727.200012,748.950012,744.776001,9072242
2019-05-20,760.200012,790.650024,760.200012,782.400024,778.039551,15866697
2019-05-21,789.700012,791.799988,771.049988,772.950012,768.642212,9251548
2019-05-22,774.799988,784.000000,770.200012,779.150024,774.807678,5928186
2019-05-23,788.000000,804.299988,770.599976,776.400024,772.073120,14776218
2019-05-24,779.450012,795.900024,778.500000,793.200012,788.779358,9323114
2019-05-27,794.000000,816.400024,787.200012,813.900024,809.364075,9128216
2019-05-28,816.299988,822.099976,801.000000,808.400024,803.894653,13473187
2019-05-29,806.750000,813.000000,802.099976,804.700012,800.215332,5958128
2019-05-30,803.250000,814.200012,803.250000,807.549988,803.049377,6414384
2019-05-31,811.000000,818.700012,793.200012,808.299988,803.795105,11140585
2019-06-03,813.549988,814.650024,803.099976,812.650024,808.120972,6427567
2019-06-04,807.549988,827.750000,805.500000,822.799988,818.214355,9515354
2019-06-06,824.000000,825.950012,805.799988,807.700012,803.198608,14728937
2019-06-07,811.099976,813.250000,801.299988,804.000000,799.519104,6884094
2019-06-10,807.400024,816.750000,807.400024,814.150024,809.612610,5923875
2019-06-11,817.150024,821.450012,807.000000,814.799988,810.258972,5471529
2019-06-12,814.049988,815.750000,809.099976,813.549988,809.015869,4707478
2019-06-13,811.250000,823.400024,810.750000,820.150024,815.579163,9056584
2019-06-14,820.099976,823.099976,797.450012,801.200012,796.734802,8919370
2019-06-17,800.099976,801.000000,775.099976,777.700012,773.365723,10151212
2019-06-18,781.950012,784.849976,770.099976,775.750000,771.426636,8347632
2019-06-19,780.799988,789.000000,763.349976,770.700012,766.404724,6411258
2019-06-20,772.000000,775.450012,758.849976,771.400024,767.100830,9190732
2019-06-21,774.750000,778.250000,762.799988,771.049988,766.752808,12610688
2019-06-24,771.000000,775.250000,761.000000,762.849976,758.598511,4866859
2019-06-25,761.250000,783.000000,756.549988,781.650024,777.293701,10044436
2019-06-26,782.900024,792.000000,781.700012,788.599976,784.204956,8715757
2019-06-27,788.950012,806.849976,781.599976,800.450012,795.988953,18439210
2019-06-28,801.150024,812.900024,793.299988,808.549988,804.043762,9174348
2019-07-01,810.750000,819.000000,807.450012,810.450012,805.933228,5896530
2019-07-02,811.099976,812.549988,800.750000,802.599976,798.126953,7549027
2019-07-03,802.650024,811.500000,801.500000,806.200012,801.706970,5535230
2019-07-04,810.000000,813.200012,804.299988,808.849976,805.341064,5553273
2019-07-05,808.000000,812.950012,801.299988,806.099976,802.602966,5871202
2019-07-08,802.000000,803.650024,778.650024,782.900024,779.503662,7485169
2019-07-09,778.500000,788.799988,776.400024,786.200012,782.789307,6448920
2019-07-10,786.650024,790.000000,764.549988,769.250000,765.912842,5814417
2019-07-11,773.500000,773.500000,763.000000,766.400024,763.075256,7111401
2019-07-12,766.099976,768.599976,751.000000,755.799988,752.521240,8552548
2019-07-15,757.250000,759.650024,744.000000,749.750000,746.497437,6350785
2019-07-16,750.000000,763.200012,747.549988,761.049988,757.748413,6170479
2019-07-17,763.099976,765.549988,750.049988,752.599976,749.335022,5757193
2019-07-18,754.000000,755.000000,734.599976,740.400024,737.188049,11283488
2019-07-19,743.549988,746.799988,723.299988,729.250000,726.086365,8091007
2019-07-22,730.000000,738.500000,720.000000,727.450012,724.294250,7020071
2019-07-23,732.900024,739.299988,726.099976,728.000000,724.841858,7048354
2019-07-24,728.000000,732.799988,709.349976,712.299988,709.209839,6618279
2019-07-25,711.200012,726.250000,706.349976,723.150024,720.012939,9972204
2019-07-26,723.549988,732.000000,719.200012,729.849976,726.683716,5450010
2019-07-29,736.200012,740.000000,710.000000,720.250000,717.125427,10314136
2019-07-30,725.950012,728.000000,701.000000,707.599976,704.530334,14100900
2019-07-31,694.000000,694.900024,657.799988,674.099976,671.175598,55836793
2019-08-01,673.950012,680.750000,662.650024,669.299988,666.396484,17001210
2019-08-02,667.400024,681.650024,661.599976,673.849976,670.926636,14426295
2019-08-05,665.500000,669.349976,650.200012,662.450012,659.576172,13042504
2019-08-06,658.700012,682.849976,654.000000,679.000000,676.054382,12419831
2019-08-07,679.000000,679.500000,654.250000,659.950012,657.086975,10486156
2019-08-08,660.599976,664.299988,643.200012,660.099976,657.236389,17563795
2019-08-09,664.200012,675.950012,660.000000,660.799988,657.933289,9289628
2019-08-13,662.200012,668.700012,645.000000,649.450012,646.632568,7389394
2019-08-14,652.799988,669.450012,652.000000,663.200012,660.322876,7148518
2019-08-16,664.000000,678.000000,656.849976,675.650024,672.718933,7040117
2019-08-19,678.799988,689.000000,676.349976,685.000000,682.028320,9082914
2019-08-20,685.150024,685.200012,669.500000,672.349976,669.433228,7602499
2019-08-21,674.000000,674.150024,659.650024,664.700012,661.816406,7892687
2019-08-22,665.000000,669.849976,657.750000,661.150024,658.281799,9262172
2019-08-23,659.750000,671.549988,645.250000,663.900024,661.019958,7775604
2019-08-26,677.250000,686.650024,660.549988,683.700012,680.733948,8864341
2019-08-27,697.000000,697.549988,680.500000,682.950012,679.987244,12015623
2019-08-28,685.099976,689.349976,673.500000,678.200012,675.257935,5677087
2019-08-29,674.000000,676.750000,658.900024,661.150024,658.281799,8753540
2019-08-30,664.900024,668.599976,640.099976,663.900024,661.019958,17115901
2019-09-03,658.799988,658.799988,641.450012,645.700012,642.898865,8461431
2019-09-04,644.200012,653.000000,638.599976,647.299988,644.491882,10786466
2019-09-05,652.000000,659.750000,644.049988,649.599976,646.781921,8108303
2019-09-06,653.099976,672.750000,653.099976,671.099976,668.188660,11101456
2019-09-09,667.650024,675.799988,662.750000,671.549988,668.636597,5607331
2019-09-11,674.549988,683.500000,671.000000,681.700012,678.742676,5966906
2019-09-12,680.099976,681.650024,660.549988,662.900024,660.024170,8087081
2019-09-13,663.549988,675.400024,657.049988,674.250000,671.324890,12105997
2019-09-16,666.599976,674.400024,664.950012,670.900024,667.989563,7659588
2019-09-17,667.000000,668.299988,638.049988,640.450012,637.671570,17297040
2019-09-18,645.500000,654.500000,641.549988,648.400024,645.587158,9702162
2019-09-19,648.200012,650.000000,632.599976,638.200012,635.431396,9554331
2019-09-20,641.049988,689.450012,622.650024,680.349976,677.398499,38862975
2019-09-23,703.900024,732.000000,695.849976,725.500000,722.352661,31417887
2019-09-24,728.250000,733.250000,702.250000,704.400024,701.344177,15683656
2019-09-25,702.000000,703.450012,683.650024,694.950012,691.935181,17058681
2019-09-26,686.599976,719.650024,686.549988,699.900024,696.863708,15007372
2019-09-27,700.200012,707.950012,692.500000,700.599976,697.560608,10245068
2019-09-30,704.049988,712.400024,682.099976,685.000000,682.028320,20073726
2019-10-01,687.099976,701.250000,656.250000,679.150024,676.203735,49442205
2019-10-03,675.000000,675.900024,646.700012,668.400024,665.500366,17615854
2019-10-04,669.900024,677.400024,651.400024,656.400024,653.552490,15317105
2019-10-07,660.950012,681.900024,651.700012,673.450012,670.528442,21554138
2019-10-09,671.900024,689.500000,664.299988,686.299988,683.322693,11537721
2019-10-10,680.000000,684.299988,665.349976,672.950012,670.030640,8679981
2019-10-11,676.549988,686.000000,668.299988,672.700012,669.781738,11042828
2019-10-14,677.799988,693.950012,673.349976,683.500000,680.534851,11099352
2019-10-15,682.599976,694.849976,681.299988,690.049988,687.056458,9260732
2019-10-16,693.400024,695.400024,683.549988,693.400024,690.391846,10404705
2019-10-17,690.500000,712.400024,690.500000,710.299988,707.218628,10617761
2019-10-18,709.849976,715.700012,705.250000,709.549988,706.471802,9500635
2019-10-22,712.400024,723.000000,703.299988,712.750000,709.658020,9704016
2019-10-23,718.000000,730.000000,710.049988,714.849976,711.748779,16158781
2019-10-24,719.950012,723.000000,701.549988,707.700012,704.629822,8986203
2019-10-25,708.000000,711.000000,695.000000,708.599976,705.525940,8226456
2019-10-27,711.000000,715.049988,708.549988,710.099976,707.019470,965647
2019-10-29,706.500000,742.900024,704.250000,738.450012,735.246521,10422117
2019-10-30,745.000000,749.900024,735.500000,747.400024,744.157654,10188947
2019-10-31,748.000000,750.000000,732.049988,736.349976,733.155579,8775411
2019-11-01,736.000000,750.000000,728.099976,748.299988,745.053711,8484197
2019-11-04,754.950012,754.950012,735.549988,742.599976,739.378418,7851370
2019-11-05,741.799988,745.599976,730.599976,738.049988,734.848145,7306253
2019-11-06,736.950012,750.900024,728.750000,747.250000,744.008240,7821243
2019-11-07,750.000000,756.000000,732.500000,734.750000,731.562500,9871570
2019-11-08,735.900024,735.900024,722.799988,725.500000,722.352661,7427196
2019-11-11,723.400024,735.500000,721.200012,733.700012,730.517090,6355142
2019-11-13,733.700012,737.400024,707.849976,711.200012,708.114685,9290616
2019-11-14,711.000000,721.799988,707.250000,715.900024,712.794250,8000528
2019-11-15,716.750000,723.500000,710.599976,716.900024,713.789917,9315652
2019-11-18,717.799988,725.500000,712.200012,722.950012,719.813721,7907958
2019-11-19,725.000000,750.200012,725.000000,747.799988,744.555847,14424251
2019-11-20,748.000000,753.849976,741.250000,748.750000,745.501709,8798051
2019-11-21,749.000000,749.000000,734.299988,737.400024,734.200989,5529542
2019-11-22,737.400024,740.000000,727.500000,732.099976,728.924011,4889776
2019-11-25,731.950012,756.799988,730.000000,754.750000,751.475769,6888402
2019-11-26,756.799988,762.000000,744.000000,752.250000,748.986572,14624880
2019-11-27,755.000000,763.750000,748.400024,752.900024,749.633789,8436862
2019-11-28,752.299988,755.650024,745.750000,750.599976,747.343689,9235443
2019-11-29,749.900024,756.349976,736.500000,739.049988,735.843933,12674173
2019-12-02,739.250000,746.000000,737.349976,744.299988,741.071106,8285491
2019-12-03,744.950012,744.950012,730.650024,733.400024,730.218384,5408215
2019-12-04,732.849976,747.000000,729.299988,739.849976,736.640381,8016237
2019-12-05,743.000000,745.000000,725.299988,729.250000,726.086365,8151690
2019-12-06,732.799988,735.250000,715.000000,717.599976,714.486938,7458610
2019-12-09,713.450012,733.900024,710.000000,732.000000,728.824402,8977174
2019-12-10,731.000000,734.799988,714.000000,715.700012,712.595215,7625748
2019-12-11,711.500000,722.400024,709.049988,716.549988,713.441467,8266375
2019-12-12,719.000000,725.299988,715.150024,722.099976,718.967346,5519774
2019-12-13,725.599976,754.849976,725.000000,752.000000,748.737671,14834140
2019-12-16,752.250000,754.700012,746.200012,747.250000,744.008240,7286003
2019-12-17,747.599976,756.500000,741.349976,745.650024,742.415283,9788065
2019-12-18,745.799988,748.549988,737.599976,741.849976,738.631653,6678420
2019-12-19,743.099976,750.000000,740.650024,742.549988,739.328613,8400708
2019-12-20,744.700012,747.000000,737.299988,739.849976,736.640381,7019925
2019-12-23,736.900024,748.599976,735.000000,743.150024,739.926086,10250382
2019-12-24,744.500000,744.700012,737.799988,740.650024,737.436890,3642916
2019-12-26,737.500000,740.650024,733.900024,736.500000,733.304932,7919368
2019-12-27,739.000000,762.000000,736.299988,760.150024,756.852295,10736285
2019-12-30,760.900024,765.750000,751.049988,754.099976,750.828552,10034206
2019-12-31,753.849976,765.849976,751.400024,754.099976,750.828552,11660781
2020-01-01,754.900024,759.950012,747.200012,748.700012,745.451965,4917748
2020-01-02,750.000000,759.000000,747.599976,756.950012,753.666260,5156046
2020-01-03,753.150024,756.250000,740.500000,742.950012,739.727051,8489729
2020-01-06,739.450012,739.599976,721.700012,723.250000,720.112427,6356198
2020-01-07,728.000000,738.000000,721.049988,725.750000,722.601563,9103360
2020-01-08,715.250000,725.750000,709.099976,724.500000,721.356995,8973215
2020-01-09,733.549988,745.000000,731.000000,742.849976,739.627319,7559853
2020-01-10,743.000000,751.799988,734.799988,740.049988,736.839539,8550490
2020-01-13,740.000000,746.750000,735.349976,737.400024,734.200989,6423758
2020-01-14,740.000000,751.400024,734.200012,747.900024,744.655457,7237665
2020-01-15,747.049988,749.000000,738.000000,746.299988,743.062378,7911661
2020-01-16,746.500000,750.400024,735.099976,737.299988,734.101440,6487613
2020-01-17,734.849976,742.450012,730.849976,739.900024,736.690186,7678864
2020-01-20,742.950012,746.200012,725.000000,727.200012,724.045288,10677371
2020-01-21,726.349976,729.599976,716.049988,717.599976,714.486938,8242803
2020-01-22,717.000000,722.750000,706.599976,712.599976,709.508545,13321307
2020-01-23,725.049988,737.549988,719.400024,723.000000,719.863464,20643257
2020-01-24,723.400024,741.700012,720.400024,737.400024,734.200989,9541490
2020-01-27,732.450012,748.450012,731.000000,740.250000,737.038696,9170435
2020-01-28,738.400024,746.500000,735.000000,737.150024,733.952148,7836737
2020-01-29,740.000000,745.500000,733.549988,735.250000,732.060303,7985274
2020-01-30,735.750000,736.400024,727.299988,730.900024,727.729309,6041343
2020-01-31,734.700012,737.250000,725.200012,729.299988,726.136108,8345819
2020-02-03,704.700012,712.799988,695.549988,708.950012,705.874451,11594991
2020-02-04,712.450012,720.599976,710.000000,715.000000,711.898193,9653925
2020-02-05,719.450012,725.650024,715.200012,724.049988,720.908875,7975101
2020-02-06,727.450012,745.000000,723.000000,736.950012,733.752991,9627252
2020-02-07,736.700012,749.200012,734.000000,748.150024,744.904419,8438354
2020-02-10,746.299988,746.799988,739.000000,741.099976,737.885010,4713339
2020-02-11,743.000000,757.099976,742.000000,749.950012,746.696533,7845657
2020-02-12,752.000000,760.700012,751.000000,755.250000,751.973572,6190440
2020-02-13,751.099976,753.450012,742.299988,747.799988,744.555847,5031706
2020-02-14,748.099976,752.549988,732.099976,736.500000,733.304932,6155000
2020-02-17,737.400024,743.099976,730.200012,738.400024,735.196777,4275465
2020-02-18,737.750000,737.750000,724.700012,733.650024,730.467346,5215502
2020-02-19,740.650024,745.099976,735.349976,741.049988,737.835144,4372673
2020-02-20,742.750000,754.000000,737.599976,744.299988,741.071106,7529403
2020-02-24,737.950012,738.400024,723.000000,725.450012,722.302856,6589087
2020-02-25,729.400024,732.000000,722.049988,728.750000,725.588501,5419596
2020-02-26,725.299988,735.750000,722.000000,729.400024,726.235779,7136975
2020-02-27,728.700012,739.450012,716.549988,735.849976,732.657715,8867328
2020-02-28,718.900024,724.700012,691.000000,697.299988,694.274902,16428944
2020-03-02,709.299988,713.250000,675.299988,684.200012,681.231812,13854352
2020-03-03,689.900024,695.799988,675.000000,687.150024,684.169006,11198145
2020-03-04,690.000000,696.000000,668.299988,682.200012,679.240479,14802724
2020-03-05,686.500000,694.000000,675.250000,677.900024,674.959167,10508008
2020-03-06,650.000000,660.799988,641.049988,657.650024,654.796997,12969235
2020-03-09,639.000000,641.849976,615.099976,623.549988,620.844971,14336369
2020-03-11,613.650024,634.400024,612.099976,619.349976,616.663147,11021433
2020-03-12,592.000000,594.000000,528.150024,543.250000,540.893311,29369378
2020-03-13,516.950012,585.650024,451.100006,568.799988,566.332397,25599305
2020-03-16,542.349976,545.000000,502.350006,508.600006,506.393585,21542970
2020-03-17,515.150024,531.299988,477.450012,488.350006,486.231476,20590414
2020-03-18,490.000000,506.049988,392.100006,473.450012,471.396088,36240904
2020-03-19,441.049988,464.950012,423.750000,428.250000,426.392181,33243997
2020-03-20,431.399994,449.700012,414.200012,428.149994,426.292572,30764236
2020-03-23,385.350006,392.000000,302.000000,308.649994,307.310974,37622635
2020-03-24,331.950012,337.500000,291.000000,303.149994,301.834869,50681510
2020-03-25,293.500000,363.750000,286.000000,326.799988,325.382233,51993973
2020-03-26,335.950012,399.000000,332.000000,341.399994,339.918945,62971564
2020-03-27,370.000000,409.450012,354.049988,359.750000,358.189301,71042591
2020-03-30,345.000000,382.000000,340.350006,368.149994,366.552887,61772544
2020-03-31,384.399994,389.799988,372.649994,379.000000,377.355835,34637148
2020-04-01,376.250000,379.799988,354.000000,358.649994,357.094086,27744593
2020-04-03,360.200012,362.299988,324.000000,325.450012,324.038147,41317365
2020-04-07,347.399994,405.750000,342.350006,388.850006,387.163086,48093237
2020-04-08,383.750000,427.700012,373.500000,391.350006,389.652283,64930598
2020-04-09,405.000000,423.000000,398.649994,420.149994,418.327301,44090546
2020-04-13,417.950012,427.899994,402.000000,418.950012,417.132507,33431643
2020-04-15,434.000000,451.649994,412.450012,417.299988,415.489655,48315019
2020-04-16,408.600006,427.000000,400.700012,422.549988,420.716888,42344330
2020-04-17,450.000000,485.899994,432.399994,478.799988,476.722839,47831797
2020-04-20,482.000000,483.450012,451.250000,455.950012,453.971985,42163627
2020-04-21,436.000000,439.950012,412.950012,420.649994,418.825104,33572119
2020-04-22,418.549988,434.549988,412.000000,431.149994,429.279602,36619611
2020-04-23,434.600006,439.850006,426.049988,430.049988,428.184357,29418000
2020-04-24,416.000000,419.649994,401.250000,403.950012,402.197601,35773252
2020-04-27,415.000000,429.500000,409.100006,427.299988,425.446289,35986805
2020-04-28,438.000000,458.399994,435.250000,455.450012,453.474182,43938246
2020-04-29,430.750000,448.850006,425.950012,439.100006,437.195129,61499689
2020-04-30,451.000000,461.899994,440.399994,444.899994,442.969940,40382553
2020-05-04,424.000000,424.000000,399.700012,402.799988,401.052551,37853978
2020-05-05,414.000000,418.750000,386.500000,389.000000,387.312439,50981056
2020-05-06,385.000000,394.450012,368.049988,388.850006,387.163086,67511628
2020-05-07,387.000000,402.250000,382.700012,397.350006,395.626251,41339309
2020-05-08,403.500000,409.450012,379.649994,382.049988,380.392578,33505509
2020-05-11,391.000000,393.500000,376.850006,379.549988,377.903412,30141935
2020-05-12,376.299988,391.799988,370.000000,386.850006,385.171783,38411107
2020-05-13,411.000000,416.450012,399.600006,414.000000,412.204010,48206058
2020-05-14,405.049988,411.000000,397.649994,401.950012,400.206268,31604212
2020-05-15,402.750000,403.899994,386.799988,388.549988,386.864410,25435025
2020-05-18,389.000000,389.000000,352.299988,358.799988,357.243469,47864748
2020-05-19,368.799988,372.500000,350.100006,354.500000,352.962097,42889678
2020-05-20,353.000000,366.299988,350.000000,362.500000,360.927399,30720803
2020-05-21,363.000000,369.000000,355.700012,357.200012,355.650391,24794914
2020-05-22,352.100006,359.750000,332.850006,336.950012,335.488251,48367892
2020-05-26,342.000000,347.700012,336.350006,341.299988,339.819336,30692834
2020-05-27,346.100006,392.450012,341.500000,387.000000,385.321136,72430787
2020-05-28,390.000000,407.649994,387.000000,390.950012,389.253998,72693713
2020-05-29,382.000000,389.250000,375.350006,384.950012,383.279999,51056390
2020-06-01,394.299988,409.500000,392.549988,396.950012,395.227966,44252980
2020-06-02,398.000000,415.000000,391.549988,410.100006,408.320923,37508638
2020-06-03,422.000000,432.000000,405.250000,409.549988,407.773285,49055899
2020-06-04,407.600006,413.899994,391.549988,394.350006,392.639252,45553578
2020-06-05,399.000000,409.899994,390.500000,405.299988,403.541718,39002875
2020-06-08,415.000000,444.750000,414.000000,430.250000,428.383484,60387580
2020-06-09,434.950012,442.500000,416.500000,420.049988,418.227692,46273705
2020-06-10,422.200012,432.700012,415.299988,427.450012,425.595673,36163051
2020-06-11,426.500000,435.549988,408.700012,413.450012,411.656403,45562670
2020-06-12,390.000000,412.500000,389.149994,408.000000,406.230011,47813512
2020-06-15,405.950012,405.950012,383.649994,389.600006,387.909851,39577100
2020-06-16,404.899994,405.000000,360.399994,381.549988,379.894745,96186227
2020-06-17,377.450012,397.750000,375.299988,389.600006,387.909851,56949066
2020-06-18,386.000000,408.049988,384.000000,405.399994,403.641266,43773580
2020-06-19,407.500000,422.299988,407.500000,417.049988,415.240753,52085319
2020-06-22,420.000000,435.899994,418.100006,430.149994,428.283905,40454004
2020-06-23,430.500000,445.000000,430.399994,443.649994,441.725342,30757220
2020-06-24,448.000000,448.500000,422.200012,424.649994,422.807770,33577082
2020-06-25,419.000000,428.700012,410.350006,421.700012,419.870575,49853200
2020-06-26,426.000000,428.750000,418.000000,424.850006,423.006927,32610915
2020-06-29,415.000000,415.799988,402.350006,404.799988,403.043854,36319455
2020-06-30,410.000000,414.799988,404.049988,406.649994,404.885895,26951915
2020-07-01,410.000000,437.350006,406.649994,433.250000,431.370483,53380512
2020-07-02,441.000000,441.500000,421.299988,423.200012,421.364075,50362770
2020-07-03,430.000000,431.600006,423.649994,428.450012,426.591309,31044457
2020-07-06,434.149994,437.600006,431.100006,434.000000,432.117249,18424079
2020-07-07,433.500000,449.000000,426.200012,447.350006,445.409332,37991679
2020-07-08,450.000000,461.399994,441.000000,444.149994,442.223175,45877067
2020-07-09,447.850006,457.000000,446.049988,453.750000,451.781525,29162679
2020-07-10,449.899994,451.450012,437.000000,439.600006,437.692932,25676354
2020-07-13,443.950012,446.399994,432.750000,440.049988,438.140961,21326370
2020-07-14,434.899994,435.799988,415.399994,417.700012,415.887970,25685579
2020-07-15,424.000000,444.450012,422.750000,426.649994,424.799103,43250557
2020-07-16,431.950012,436.149994,418.450012,434.000000,432.117249,30183647
2020-07-17,434.000000,439.899994,424.600006,433.100006,431.221130,33464985
2020-07-20,437.700012,442.799988,429.299988,434.000000,432.117249,30400586
2020-07-21,440.000000,451.000000,438.500000,446.200012,444.264313,43147019
2020-07-22,478.000000,484.600006,460.100006,478.950012,476.872223,89611937
2020-07-23,472.950012,474.750000,459.200012,460.850006,458.850739,40249567
2020-07-24,456.600006,456.600006,441.549988,445.600006,443.666901,30566635
2020-07-27,447.000000,448.000000,429.899994,431.549988,429.677856,21924237
2020-07-28,434.000000,440.000000,424.399994,437.049988,435.153992,33057573
2020-07-29,435.750000,447.000000,434.299988,440.899994,438.987274,24404819
2020-07-30,441.899994,445.899994,424.750000,425.850006,424.002594,26861618
2020-07-31,429.000000,434.450012,421.299988,431.649994,429.777405,27499638
2020-08-03,431.600006,431.899994,415.700012,417.350006,415.539459,23824107
2020-08-04,421.850006,431.200012,417.350006,429.149994,427.288239,24746211
2020-08-05,439.000000,446.850006,433.149994,434.950012,433.063110,36932321
2020-08-06,436.000000,438.299988,427.100006,433.000000,431.121552,33465135
2020-08-07,431.450012,437.000000,427.149994,433.299988,431.420258,15569399
2020-08-10,434.000000,437.000000,429.299988,431.100006,429.229797,14888044
2020-08-11,435.299988,449.899994,435.299988,448.000000,446.056488,30469633
2020-08-12,444.799988,452.750000,438.950012,451.100006,449.143066,23184137
2020-08-13,454.100006,456.750000,445.350006,448.100006,446.156067,21885850
2020-08-14,451.500000,451.500000,425.600006,435.850006,433.959198,36725538
2020-08-17,439.100006,441.000000,425.350006,438.149994,436.249207,30198343
2020-08-18,439.500000,447.250000,435.299988,445.799988,443.865997,21768516
2020-08-19,446.000000,451.950012,442.450012,444.200012,442.273010,18127671
2020-08-20,437.899994,441.299988,433.250000,434.950012,433.063110,16688938
2020-08-21,440.000000,444.850006,436.250000,440.450012,438.539276,25087973
2020-08-24,444.000000,449.450012,442.299988,445.799988,443.865997,18196776
2020-08-25,450.950012,456.399994,447.100006,451.799988,449.839966,26273592
2020-08-26,452.000000,464.799988,449.000000,463.350006,461.339905,25914508
2020-08-27,464.000000,474.500000,464.000000,473.049988,470.997803,19544214
2020-08-28,476.450012,513.000000,476.049988,509.200012,506.990997,59179945
2020-08-31,524.450012,533.849976,486.299988,496.750000,494.595001,55830536
2020-09-01,495.049988,503.399994,479.649994,485.700012,483.592957,33276725
2020-09-02,487.000000,487.950012,472.100006,484.399994,482.298584,20750575
2020-09-03,488.399994,489.950012,473.100006,474.950012,472.889587,14045705
2020-09-04,469.000000,472.950012,452.600006,455.200012,453.225250,29405304
2020-09-07,457.000000,467.149994,450.649994,458.700012,456.710083,25967554
2020-09-08,459.799988,462.399994,441.250000,444.350006,442.422363,21052285
2020-09-09,439.899994,443.350006,425.000000,431.250000,429.379150,31657672
2020-09-10,436.450012,448.700012,430.750000,446.850006,444.911499,34434841
2020-09-11,446.000000,449.850006,439.250000,447.200012,445.259979,18620781
2020-09-14,452.000000,455.000000,438.000000,440.549988,438.638763,17622727
2020-09-15,441.049988,451.899994,435.899994,449.549988,447.599731,17328721
2020-09-16,449.549988,450.600006,440.000000,446.000000,444.065186,20016188
2020-09-17,440.950012,446.450012,438.500000,442.899994,440.978607,14306232
2020-09-18,444.549988,449.299988,436.049988,443.350006,441.426666,20809690
2020-09-21,443.000000,444.000000,420.549988,423.350006,421.513397,19013877
2020-09-22,424.000000,426.649994,406.299988,412.000000,410.212677,27558176
2020-09-23,418.100006,422.899994,406.100006,419.750000,417.929016,18612700
2020-09-24,414.000000,414.299988,401.149994,402.450012,400.704132,21177182
2020-09-25,407.500000,416.700012,400.149994,415.049988,413.249390,20460096
2020-09-28,420.000000,440.600006,418.049988,439.250000,437.344452,19387091
2020-09-29,442.399994,443.299988,424.799988,426.850006,424.998260,19996904
2020-09-30,427.000000,428.100006,418.750000,424.649994,422.807770,18485278
2020-10-01,430.200012,445.299988,427.399994,443.700012,441.775177,21083211
2020-10-05,444.049988,456.450012,439.049988,444.149994,442.223175,24252318
2020-10-06,449.500000,452.700012,442.700012,449.649994,447.699310,19387351
2020-10-07,447.000000,455.950012,443.500000,453.100006,451.134338,19873734
2020-10-08,455.549988,461.649994,447.250000,451.899994,449.939545,20909290
2020-10-09,453.299988,469.799988,450.149994,468.049988,466.019501,28048230
2020-10-12,473.500000,480.000000,462.299988,468.000000,465.969727,21261504
2020-10-13,465.899994,473.000000,459.750000,461.350006,459.348602,15582492
2020-10-14,458.000000,474.649994,454.000000,471.299988,469.255402,13984621
2020-10-15,473.399994,481.950012,460.000000,462.600006,460.593170,28971494
2020-10-16,465.149994,475.500000,463.000000,472.399994,470.350616,16288157
2020-10-19,477.049988,495.899994,476.250000,492.950012,490.811493,28131936
2020-10-20,485.850006,498.649994,485.100006,493.950012,491.807159,21376064
2020-10-21,496.899994,507.500000,486.600006,501.450012,499.274628,27029535
2020-10-22,496.000000,513.000000,495.649994,510.299988,508.086212,30022336
2020-10-23,513.900024,515.500000,504.500000,507.200012,504.999695,18810262
2020-10-26,508.250000,509.850006,490.899994,493.350006,491.209778,17446937
2020-10-27,494.000000,512.250000,482.649994,508.100006,505.895752,24239860
2020-10-28,510.799988,517.500000,493.500000,504.700012,502.510559,30343575
2020-10-29,506.000000,516.349976,489.350006,493.850006,491.707581,50934336
2020-10-30,495.000000,501.549988,481.600006,492.500000,490.363434,23140833
2020-11-02,496.850006,531.700012,495.100006,522.650024,520.382629,37597227
2020-11-03,525.000000,537.000000,524.000000,534.150024,531.832764,25991938
2020-11-04,525.099976,533.849976,511.000000,525.150024,522.871826,28905623
2020-11-05,534.900024,542.500000,527.549988,539.299988,536.960449,23728389
2020-11-06,538.750000,546.000000,531.200012,541.750000,539.399841,22256961
2020-11-09,550.000000,568.000000,548.250000,565.049988,562.598694,26041462
2020-11-10,572.000000,588.000000,568.250000,583.599976,581.068298,34935409
2020-11-11,579.849976,611.150024,576.400024,608.650024,606.009583,50289937
2020-11-12,601.950012,610.450012,588.799988,599.700012,597.098389,34244439
2020-11-13,595.000000,612.349976,584.299988,610.349976,607.702148,28813262
2020-11-14,613.950012,618.000000,605.549988,613.150024,610.490112,3211214
2020-11-17,613.150024,630.900024,609.000000,628.799988,626.072205,25960060
2020-11-18,625.000000,640.000000,622.049988,636.299988,633.539612,24928180
2020-11-19,619.000000,633.000000,609.049988,611.500000,608.847229,26525371
2020-11-20,615.000000,616.500000,592.000000,607.849976,605.213013,29556191
2020-11-23,610.950012,612.599976,592.700012,595.599976,593.016235,23728765
2020-11-24,603.000000,622.599976,600.549988,619.650024,616.961914,30742369
2020-11-25,625.000000,630.000000,596.000000,599.849976,597.247742,35115637
2020-11-26,602.250000,618.200012,594.049988,612.549988,609.892639,35476456
2020-11-27,612.000000,613.650024,598.750000,601.599976,598.990112,29921076
2020-12-01,611.000000,615.000000,596.200012,603.650024,601.031189,21285697
2020-12-02,607.000000,613.500000,601.250000,608.099976,605.461853,19070722
2020-12-03,610.150024,611.000000,600.349976,602.700012,600.085327,17746316
2020-12-04,606.599976,616.450012,603.200012,614.500000,611.834229,20019707
2020-12-07,616.950012,624.400024,612.450012,619.250000,616.563599,24658169
2020-12-08,619.099976,623.849976,611.599976,620.650024,617.957520,16005349
2020-12-09,619.150024,636.700012,619.000000,634.200012,631.448792,22000284
2020-12-10,624.500000,632.450012,620.349976,627.049988,624.329773,16126862
2020-12-11,626.349976,631.650024,608.349976,613.250000,610.589600,17950692
2020-12-14,616.000000,623.799988,612.400024,615.900024,613.228088,14567480
2020-12-15,615.750000,615.750000,602.299988,607.099976,604.466248,22311290
2020-12-16,613.549988,614.900024,604.799988,606.099976,603.470581,14860853
2020-12-17,607.250000,611.000000,603.200012,605.400024,602.773682,14598759
2020-12-18,604.400024,611.000000,596.500000,609.500000,606.855896,17301814
2020-12-21,605.250000,607.250000,573.400024,582.500000,579.973022,18580262
2020-12-22,585.000000,593.950012,568.400024,589.750000,587.191528,19896386
2020-12-23,589.000000,594.500000,584.299988,592.450012,589.879822,12247401
2020-12-24,595.000000,614.000000,594.150024,610.200012,607.552856,15488083
2020-12-28,614.000000,620.799988,614.000000,617.650024,614.970520,8444506
2020-12-29,620.700012,632.400024,618.599976,630.200012,627.466064,13765454
2020-12-30,632.250000,634.000000,618.200012,625.099976,622.388123,10262221
2020-12-31,622.400024,625.950012,616.000000,620.450012,617.758423,12306502
2021-01-01,620.250000,625.450012,617.549988,623.799988,621.093872,6047062
2021-01-04,627.799988,633.000000,621.299988,624.700012,621.989929,14068156
2021-01-05,618.000000,667.900024,618.000000,664.450012,661.567505,37973963
2021-01-06,662.000000,667.150024,649.150024,654.250000,651.411743,20829645
2021-01-07,659.000000,676.500000,659.000000,671.099976,668.188660,17887570
2021-01-08,678.000000,678.849976,668.500000,672.700012,669.781738,12272794
2021-01-11,676.000000,676.650024,660.150024,666.950012,664.056641,7928365
2021-01-12,661.299988,685.000000,659.250000,675.700012,672.768677,13301893
2021-01-13,676.000000,691.200012,669.049988,687.799988,684.816223,15645903
2021-01-14,678.500000,687.799988,674.650024,676.000000,673.067383,9337503
2021-01-15,677.599976,682.950012,669.599976,674.849976,671.922302,12339771
2021-01-18,674.450012,675.000000,651.150024,657.000000,654.149841,13460603
2021-01-19,663.549988,671.950012,659.750000,668.750000,665.848816,9010539
2021-01-20,664.000000,680.950012,664.000000,675.750000,672.818481,9980614
2021-01-21,680.750000,695.000000,669.750000,675.849976,672.917969,15849438
2021-01-22,670.000000,673.900024,638.799988,644.500000,641.704041,21392223
2021-01-25,654.000000,668.000000,639.349976,658.400024,655.543762,21325345
2021-01-27,659.950012,663.799988,627.400024,632.099976,629.357849,24462588
2021-01-28,622.000000,674.700012,616.000000,670.700012,667.790344,64303975
2021-01-29,671.000000,675.849976,653.000000,662.900024,660.024170,31273252
2021-02-01,665.000000,717.000000,654.349976,709.349976,706.272705,30648270
2021-02-02,719.250000,744.950012,704.200012,714.200012,711.101624,28703320
2021-02-03,720.000000,736.799988,715.549988,733.799988,730.616577,23541361
2021-02-04,730.000000,745.500000,720.599976,743.900024,740.672852,20490289
2021-02-05,749.000000,766.299988,717.000000,719.599976,716.478210,31121503
2021-02-08,726.000000,747.799988,726.000000,736.150024,732.956482,15662890
2021-02-09,735.750000,750.000000,726.200012,742.500000,739.278870,22307807
2021-02-10,741.549988,746.400024,726.099976,734.799988,731.612244,15140744
2021-02-11,731.000000,744.150024,731.000000,740.099976,736.889221,11897710
2021-02-12,735.500000,754.700012,734.549988,750.400024,747.144653,15668442
2021-02-15,759.900024,799.000000,753.900024,794.000000,790.555420,20648115
2021-02-16,799.000000,799.000000,767.000000,775.049988,771.687622,23968943
2021-02-17,774.000000,785.000000,764.299988,777.750000,774.375977,16956357
2021-02-18,775.000000,782.000000,764.000000,777.000000,773.629272,19685663
2021-02-19,772.900024,777.200012,741.349976,749.650024,746.397888,15634787
2021-02-22,749.650024,749.849976,715.000000,719.450012,716.328857,18123202
2021-02-23,732.349976,734.950012,712.599976,715.950012,712.844116,16804763
2021-02-24,722.000000,754.900024,717.049988,749.400024,746.148926,11207286
2021-02-25,765.000000,783.500000,762.150024,770.650024,767.306824,26635119
2021-02-26,746.000000,758.700012,718.650024,724.799988,721.655640,31306177
2021-03-01,738.000000,743.500000,722.250000,728.549988,725.389404,14301187
2021-03-02,730.450012,740.500000,722.000000,731.250000,728.077759,14503453
2021-03-03,740.500000,760.799988,735.099976,753.950012,750.679260,13603791
2021-03-04,731.099976,751.450012,731.099976,736.799988,733.603638,16896947
2021-03-05,732.000000,744.099976,720.500000,730.750000,727.579834,16358252
2021-03-08,735.000000,752.500000,732.000000,743.299988,740.075439,13898556
2021-03-09,758.700012,758.700012,740.000000,745.450012,742.216064,18951683
2021-03-10,750.500000,765.700012,749.150024,760.750000,757.449646,13377990
2021-03-12,772.599976,776.599976,745.000000,750.599976,747.343689,16343307
2021-03-15,754.000000,754.000000,716.650024,744.400024,741.170654,22466579
2021-03-16,751.000000,752.000000,735.950012,737.750000,734.549500,11358574
2021-03-17,739.000000,742.000000,724.700012,727.900024,724.742249,12380976
2021-03-18,736.000000,743.099976,707.250000,718.750000,715.631897,12261544
2021-03-19,709.000000,729.349976,703.500000,726.250000,723.099365,20377672
2021-03-22,719.000000,730.000000,709.299988,716.200012,713.092957,14802230
2021-03-23,718.000000,739.500000,714.099976,730.549988,727.380676,15949688
2021-03-24,723.250000,725.000000,703.299988,706.400024,703.335571,14379147
2021-03-25,709.500000,710.900024,680.000000,694.599976,691.586670,21179280
2021-03-26,707.000000,707.000000,693.150024,698.200012,695.171082,13143312
2021-03-30,705.000000,713.299988,691.000000,695.349976,692.333435,25965218
2021-03-31,696.000000,703.549988,692.099976,697.450012,694.424377,14924620
2021-04-01,706.299988,717.000000,695.549988,713.000000,709.906860,13090326
2021-04-05,707.200012,708.450012,677.450012,685.250000,682.277222,16239521
2021-04-06,690.099976,693.500000,675.500000,677.900024,674.959167,12062011
2021-04-07,680.500000,691.900024,668.400024,688.250000,685.264221,14433515
2021-04-08,691.500000,695.500000,679.349976,681.599976,678.643066,9026398
2021-04-09,679.299988,686.799988,667.000000,668.200012,665.301270,12509114
2021-04-12,651.000000,655.000000,626.650024,635.599976,632.842651,14649541
2021-04-13,635.599976,664.849976,630.000000,661.000000,658.132446,12737650
2021-04-15,666.450012,671.349976,652.299988,668.849976,665.948364,15195951
2021-04-16,668.650024,675.250000,662.349976,669.200012,666.296875,12242522
2021-04-19,650.000000,655.299988,631.000000,648.150024,645.338196,17292072
2021-04-20,656.000000,662.000000,643.000000,651.750000,648.922607,12296248
2021-04-22,641.000000,660.950012,634.400024,658.700012,655.842407,19385102
2021-04-23,656.000000,677.500000,650.900024,671.349976,668.437500,19167768
2021-04-26,694.000000,703.799988,684.500000,700.450012,697.411377,21646184
2021-04-27,691.099976,703.900024,684.099976,699.549988,696.515198,46559967
2021-04-28,708.000000,712.500000,688.150024,708.150024,705.078003,54060587
2021-04-29,712.000000,726.900024,707.000000,719.400024,716.279114,25939327
2021-04-30,705.000000,729.849976,705.000000,714.900024,711.798645,23011654
2021-05-03,706.000000,708.000000,692.099976,702.750000,699.701416,13752878
2021-05-04,704.000000,718.650024,698.099976,700.349976,697.311768,11980155
2021-05-05,709.000000,719.049988,700.000000,717.200012,714.088684,11155033
2021-05-06,718.000000,722.849976,710.250000,715.750000,712.644958,9484934
2021-05-07,721.000000,726.900024,714.000000,716.750000,713.640564,7131970
2021-05-10,723.500000,725.000000,714.000000,715.250000,712.147034,7980462
2021-05-11,704.799988,713.700012,703.000000,707.349976,704.281372,12736700
2021-05-12,704.000000,705.750000,689.049988,691.299988,688.301025,10856584
2021-05-14,695.000000,698.599976,681.400024,685.000000,682.028320,9377968
2021-05-17,691.500000,710.299988,684.400024,709.250000,706.173157,12099197
2021-05-18,720.000000,726.000000,708.500000,711.650024,708.562744,19519055
2021-05-19,704.000000,723.700012,702.200012,716.799988,713.690369,20244016
2021-05-20,708.599976,714.400024,704.549988,705.900024,702.837708,18840413
2021-05-21,707.000000,733.400024,707.000000,730.900024,727.729309,15883692
2021-05-24,730.400024,747.500000,726.750000,741.150024,737.934753,15716900
2021-05-25,744.400024,745.000000,725.849976,731.549988,728.376404,11344261
2021-05-26,738.000000,741.400024,729.500000,735.099976,731.910950,9081086
2021-05-27,737.200012,753.849976,731.000000,750.349976,747.094788,23040846
2021-05-28,752.599976,759.700012,738.500000,739.849976,736.640381,17149692
2021-05-31,737.900024,753.000000,734.000000,750.700012,747.443359,9275086
2021-06-01,753.549988,754.000000,741.150024,745.150024,741.917419,6660243
2021-06-02,744.799988,745.299988,734.200012,737.000000,733.802734,9973043
2021-06-03,743.000000,752.250000,739.000000,750.650024,747.393616,8170508
2021-06-04,751.000000,759.900024,740.099976,742.049988,738.830872,10336011
2021-06-07,743.099976,753.950012,741.500000,751.099976,747.841614,6986728
2021-06-08,751.000000,751.099976,739.500000,746.349976,743.112183,6426815
2021-06-09,746.000000,751.250000,730.150024,736.750000,733.553833,8004726
2021-06-10,739.450012,745.349976,732.900024,744.250000,741.021301,7795125
2021-06-11,746.250000,746.250000,737.000000,738.450012,735.246521,4840759
2021-06-14,735.900024,741.400024,725.000000,736.250000,733.055969,5190670
2021-06-15,736.000000,752.000000,732.000000,750.900024,747.642456,9686490
2021-06-16,748.799988,756.849976,746.250000,749.799988,746.547241,8614096
2021-06-17,741.950012,745.400024,736.000000,738.599976,735.395752,6674329
2021-06-18,742.150024,743.200012,722.250000,736.299988,733.105774,8143792
2021-06-21,725.000000,740.900024,720.500000,739.549988,736.341614,6464497
2021-06-22,743.200012,749.000000,737.049988,739.349976,736.142517,6727233
2021-06-23,743.200012,743.750000,730.799988,732.349976,729.172852,6154147
2021-06-24,735.900024,742.950012,731.099976,739.150024,735.943420,5313822
2021-06-25,737.549988,765.950012,737.549988,761.349976,758.047058,11170037
2021-06-28,764.549988,769.599976,757.750000,762.400024,759.092590,7672743
2021-06-29,761.000000,763.549988,750.049988,751.950012,748.687866,7500655
2021-06-30,752.500000,760.500000,746.549988,748.299988,745.053711,5459970
2021-07-01,750.000000,754.400024,744.500000,746.450012,743.211731,5695690
2021-07-02,747.599976,752.849976,744.000000,750.650024,747.393616,3557647
2021-07-05,757.099976,762.000000,753.400024,760.349976,757.051392,4680089
2021-07-06,757.000000,767.000000,755.200012,758.349976,755.060120,5529485
2021-07-07,755.900024,764.000000,752.250000,762.900024,759.590393,3573368
2021-07-08,760.000000,767.150024,751.700012,754.400024,751.127258,4188267
2021-07-09,752.000000,752.900024,740.250000,747.349976,744.107849,5782119
2021-07-12,752.500000,757.799988,748.299988,753.599976,750.330627,4475466
2021-07-13,759.000000,773.000000,755.000000,770.750000,767.406372,9810976
2021-07-14,770.950012,773.450012,764.000000,770.049988,766.709351,5621924
2021-07-15,770.500000,778.250000,766.500000,774.150024,770.791626,4239868
2021-07-16,776.000000,776.000000,766.549988,771.150024,767.804565,2913553
2021-07-19,752.299988,766.650024,749.599976,755.200012,751.923767,5554486
2021-07-20,755.000000,755.200012,744.200012,745.750000,742.514771,5815740
2021-07-22,750.099976,758.500000,741.000000,746.750000,743.510498,7876163
2021-07-23,749.000000,764.000000,740.099976,755.400024,752.122986,6604465
2021-07-26,754.000000,760.000000,745.000000,756.299988,753.018982,7890992
2021-07-27,750.500000,756.000000,729.099976,731.700012,728.525757,15441543
2021-07-28,734.799988,734.799988,712.099976,722.900024,719.763977,11102486
2021-07-29,720.000000,728.500000,716.000000,717.250000,714.138428,6855673
2021-07-30,718.049988,718.650024,707.150024,708.900024,705.824646,10358450
2021-08-02,715.000000,725.549988,712.000000,721.150024,718.021545,6823345
2021-08-03,724.000000,740.849976,719.299988,738.599976,735.395752,9265839
2021-08-04,740.500000,757.000000,738.650024,753.799988,750.529846,9744349
2021-08-05,753.000000,755.000000,743.500000,749.299988,746.049377,7246991
2021-08-06,747.000000,757.650024,738.799988,740.849976,737.636047,6522599
2021-08-09,741.000000,757.400024,739.750000,755.500000,752.222534,6064688
2021-08-10,755.500000,764.000000,755.000000,761.549988,758.246216,8309248
2021-08-11,765.000000,769.000000,752.500000,760.799988,757.499451,6429468
2021-08-12,759.000000,763.400024,753.349976,757.349976,754.064453,3572081
2021-08-13,757.500000,764.500000,754.200012,759.900024,756.603394,4239376
2021-08-16,756.000000,765.799988,756.000000,762.000000,758.694275,3967629
2021-08-17,759.000000,760.000000,749.299988,756.750000,753.467102,5576110
2021-08-18,763.799988,763.799988,750.500000,754.400024,751.127258,5370460
2021-08-20,745.799988,749.000000,736.200012,740.250000,737.038696,6092036
2021-08-23,749.500000,749.500000,734.400024,736.099976,732.906616,3614761
2021-08-24,736.000000,749.700012,731.500000,746.349976,743.112183,4537435
2021-08-25,748.200012,751.450012,735.200012,739.049988,735.843933,6726509
2021-08-26,734.099976,750.000000,732.349976,746.349976,743.112183,6492155
2021-08-27,746.500000,759.599976,741.000000,752.400024,749.135986,5841967
2021-08-30,756.000000,789.500000,754.000000,784.049988,780.648621,12517507
2021-08-31,784.900024,789.000000,778.400024,786.500000,783.087952,12114870
2021-09-01,798.099976,819.000000,795.400024,798.900024,795.434265,19972195
2021-09-02,795.500000,806.099976,792.400024,802.700012,799.217712,6799617
2021-09-03,804.500000,809.900024,787.700012,798.000000,794.538147,7509746
2021-09-06,800.849976,805.900024,795.349976,800.799988,797.325928,4539192
2021-09-07,798.000000,799.400024,782.049988,787.849976,784.432129,6926921
2021-09-08,790.000000,797.349976,783.000000,794.700012,791.252502,5903035
2021-09-09,789.000000,793.700012,784.200012,790.150024,786.722168,4909325
2021-09-13,786.000000,790.450012,783.500000,788.349976,784.929932,4814443
2021-09-14,791.000000,801.000000,790.000000,794.400024,790.953796,6301208
2021-09-15,796.000000,797.450012,787.000000,791.400024,787.966797,4075592
2021-09-16,792.500000,807.450012,789.099976,802.599976,799.118164,15446511
2021-09-17,808.849976,820.700012,797.250000,807.349976,803.847534,14641298
2021-09-20,800.000000,808.549988,791.500000,795.849976,792.397461,6306484
2021-09-21,795.250000,799.000000,772.299988,795.349976,791.899658,7833561
2021-09-22,792.500000,796.799988,786.000000,788.349976,784.929932,4359142
2021-09-23,794.349976,814.500000,792.549988,812.150024,808.626709,9043492
2021-09-24,812.549988,816.950012,795.099976,798.049988,794.587891,5184626
2021-09-27,802.900024,808.799988,792.799988,796.950012,793.492737,7715259
2021-09-28,802.000000,805.599976,778.000000,789.200012,785.776306,7369680
2021-09-29,783.000000,789.500000,778.500000,782.150024,778.756897,14241004
2021-09-30,779.900024,787.349976,764.849976,766.549988,763.224548,9178187
2021-10-01,763.400024,771.700012,754.000000,768.150024,764.817627,6089895
2021-10-04,771.099976,781.150024,770.299988,779.000000,775.620544,5845527
2021-10-05,774.400024,784.000000,771.200012,782.599976,779.204834,3945224
2021-10-06,782.250000,794.200012,776.000000,778.950012,775.570740,5092479
2021-10-07,790.000000,790.150024,774.099976,777.099976,773.728821,6622698
2021-10-08,781.900024,785.000000,776.000000,781.950012,778.557739,4295686
2021-10-11,782.000000,793.000000,779.000000,787.150024,783.735168,4417455
2021-10-12,788.000000,799.700012,785.450012,797.150024,793.691833,5098502
2021-10-13,799.950012,804.500000,793.200012,794.599976,791.152771,4381414
2021-10-14,799.000000,804.000000,788.000000,802.049988,798.570496,7157116
2021-10-18,820.000000,820.000000,802.049988,813.299988,809.771790,11014585
2021-10-19,820.000000,827.000000,798.500000,801.650024,798.172302,10633732
2021-10-20,800.599976,813.799988,792.000000,804.799988,801.308594,9023067
2021-10-21,807.950012,813.500000,792.299988,807.799988,804.295593,7405639
2021-10-22,812.000000,825.000000,806.799988,816.700012,813.156982,10646970
2021-10-25,830.099976,866.900024,825.450012,845.099976,841.433777,29193770
2021-10-26,848.400024,851.650024,823.500000,841.900024,838.247742,16771909
2021-10-27,840.000000,840.799988,785.650024,787.500000,784.083679,39606414
2021-10-28,787.500000,789.000000,754.650024,758.349976,755.060120,19320926
2021-10-29,762.000000,762.000000,714.000000,742.000000,738.781067,21343427
2021-11-01,755.000000,760.000000,740.000000,752.349976,749.086060,11694854
2021-11-02,752.500000,761.349976,748.049988,755.849976,752.570923,11812106
2021-11-03,759.450012,762.650024,748.500000,750.599976,747.343689,10529505
2021-11-04,757.000000,757.049988,751.400024,752.950012,749.683594,793433
2021-11-08,761.000000,761.000000,741.500000,751.049988,747.791809,13872770
2021-11-09,750.000000,753.950012,743.349976,745.049988,741.817810,12120207
2021-11-10,742.700012,753.349976,732.000000,749.349976,746.099121,10844883
2021-11-11,748.000000,748.000000,735.099976,738.049988,734.848145,6195359
2021-11-12,742.799988,742.799988,733.500000,736.049988,732.856812,9372897
2021-11-15,738.000000,744.000000,728.000000,733.250000,730.069031,12849161
2021-11-16,733.250000,733.299988,721.299988,726.150024,722.999878,8978763
2021-11-17,721.000000,724.900024,706.750000,712.349976,709.259705,18083445
2021-11-18,715.000000,716.000000,701.900024,706.349976,703.285706,13458109
2021-11-22,713.000000,713.000000,677.400024,686.400024,683.422302,16741079
2021-11-23,681.000000,692.650024,677.349976,685.650024,682.675476,16575348
2021-11-24,690.000000,695.099976,682.049988,685.150024,682.177734,11463429
2021-11-25,686.000000,687.000000,676.549988,679.900024,676.950500,9760486
2021-11-26,669.000000,674.900024,660.450012,661.750000,658.879272,10252753
2021-11-29,665.049988,665.450012,649.349976,651.099976,648.275391,12084376
2021-11-30,648.000000,677.450012,648.000000,655.650024,652.805664,24699809
2021-12-01,664.900024,681.400024,660.000000,679.599976,676.651733,16184200
2021-12-02,675.000000,678.799988,668.049988,676.099976,673.166931,8612601
2021-12-03,679.099976,687.349976,671.000000,673.000000,670.080383,9505985
2021-12-06,674.000000,678.750000,661.150024,663.099976,660.223328,8022785
2021-12-07,672.000000,691.549988,670.000000,687.000000,684.019714,15123987
2021-12-08,695.000000,701.549988,687.650024,697.099976,694.075867,11670826
2021-12-09,698.150024,699.900024,688.000000,693.950012,690.939514,7021395
2021-12-10,690.099976,691.950012,683.750000,688.049988,685.065125,5549743
2021-12-13,699.000000,711.900024,693.099976,704.000000,700.945923,13634563
2021-12-14,701.000000,714.000000,697.599976,710.900024,707.816040,8612512
2021-12-15,712.400024,720.000000,707.549988,712.500000,709.409058,7692888
2021-12-16,719.000000,721.950012,705.049988,709.650024,706.571472,7309187
2021-12-17,707.500000,708.000000,685.099976,688.900024,685.911377,7844705
2021-12-20,680.950012,681.849976,660.099976,674.349976,671.424561,9934646
2021-12-21,683.000000,683.000000,662.500000,665.849976,662.961365,10116104
2021-12-22,670.000000,676.849976,664.000000,669.349976,666.446167,7489534
2021-12-23,677.000000,684.500000,672.599976,678.799988,675.855225,6884683
2021-12-24,681.150024,682.000000,662.450012,667.500000,664.604248,6028893
2021-12-27,663.049988,674.599976,655.950012,672.150024,669.234131,6996729
2021-12-28,677.299988,680.849976,672.000000,675.450012,672.519714,4645547
2021-12-29,674.500000,679.599976,667.250000,670.500000,667.591309,3969894
2021-12-30,668.000000,673.099976,664.500000,668.849976,665.948364,5119705
2021-12-31,672.950012,686.500000,671.200012,678.549988,675.606323,5586980
2022-01-03,680.250000,698.500000,679.000000,696.349976,693.329041,8550860
2022-01-04,701.000000,711.049988,700.049988,709.150024,706.073608,9705906
2022-01-05,711.900024,730.900024,707.750000,726.900024,723.746582,11312955
2022-01-06,719.950012,733.500000,719.000000,730.299988,727.131897,7955578
2022-01-07,734.000000,740.900024,725.250000,730.599976,727.430542,10454143
2022-01-10,733.650024,744.000000,733.200012,742.799988,739.577515,9595787
2022-01-11,742.900024,747.049988,737.299988,743.250000,740.025635,7252279
2022-01-12,749.650024,751.450012,743.150024,746.849976,743.609985,5294563
2022-01-13,749.000000,749.000000,737.049988,740.700012,737.486755,5196538
2022-01-14,734.799988,735.950012,716.049988,721.700012,718.569153,16302342
2022-01-17,719.000000,720.599976,709.500000,712.650024,709.558411,19680557
2022-01-18,717.500000,735.900024,714.250000,725.200012,722.054016,24055886
2022-01-19,725.200012,731.950012,718.700012,729.599976,726.434875,7746270
2022-01-20,731.049988,737.150024,722.150024,728.900024,725.737854,8505400
2022-01-21,722.000000,725.250000,708.049988,712.500000,709.409058,10689060
2022-01-24,715.000000,716.400024,688.200012,704.599976,701.543274,8812501
2022-01-25,714.000000,755.000000,708.599976,752.200012,748.936829,38088158
2022-01-27,744.000000,777.000000,738.099976,773.849976,770.492859,34927774
2022-01-28,778.099976,784.700012,761.500000,764.700012,761.382568,17765524
2022-01-31,775.450012,777.799988,762.349976,773.049988,769.696350,12319200
2022-02-01,778.099976,793.900024,769.099976,781.900024,778.507996,15457534
2022-02-02,790.000000,805.900024,787.349976,804.099976,800.611633,13478899
2022-02-03,802.200012,811.900024,793.049988,799.549988,796.081421,10802708
2022-02-04,796.950012,804.500000,791.150024,798.549988,795.085754,10776387
2022-02-07,802.500000,803.599976,784.099976,789.599976,786.174561,10939179
2022-02-08,794.000000,801.000000,776.150024,798.549988,795.085754,12300670
2022-02-09,801.000000,809.500000,800.150024,803.849976,800.362732,9399830
2022-02-10,807.549988,815.950012,803.099976,809.799988,806.286926,12848281
2022-02-11,800.950012,809.900024,798.500000,803.799988,800.312927,9717894
2022-02-14,790.000000,803.000000,769.950012,773.349976,769.995056,8617389
2022-02-15,777.000000,799.099976,764.299988,796.950012,793.492737,7426563
2022-02-16,795.000000,808.299988,789.299988,797.049988,793.592224,7457765
2022-02-17,797.000000,802.000000,780.500000,782.799988,779.404053,6516308
2022-02-18,781.150024,790.549988,779.000000,787.400024,783.984131,5466662
2022-02-21,783.549988,796.799988,776.099976,788.849976,785.427856,5635224
2022-02-22,766.099976,787.000000,766.099976,779.150024,775.769958,6923558
2022-02-23,783.500000,785.500000,772.250000,777.200012,773.828369,6303173
2022-02-24,752.400024,769.150024,725.299988,730.299988,727.131897,13085009
2022-02-25,742.299988,764.849976,737.400024,758.049988,754.761414,10066136
2022-02-28,749.900024,749.900024,736.200012,742.400024,739.179321,14463418
2022-03-02,728.700012,756.450012,725.000000,750.250000,746.995300,11691602
2022-03-03,756.000000,759.450012,732.400024,737.650024,734.449951,8357181
2022-03-04,723.000000,732.500000,710.049988,715.000000,711.898193,11660648
2022-03-07,693.000000,705.000000,655.599976,667.549988,664.654053,20147061
2022-03-08,665.000000,673.750000,637.000000,670.400024,667.491699,24828458
2022-03-09,671.500000,680.500000,659.099976,674.200012,671.275146,20438651
2022-03-10,707.900024,720.400024,688.250000,694.950012,691.935181,23224756
2022-03-11,691.900024,706.650024,687.450012,690.849976,687.852905,14224356
2022-03-14,694.700012,712.400024,685.000000,710.049988,706.969666,10720884
2022-03-15,713.000000,718.000000,695.000000,698.150024,695.121338,12157425
2022-03-16,711.000000,726.000000,709.099976,723.849976,720.709778,10038170
2022-03-17,737.000000,746.750000,736.450012,739.250000,736.042969,13657428
2022-03-21,745.000000,749.400024,723.700012,725.900024,722.750916,7495685
2022-03-22,729.000000,736.000000,706.349976,731.400024,728.227051,11117081
2022-03-23,736.099976,742.900024,724.650024,726.750000,723.597229,5886245
2022-03-24,719.099976,730.450012,719.000000,722.250000,719.116760,7559843
2022-03-25,723.299988,726.650024,715.500000,721.250000,718.121094,5430894
2022-03-28,726.000000,737.900024,715.049988,736.000000,732.807129,7077669
2022-03-29,741.650024,741.650024,731.000000,737.799988,734.599304,6174137
2022-03-30,747.000000,765.849976,741.299988,750.450012,747.194458,16618114
2022-03-31,763.000000,763.000000,751.299988,761.150024,757.847961,20449544
2022-04-01,760.000000,775.750000,755.150024,774.549988,771.189880,9321859
2022-04-04,780.000000,785.500000,767.000000,784.099976,780.698364,10959783
2022-04-05,776.000000,796.000000,776.000000,783.099976,779.702759,7334134
2022-04-06,777.000000,779.950012,769.200012,773.700012,770.343567,9954921
2022-04-07,769.500000,795.000000,769.200012,792.099976,788.663757,9820244
2022-04-08,794.900024,800.700012,789.000000,794.900024,791.451538,8104237
2022-04-11,789.450012,794.250000,784.049988,786.049988,782.639954,6340427
2022-04-12,780.099976,801.000000,777.799988,798.450012,794.986206,7672215
2022-04-13,805.799988,805.799988,790.849976,793.049988,789.609619,7640132
2022-04-18,780.000000,801.650024,776.000000,798.849976,795.384460,11478317
2022-04-19,805.000000,816.200012,785.549988,797.799988,794.338989,8711816
2022-04-20,800.849976,802.450012,788.599976,794.700012,791.252502,6676491
2022-04-21,795.099976,804.000000,790.549988,801.799988,798.321594,6851615
2022-04-22,796.000000,798.000000,778.200012,780.599976,777.213623,6255027
2022-04-25,772.000000,788.799988,761.250000,780.700012,777.313232,8023525
2022-04-26,791.000000,796.599976,769.000000,775.000000,771.637878,11087204
2022-04-27,765.599976,772.950012,749.000000,765.900024,762.577393,11485697
2022-04-28,776.900024,785.450012,766.349976,779.799988,776.417114,11037317
2022-04-29,765.000000,766.849976,725.000000,728.599976,725.439148,34401710
2022-05-02,722.000000,738.200012,718.500000,727.349976,724.194641,16136040
2022-05-04,733.000000,735.150024,704.000000,707.200012,704.132080,14548684
2022-05-05,716.000000,721.799988,698.900024,702.349976,699.303101,12726146
2022-05-06,690.000000,692.500000,668.099976,673.400024,670.478638,15511195
2022-05-09,660.200012,669.000000,648.799988,663.700012,660.820740,13999329
2022-05-10,663.700012,672.099976,657.549988,659.750000,656.887878,9523698
2022-05-11,661.700012,676.000000,655.450012,672.349976,669.433228,9352398
2022-05-12,667.000000,667.000000,644.000000,649.650024,646.831726,11166084
2022-05-13,656.400024,659.400024,633.400024,635.950012,633.191162,9618627
2022-05-16,639.849976,649.200012,630.049988,638.950012,636.178101,6159695
2022-05-17,642.900024,657.500000,641.150024,654.950012,652.108704,8152237
2022-05-18,654.750000,670.400024,650.299988,659.450012,656.589233,13013873
2022-05-19,643.299988,657.750000,641.200012,650.200012,647.379272,9216948
2022-05-20,659.750000,675.750000,658.000000,673.099976,670.179932,9708672
2022-05-23,673.000000,684.799988,668.549988,675.349976,672.420227,7919353
2022-05-24,669.700012,681.450012,661.200012,664.049988,661.169189,8088546
2022-05-25,668.000000,672.650024,660.049988,665.000000,662.115112,5169619
2022-05-26,672.950012,685.250000,668.000000,683.250000,680.285889,10114633
2022-05-27,689.000000,693.799988,684.250000,688.299988,685.314026,5539060
2022-05-30,695.099976,698.000000,690.099976,693.650024,690.640808,3818060
2022-05-31,689.000000,696.000000,683.049988,685.200012,682.227539,10410424
2022-06-01,683.000000,692.450012,680.500000,686.049988,683.073792,6966674
2022-06-02,682.000000,693.150024,682.000000,691.549988,688.549927,6347433
2022-06-03,697.299988,698.000000,673.150024,677.299988,674.361755,8475726
2022-06-06,677.000000,684.000000,670.299988,672.200012,669.283813,6756864
2022-06-07,672.200012,678.000000,661.099976,665.849976,662.961365,8312778
2022-06-08,670.000000,673.549988,655.450012,658.599976,655.742798,9282494
2022-06-09,656.950012,662.750000,650.000000,661.299988,658.431152,5682743
2022-06-10,655.500000,663.700012,652.200012,660.700012,657.833801,6758832
2022-06-13,646.950012,652.000000,640.099976,648.950012,646.134766,6135431
2022-06-14,645.000000,655.700012,643.099976,650.750000,647.926880,5391833
2022-06-15,654.000000,656.349976,647.200012,650.500000,647.677979,4638336
2022-06-16,657.500000,658.200012,631.049988,634.900024,632.145691,5960283
2022-06-17,630.000000,640.799988,626.599976,635.200012,632.444397,6849201
2022-06-20,635.250000,637.150024,622.200012,628.299988,625.574280,5305222
2022-06-21,632.000000,645.349976,628.150024,636.500000,633.738708,10333886
2022-06-22,632.549988,633.650024,621.250000,626.799988,624.080872,5899024
2022-06-23,627.400024,640.849976,618.250000,629.349976,626.619690,8450777
2022-06-24,634.349976,642.450012,631.650024,634.000000,631.249634,6918584
2022-06-27,644.000000,646.900024,634.700012,637.099976,634.336060,4552114
2022-06-28,634.000000,644.700012,632.000000,642.349976,639.563354,10711123
2022-06-29,636.349976,637.799988,623.500000,625.549988,622.836304,13620084
2022-06-30,624.000000,639.299988,623.650024,636.799988,634.037415,10563138
2022-07-01,633.000000,646.599976,631.799988,643.950012,641.156433,6549359
2022-07-04,641.549988,655.150024,640.500000,654.349976,651.511292,3933384
2022-07-05,656.099976,659.900024,646.000000,648.500000,645.686646,5044787
2022-07-06,652.000000,659.400024,651.000000,657.950012,655.095703,6684686
2022-07-07,663.450012,664.500000,651.650024,658.150024,656.292358,11171714
2022-07-08,667.000000,676.799988,661.400024,669.150024,667.261230,12669533
2022-07-11,666.549988,681.950012,665.349976,679.849976,677.931030,14864123
2022-07-12,677.000000,685.250000,673.000000,676.200012,674.291382,6446810
2022-07-13,680.000000,685.000000,676.950012,679.900024,677.980896,9614674
2022-07-14,678.599976,680.450012,665.599976,668.250000,666.363770,8026311
2022-07-15,670.000000,674.200012,659.099976,662.200012,660.330811,6015057
2022-07-18,668.049988,688.000000,663.450012,684.500000,682.567871,12464664
2022-07-19,678.599976,703.849976,678.599976,700.599976,698.622437,10171314
2022-07-20,706.299988,714.500000,702.700012,705.700012,703.708069,11620331
2022-07-21,707.950012,718.450012,704.349976,715.549988,713.530273,8036515
2022-07-22,717.000000,735.000000,715.099976,730.750000,728.687378,9713490
2022-07-25,733.500000,738.799988,722.500000,727.349976,725.296936,6230411
2022-07-26,722.900024,723.450012,702.049988,706.450012,704.455933,14135744
2022-07-27,707.950012,720.549988,703.599976,718.950012,716.920654,6106880
2022-07-28,725.000000,733.700012,723.049988,725.900024,723.851013,6964838
2022-07-29,733.900024,734.950012,723.000000,724.750000,722.704346,6624854
2022-08-01,726.000000,732.299988,720.400024,730.799988,728.737183,5493105
2022-08-02,727.000000,734.349976,721.099976,730.450012,728.388245,7275626
2022-08-03,730.000000,738.500000,727.500000,730.500000,728.438049,9458761
2022-08-04,735.200012,736.700012,712.200012,721.599976,719.563110,7466635
2022-08-05,724.000000,731.200012,721.200012,728.500000,726.443665,4583196
2022-08-08,730.000000,747.349976,728.099976,745.549988,743.445557,8191870
2022-08-10,745.000000,747.849976,736.150024,739.000000,736.914063,9069541
2022-08-11,743.049988,760.650024,743.049988,758.849976,756.708069,12384073
2022-08-12,758.700012,762.000000,753.400024,760.549988,758.403198,4614341
2022-08-16,765.000000,772.000000,758.450012,764.650024,762.491760,7051498
2022-08-17,771.400024,773.750000,766.250000,772.099976,769.920654,7674390
2022-08-18,772.000000,776.000000,762.099976,765.049988,762.890564,9449924
2022-08-19,772.000000,772.650024,750.250000,757.500000,755.361877,7553270
2022-08-22,753.400024,754.450012,739.200012,741.849976,739.755981,4994311
2022-08-23,738.000000,750.849976,733.799988,747.049988,744.941406,6594634
2022-08-24,745.000000,752.049988,742.000000,750.150024,748.032593,6875820
2022-08-25,753.900024,758.599976,740.000000,743.349976,741.251770,6320890
2022-08-26,748.000000,755.000000,741.299988,744.900024,742.797424,4613713
2022-08-29,730.000000,734.900024,722.049988,728.700012,726.643188,5904146
2022-08-30,733.000000,753.549988,733.000000,751.500000,749.378723,9193270
2022-09-01,733.500000,754.900024,733.500000,744.150024,742.049561,9353805
2022-09-02,749.000000,754.549988,740.250000,750.200012,748.082458,7767812
2022-09-05,750.200012,758.799988,749.349976,756.099976,753.965759,5894055
2022-09-06,758.000000,761.549988,748.799988,750.000000,747.882996,7606181
2022-09-07,743.150024,758.000000,739.049988,755.400024,753.267761,10156460
2022-09-08,761.750000,782.200012,757.099976,779.750000,777.549072,13410790
2022-09-09,787.950012,787.950012,780.000000,784.849976,782.634644,8732302
2022-09-12,789.000000,805.000000,786.799988,801.000000,798.739014,15521649
2022-09-13,805.000000,808.950012,803.150024,805.549988,803.276245,9887516
2022-09-14,794.400024,811.349976,794.400024,803.049988,800.783264,10494713
2022-09-15,805.500000,806.500000,787.650024,790.000000,787.770142,5996899
2022-09-16,786.049988,792.599976,776.099976,789.299988,787.072144,11467351
2022-09-19,789.299988,802.000000,786.700012,798.099976,795.847229,11427799
2022-09-20,806.799988,816.200012,802.000000,812.750000,810.455872,8274079
2022-09-21,809.250000,816.000000,803.349976,806.549988,804.273376,6567084
2022-09-22,805.000000,808.799988,784.299988,789.200012,786.972351,7804275
2022-09-23,789.000000,789.000000,764.250000,768.599976,766.430542,10278805
2022-09-26,759.000000,763.500000,741.000000,742.599976,740.503906,11090327
2022-09-27,746.349976,754.150024,730.500000,737.500000,735.418335,11358306
2022-09-28,733.900024,733.900024,707.700012,716.450012,714.427734,13170668
2022-09-29,722.250000,730.799988,711.000000,719.000000,716.970520,12090981
2022-09-30,720.000000,737.750000,714.400024,733.200012,731.130493,9536017
2022-10-03,731.000000,742.000000,721.049988,722.750000,720.709961,6405645
2022-10-04,733.400024,744.500000,732.000000,742.799988,740.703308,5438934
2022-10-06,750.000000,760.400024,746.000000,755.099976,752.968567,9376433
2022-10-07,753.799988,757.500000,742.299988,755.700012,753.566956,7500540
2022-10-10,748.000000,778.700012,745.000000,776.849976,774.657227,14106654
2022-10-11,780.000000,795.500000,774.500000,785.549988,783.332642,15953495
2022-10-12,789.500000,810.799988,783.450012,808.700012,806.417358,21228018
2022-10-13,807.000000,814.950012,795.599976,802.000000,799.736267,13024911
2022-10-14,815.549988,820.700012,794.450012,800.500000,798.240540,8220645
2022-10-17,803.500000,817.000000,797.099976,814.150024,811.851990,9463827
2022-10-18,820.000000,822.900024,811.549988,816.349976,814.045715,8470882
2022-10-19,818.450012,838.450012,816.900024,829.849976,827.507629,10868663
2022-10-20,824.900024,831.900024,816.950012,825.849976,823.518921,11813817
2022-10-21,860.099976,906.000000,855.849976,900.400024,897.858521,58057724
2022-10-24,916.000000,918.450012,905.000000,909.450012,906.882996,3085307
2022-10-25,905.700012,910.599976,891.599976,902.849976,900.301575,13187308
2022-10-27,909.000000,919.950012,901.250000,915.150024,912.566895,11967044
2022-10-28,915.000000,917.950012,898.900024,903.049988,900.501038,7320207
2022-10-31,908.000000,918.000000,902.099976,906.000000,903.442688,9038777
2022-11-01,904.000000,904.000000,869.000000,871.750000,869.289368,29191921
2022-11-02,875.000000,877.000000,861.599976,863.549988,861.112549,11029140
2022-11-03,857.900024,880.400024,856.000000,864.049988,861.611023,10185978
2022-11-04,869.000000,872.900024,862.299988,868.099976,865.649658,7323879
2022-11-07,876.250000,876.799988,861.299988,872.950012,870.486023,9931261
2022-11-09,875.049988,880.750000,868.500000,873.700012,871.233887,10190209
2022-11-10,843.700012,856.700012,841.000000,843.700012,841.318542,18956575
2022-11-11,847.000000,854.700012,844.150024,850.700012,848.298828,19329819
2022-11-14,850.500000,853.900024,847.349976,851.000000,848.597961,6985306
2022-11-15,851.250000,859.849976,847.200012,858.650024,856.226379,7124767
2022-11-16,858.000000,861.599976,850.599976,855.400024,852.985535,6521854
2022-11-17,855.400024,861.400024,852.700012,858.200012,855.777649,4909607
2022-11-18,859.299988,865.799988,855.000000,859.200012,856.774780,7065304
2022-11-21,860.000000,870.950012,859.000000,870.049988,867.594177,7209207
2022-11-22,874.950012,877.000000,868.349976,870.049988,867.594177,5535233
2022-11-23,873.900024,877.799988,868.750000,874.700012,872.231079,5861417
2022-11-24,878.000000,880.799988,873.099976,878.549988,876.070251,4928778
2022-11-25,883.000000,891.799988,880.900024,887.750000,885.244263,7614047
2022-11-28,887.700012,899.500000,885.299988,891.700012,889.183105,7928147
2022-11-29,894.400024,901.900024,890.000000,892.549988,890.030640,5661158
2022-11-30,895.000000,905.099976,885.450012,901.250000,898.706116,10452798
2022-12-01,909.500000,909.500000,899.500000,903.849976,901.298767,7053100
2022-12-02,898.299988,907.000000,891.400024,905.150024,902.595154,7988851
2022-12-05,907.000000,907.299988,897.599976,899.200012,896.661926,5098164
2022-12-06,897.500000,906.900024,895.700012,904.650024,902.096497,5351099
2022-12-07,902.799988,918.000000,899.849976,914.650024,912.068298,9103656
2022-12-08,915.650024,943.950012,913.750000,939.349976,936.698547,17466047
2022-12-09,944.000000,945.000000,927.599976,933.700012,931.064514,8018981
2022-12-12,929.900024,941.150024,922.000000,938.650024,936.000610,7621788
2022-12-13,940.200012,949.299988,936.599976,944.599976,941.933716,8136559
2022-12-14,945.650024,950.150024,938.500000,942.400024,939.739929,8573479
2022-12-15,939.750000,944.950012,932.599976,938.150024,935.501953,7359261
2022-12-16,932.250000,945.200012,929.099976,935.099976,932.460510,6926928
2022-12-19,935.099976,948.099976,932.400024,946.200012,943.529297,4842336
2022-12-20,943.750000,952.750000,940.450012,949.750000,947.069275,9511818
2022-12-21,953.099976,958.900024,928.000000,932.299988,929.668518,8368960
2022-12-22,936.000000,936.000000,912.950012,919.549988,916.954468,9202717
2022-12-23,912.000000,917.250000,904.000000,906.599976,904.041016,6371695
2022-12-26,908.000000,932.950012,905.099976,928.700012,926.078674,4764440
2022-12-27,932.450012,937.799988,922.599976,932.200012,929.568726,3346083
2022-12-28,930.950012,937.450012,921.299988,924.700012,922.089966,5956496
2022-12-29,922.799988,944.000000,915.799988,934.549988,931.912048,12204113
2022-12-30,941.250000,943.500000,930.349976,933.750000,931.114441,3704449
2023-01-02,932.250000,945.000000,931.799988,941.599976,938.942261,3498198
2023-01-03,944.750000,965.599976,942.599976,962.299988,959.583801,6927819
2023-01-04,963.500000,970.000000,955.000000,957.450012,954.747498,9059392
2023-01-05,960.000000,961.900024,938.250000,949.549988,946.869751,6998980
2023-01-06,946.549988,950.950012,934.299988,939.900024,937.247070,5787783
2023-01-09,946.799988,960.000000,941.349976,958.750000,956.043762,7025747
2023-01-10,964.000000,964.000000,942.750000,952.150024,949.462524,7140150
2023-01-11,953.000000,955.750000,942.799988,949.750000,947.069275,7100355
2023-01-12,949.349976,949.700012,924.000000,935.549988,932.909241,8661375
2023-01-13,935.500000,937.450012,923.000000,934.150024,931.513245,9083608
2023-01-16,940.450012,941.750000,911.700012,913.150024,910.572510,10008273
2023-01-17,914.950012,919.700012,906.700012,917.700012,915.109680,6904960
2023-01-18,921.900024,925.599976,913.250000,924.000000,921.391846,5730939
2023-01-19,923.599976,938.000000,920.750000,928.700012,926.078674,7721730
2023-01-20,931.250000,934.849976,924.650024,930.549988,927.923401,4511360
2023-01-23,936.000000,939.700012,924.450012,932.700012,930.067383,5236124
2023-01-24,935.000000,935.000000,903.750000,910.200012,907.630798,18527897
2023-01-25,905.000000,907.450012,884.200012,892.349976,889.831238,11921748
2023-01-27,892.349976,892.500000,851.000000,873.750000,871.283752,17300736
2023-01-30,851.900024,885.500000,846.150024,871.849976,869.389038,21233998
2023-01-31,873.000000,879.299988,861.099976,871.599976,869.139771,16856151
2023-02-01,876.299988,895.200012,833.299988,857.250000,854.830322,12409819
2023-02-02,850.950012,872.000000,837.049988,868.450012,865.998718,9567053
2023-02-03,873.000000,885.000000,859.250000,882.599976,880.108704,7365732
2023-02-06,871.849976,899.150024,870.599976,882.650024,880.158630,10129098
2023-02-07,886.849976,888.400024,871.500000,879.099976,876.618591,5055187
2023-02-08,882.099976,886.450012,868.250000,871.750000,869.289368,6572818
2023-02-09,876.150024,876.150024,862.549988,867.700012,865.250854,5993312
2023-02-10,872.049988,872.700012,865.150024,867.250000,864.802063,4603464
2023-02-13,867.250000,870.450012,856.500000,859.099976,856.675049,5707194
2023-02-14,862.549988,871.900024,854.250000,870.750000,868.292236,7527755
2023-02-15,872.000000,872.200012,861.599976,868.299988,865.849121,7322266
2023-02-16,872.799988,874.299988,862.250000,864.750000,862.309204,5843235
2023-02-17,861.000000,868.250000,850.000000,854.900024,852.487000,8420479
2023-02-20,859.700012,861.200012,842.500000,846.750000,844.359924,5992322
2023-02-21,849.000000,849.000000,837.400024,844.049988,841.667603,9677064
2023-02-22,840.000000,843.000000,829.549988,833.349976,830.997742,6984037
2023-02-23,833.049988,848.250000,830.200012,844.349976,841.966675,8437003
2023-02-24,850.099976,854.599976,844.450012,851.400024,848.996887,7763814
2023-02-27,851.849976,858.450012,845.950012,854.349976,851.938477,8064267
2023-02-28,855.950012,857.599976,840.000000,844.099976,841.717407,13012372
2023-03-01,846.049988,868.750000,845.049988,865.150024,862.708008,12345125
2023-03-02,866.000000,866.799988,843.500000,845.450012,843.063660,13900508
2023-03-03,849.750000,858.599976,845.599976,852.650024,850.243347,7977804
2023-03-06,856.950012,863.750000,855.599976,859.500000,857.073975,10781567
2023-03-08,858.500000,862.500000,853.049988,860.950012,858.519836,8785735
2023-03-09,862.500000,874.250000,862.000000,867.799988,865.350525,14746065
2023-03-10,859.599976,861.599976,845.500000,851.900024,849.495422,11198583
2023-03-13,845.599976,857.000000,828.450012,832.349976,830.000549,8315798
2023-03-14,828.000000,835.700012,817.400024,832.849976,830.499146,12573734
2023-03-15,838.049988,843.500000,819.349976,824.049988,821.724060,6652641
2023-03-16,821.500000,837.900024,814.299988,830.549988,828.205627,8791383
2023-03-17,835.000000,841.500000,823.000000,837.400024,835.036316,7762461
2023-03-20,836.000000,841.000000,825.549988,837.549988,835.185913,10744023
2023-03-21,840.099976,857.349976,838.750000,855.599976,853.184937,11489951
2023-03-22,855.599976,859.799988,847.049988,849.650024,847.251831,8018924
2023-03-23,847.000000,861.150024,845.099976,848.799988,846.404175,9857892
2023-03-24,846.250000,852.500000,837.250000,839.900024,837.529297,8078718
2023-03-27,841.049988,842.200012,829.200012,833.349976,830.997742,10602508
2023-03-28,837.400024,837.400024,826.049988,832.450012,830.100342,11002402
2023-03-29,832.500000,848.450012,830.000000,842.599976,840.221619,17121194
2023-03-31,854.900024,860.900024,847.500000,858.500000,856.076782,12946752
2023-04-03,864.000000,866.799988,856.450012,864.599976,862.159485,13266882
2023-04-05,871.000000,871.000000,857.000000,860.500000,858.071167,11890015
2023-04-06,861.799988,863.250000,849.000000,851.950012,849.545288,19677316
2023-04-10,854.799988,854.950012,843.950012,847.349976,844.958252,15656078
2023-04-11,848.250000,855.700012,844.049988,853.299988,850.891479,23930907
2023-04-12,854.900024,856.650024,846.650024,851.049988,848.647766,13480335
2023-04-13,853.650024,867.700012,845.000000,864.349976,861.910217,23934570
2023-04-17,882.000000,882.000000,861.000000,864.549988,862.109680,22577380
2023-04-18,865.349976,872.000000,857.099976,863.349976,860.913025,17238709
2023-04-19,865.000000,874.500000,862.549988,873.400024,870.934692,23494247
2023-04-20,874.799988,875.599976,864.150024,868.750000,866.297852,19444753
2023-04-21,870.799988,873.849976,857.500000,864.200012,861.760681,15520786
2023-04-24,868.000000,884.400024,860.500000,882.299988,879.809570,18201632
2023-04-25,885.000000,895.799988,874.400024,878.349976,875.870728,36394389
2023-04-26,877.400024,889.450012,875.200012,887.650024,885.144531,19468723
2023-04-27,888.000000,890.000000,877.500000,881.400024,878.912170,15992383
2023-04-28,885.099976,890.049988,853.650024,860.000000,857.572510,23004117
2023-05-02,870.000000,876.400024,864.250000,870.650024,868.192505,12947953
2023-05-03,863.849976,866.849976,854.049988,859.849976,857.422974,15103015
2023-05-04,860.000000,867.150024,857.500000,865.950012,863.505737,9756391
2023-05-05,867.150024,885.000000,862.750000,865.299988,862.857605,14343308
2023-05-08,865.299988,881.400024,865.299988,878.450012,875.970459,7007882
2023-05-09,882.200012,890.200012,880.000000,888.250000,885.742798,12117151
2023-05-10,892.000000,892.500000,877.549988,889.900024,887.388123,11893027
2023-05-11,891.000000,900.000000,889.000000,895.950012,893.421082,13816121
2023-05-12,895.200012,913.599976,894.000000,910.650024,908.079651,10533272
2023-05-15,910.650024,919.500000,909.150024,915.799988,913.215027,7339579
2023-05-16,916.200012,922.500000,912.000000,917.799988,915.209412,12567615
2023-05-17,917.700012,918.900024,911.250000,914.799988,912.217834,10248327
2023-05-18,920.000000,929.500000,912.599976,914.700012,912.118164,13614127
2023-05-19,920.900024,927.000000,908.950012,924.049988,921.441711,8393002
2023-05-22,923.000000,927.750000,914.400024,917.549988,914.960144,9383158
2023-05-23,917.549988,922.500000,912.400024,916.150024,913.564026,8273445
2023-05-24,911.150024,920.849976,910.200012,917.700012,915.109680,6248545
2023-05-25,916.700012,923.549988,912.450012,921.049988,918.450195,8149350
2023-05-26,918.000000,927.900024,915.000000,926.950012,924.333557,4908462
2023-05-29,931.000000,937.700012,928.049988,929.799988,927.175476,7133871
2023-05-30,930.799988,939.700012,928.049988,937.450012,934.803955,7804403
2023-05-31,937.349976,939.900024,910.200012,914.849976,912.267700,34757004
2023-06-01,922.000000,930.950012,916.049988,919.700012,917.104065,11817533
2023-06-02,922.650024,930.500000,920.250000,926.099976,923.485962,11616991
2023-06-05,927.599976,953.900024,927.599976,950.849976,948.166077,14520005
2023-06-06,951.099976,970.750000,951.099976,968.200012,965.467163,14457988
2023-06-07,972.950012,981.250000,968.099976,976.750000,973.992981,15795824
2023-06-08,973.049988,974.849976,959.900024,962.099976,959.384277,10209982
2023-06-09,967.000000,981.700012,963.299988,974.750000,971.998657,12947464
2023-06-12,973.000000,977.900024,968.599976,974.200012,971.450195,7465375
2023-06-13,974.299988,989.700012,974.299988,985.849976,983.067322,15233785
2023-06-14,986.000000,988.200012,976.000000,977.700012,974.940308,8644423
2023-06-15,988.349976,989.000000,972.200012,977.150024,974.391846,15978311
2023-06-16,982.799988,985.450012,977.200012,981.549988,978.779480,8860900
2023-06-19,983.849976,986.000000,961.000000,965.650024,962.924316,11025846
2023-06-20,965.950012,977.000000,958.549988,974.849976,972.098328,7596593
2023-06-21,978.299988,978.299988,963.150024,966.000000,963.273315,7805855
2023-06-22,962.200012,973.450012,958.700012,966.599976,963.871582,10135883
2023-06-23,960.000000,965.500000,954.549988,958.400024,955.694824,6188008
2023-06-26,959.500000,963.500000,953.099976,960.549988,957.838745,5799528
2023-06-27,967.000000,976.000000,960.799988,973.250000,970.502808,6921886
2023-06-28,979.000000,984.000000,967.000000,978.200012,975.438904,10010996
2023-06-30,977.099976,989.849976,976.000000,987.450012,984.662842,7096350
2023-07-03,990.000000,990.000000,978.000000,982.099976,979.327881,5562743
2023-07-04,982.099976,984.849976,969.000000,970.700012,967.960144,7396806
2023-07-05,969.000000,975.500000,962.099976,966.500000,963.771973,8200047
2023-07-06,961.000000,986.099976,961.000000,980.950012,979.194336,10221727
2023-07-07,976.250000,989.450012,971.799988,976.700012,975.946838,6236524
2023-07-10,976.700012,986.000000,960.400024,964.049988,963.306519,7138850
2023-07-11,967.900024,971.750000,950.599976,953.200012,952.464966,10616390
2023-07-12,956.700012,957.549988,947.000000,950.000000,949.267395,10141257
2023-07-13,956.299988,966.000000,952.150024,960.150024,959.409607,13079930
2023-07-14,964.450012,967.000000,947.750000,957.049988,956.311951,5383514
2023-07-17,960.000000,968.900024,950.450012,964.849976,964.105896,8472444
2023-07-18,964.000000,979.950012,951.299988,963.650024,962.906921,14457717
2023-07-19,964.000000,969.900024,956.500000,964.299988,963.556335,7574544
2023-07-20,963.900024,979.900024,957.599976,977.900024,977.145874,15329753
2023-07-21,971.599976,985.000000,968.000000,971.299988,970.550964,6230317
2023-07-24,973.450012,984.950012,968.799988,971.500000,970.750793,9167788
2023-07-25,977.650024,977.650024,953.799988,962.500000,961.757751,13448045
2023-07-26,966.849976,980.000000,963.299988,976.799988,976.046692,8298226
2023-07-27,989.349976,990.000000,955.750000,959.900024,959.159790,17858061
2023-07-28,959.900024,969.750000,942.200012,949.950012,949.217468,8504392
2023-07-31,954.700012,958.599976,948.299988,953.900024,953.164429,6601991
2023-08-01,956.000000,964.000000,952.000000,959.900024,959.159790,8409096
2023-08-02,951.500000,958.900024,936.599976,945.250000,944.521057,9324465
2023-08-03,944.099976,946.599976,927.150024,935.549988,934.828552,17076611
2023-08-04,947.000000,954.849976,934.650024,952.250000,951.515686,12376086
2023-08-07,952.250000,955.000000,944.549988,947.400024,946.669434,10922609
2023-08-08,950.000000,959.900024,944.049988,952.900024,952.165161,11512735
2023-08-09,952.000000,953.299988,944.299988,950.000000,949.267395,7701831
2023-08-10,948.000000,951.950012,937.299988,939.750000,939.025269,13590891
2023-08-11,937.500000,945.700012,933.000000,937.200012,936.477295,9558237
2023-08-14,935.000000,943.299988,928.900024,939.950012,939.225159,7172522
2023-08-16,935.950012,940.000000,931.299988,933.049988,932.330444,7394623
2023-08-17,935.950012,943.000000,931.650024,936.549988,935.827759,9336994
2023-08-18,934.849976,945.950012,931.049988,943.049988,942.322754,6648744
2023-08-21,944.200012,954.250000,943.950012,952.599976,951.865356,6822155
2023-08-22,953.849976,959.099976,948.650024,957.049988,956.311951,10860061
2023-08-23,962.000000,980.450012,958.400024,979.250000,978.494812,12677151
2023-08-24,984.799988,994.250000,979.099976,981.349976,980.593201,11899556
2023-08-25,974.000000,988.200012,970.799988,983.099976,982.341858,6228241
2023-08-28,980.099976,992.500000,980.099976,990.200012,989.436401,8451441
2023-08-29,990.200012,991.000000,977.500000,980.700012,979.943726,8114141
2023-08-30,983.000000,998.000000,980.000000,983.349976,982.591675,9023083
2023-08-31,981.799988,994.700012,968.599976,973.500000,972.749268,21558300
2023-09-01,974.250000,993.000000,969.000000,991.150024,990.385681,10946742
2023-09-04,993.750000,994.549988,980.000000,982.250000,981.492554,6727188
2023-09-05,985.450012,986.200012,977.900024,981.450012,980.693176,10548660
2023-09-06,981.450012,983.150024,961.799988,965.049988,964.305786,16351052
2023-09-07,965.049988,979.799988,963.099976,978.200012,977.445679,8686550
2023-09-08,978.200012,987.299988,972.500000,980.299988,979.544006,6439351
2023-09-11,981.799988,1004.000000,979.000000,1000.400024,999.628540,7130484
2023-09-12,1010.000000,1010.000000,998.049988,1000.900024,1000.128174,8958327
2023-09-13,1002.950012,1017.000000,993.700012,1014.450012,1013.667725,12254423
2023-09-14,1014.450012,1022.400024,1009.049988,1020.900024,1020.112732,7855558
2023-09-15,1021.000000,1031.750000,1014.549988,1027.150024,1026.357910,8986157
2023-09-18,1021.549988,1029.900024,1019.000000,1024.750000,1023.959778,6397319
2023-09-20,1012.299988,1047.500000,1012.299988,1027.300049,1026.507813,13619788
2023-09-21,1026.599976,1033.599976,1012.099976,1014.450012,1013.667725,8156588
2023-09-22,1010.000000,1027.250000,1008.000000,1018.250000,1017.464783,7108110
2023-09-25,1015.200012,1026.000000,1005.150024,1018.950012,1018.164246,7123890
2023-09-26,1019.000000,1020.700012,1011.000000,1014.150024,1013.367920,6387615
2023-09-27,1009.950012,1027.949951,1004.000000,1025.199951,1024.409302,5158686
2023-09-28,1027.000000,1037.949951,1025.199951,1030.900024,1030.104980,15818489
2023-09-29,1030.900024,1041.000000,1024.500000,1036.699951,1035.900513,9528626
2023-10-03,1035.000000,1044.699951,1032.599976,1041.050049,1040.247192,11589322
2023-10-04,1035.349976,1037.000000,988.849976,995.549988,994.782227,22584212
2023-10-05,1000.000000,1009.200012,988.900024,1003.250000,1002.476318,7950412
2023-10-06,1005.000000,1008.000000,999.400024,1000.950012,1000.178101,5289753
2023-10-09,994.799988,999.700012,988.250000,996.250000,995.481750,6823214
2023-10-10,999.900024,1014.950012,996.500000,1012.250000,1011.469360,5728499
2023-10-11,1019.000000,1025.650024,1012.000000,1019.099976,1018.314087,7396783
2023-10-12,1022.000000,1031.000000,1014.950012,1018.450012,1017.664612,4920222
2023-10-13,1009.000000,1011.450012,992.250000,994.049988,993.283386,12173162
2023-10-16,990.000000,1009.450012,990.000000,1004.799988,1004.025146,4646960
2023-10-17,1008.849976,1014.700012,1003.099976,1008.049988,1007.272644,6105067
2023-10-18,1010.000000,1014.099976,989.349976,992.849976,992.084351,7818946
2023-10-19,979.700012,999.000000,979.700012,991.400024,990.635498,4836625
2023-10-20,989.000000,992.900024,977.750000,980.349976,979.593994,5664400
2023-10-23,980.000000,984.900024,961.099976,964.299988,963.556335,5896695
2023-10-25,960.000000,974.000000,951.400024,955.450012,954.713196,6957048
2023-10-26,956.000000,975.000000,952.750000,972.049988,971.300354,17540495
2023-10-27,980.000000,1004.750000,973.299988,1002.750000,1001.976685,13443016
2023-10-30,1002.750000,1002.750000,979.200012,989.200012,988.437195,5270567
2023-10-31,998.000000,998.000000,978.000000,981.849976,981.092834,7816805
2023-11-01,977.849976,979.299988,968.000000,971.799988,971.050598,5703984
2023-11-02,978.000000,988.349976,974.000000,982.950012,982.192017,5193982
2023-11-03,986.000000,991.400024,981.500000,988.849976,988.087402,4268048
2023-11-06,995.000000,1016.200012,993.099976,1009.400024,1008.621582,6552178
2023-11-07,1008.000000,1022.200012,1005.250000,1020.900024,1020.112732,6559859
2023-11-08,1024.000000,1026.949951,1015.599976,1021.700012,1020.912109,7643314
2023-11-09,1024.750000,1028.849976,1016.650024,1021.900024,1021.112000,4407935
2023-11-10,1017.900024,1031.000000,1016.650024,1029.199951,1028.406250,3294063
2023-11-13,1030.050049,1031.849976,1023.500000,1025.349976,1024.559204,5985481
2023-11-15,1045.000000,1045.000000,1031.550049,1041.349976,1040.546875,7240388
2023-11-16,1042.800049,1044.000000,1022.150024,1026.349976,1025.558472,6908825
2023-11-17,1014.900024,1020.000000,991.849976,994.349976,993.583191,13268353
2023-11-20,981.000000,994.750000,980.349976,988.700012,987.937561,8215656
2023-11-21,989.950012,997.500000,986.650024,991.799988,991.035156,7061614
2023-11-22,991.000000,999.900024,988.000000,998.099976,997.330261,6103988
2023-11-23,999.000000,1003.400024,995.400024,999.049988,998.279541,3112891
2023-11-24,1002.000000,1010.750000,999.700012,1008.500000,1007.722290,6956281
2023-11-28,1013.049988,1021.950012,1009.250000,1021.150024,1020.362549,6173384
2023-11-29,1027.150024,1063.500000,1021.150024,1060.150024,1059.332520,9422396
2023-11-30,1062.699951,1080.900024,1055.449951,1074.250000,1073.421631,24755589
2023-12-01,1075.400024,1109.000000,1070.199951,1104.650024,1103.798218,14428758
2023-12-04,1120.500000,1129.000000,1099.099976,1125.599976,1124.731934,14043213
2023-12-05,1136.800049,1151.849976,1127.150024,1132.449951,1131.576660,15804808
2023-12-06,1135.099976,1145.699951,1117.949951,1120.500000,1119.635864,7342767
2023-12-07,1119.250000,1129.599976,1108.500000,1117.849976,1116.987915,6439419
2023-12-08,1115.849976,1134.349976,1111.500000,1131.199951,1130.327637,7300989
2023-12-11,1129.000000,1139.400024,1113.849976,1116.500000,1115.639038,6924589
2023-12-12,1120.000000,1133.900024,1109.000000,1131.000000,1130.127808,9044111
2023-12-13,1150.000000,1151.000000,1111.449951,1114.849976,1113.990234,8184523
2023-12-14,1132.400024,1138.599976,1117.900024,1120.449951,1119.585938,9421193
2023-12-15,1119.199951,1127.849976,1108.599976,1120.349976,1119.485962,12048410
2023-12-18,1119.699951,1120.000000,1107.199951,1111.349976,1110.492920,7922468
2023-12-19,1123.800049,1126.849976,1114.199951,1120.250000,1119.386108,6824641
2023-12-20,1122.000000,1123.849976,1102.699951,1110.250000,1109.393799,9848057
2023-12-21,1103.900024,1103.900024,1077.199951,1095.400024,1094.555298,10914682
2023-12-22,1095.400024,1106.300049,1085.800049,1088.300049,1087.460815,10600025
2023-12-26,1091.199951,1100.650024,1086.699951,1094.250000,1093.406128,5687517
2023-12-27,1096.050049,1110.550049,1089.650024,1106.349976,1105.496826,6132936
2023-12-28,1107.250000,1113.000000,1098.000000,1107.849976,1106.995605,14097667
2023-12-29,1101.449951,1106.849976,1093.949951,1102.300049,1101.449951,8786731
2024-01-01,1095.000000,1104.000000,1093.000000,1097.699951,1096.853394,4083732
2024-01-02,1095.099976,1099.349976,1082.300049,1093.250000,1092.406982,7895577
2024-01-03,1091.000000,1102.599976,1081.300049,1098.599976,1097.752808,10225290
2024-01-04,1103.000000,1130.000000,1100.050049,1123.400024,1122.533691,11411683
2024-01-05,1124.000000,1139.900024,1119.000000,1136.949951,1136.073120,8025466
2024-01-08,1145.000000,1146.000000,1118.500000,1122.000000,1121.134766,4735538
2024-01-09,1128.550049,1135.550049,1112.349976,1116.550049,1115.688965,6359362
2024-01-10,1115.250000,1116.000000,1099.050049,1107.000000,1106.146362,5934163
2024-01-11,1111.050049,1127.900024,1111.050049,1125.750000,1124.881836,4683035
2024-01-12,1126.349976,1129.449951,1118.050049,1120.349976,1119.485962,5616755
2024-01-15,1122.000000,1130.449951,1116.599976,1119.500000,1118.636719,6719079
2024-01-16,1116.650024,1127.800049,1115.099976,1119.099976,1118.236938,5229753
2024-01-17,1082.000000,1115.000000,1079.199951,1082.300049,1081.465454,24913719
2024-01-18,1066.000000,1108.750000,1066.000000,1097.500000,1096.653687,11473135
2024-01-19,1107.150024,1126.300049,1105.000000,1116.550049,1115.688965,12303696
2024-01-23,1125.900024,1141.599976,1078.800049,1089.250000,1088.410034,18924087
2024-01-24,1034.800049,1073.199951,1020.900024,1059.150024,1058.333252,20884046
2024-01-25,1058.000000,1063.699951,1025.800049,1042.250000,1041.446289,20835434
2024-01-29,1036.000000,1068.000000,1036.000000,1061.250000,1060.431641,11188604
2024-01-30,1060.050049,1070.449951,1050.800049,1054.099976,1053.287109,9426983
2024-01-31,1048.199951,1084.099976,1042.699951,1067.750000,1066.926636,12600390
2024-02-01,1072.650024,1087.650024,1056.800049,1084.250000,1083.413818,9756682
2024-02-02,1088.050049,1096.199951,1065.000000,1067.050049,1066.227173,8667415
2024-02-05,1067.050049,1079.500000,1058.000000,1061.500000,1060.681396,12569454
2024-02-06,1061.550049,1065.099976,1048.199951,1050.050049,1049.240234,8011171
2024-02-07,1061.050049,1073.699951,1057.500000,1069.099976,1068.275513,7281793
2024-02-08,1072.000000,1075.599976,1031.650024,1035.900024,1035.101196,9869141
2024-02-09,1039.949951,1054.900024,1034.550049,1051.400024,1050.589233,8233454
2024-02-12,1051.400024,1057.250000,1035.349976,1046.699951,1045.892822,8694379
2024-02-13,1051.000000,1075.550049,1044.800049,1070.750000,1069.924316,8413609
2024-02-14,1061.300049,1100.900024,1060.550049,1096.849976,1096.004150,16609115
2024-02-15,1097.500000,1097.550049,1069.250000,1072.199951,1071.373169,11780823
2024-02-16,1073.000000,1076.000000,1058.000000,1068.750000,1067.925781,8660907
2024-02-19,1069.000000,1070.000000,1060.099976,1062.949951,1062.130249,7562645
2024-02-20,1059.000000,1090.500000,1057.699951,1088.599976,1087.760498,8722800
2024-02-21,1093.849976,1093.949951,1073.099976,1084.199951,1083.363892,9177213
2024-02-22,1090.300049,1110.699951,1081.500000,1100.900024,1100.051025,14633340
2024-02-23,1099.000000,1107.400024,1090.000000,1096.800049,1095.954224,6250943
2024-02-26,1093.449951,1094.800049,1079.650024,1085.199951,1084.363037,5354189
2024-02-27,1081.650024,1088.550049,1072.050049,1079.050049,1078.217896,6546815
2024-02-28,1077.400024,1085.000000,1064.050049,1074.199951,1073.371582,7643191
2024-02-29,1071.000000,1082.300049,1055.349976,1075.099976,1074.270874,13648997
2024-03-01,1076.000000,1101.699951,1076.000000,1099.250000,1098.402344,4819390
2024-03-04,1099.250000,1108.900024,1093.099976,1106.750000,1105.896484,5895441
2024-03-05,1102.199951,1110.900024,1094.500000,1100.800049,1099.951172,4851446
2024-03-06,1100.199951,1131.949951,1095.349976,1125.000000,1124.132446,13787638
2024-03-07,1126.000000,1126.900024,1107.550049,1111.449951,1110.592896,6943879
2024-03-11,1112.250000,1120.000000,1101.900024,1105.099976,1104.247803,6751641
2024-03-12,1105.000000,1121.400024,1084.250000,1097.000000,1096.154053,9817138
2024-03-13,1096.000000,1099.550049,1070.750000,1080.400024,1079.566895,11503890
2024-03-14,1075.000000,1081.250000,1055.599976,1058.250000,1057.433960,10253613
2024-03-15,1056.250000,1056.250000,1030.250000,1046.400024,1045.593018,17798175
2024-03-18,1044.000000,1066.900024,1043.599976,1061.349976,1060.531494,7612407
2024-03-19,1055.550049,1060.949951,1046.699951,1050.800049,1049.989746,6728886
2024-03-20,1050.000000,1057.449951,1030.949951,1034.750000,1033.952026,12619644
2024-03-21,1039.349976,1050.550049,1028.150024,1035.599976,1034.801392,9903738
2024-03-22,1040.099976,1047.250000,1029.949951,1033.300049,1032.503174,9891194
2024-03-26,1029.000000,1044.199951,1027.500000,1040.550049,1039.747559,9656767
2024-03-27,1045.800049,1057.550049,1044.250000,1052.849976,1052.038086,17027308
2024-03-28,1052.849976,1058.400024,1044.099976,1047.199951,1046.392334,10235318
2024-04-01,1052.349976,1063.750000,1048.900024,1053.099976,1052.287842,5484556
2024-04-02,1051.000000,1055.849976,1040.199951,1047.199951,1046.392334,13617893
2024-04-03,1043.800049,1070.300049,1043.750000,1063.250000,1062.430054,11573590
2024-04-04,1070.000000,1080.699951,1059.150024,1062.949951,1062.130249,17964844
2024-04-05,1061.099976,1063.000000,1048.099976,1059.099976,1058.283203,9210187
2024-04-08,1067.000000,1079.449951,1063.550049,1076.050049,1075.220215,4967186
2024-04-09,1090.000000,1090.000000,1071.349976,1080.000000,1079.167114,11385226
2024-04-10,1086.199951,1093.000000,1080.000000,1087.800049,1086.961182,9064074
2024-04-12,1079.500000,1096.400024,1071.099976,1073.449951,1072.622192,18045983
2024-04-15,1063.099976,1071.000000,1055.250000,1057.949951,1057.134155,8889435
2024-04-16,1049.949951,1057.849976,1044.349976,1051.900024,1051.088867,7107881
2024-04-18,1044.150024,1051.400024,1013.849976,1024.000000,1023.210327,17832438
2024-04-19,1015.000000,1036.949951,995.700012,1029.099976,1028.306396,21598007
2024-04-22,1039.000000,1058.500000,1032.000000,1053.949951,1053.137207,9410832
2024-04-23,1058.000000,1060.250000,1048.750000,1055.750000,1054.935791,8300012
2024-04-24,1056.000000,1068.949951,1056.000000,1063.250000,1062.430054,5641163
2024-04-25,1100.000000,1133.949951,1086.099976,1127.000000,1126.130859,46136295
2024-04-26,1130.000000,1141.349976,1123.000000,1130.300049,1129.428345,10133766
2024-04-29,1130.300049,1164.000000,1125.300049,1159.250000,1158.356079,15183242
2024-04-30,1160.150024,1182.900024,1155.150024,1165.900024,1165.000977,18965164
2024-05-02,1156.000000,1174.000000,1148.000000,1149.849976,1148.963257,12302236
2024-05-03,1150.900024,1163.250000,1134.099976,1141.500000,1140.619751,9993632
2024-05-06,1143.900024,1156.000000,1135.650024,1143.650024,1142.768066,7490104
2024-05-07,1146.050049,1148.800049,1124.050049,1127.699951,1126.830322,7115509
2024-05-08,1124.650024,1135.449951,1118.250000,1128.650024,1127.779663,8175609
2024-05-09,1122.000000,1134.550049,1112.199951,1115.650024,1114.789673,5226693
2024-05-10,1123.699951,1140.000000,1113.349976,1120.099976,1119.236206,7242718
2024-05-13,1120.099976,1135.400024,1105.050049,1132.000000,1131.127075,5513160
2024-05-14,1129.949951,1136.099976,1118.099976,1122.849976,1121.984131,5471143
2024-05-15,1125.550049,1131.199951,1118.599976,1128.050049,1127.180176,5436338
2024-05-16,1134.150024,1143.949951,1111.300049,1139.300049,1138.421509,10750526
2024-05-17,1132.000000,1146.000000,1126.099976,1141.349976,1140.469849,9909986
2024-05-21,1136.000000,1145.750000,1129.199951,1137.650024,1136.772705,8162017
2024-05-22,1142.000000,1142.000000,1117.949951,1126.000000,1125.131714,9094033
2024-05-23,1126.000000,1169.650024,1125.750000,1165.250000,1164.351440,12818081
2024-05-24,1165.500000,1177.000000,1160.599976,1174.000000,1173.094604,8814997
2024-05-27,1178.900024,1196.000000,1168.000000,1187.000000,1186.084595,10450046
2024-05-28,1188.000000,1192.400024,1179.000000,1183.400024,1182.487427,4018776
2024-05-29,1172.000000,1185.900024,1156.000000,1159.750000,1158.855591,9418064
2024-05-30,1155.199951,1179.800049,1155.000000,1167.949951,1167.049316,7232217
2024-05-31,1173.000000,1178.000000,1153.400024,1162.150024,1161.253784,10057642
2024-06-03,1197.050049,1242.199951,1193.400024,1223.900024,1222.956177,22197339
2024-06-04,1224.000000,1224.000000,1101.550049,1131.250000,1130.377563,24135989
2024-06-05,1138.000000,1193.000000,1110.699951,1184.500000,1183.586548,21039499
2024-06-06,1192.099976,1195.900024,1163.250000,1170.949951,1170.046997,12006879
2024-06-07,1178.000000,1195.199951,1166.750000,1186.800049,1185.884888,8583998
2024-06-10,1185.000000,1212.400024,1185.000000,1200.000000,1199.074585,9995057
2024-06-11,1204.449951,1209.349976,1190.449951,1194.599976,1193.678711,9390212
2024-06-12,1192.099976,1206.150024,1184.099976,1187.900024,1186.984009,7199718
2024-06-13,1201.800049,1202.000000,1173.449951,1174.650024,1173.744141,5321148
2024-06-14,1180.949951,1184.650024,1170.000000,1181.050049,1180.139282,4451031
2024-06-18,1194.000000,1194.000000,1181.150024,1191.900024,1190.980835,6837181
2024-06-19,1193.000000,1243.349976,1185.500000,1226.650024,1225.704102,17987437
2024-06-20,1230.099976,1241.500000,1220.400024,1239.500000,1238.544189,8206858
2024-06-21,1246.000000,1246.000000,1223.750000,1237.449951,1236.495728,29311314
2024-06-24,1231.000000,1235.750000,1225.050049,1228.099976,1227.152954,6676530
2024-06-25,1234.449951,1278.750000,1226.000000,1271.449951,1270.469482,17607952
2024-06-26,1281.099976,1292.949951,1259.199951,1285.400024,1284.408813,13956370
2024-06-27,1310.000000,1310.000000,1280.000000,1288.949951,1287.955933,22311393
2024-06-28,1283.099976,1289.900024,1261.599976,1265.250000,1264.274292,7167069
2024-07-01,1273.000000,1273.000000,1256.449951,1261.900024,1260.926880,5797015
2024-07-02,1265.000000,1267.849976,1238.250000,1253.400024,1252.433472,9945447
2024-07-03,1260.000000,1288.599976,1243.599976,1280.000000,1279.012939,15171347
2024-07-04,1288.000000,1293.000000,1268.500000,1280.900024,1279.912231,4817380
2024-07-05,1272.000000,1295.400024,1270.900024,1287.050049,1286.057495,8593502
2024-07-08,1285.000000,1297.400024,1279.599976,1287.849976,1286.856812,4216951
2024-07-09,1284.000000,1295.000000,1279.199951,1289.400024,1288.405640,6930340
2024-07-10,1284.199951,1294.000000,1275.150024,1291.650024,1290.653931,9020489
2024-07-11,1301.050049,1301.400024,1276.949951,1296.750000,1295.750000,7848846
2024-07-12,1293.900024,1339.650024,1293.900024,1317.300049,1317.300049,11278987
2024-07-15,1316.699951,1324.400024,1305.000000,1307.449951,1307.449951,11537127
2024-07-16,1307.449951,1318.449951,1299.699951,1304.000000,1304.000000,5433264
2024-07-18,1300.000000,1318.599976,1294.500000,1309.400024,1309.400024,6787511
2024-07-19,1305.650024,1309.000000,1288.199951,1292.349976,1292.349976,4496066
2024-07-22,1283.349976,1292.349976,1278.199951,1282.500000,1282.500000,6695557
2024-07-23,1288.500000,1291.099976,1251.000000,1263.250000,1263.250000,8789327
2024-07-24,1262.900024,1267.349976,1226.650024,1239.250000,1239.250000,10344860
2024-07-25,1200.000000,1200.000000,1155.500000,1175.900024,1175.900024,32979871
2024-07-26,1165.000000,1183.150024,1155.250000,1177.349976,1177.349976,18554648
2024-07-29,1182.349976,1187.800049,1171.150024,1186.199951,1186.199951,5657006