Date,Open,High,Low,Close,Adj Close,Volume
2019-01-01,2735.000000,2743.399902,2705.000000,2726.649902,2288.534180,304150
2019-01-02,2720.000000,2747.250000,2677.000000,2692.000000,2259.451660,599274
2019-01-03,2690.100098,2723.850098,2682.100098,2701.350098,2267.299561,310511
2019-01-04,2714.000000,2742.000000,2702.100098,2734.199951,2294.871338,362393
2019-01-07,2739.899902,2740.000000,2645.000000,2658.550049,2231.376709,462215
2019-01-08,2667.000000,2700.000000,2635.500000,2694.850098,2261.843994,486654
2019-01-09,2702.500000,2710.000000,2672.500000,2696.899902,2263.564453,285560
2019-01-10,2700.000000,2729.000000,2680.000000,2725.300049,2287.401367,277585
2019-01-11,2728.000000,2738.699951,2700.850098,2720.949951,2283.750000,259834
2019-01-14,2718.000000,2747.199951,2676.449951,2699.149902,2265.453125,170937
2019-01-15,2705.000000,2734.800049,2705.000000,2725.850098,2287.863037,169721
2019-01-16,2736.000000,2736.000000,2706.000000,2717.449951,2280.812500,218357
2019-01-17,2722.000000,2739.800049,2700.800049,2729.649902,2291.052002,230784
2019-01-18,2741.000000,2746.500000,2696.649902,2720.750000,2283.582275,269686
2019-01-21,2724.750000,2724.750000,2670.000000,2684.600098,2253.241211,303893
2019-01-22,2685.000000,2695.000000,2650.100098,2688.350098,2256.388428,273441
2019-01-23,2699.000000,2699.000000,2665.100098,2674.100098,2244.428223,205104
2019-01-24,2684.000000,2684.000000,2635.000000,2651.649902,2225.585205,183566
2019-01-25,2622.300049,2672.000000,2614.050049,2626.350098,2204.350586,304062
2019-01-28,2629.949951,2634.000000,2545.000000,2565.550049,2153.319824,332409
2019-01-29,2563.000000,2597.149902,2522.449951,2567.649902,2155.082275,424856
2019-01-30,2571.000000,2653.350098,2485.000000,2499.699951,2098.050293,2450943
2019-01-31,2501.149902,2570.000000,2461.100098,2554.550049,2144.087402,1102133
2019-02-01,2560.000000,2670.000000,2543.000000,2602.750000,2184.542480,1028186
2019-02-04,2610.000000,2672.399902,2565.449951,2642.500000,2217.905518,817279
2019-02-05,2647.000000,2720.000000,2645.000000,2710.649902,2275.104980,469089
2019-02-06,2715.000000,2785.000000,2714.149902,2770.149902,2325.044922,495030
2019-02-07,2785.000000,2872.000000,2772.149902,2853.600098,2395.086182,983573
2019-02-08,2852.000000,2879.100098,2831.199951,2851.399902,2393.239746,1004870
2019-02-11,2850.000000,2870.000000,2819.050049,2853.600098,2395.086182,712787
2019-02-12,2845.600098,2854.000000,2819.500000,2832.350098,2377.250732,280913
2019-02-14,2820.000000,2875.000000,2811.250000,2823.100098,2369.486816,372416
2019-02-15,2825.149902,2850.000000,2805.050049,2825.949951,2371.879395,867192
2019-02-18,2830.000000,2835.000000,2767.800049,2793.500000,2344.643066,296237
2019-02-19,2801.000000,2825.000000,2777.500000,2787.850098,2339.900635,185862
2019-02-20,2788.000000,2798.000000,2737.250000,2774.699951,2328.864014,428139
2019-02-21,2770.000000,2829.899902,2751.699951,2813.949951,2361.807129,281964
2019-02-22,2825.000000,2847.000000,2801.850098,2816.850098,2364.241455,431535
2019-02-25,2817.000000,2854.699951,2816.899902,2847.550049,2390.008301,322524
2019-02-26,2834.000000,2870.000000,2812.000000,2859.300049,2399.870605,369292
2019-02-27,2870.000000,2941.000000,2870.000000,2914.699951,2446.368652,861033
2019-02-28,2930.000000,2933.800049,2864.000000,2900.600098,2434.534668,1246854
2019-03-01,2914.000000,2943.000000,2856.199951,2863.500000,2403.395508,1008494
2019-03-05,2835.050049,2917.399902,2814.800049,2903.750000,2437.177979,632301
2019-03-06,2895.649902,2942.000000,2876.250000,2927.600098,2457.196045,748391
2019-03-07,2927.000000,2927.000000,2900.000000,2919.899902,2450.733154,392086
2019-03-08,2910.000000,2964.600098,2900.050049,2955.699951,2480.780762,754427
2019-03-11,2970.000000,3012.000000,2936.899902,3000.550049,2518.424561,1147194
2019-03-12,3012.000000,3020.800049,2981.350098,2996.100098,2514.689453,503545
2019-03-13,3002.000000,3047.199951,2990.000000,3010.000000,2526.355713,565499
2019-03-14,3012.000000,3025.000000,2970.000000,3016.850098,2532.105713,985558
2019-03-15,3002.100098,3032.199951,2980.000000,3023.800049,2537.938721,538508
2019-03-18,3026.899902,3047.800049,2992.100098,3005.149902,2522.285156,341148
2019-03-19,3008.000000,3008.000000,2945.000000,2974.699951,2496.728027,545621
2019-03-20,2969.800049,2969.800049,2920.050049,2949.649902,2475.702637,834351
2019-03-22,2960.000000,2998.850098,2930.050049,2949.750000,2475.787109,622630
2019-03-25,2934.800049,2965.600098,2915.250000,2957.949951,2482.669678,319510
2019-03-26,2961.050049,2968.000000,2939.000000,2952.800049,2478.346924,322020
2019-03-27,2965.000000,2995.000000,2950.000000,2980.100098,2501.260254,402423
2019-03-28,2989.000000,3020.449951,2915.000000,2948.800049,2474.989502,1800550
2019-04-01,2947.949951,2950.000000,2901.500000,2915.649902,2447.165771,679984
2019-04-02,2918.000000,2938.350098,2842.000000,2853.100098,2394.666504,938624
2019-04-03,2860.000000,2877.100098,2831.000000,2847.300049,2389.798584,484790
2019-04-04,2862.000000,2884.050049,2850.000000,2859.100098,2399.702637,662281
2019-04-05,2869.649902,2880.000000,2852.250000,2861.649902,2401.842529,272382
2019-04-08,2876.000000,2876.000000,2842.000000,2853.350098,2394.876465,213351
2019-04-09,2860.000000,2929.850098,2838.000000,2924.800049,2454.845947,492843
2019-04-10,2917.949951,2952.000000,2910.350098,2942.899902,2470.037598,530788
2019-04-11,2940.899902,3000.000000,2939.000000,2993.699951,2512.675049,400118
2019-04-12,2991.800049,3025.949951,2975.250000,3008.149902,2524.802979,438822
2019-04-15,3013.000000,3046.000000,2992.000000,3035.050049,2547.380859,271376
2019-04-16,3045.000000,3074.899902,3032.199951,3068.449951,2575.414307,371767
2019-04-18,3069.000000,3089.899902,3041.199951,3069.500000,2576.295898,365773
2019-04-22,3055.500000,3079.000000,3041.500000,3051.199951,2560.935791,186563
2019-04-23,3050.000000,3070.000000,3010.699951,3039.149902,2550.822266,360759
2019-04-24,3035.000000,3082.850098,3025.199951,3075.800049,2581.583496,524013
2019-04-25,3073.949951,3110.000000,3027.600098,3088.050049,2591.864746,509586
2019-04-26,3080.000000,3095.000000,3030.000000,3044.649902,2555.438232,268298
2019-04-30,3045.000000,3050.000000,2942.899902,2984.100098,2504.617432,654107
2019-05-02,2989.000000,3040.000000,2958.699951,3030.550049,2543.604004,670855
2019-05-03,3028.000000,3066.000000,3020.000000,3059.750000,2568.112061,446730
2019-05-06,3054.000000,3054.000000,3013.000000,3026.199951,2539.953125,259117
2019-05-07,3026.000000,3053.000000,3021.300049,3033.050049,2545.702148,244684
2019-05-08,3032.000000,3033.000000,2951.800049,2957.750000,2482.501709,427476
2019-05-09,2950.000000,2993.500000,2932.300049,2982.899902,2503.610107,348293
2019-05-10,2980.500000,3008.000000,2954.350098,2966.199951,2489.593750,241374
2019-05-13,2970.350098,2999.000000,2947.250000,2972.750000,2495.091309,233316
2019-05-14,2960.000000,2969.000000,2901.000000,2937.199951,2465.253418,309971
2019-05-15,2937.250000,2949.449951,2901.350098,2914.449951,2446.158936,320831
2019-05-16,2928.000000,2958.449951,2908.000000,2942.649902,2469.827637,218733
2019-05-17,2950.000000,3149.949951,2935.149902,3040.050049,2551.577637,1993105
2019-05-20,3087.949951,3087.949951,2951.000000,3006.300049,2523.250732,1022048
2019-05-21,3014.000000,3043.899902,2969.050049,2979.300049,2500.588867,447168
2019-05-22,2980.050049,3054.000000,2973.149902,3047.199951,2557.578613,493470
2019-05-23,3075.000000,3085.000000,3028.699951,3065.000000,2572.518555,576440
2019-05-24,3065.000000,3098.899902,3005.000000,3077.899902,2583.345947,529984
2019-05-27,3085.100098,3090.000000,3031.000000,3066.899902,2574.113037,341393
2019-05-28,3067.000000,3108.350098,2962.399902,2988.000000,2507.891113,921394
2019-05-29,2990.000000,2990.000000,2920.000000,2925.500000,2455.433350,531761
2019-05-30,2942.000000,2980.000000,2920.649902,2945.000000,2471.800049,938395
2019-05-31,2953.000000,2978.750000,2915.300049,2925.899902,2455.769043,376941
2019-06-03,2945.000000,3077.949951,2904.600098,3034.600098,2547.003662,1302391
2019-06-04,3026.199951,3029.300049,2970.399902,2983.899902,2504.449463,450220
2019-06-06,3002.000000,3027.899902,2960.000000,2991.649902,2510.954590,481570
2019-06-07,2999.949951,3006.649902,2953.449951,2961.399902,2485.564697,212676
2019-06-10,2976.000000,2999.000000,2963.600098,2989.800049,2509.401855,155660
2019-06-11,3003.800049,3025.000000,2981.000000,2987.149902,2507.177490,355284
2019-06-12,2991.000000,2997.050049,2931.300049,2944.500000,2471.380371,273834
2019-06-13,2951.000000,2955.000000,2901.250000,2922.649902,2453.041504,224615
2019-06-14,2927.000000,2935.000000,2865.000000,2872.550049,2410.991699,353978
2019-06-17,2865.050049,2870.000000,2827.800049,2836.199951,2380.481689,314402
2019-06-18,2837.000000,2882.050049,2837.000000,2855.600098,2396.764893,308511
2019-06-19,2870.000000,2884.000000,2803.000000,2822.899902,2369.318848,294638
2019-06-20,2837.899902,2906.899902,2806.149902,2897.300049,2431.764648,301774
2019-06-21,2894.899902,2910.899902,2844.100098,2875.550049,2413.509277,529699
2019-06-24,2855.000000,2877.100098,2801.199951,2816.899902,2364.283203,434882
2019-06-25,2814.000000,2853.949951,2786.000000,2843.699951,2386.776611,424591
2019-06-26,2839.949951,2881.350098,2814.000000,2868.699951,2407.760010,265442
2019-06-27,2867.250000,2909.899902,2851.000000,2865.850098,2405.368164,621516
2019-06-28,2865.000000,2869.000000,2817.300049,2827.050049,2372.802246,303973
2019-07-01,2838.399902,2920.149902,2836.199951,2911.949951,2444.060547,628760
2019-07-02,2919.000000,2927.949951,2864.000000,2883.550049,2420.223633,334846
2019-07-03,2900.000000,2910.000000,2872.000000,2897.750000,2432.142334,274468
2019-07-04,2900.000000,2909.000000,2877.000000,2894.800049,2429.666260,249409
2019-07-05,2898.000000,2918.000000,2826.949951,2842.550049,2385.811768,324849
2019-07-08,2827.550049,2827.550049,2746.600098,2777.800049,2331.465576,363327
2019-07-09,2774.000000,2796.500000,2755.000000,2786.399902,2338.683594,253454
2019-07-10,2790.000000,2793.949951,2720.550049,2740.399902,2300.075195,378373
2019-07-11,2720.000000,2724.500000,2660.250000,2711.699951,2326.934082,653802
2019-07-12,2720.000000,2751.899902,2693.350098,2722.550049,2336.244629,298498
2019-07-15,2728.000000,2754.000000,2705.699951,2714.000000,2328.907471,299859
2019-07-16,2710.000000,2745.000000,2678.000000,2732.449951,2344.739502,315367
2019-07-17,2725.000000,2735.750000,2691.350098,2696.899902,2314.233887,267305
2019-07-18,2700.000000,2711.850098,2621.100098,2630.800049,2257.513184,365949
2019-07-19,2640.000000,2654.949951,2550.000000,2558.250000,2195.257080,456542
2019-07-22,2560.000000,2609.949951,2514.449951,2562.899902,2199.247070,407638
2019-07-23,2569.000000,2570.000000,2515.199951,2523.850098,2165.738281,602971
2019-07-24,2523.850098,2543.000000,2482.000000,2522.600098,2164.665527,481139
2019-07-25,2526.449951,2567.899902,2513.000000,2547.000000,2185.603516,549808
2019-07-26,2547.000000,2679.949951,2506.250000,2618.649902,2247.086914,2105536
2019-07-29,2590.000000,2590.000000,2451.000000,2487.649902,2134.674561,1009207
2019-07-30,2490.000000,2515.000000,2445.449951,2463.850098,2114.251953,784779
2019-07-31,2463.000000,2536.000000,2442.199951,2516.500000,2159.431152,651778
2019-08-01,2485.050049,2552.600098,2473.600098,2537.649902,2177.580078,625372
2019-08-02,2517.100098,2618.000000,2478.149902,2600.550049,2231.555176,1021098
2019-08-05,2565.000000,2642.649902,2545.500000,2619.750000,2248.030762,906097
2019-08-06,2600.000000,2649.000000,2592.899902,2609.800049,2239.492920,765470
2019-08-07,2635.500000,2635.500000,2585.000000,2605.100098,2235.459717,459833
2019-08-08,2612.000000,2721.550049,2602.050049,2703.750000,2320.111816,592914
2019-08-09,2710.550049,2741.500000,2685.000000,2707.600098,2323.415771,673080
2019-08-13,2699.949951,2742.850098,2642.600098,2670.550049,2291.622803,706218
2019-08-14,2672.000000,2757.000000,2672.000000,2713.899902,2328.821777,522580
2019-08-16,2712.050049,2760.000000,2661.350098,2750.949951,2360.614746,600082
2019-08-19,2764.750000,2773.000000,2713.800049,2725.500000,2338.775879,461203
2019-08-20,2730.000000,2768.699951,2718.550049,2742.949951,2353.749756,537366
2019-08-21,2745.949951,2771.500000,2735.000000,2764.800049,2372.499268,429633
2019-08-22,2762.000000,2775.000000,2731.300049,2744.250000,2354.865234,428855
2019-08-23,2743.949951,2765.000000,2714.149902,2749.149902,2359.070068,332505
2019-08-26,2794.699951,2794.699951,2686.000000,2736.800049,2348.472656,577286
2019-08-27,2754.000000,2798.399902,2745.100098,2766.500000,2373.958252,514940
2019-08-28,2760.000000,2813.949951,2750.550049,2766.750000,2374.172607,479960
2019-08-29,2762.000000,2786.750000,2738.399902,2757.800049,2366.492676,438739
2019-08-30,2766.100098,2796.899902,2726.149902,2788.300049,2392.665283,391007
2019-09-03,2775.300049,2805.100098,2757.600098,2764.199951,2371.984619,493182
2019-09-04,2774.399902,2788.449951,2725.000000,2735.699951,2347.528320,340167
2019-09-05,2740.050049,2775.449951,2740.050049,2759.199951,2367.694092,383992
2019-09-06,2772.899902,2864.800049,2745.500000,2839.350098,2436.471680,1005180
2019-09-09,2809.000000,2838.550049,2797.000000,2817.800049,2417.979492,471251
2019-09-11,2838.899902,2920.449951,2812.000000,2908.399902,2495.724121,1253636
2019-09-12,2911.000000,2911.399902,2846.699951,2852.199951,2447.498291,314580
2019-09-13,2860.000000,2889.000000,2855.000000,2878.199951,2469.809326,355911
2019-09-16,2859.000000,2887.699951,2850.000000,2874.449951,2466.591309,305963
2019-09-17,2874.800049,2875.850098,2762.550049,2773.149902,2379.664551,439334
2019-09-18,2798.000000,2819.000000,2750.100098,2777.050049,2383.011475,524048
2019-09-19,2773.000000,2776.000000,2721.449951,2738.850098,2350.231689,228796
2019-09-20,2730.000000,3020.100098,2725.000000,2929.250000,2513.615234,1423536
2019-09-23,2956.100098,3027.149902,2929.000000,2995.149902,2570.165039,807027
2019-09-24,3001.000000,3005.000000,2929.199951,2958.149902,2538.414795,479273
2019-09-25,2940.000000,2965.000000,2910.000000,2941.000000,2523.698486,439376
2019-09-26,2942.000000,2993.000000,2935.000000,2970.300049,2548.841064,647497
2019-09-27,2964.000000,2989.550049,2936.149902,2957.500000,2537.856934,326785
2019-09-30,2960.100098,2974.949951,2902.500000,2941.800049,2524.385010,384245
2019-10-01,2945.000000,2977.699951,2888.050049,2910.000000,2497.096680,546876
2019-10-03,2915.000000,2939.699951,2882.500000,2897.899902,2486.713623,292132
2019-10-04,2915.000000,2935.000000,2855.000000,2863.550049,2457.237793,342652
2019-10-07,2859.899902,2900.050049,2854.949951,2892.300049,2481.908203,276023
2019-10-09,2889.000000,2915.000000,2877.750000,2891.850098,2481.522705,355878
2019-10-10,2881.000000,2932.000000,2865.000000,2886.250000,2476.717041,313632
2019-10-11,2898.000000,2925.000000,2883.550049,2898.800049,2487.486084,198610
2019-10-14,2889.100098,2975.000000,2888.000000,2958.050049,2538.329102,367105
2019-10-15,2964.000000,3029.899902,2953.449951,3011.949951,2584.581055,636441
2019-10-16,3035.000000,3050.000000,3015.250000,3023.699951,2594.663818,572575
2019-10-17,3009.000000,3140.000000,2995.000000,3111.500000,2670.005859,707480
2019-10-18,3119.000000,3119.949951,3075.000000,3087.050049,2649.025391,398223
2019-10-22,3090.050049,3154.399902,3089.649902,3122.300049,2679.273438,379635
2019-10-23,3122.399902,3237.350098,3095.000000,3162.649902,2713.898193,2111842
2019-10-24,3165.000000,3201.000000,3143.449951,3167.850098,2718.360352,656713
2019-10-25,3187.149902,3187.149902,3110.000000,3129.649902,2685.580566,369730
2019-10-27,3159.000000,3173.300049,3135.149902,3143.350098,2697.336670,72198
2019-10-29,3145.000000,3198.649902,3137.350098,3180.750000,2729.430176,383452
2019-10-30,3199.399902,3229.399902,3173.100098,3222.899902,2765.599121,572787
2019-10-31,3229.699951,3255.000000,3213.000000,3247.350098,2786.580322,446046
2019-11-01,3250.000000,3289.000000,3190.000000,3232.649902,2773.965576,748062
2019-11-04,3236.000000,3248.250000,3181.300049,3212.050049,2756.288818,330025
2019-11-05,3225.000000,3255.699951,3191.149902,3246.300049,2785.679199,305513
2019-11-06,3244.000000,3271.500000,3214.750000,3248.300049,2787.395020,348652
2019-11-07,3244.000000,3277.000000,3222.949951,3265.850098,2802.455078,326912
2019-11-08,3257.800049,3288.800049,3235.550049,3245.550049,2785.035645,483871
2019-11-11,3238.000000,3254.000000,3221.000000,3237.350098,2777.999023,278347
2019-11-13,3230.000000,3245.000000,3190.800049,3206.000000,2751.097412,305804
2019-11-14,3205.000000,3244.550049,3191.100098,3233.300049,2774.523438,310906
2019-11-15,3240.000000,3252.449951,3200.000000,3215.350098,2759.120850,311463
2019-11-18,3225.000000,3225.000000,3146.750000,3156.899902,2708.963867,441118
2019-11-19,3156.000000,3171.500000,3122.100098,3161.050049,2712.525391,285669
2019-11-20,3145.550049,3168.899902,3130.500000,3162.399902,2713.683350,238889
2019-11-21,3152.399902,3209.000000,3144.000000,3188.350098,2735.951660,347577
2019-11-22,3180.000000,3186.000000,3133.500000,3152.350098,2705.059814,285777
2019-11-25,3152.350098,3206.300049,3105.199951,3195.649902,2742.215576,332892
2019-11-26,3199.899902,3228.000000,3168.750000,3178.149902,2727.198730,628851
2019-11-27,3188.149902,3217.250000,3180.000000,3212.050049,2756.288818,308282
2019-11-28,3210.000000,3216.750000,3182.800049,3196.399902,2742.859131,194094
2019-11-29,3186.000000,3196.000000,3147.100098,3176.000000,2725.354248,203765
2019-12-02,3163.100098,3217.399902,3142.050049,3159.250000,2710.980225,474666
2019-12-03,3167.000000,3270.000000,3167.000000,3259.750000,2797.220215,864612
2019-12-04,3259.750000,3278.000000,3228.000000,3251.149902,2789.840820,458892
2019-12-05,3240.000000,3286.399902,3225.850098,3243.100098,2782.932861,692533
2019-12-06,3243.100098,3258.000000,3193.100098,3206.100098,2751.183105,275871
2019-12-09,3223.899902,3239.850098,3202.300049,3225.550049,2767.873291,217098
2019-12-10,3230.000000,3240.000000,3211.250000,3232.500000,2773.837158,278890
2019-12-11,3240.149902,3274.850098,3220.050049,3268.649902,2804.857422,327568
2019-12-12,3276.300049,3283.300049,3256.600098,3261.449951,2798.679199,263581
2019-12-13,3274.899902,3274.899902,3220.250000,3232.899902,2774.179932,360095
2019-12-16,3234.500000,3280.000000,3213.149902,3220.399902,2763.453857,376835
2019-12-17,3225.000000,3231.699951,3194.399902,3199.100098,2745.176270,336920
2019-12-18,3199.050049,3220.000000,3192.199951,3213.649902,2757.661621,315871
2019-12-19,3206.000000,3232.000000,3182.000000,3218.399902,2761.737549,409369
2019-12-20,3232.000000,3239.800049,3197.600098,3203.750000,2749.166016,304173
2019-12-23,3205.000000,3225.000000,3184.500000,3219.500000,2762.681396,242195
2019-12-24,3220.000000,3235.000000,3210.000000,3226.750000,2768.902832,172853
2019-12-26,3226.000000,3239.000000,3204.000000,3230.050049,2771.734619,241386
2019-12-27,3221.250000,3258.000000,3220.500000,3241.949951,2781.946045,211224
2019-12-30,3240.000000,3260.000000,3229.050049,3251.949951,2790.527344,332557
2019-12-31,3251.000000,3251.000000,3175.550049,3185.000000,2733.077148,526252
2020-01-01,3183.000000,3193.750000,3142.100098,3150.100098,2703.129150,320021
2020-01-02,3154.949951,3172.500000,3112.050049,3121.000000,2678.157959,452413
2020-01-03,3125.500000,3128.250000,3065.000000,3072.050049,2636.153809,424311
2020-01-06,3070.000000,3071.600098,3028.050049,3037.649902,2606.634277,355754
2020-01-07,3045.500000,3072.000000,3030.100098,3037.949951,2606.891846,225535
2020-01-08,3000.000000,3073.399902,3000.000000,3059.250000,2625.169434,393614
2020-01-09,3076.000000,3110.000000,3066.050049,3085.699951,2647.866699,333029
2020-01-10,3098.000000,3117.000000,3085.750000,3101.199951,2661.167236,455081
2020-01-13,3106.000000,3119.949951,3080.199951,3094.050049,2655.031982,154993
2020-01-14,3091.100098,3118.000000,3074.000000,3101.600098,2661.510742,278534
2020-01-15,3101.000000,3138.000000,3092.000000,3123.550049,2680.346191,553613
2020-01-16,3129.800049,3150.000000,3101.500000,3112.100098,2670.520752,287553
2020-01-17,3112.000000,3138.000000,3098.000000,3118.100098,2675.669678,272072
2020-01-20,3130.000000,3144.649902,3083.149902,3103.699951,2663.312500,365554
2020-01-21,3096.000000,3119.000000,3085.500000,3097.050049,2657.606201,215722
2020-01-22,3105.000000,3110.000000,3070.100098,3076.399902,2639.886475,269339
2020-01-23,3072.000000,3089.949951,3051.100098,3065.199951,2630.275391,256329
2020-01-24,3068.000000,3092.949951,3064.000000,3074.149902,2637.955322,209961
2020-01-27,3069.800049,3122.949951,3044.050049,3082.600098,2645.206543,308445
2020-01-28,3089.800049,3109.600098,3048.000000,3060.899902,2626.585693,239986
2020-01-29,3079.000000,3099.000000,3060.000000,3091.850098,2653.144287,243945
2020-01-30,3108.500000,3185.000000,3041.100098,3145.500000,2699.181396,2400831
2020-01-31,3150.000000,3239.949951,3150.000000,3180.050049,2728.829102,1141144
2020-02-03,3143.000000,3315.149902,3115.100098,3284.500000,2818.458496,921166
2020-02-04,3270.000000,3313.000000,3151.000000,3162.800049,2714.026855,1546450
2020-02-05,3185.000000,3220.899902,3150.000000,3161.500000,2712.911621,646723
2020-02-06,3170.000000,3211.000000,3141.399902,3149.800049,2702.871582,514236
2020-02-07,3164.800049,3189.000000,3106.600098,3134.850098,2690.042725,454698
2020-02-10,3138.000000,3150.850098,3091.699951,3103.300049,2662.969238,386072
2020-02-11,3125.000000,3150.000000,3100.000000,3145.449951,2699.138672,274244
2020-02-12,3164.699951,3184.649902,3136.850098,3146.300049,2699.867920,345354
2020-02-13,3149.000000,3172.199951,3120.399902,3136.399902,2691.372559,268031
2020-02-14,3145.000000,3205.000000,3136.800049,3146.399902,2699.953613,381580
2020-02-17,3152.550049,3159.449951,3070.000000,3075.600098,2639.199707,269986
2020-02-18,3064.699951,3090.550049,3033.500000,3082.500000,2645.120850,337054
2020-02-19,3092.000000,3111.949951,3072.399902,3090.899902,2652.329102,220584
2020-02-20,3091.000000,3100.050049,3057.649902,3065.500000,2630.532715,256115
2020-02-24,3077.000000,3084.649902,2970.050049,2980.500000,2557.593506,499562
2020-02-25,2992.000000,3007.000000,2931.000000,2947.399902,2529.189941,527499
2020-02-26,2937.000000,2974.000000,2920.000000,2946.600098,2528.503906,445577
2020-02-27,2944.800049,2969.949951,2913.500000,2936.600098,2519.922607,416726
2020-02-28,2890.000000,2915.000000,2850.449951,2890.000000,2479.934814,925702
2020-03-02,2920.000000,2944.500000,2772.000000,2792.199951,2396.011719,1281846
2020-03-03,2700.000000,2730.000000,2653.000000,2692.250000,2413.989258,1459848
2020-03-04,2720.000000,2764.500000,2653.500000,2711.500000,2431.249756,954038
2020-03-05,2719.949951,2749.000000,2696.199951,2703.649902,2424.211182,384427
2020-03-06,2640.000000,2758.000000,2620.000000,2735.050049,2452.365479,658891
2020-03-09,2675.000000,2690.000000,2558.600098,2573.350098,2307.378662,706890
2020-03-11,2580.000000,2630.000000,2562.699951,2591.550049,2323.697510,641982
2020-03-12,2519.949951,2535.000000,2319.050049,2338.899902,2097.160156,799317
2020-03-13,2249.000000,2432.449951,2040.000000,2357.100098,2113.479492,883265
2020-03-16,2315.000000,2389.000000,2290.000000,2339.550049,2097.742920,963321
2020-03-17,2345.199951,2372.699951,2250.050049,2270.449951,2035.784912,658935
2020-03-18,2290.000000,2309.899902,2157.149902,2169.000000,1944.820435,593949
2020-03-19,2119.750000,2377.399902,2032.349976,2166.600098,1942.668579,1010352
2020-03-20,2189.899902,2298.899902,2153.949951,2242.300049,2010.544556,718313
2020-03-23,2052.000000,2389.000000,1900.000000,1935.550049,1735.499146,797154
2020-03-24,2000.000000,2057.899902,1788.650024,1937.150024,1736.933594,1210613
2020-03-25,1917.000000,1989.000000,1866.599976,1946.750000,1745.541504,606235
2020-03-26,1998.199951,2133.899902,1934.000000,2106.850098,1889.094238,989242
2020-03-27,2149.000000,2167.000000,2007.150024,2053.449951,1841.213135,938567
2020-03-30,2016.000000,2020.800049,1945.050049,1986.699951,1781.362305,462909
2020-03-31,2037.349976,2048.399902,1930.300049,2022.349976,1813.327637,762791
2020-04-01,2000.000000,2095.800049,1990.000000,2051.100098,1839.106323,869738
2020-04-03,2051.100098,2056.300049,1957.550049,2033.750000,1823.549316,692217
2020-04-07,2065.000000,2303.550049,2065.000000,2280.050049,2044.392944,1069857
2020-04-08,2180.000000,2383.449951,2168.550049,2241.699951,2010.006348,840875
2020-04-09,2290.000000,2524.949951,2289.899902,2435.949951,2184.179688,1788927
2020-04-13,2430.149902,2430.149902,2321.750000,2397.550049,2149.748535,654478
2020-04-15,2410.000000,2483.600098,2320.050049,2335.149902,2093.797852,986750
2020-04-16,2330.000000,2365.000000,2264.500000,2333.550049,2092.363281,944544
2020-04-17,2380.000000,2425.050049,2347.050049,2379.149902,2133.250244,690554
2020-04-20,2410.000000,2415.000000,2351.699951,2378.300049,2132.488037,427667
2020-04-21,2344.000000,2354.449951,2295.000000,2323.250000,2083.127686,702627
2020-04-22,2323.250000,2412.100098,2296.100098,2379.699951,2133.743164,712519
2020-04-23,2379.699951,2446.949951,2368.000000,2430.649902,2179.427246,1179211
2020-04-24,2410.000000,2472.000000,2381.000000,2445.350098,2192.607910,669287
2020-04-27,2470.000000,2551.850098,2453.250000,2505.750000,2246.765381,1128257
2020-04-28,2510.850098,2546.399902,2431.350098,2463.699951,2209.061523,646907
2020-04-29,2474.000000,2520.000000,2450.000000,2499.149902,2240.847412,525256
2020-04-30,2525.100098,2654.000000,2510.149902,2623.300049,2352.166016,1118513
2020-05-04,2550.000000,2554.949951,2415.399902,2442.149902,2189.738770,574557
2020-05-05,2475.000000,2488.899902,2400.800049,2422.800049,2172.389160,663761
2020-05-06,2425.000000,2495.000000,2361.300049,2471.850098,2216.369141,778602
2020-05-07,2470.000000,2485.750000,2400.000000,2406.550049,2157.818359,422145
2020-05-08,2446.050049,2450.000000,2401.050049,2419.050049,2169.026367,455821
2020-05-11,2430.000000,2624.949951,2428.000000,2566.300049,2301.056885,1627625
2020-05-12,2531.000000,2655.899902,2494.250000,2628.850098,2357.142334,1335103
2020-05-13,2774.000000,2774.000000,2671.350098,2696.000000,2417.351807,1257856
2020-05-14,2601.500000,2730.000000,2601.500000,2702.649902,2423.314209,893108
2020-05-15,2705.000000,2710.000000,2650.000000,2663.600098,2388.300537,645362
2020-05-18,2650.000000,2653.350098,2461.000000,2477.449951,2221.390137,1172714
2020-05-19,2518.000000,2555.000000,2486.899902,2509.300049,2249.948486,641584
2020-05-20,2496.000000,2580.449951,2477.449951,2557.750000,2293.390625,947430
2020-05-21,2634.500000,2724.199951,2621.250000,2640.350098,2367.453857,3481384
2020-05-22,2623.000000,2634.500000,2542.800049,2553.750000,2289.804199,1328364
2020-05-26,2580.000000,2597.949951,2533.600098,2564.850098,2299.757080,686475
2020-05-27,2569.000000,2605.000000,2540.300049,2580.550049,2313.834473,563888
2020-05-28,2588.000000,2619.500000,2450.000000,2600.000000,2331.273682,1087116
2020-05-29,2603.000000,2741.000000,2591.250000,2710.500000,2430.353027,2057601
2020-06-01,2730.000000,2790.000000,2725.449951,2758.300049,2473.212646,1008549
2020-06-02,2759.899902,2814.250000,2726.199951,2796.100098,2507.105957,1283507
2020-06-03,2825.000000,2876.500000,2770.100098,2783.399902,2495.718506,750002
2020-06-04,2778.000000,2833.199951,2756.000000,2817.250000,2526.070068,709462
2020-06-05,2842.000000,2842.899902,2762.000000,2776.300049,2489.352295,723898
2020-06-08,2800.000000,2814.000000,2745.000000,2801.050049,2511.544189,727119
2020-06-09,2805.100098,2814.600098,2766.000000,2791.149902,2502.667480,619517
2020-06-10,2790.199951,2803.949951,2703.350098,2717.199951,2436.360596,687626
2020-06-11,2717.199951,2758.000000,2703.399902,2718.550049,2437.571289,661173
2020-06-12,2610.250000,2799.050049,2610.250000,2782.149902,2494.597412,895700
2020-06-15,2774.000000,2774.000000,2707.949951,2728.550049,2446.537354,517425
2020-06-16,2764.000000,2786.949951,2702.850098,2718.449951,2437.481689,611383
2020-06-17,2718.449951,2737.800049,2674.199951,2689.449951,2411.478760,600388
2020-06-18,2689.449951,2697.149902,2646.149902,2678.350098,2401.526123,579578
2020-06-19,2690.000000,2710.000000,2655.000000,2674.350098,2397.939453,929078
2020-06-22,2690.000000,2873.949951,2659.550049,2855.750000,2560.590576,1872829
2020-06-23,2890.000000,2910.100098,2844.949951,2862.149902,2566.329102,1089848
2020-06-24,2899.800049,2979.899902,2805.649902,2817.250000,2526.070068,1616696
2020-06-25,2789.800049,2890.000000,2772.699951,2820.449951,2528.938965,1341923
2020-06-26,2853.699951,2900.000000,2825.000000,2867.600098,2571.215820,1227656
2020-06-29,2825.000000,2870.000000,2815.000000,2859.500000,2563.953125,680236
2020-06-30,2902.399902,2913.449951,2815.000000,2826.050049,2533.960449,751691
2020-07-01,2838.050049,2872.000000,2828.600098,2842.050049,2548.306885,525799
2020-07-02,2857.899902,2903.449951,2837.100098,2879.350098,2581.751709,754915
2020-07-03,2899.000000,2960.000000,2887.600098,2932.399902,2629.318359,1394992
2020-07-06,2942.050049,2946.000000,2884.000000,2897.100098,2597.666748,1126381
2020-07-07,2901.000000,2974.000000,2826.550049,2847.149902,2552.879395,2168021
2020-07-08,2882.000000,2899.000000,2811.600098,2852.449951,2557.631836,1348810
2020-07-09,2878.000000,2895.000000,2840.199951,2882.000000,2584.127441,700469
2020-07-10,2875.000000,2915.000000,2856.399902,2894.699951,2595.514893,688336
2020-07-13,2898.899902,2910.000000,2876.800049,2900.000000,2600.267090,481601
2020-07-14,2898.000000,2909.899902,2847.000000,2899.500000,2599.818848,612986
2020-07-15,2915.000000,2955.000000,2900.000000,2942.050049,2637.971191,905297
2020-07-16,2944.000000,2950.000000,2898.899902,2942.300049,2638.195313,525135
2020-07-17,2950.000000,3000.000000,2925.000000,2995.000000,2685.448242,687105
2020-07-20,3001.000000,3020.000000,2974.000000,3002.550049,2692.218018,766788
2020-07-21,3015.000000,3057.000000,2990.000000,3004.300049,2693.787354,834544
2020-07-22,3011.000000,3030.149902,2906.550049,2985.399902,2676.840576,2050770
2020-07-23,2965.000000,3050.000000,2939.649902,3032.100098,2718.713867,1057181
2020-07-24,3030.000000,3030.000000,2978.000000,2985.500000,2676.930176,543609
2020-07-27,2990.000000,3035.000000,2934.050049,3020.500000,2708.312744,621957
2020-07-28,3021.000000,3130.000000,3018.000000,3119.350098,2796.945801,1263659
2020-07-29,3127.050049,3149.000000,3080.850098,3099.300049,2778.968506,582910
2020-07-30,3110.000000,3129.949951,3039.350098,3048.949951,2733.822266,570166
2020-07-31,3068.850098,3077.899902,2991.600098,3004.949951,2694.369629,561196
2020-08-03,2990.000000,3069.899902,2910.000000,2917.449951,2615.913574,1246016
2020-08-04,2939.000000,2999.000000,2922.050049,2969.949951,2662.987549,706322
2020-08-05,2986.199951,3035.449951,2972.000000,3009.000000,2698.001221,678314
2020-08-06,3024.800049,3075.000000,2976.399902,2991.800049,2682.579102,853222
2020-08-07,2991.800049,3019.000000,2975.000000,3001.699951,2691.455811,515510
2020-08-10,3001.699951,3025.000000,2971.000000,2993.800049,2684.372559,442147
2020-08-11,3020.800049,3060.000000,2995.750000,3007.449951,2696.611572,696792
2020-08-12,3007.449951,3035.000000,2982.500000,3023.000000,2710.554199,489280
2020-08-13,3040.000000,3040.000000,3000.000000,3017.949951,2706.026367,462333
2020-08-14,3022.000000,3028.250000,2976.000000,2987.550049,2678.768311,542458
2020-08-17,3014.000000,3126.000000,2992.000000,3115.600098,2793.583252,1577193
2020-08-18,3124.000000,3147.000000,3093.000000,3104.800049,2783.899902,825757
2020-08-19,3110.000000,3159.000000,3048.750000,3059.800049,2743.550781,953142
2020-08-20,3059.000000,3065.000000,3025.350098,3036.949951,2723.062500,563069
2020-08-21,3062.000000,3075.000000,3038.000000,3053.149902,2737.588135,395723
2020-08-24,3062.899902,3096.000000,3026.750000,3039.350098,2725.214600,562548
2020-08-25,3054.399902,3054.399902,2991.699951,3009.399902,2698.360107,652358
2020-08-26,3080.050049,3138.000000,3071.300049,3082.199951,2763.635498,2026040
2020-08-27,3082.199951,3088.750000,3025.199951,3043.000000,2728.487061,711504
2020-08-28,3044.000000,3062.449951,3002.000000,3014.149902,2702.618896,679405
2020-08-31,3025.000000,3029.000000,2946.100098,2967.000000,2660.342285,2787032
2020-09-01,2947.000000,3004.000000,2930.000000,2958.399902,2652.631104,755670
2020-09-02,2950.000000,2969.699951,2847.050049,2880.550049,2582.827393,1946352
2020-09-03,2909.050049,2923.699951,2886.050049,2896.399902,2597.039063,785527
2020-09-04,2880.000000,2926.100098,2840.000000,2883.199951,2585.203369,1499317
2020-09-07,2898.350098,2906.850098,2830.050049,2898.199951,2598.653076,807657
2020-09-08,2899.949951,2918.000000,2866.250000,2901.750000,2601.836426,798195
2020-09-09,2875.000000,2921.699951,2852.000000,2910.149902,2609.367920,677328
2020-09-10,2917.100098,2924.350098,2871.500000,2914.699951,2613.447754,686071
2020-09-11,2914.000000,2941.949951,2903.899902,2916.350098,2614.927490,683992
2020-09-14,2922.000000,2988.000000,2895.000000,2957.699951,2652.003174,1185683
2020-09-15,2957.399902,2960.000000,2921.050049,2937.350098,2633.756836,632573
2020-09-16,2942.500000,3049.000000,2937.399902,3037.949951,2723.959229,1865973
2020-09-17,3015.000000,3029.949951,2985.250000,3019.199951,2707.147217,687069
2020-09-18,3023.100098,3070.000000,2996.000000,3050.949951,2735.615234,937014
2020-09-21,3045.949951,3045.949951,2960.100098,2986.699951,2678.006104,779499
2020-09-22,2984.199951,3009.449951,2942.100098,2985.850098,2677.243896,690800
2020-09-23,2993.000000,3047.600098,2955.000000,2986.199951,2677.557861,949248
2020-09-24,2964.899902,3001.899902,2912.800049,2931.850098,2628.825195,736921
2020-09-25,2954.949951,2998.500000,2926.050049,2957.399902,2651.734375,559314
2020-09-28,2976.899902,3022.300049,2952.850098,2966.350098,2659.759521,902239
2020-09-29,2992.699951,3011.000000,2890.000000,2897.500000,2598.025635,1189292
2020-09-30,2897.550049,2939.000000,2870.000000,2881.100098,2583.320557,1095715
2020-10-01,2940.000000,3113.949951,2940.000000,2985.399902,2676.840576,4741959
2020-10-05,3016.399902,3020.000000,2930.050049,2952.300049,2647.161865,904969
2020-10-06,2985.000000,2993.000000,2951.000000,2972.250000,2665.049561,678723
2020-10-07,2975.000000,3097.949951,2954.550049,3077.399902,2759.331787,2126243
2020-10-08,3070.000000,3110.800049,3051.000000,3074.550049,2756.776611,1009344
2020-10-09,3080.000000,3097.649902,3027.600098,3059.800049,2743.550781,698666
2020-10-12,3051.000000,3074.649902,3011.100098,3022.750000,2710.330078,632718
2020-10-13,3025.000000,3051.100098,2996.199951,3034.449951,2720.821045,456767
2020-10-14,3037.949951,3075.000000,3020.000000,3054.149902,2738.484863,822555
2020-10-15,3059.949951,3130.000000,3019.449951,3027.399902,2714.499512,1076100
2020-10-16,3030.000000,3092.000000,3029.000000,3044.750000,2730.056152,548742
2020-10-19,3070.000000,3071.949951,2970.199951,2980.000000,2671.998779,598192
2020-10-20,2980.000000,3018.550049,2957.000000,3004.199951,2693.697510,899774
2020-10-21,3030.000000,3039.149902,2992.050049,3018.000000,2706.071289,982019
2020-10-22,3009.800049,3039.449951,2977.000000,3006.199951,2695.490723,1701072
2020-10-23,3030.000000,3095.500000,2997.149902,3082.250000,2763.680664,1217651
2020-10-26,3097.949951,3113.750000,2885.000000,2895.149902,2595.918457,2140237
2020-10-27,2910.000000,2972.250000,2853.050049,2947.350098,2642.723389,1812330
2020-10-28,2947.000000,2967.000000,2890.199951,2944.050049,2639.764404,1197897
2020-10-29,2918.949951,2934.000000,2885.000000,2925.350098,2622.997314,714820
2020-10-30,2940.000000,2963.199951,2880.100098,2886.899902,2588.521240,722940
2020-11-02,2918.000000,2934.850098,2822.449951,2843.699951,2549.785889,926407
2020-11-03,2855.199951,2929.949951,2855.199951,2914.850098,2613.582275,951287
2020-11-04,2905.000000,2947.750000,2882.399902,2926.100098,2623.669922,710858
2020-11-05,2951.000000,2970.000000,2927.000000,2949.300049,2644.471680,507235
2020-11-06,2960.000000,3000.000000,2955.000000,2977.399902,2669.667236,889565
2020-11-09,2990.000000,3022.000000,2980.000000,3001.949951,2691.680176,550477
2020-11-10,3015.000000,3022.500000,2967.000000,2997.500000,2687.689941,664054
2020-11-11,3017.699951,3040.000000,2986.550049,3023.100098,2710.643799,782511
2020-11-12,3025.000000,3040.899902,2996.250000,3017.449951,2705.577881,646257
2020-11-13,3010.000000,3048.000000,2995.600098,3040.750000,2726.469727,557563
2020-11-14,3055.649902,3065.000000,3030.000000,3041.899902,2727.500732,59697
2020-11-17,3034.000000,3048.899902,2996.449951,3045.149902,2730.414795,501135
2020-11-18,3055.800049,3055.800049,3003.899902,3037.899902,2723.914307,455293
2020-11-19,3033.000000,3056.500000,3010.000000,3034.250000,2720.641602,888406
2020-11-20,3033.000000,3085.000000,3022.000000,3058.550049,2742.429932,820220
2020-11-23,3068.000000,3085.000000,3030.600098,3077.750000,2759.645508,493600
2020-11-24,3077.000000,3122.000000,3053.000000,3095.699951,2775.740234,858928
2020-11-25,3100.000000,3160.000000,3041.000000,3051.250000,2735.884521,1219151
2020-11-26,3053.000000,3150.000000,3053.000000,3129.199951,2805.777832,1264680
2020-11-27,3144.899902,3249.000000,3135.699951,3173.550049,2845.544189,2548347
2020-12-01,3175.100098,3248.949951,3161.000000,3243.649902,2908.398926,1400851
2020-12-02,3243.649902,3348.000000,3221.500000,3338.149902,2993.131592,1707284
2020-12-03,3368.699951,3371.199951,3281.000000,3294.399902,2953.903320,965142
2020-12-04,3298.300049,3344.550049,3288.199951,3311.399902,2969.146484,739106
2020-12-07,3311.399902,3335.000000,3267.800049,3319.550049,2976.454102,481597
2020-12-08,3320.000000,3384.750000,3300.550049,3326.199951,2982.416748,823352
2020-12-09,3335.000000,3353.649902,3300.000000,3306.550049,2964.797852,397850
2020-12-10,3306.199951,3319.949951,3272.050049,3290.850098,2950.720459,469288
2020-12-11,3295.600098,3337.149902,3285.550049,3327.649902,2983.716797,611154
2020-12-14,3327.649902,3334.550049,3265.000000,3289.000000,2949.061768,425416
2020-12-15,3284.000000,3347.199951,3262.000000,3271.649902,2933.504639,746643
2020-12-16,3289.000000,3308.449951,3252.000000,3303.500000,2962.062988,616704
2020-12-17,3307.100098,3330.000000,3258.000000,3270.449951,2932.428711,678073
2020-12-18,3275.899902,3363.000000,3270.899902,3347.550049,3001.560059,1362381
2020-12-21,3352.500000,3355.000000,3198.500000,3238.250000,2903.556885,797760
2020-12-22,3245.000000,3285.000000,3172.000000,3265.300049,2927.811035,825331
2020-12-23,3281.000000,3318.949951,3261.000000,3309.649902,2967.577393,816586
2020-12-24,3318.000000,3423.550049,3316.050049,3374.750000,3025.948730,1567636
2020-12-28,3388.000000,3422.000000,3374.000000,3414.699951,3061.769775,536954
2020-12-29,3433.000000,3459.899902,3420.050049,3431.550049,3076.878418,682613
2020-12-30,3437.199951,3472.850098,3405.250000,3448.149902,3091.762207,639180
2020-12-31,3464.949951,3464.949951,3426.850098,3444.050049,3088.086426,410959
2021-01-01,3446.000000,3494.000000,3446.000000,3481.250000,3121.441406,421643
2021-01-04,3490.000000,3528.000000,3465.000000,3522.449951,3158.382813,647829
2021-01-05,3500.250000,3505.000000,3475.000000,3492.649902,3131.663086,561562
2021-01-06,3492.649902,3527.000000,3435.899902,3462.699951,3104.808594,591620
2021-01-07,3500.000000,3507.350098,3428.250000,3437.949951,3082.616943,531361
2021-01-08,3469.000000,3544.600098,3438.050049,3529.149902,3164.390381,675643
2021-01-11,3531.000000,3634.550049,3521.000000,3617.350098,3243.474854,788461
2021-01-12,3611.949951,3642.800049,3558.100098,3624.250000,3249.661377,863270
2021-01-13,3624.250000,3633.000000,3577.000000,3600.899902,3228.724609,515154
2021-01-14,3600.000000,3658.649902,3545.000000,3576.050049,3206.443359,743848
2021-01-15,3588.000000,3623.000000,3541.000000,3580.300049,3210.254150,684649
2021-01-18,3552.000000,3618.050049,3505.000000,3563.750000,3195.414551,602004
2021-01-19,3565.750000,3664.000000,3561.100098,3641.000000,3264.680420,586410
2021-01-20,3640.000000,3692.800049,3629.350098,3643.949951,3267.325195,549040
2021-01-21,3672.000000,3807.000000,3655.199951,3703.300049,3320.541016,1533886
2021-01-22,3749.949951,4130.000000,3740.050049,4089.500000,3666.824951,8537143
2021-01-25,4150.000000,4210.000000,4060.000000,4168.950195,3738.063477,2368224
2021-01-27,4133.399902,4236.649902,4108.100098,4146.350098,3717.799316,2062088
2021-01-28,4080.000000,4190.000000,4076.600098,4135.799805,3708.339600,1262871
2021-01-29,4168.000000,4205.350098,3990.000000,4005.800049,3591.776123,1406268
2021-02-01,4064.000000,4141.000000,3975.050049,4114.700195,3689.420654,745011
2021-02-02,4155.799805,4271.149902,4117.250000,4201.450195,3767.204346,1167922
2021-02-03,4205.000000,4259.149902,4160.100098,4236.350098,3798.497070,681937
2021-02-04,4236.350098,4361.399902,4200.000000,4223.500000,3786.975342,1163598
2021-02-05,4260.000000,4272.799805,4161.000000,4231.250000,3793.924316,729191
2021-02-08,4231.450195,4258.500000,4195.000000,4237.450195,3799.483643,616236
2021-02-09,4228.399902,4238.000000,4145.000000,4154.899902,3725.465332,721336
2021-02-10,4160.000000,4215.000000,4100.100098,4151.549805,3722.461670,989105
2021-02-11,4155.000000,4202.399902,4126.450195,4181.899902,3749.674805,546983
2021-02-12,4179.000000,4195.799805,4117.000000,4136.049805,3708.563477,360063
2021-02-15,4152.200195,4194.649902,4111.649902,4122.299805,3696.235107,287922
2021-02-16,4130.000000,4177.600098,4124.000000,4132.850098,3705.694580,318280
2021-02-17,4117.000000,4205.000000,4111.000000,4165.700195,3735.149414,554383
2021-02-18,4200.000000,4200.000000,4102.100098,4115.450195,3690.093018,440460
2021-02-19,4106.000000,4106.700195,3977.199951,4001.100098,3587.561768,762200
2021-02-22,4010.000000,4040.000000,3926.850098,3971.550049,3561.065674,762310
2021-02-23,3952.000000,3998.699951,3890.199951,3912.250000,3507.894775,802871
2021-02-24,3927.000000,3950.000000,3855.350098,3931.850098,3525.468994,399843
2021-02-25,3936.000000,3980.000000,3910.050049,3944.800049,3537.080566,632973
2021-02-26,3910.500000,3943.100098,3773.050049,3798.699951,3406.081055,732210
2021-03-01,3798.699951,3858.800049,3751.000000,3814.050049,3419.844727,724589
2021-03-02,3822.000000,3962.149902,3781.500000,3944.050049,3536.408203,735847
2021-03-03,3985.000000,3985.000000,3863.600098,3901.100098,3497.897461,615104
2021-03-04,3875.000000,3927.600098,3841.000000,3879.050049,3478.126221,611769
2021-03-05,3852.100098,3913.250000,3821.750000,3852.850098,3454.634277,719936
2021-03-08,3848.000000,3848.000000,3770.000000,3798.750000,3406.125732,818275
2021-03-09,3802.199951,3829.699951,3776.000000,3798.750000,3406.125732,526071
2021-03-10,3820.000000,3879.000000,3802.000000,3867.550049,3467.815186,545219
2021-03-12,3878.000000,3878.000000,3734.800049,3746.399902,3359.186523,1119478
2021-03-15,3775.000000,3775.000000,3621.050049,3664.649902,3285.885742,1024257
2021-03-16,3673.149902,3690.000000,3635.000000,3654.449951,3276.739990,858553
2021-03-17,3650.000000,3678.000000,3555.800049,3569.600098,3200.659912,773240
2021-03-18,3598.000000,3692.949951,3565.000000,3664.500000,3285.751221,1285600
2021-03-19,3653.949951,3673.000000,3570.199951,3650.050049,3272.795166,1132705
2021-03-22,3650.199951,3685.000000,3634.300049,3664.750000,3285.975586,502724
2021-03-23,3665.550049,3709.949951,3641.250000,3678.350098,3298.169922,581531
2021-03-24,3661.000000,3698.000000,3590.949951,3603.550049,3231.101074,507559
2021-03-25,3615.000000,3615.000000,3497.000000,3501.600098,3139.688232,808505
2021-03-26,3517.100098,3619.250000,3517.100098,3600.050049,3227.962646,691000
2021-03-30,3604.250000,3674.750000,3581.350098,3666.699951,3287.723877,749230
2021-03-31,3650.000000,3683.600098,3612.050049,3670.600098,3291.220947,694645
2021-04-01,3704.000000,3764.300049,3690.199951,3743.050049,3356.182861,861229
2021-04-05,3700.050049,3740.000000,3576.050049,3598.500000,3226.572754,723573
2021-04-06,3639.949951,3640.000000,3602.250000,3615.500000,3241.815918,501882
2021-04-07,3605.000000,3693.449951,3596.250000,3680.199951,3299.828369,346982
2021-04-08,3698.949951,3698.949951,3645.000000,3649.800049,3272.570801,414020
2021-04-09,3640.000000,3694.000000,3625.000000,3651.300049,3273.915527,484807
2021-04-12,3579.500000,3599.000000,3480.050049,3541.000000,3175.016113,724230
2021-04-13,3569.000000,3623.699951,3515.199951,3602.449951,3230.114746,412122
2021-04-15,3602.449951,3655.550049,3526.100098,3597.500000,3225.676270,614450
2021-04-16,3580.000000,3657.500000,3569.949951,3634.649902,3258.986328,526787
2021-04-19,3525.199951,3562.000000,3447.000000,3515.550049,3152.196289,601819
2021-04-20,3585.350098,3624.300049,3555.100098,3600.899902,3228.724609,676558
2021-04-22,3594.800049,3694.000000,3573.000000,3681.399902,3300.904785,1005711
2021-04-23,3680.000000,3709.600098,3640.000000,3672.500000,3292.924561,631762
2021-04-26,3682.199951,3749.000000,3676.000000,3738.850098,3352.416748,480016
2021-04-27,3738.850098,3798.000000,3727.199951,3785.500000,3394.245361,518487
2021-04-28,3810.050049,3954.000000,3807.000000,3889.750000,3487.720459,1252958
2021-04-29,3943.000000,3954.300049,3807.100098,3836.449951,3439.929199,1335444
2021-04-30,3805.000000,3966.350098,3800.000000,3833.750000,3437.508545,1340273
2021-05-03,3815.000000,3906.800049,3785.000000,3851.850098,3453.737549,796444
2021-05-04,3877.000000,3888.000000,3815.050049,3830.350098,3434.459961,408324
2021-05-05,3842.199951,3852.600098,3784.100098,3843.800049,3446.520020,371452
2021-05-06,3852.000000,3970.000000,3852.000000,3941.199951,3533.852539,938078
2021-05-07,3954.500000,3967.800049,3853.949951,3866.750000,3467.097656,486456
2021-05-10,3900.000000,3903.850098,3844.500000,3868.649902,3468.801270,306598
2021-05-11,3860.000000,3894.699951,3811.250000,3879.300049,3478.350586,453808
2021-05-12,3866.000000,3900.000000,3847.199951,3875.250000,3474.718994,499840
2021-05-14,3880.300049,3894.149902,3814.000000,3848.800049,3451.002686,481619
2021-05-17,3845.000000,3924.399902,3833.199951,3864.399902,3464.990479,427552
2021-05-18,3898.699951,4078.000000,3867.399902,4067.199951,3646.829834,1371585
2021-05-19,4075.000000,4112.000000,4047.800049,4095.949951,3672.608398,788882
2021-05-20,4095.949951,4129.000000,4062.100098,4071.199951,3650.416504,465579
2021-05-21,4082.199951,4132.000000,4055.100098,4125.549805,3699.148926,378016
2021-05-24,4125.000000,4184.850098,4107.399902,4142.299805,3714.167725,500267
2021-05-25,4165.549805,4187.000000,4141.000000,4150.100098,3721.161865,297915
2021-05-26,4150.100098,4180.000000,4142.000000,4166.299805,3735.687012,261524
2021-05-27,4170.000000,4274.000000,4152.750000,4246.100098,3807.239502,878610
2021-05-28,4240.200195,4256.000000,4187.649902,4199.500000,3765.455811,285520
2021-05-31,4190.000000,4228.700195,4167.000000,4192.799805,3759.448242,321021
2021-06-01,4204.899902,4347.000000,4204.899902,4238.950195,3800.828613,1248169
2021-06-02,4227.899902,4305.899902,4200.000000,4295.049805,3851.129639,351583
2021-06-03,4294.299805,4300.000000,4242.000000,4273.350098,3831.673096,323999
2021-06-04,4264.399902,4295.450195,4240.000000,4250.049805,3810.781250,374317
2021-06-07,4258.549805,4284.899902,4240.000000,4249.750000,3810.512207,159646
2021-06-08,4250.000000,4275.000000,4234.000000,4269.899902,3828.579346,150816
2021-06-09,4268.000000,4272.500000,4201.000000,4224.500000,3787.871826,262617
2021-06-10,4229.000000,4233.500000,4166.000000,4179.899902,3747.881348,332571
2021-06-11,4185.000000,4216.850098,4162.000000,4172.500000,3741.246338,188155
2021-06-14,4173.000000,4195.500000,4127.149902,4146.500000,3717.933594,200657
2021-06-15,4155.000000,4171.799805,4131.100098,4138.100098,3710.402100,138010
2021-06-16,4138.100098,4158.049805,4102.000000,4110.450195,3685.609619,216236
2021-06-17,4120.000000,4120.000000,4042.050049,4053.899902,3634.904297,357704
2021-06-18,4055.000000,4193.350098,4030.000000,4167.100098,3736.404541,701993
2021-06-21,4153.000000,4196.000000,4106.450195,4182.649902,3750.347168,374649
2021-06-22,4183.299805,4230.600098,4155.299805,4221.600098,3785.271729,591793
2021-06-23,4230.000000,4259.649902,4191.250000,4198.600098,3764.648926,418053
2021-06-24,4190.000000,4236.200195,4156.750000,4226.899902,3790.023926,314542
2021-06-25,4220.000000,4249.000000,4178.000000,4196.149902,3762.451904,175051
2021-06-28,4196.149902,4205.250000,4166.000000,4183.450195,3751.064941,158954
2021-06-29,4185.000000,4188.850098,4117.000000,4124.649902,3698.342041,332405
2021-06-30,4130.000000,4164.000000,4119.799805,4133.850098,3706.591309,331122
2021-07-01,4141.000000,4250.000000,4141.000000,4204.549805,3769.983643,755502
2021-07-02,4229.500000,4229.500000,4171.000000,4175.350098,3743.802002,375525
2021-07-05,4191.600098,4249.899902,4186.850098,4201.500000,3767.249512,375703
2021-07-06,4203.500000,4249.000000,4172.000000,4195.399902,3761.779541,515181
2021-07-07,4200.000000,4224.000000,4170.000000,4188.250000,3755.368408,392794
2021-07-08,4068.699951,4118.399902,4030.550049,4077.300049,3782.316895,625491
2021-07-09,4077.000000,4079.949951,3990.000000,3995.899902,3706.805908,656635
2021-07-12,4018.000000,4030.000000,3946.899902,3956.149902,3669.931641,512870
2021-07-13,3985.000000,4019.699951,3954.550049,3966.100098,3679.161865,614101
2021-07-14,3969.000000,4003.100098,3940.000000,3953.850098,3667.798096,527932
2021-07-15,3954.000000,3969.949951,3930.300049,3940.000000,3654.950195,310788
2021-07-16,3958.000000,3960.600098,3925.000000,3931.949951,3647.482666,323569
2021-07-19,3922.000000,3939.000000,3875.000000,3882.850098,3601.935059,408067
2021-07-20,3887.899902,3932.449951,3881.899902,3905.399902,3622.853271,467908
2021-07-22,3920.000000,4013.649902,3781.600098,3853.199951,3574.429688,1707977
2021-07-23,3873.000000,3925.000000,3825.050049,3841.899902,3563.947266,709478
2021-07-26,3852.000000,3871.300049,3830.000000,3836.350098,3558.799072,408134
2021-07-27,3850.000000,3859.000000,3812.000000,3821.399902,3544.930664,391373
2021-07-28,3834.000000,3841.449951,3781.000000,3818.500000,3542.240479,235770
2021-07-29,3827.800049,3827.800049,3750.000000,3763.750000,3491.451660,355185
2021-07-30,3776.000000,3858.000000,3753.149902,3829.600098,3552.537354,511767
2021-08-02,3874.000000,3880.000000,3813.199951,3841.550049,3563.622803,351187
2021-08-03,3830.000000,3838.000000,3805.649902,3828.199951,3551.238770,408981
2021-08-04,3835.000000,3864.850098,3816.000000,3832.000000,3554.763672,363955
2021-08-05,3842.000000,3858.000000,3813.600098,3818.750000,3542.472168,333818
2021-08-06,3833.000000,3872.350098,3797.250000,3847.850098,3569.467041,504011
2021-08-09,3858.149902,3898.899902,3837.050049,3855.149902,3576.238770,396098
2021-08-10,3857.000000,3861.750000,3785.100098,3797.949951,3523.177246,253258
2021-08-11,3800.000000,3806.250000,3695.199951,3727.149902,3457.499268,497724
2021-08-12,3746.800049,3777.000000,3736.000000,3769.350098,3496.646240,316454
2021-08-13,3780.000000,3860.000000,3760.000000,3825.750000,3548.965820,581862
2021-08-16,3826.000000,3829.000000,3744.000000,3748.449951,3477.258301,294567
2021-08-17,3749.000000,3819.500000,3741.550049,3807.449951,3531.989746,319770
2021-08-18,3810.000000,3856.050049,3775.000000,3833.050049,3555.737793,493285
2021-08-20,3780.000000,3825.000000,3725.800049,3751.500000,3480.087646,301943
2021-08-23,3787.899902,3787.899902,3647.149902,3668.250000,3402.860596,455643
2021-08-24,3690.000000,3722.000000,3653.699951,3714.750000,3445.996582,276602
2021-08-25,3731.449951,3759.949951,3680.000000,3689.649902,3422.712158,398715
2021-08-26,3689.649902,3719.649902,3670.000000,3691.399902,3424.335693,283891
2021-08-27,3707.399902,3749.899902,3679.000000,3699.449951,3431.803223,274822
2021-08-30,3717.899902,3756.600098,3705.000000,3720.399902,3451.237549,561903
2021-08-31,3732.949951,3739.000000,3705.600098,3727.850098,3458.148682,693952
2021-09-01,3754.000000,3810.000000,3730.100098,3758.300049,3486.395752,585605
2021-09-02,3789.000000,3789.000000,3717.000000,3720.949951,3451.747803,474397
2021-09-03,3726.000000,3809.500000,3725.000000,3757.500000,3485.653564,740269
2021-09-06,3784.449951,3829.000000,3770.000000,3781.100098,3507.546143,779715
2021-09-07,3796.800049,3800.649902,3762.149902,3770.699951,3497.898438,450262
2021-09-08,3769.750000,3769.750000,3718.000000,3725.350098,3455.829590,396710
2021-09-09,3724.899902,3728.949951,3695.000000,3700.600098,3432.870361,479537
2021-09-13,3699.000000,3720.000000,3680.000000,3699.550049,3431.895996,342427
2021-09-14,3717.399902,3767.000000,3690.000000,3751.050049,3479.670410,741880
2021-09-15,3762.600098,3801.600098,3758.050049,3779.100098,3505.691162,510406
2021-09-16,3798.000000,3834.000000,3780.050049,3813.500000,3537.602051,558125
2021-09-17,3840.000000,3879.399902,3810.449951,3822.199951,3545.672607,1304667
2021-09-20,3813.399902,3813.399902,3735.000000,3776.050049,3502.861572,399648
2021-09-21,3777.000000,3793.850098,3696.000000,3728.800049,3459.030029,354217
2021-09-22,3732.000000,3770.000000,3722.050049,3757.149902,3485.328857,245919
2021-09-23,3757.149902,3820.000000,3757.149902,3799.199951,3524.336426,228970
2021-09-24,3800.000000,3849.100098,3787.050049,3809.800049,3534.169922,363519
2021-09-27,3831.000000,3924.800049,3822.800049,3913.399902,3630.274414,962801
2021-09-28,3929.000000,3944.800049,3875.399902,3908.699951,3625.914795,478682
2021-09-29,3900.000000,3935.899902,3850.000000,3899.250000,3617.148193,379896
2021-09-30,3892.250000,3896.399902,3812.000000,3832.649902,3555.366455,576711
2021-10-01,3820.000000,3880.750000,3802.649902,3852.600098,3573.873535,407091
2021-10-04,3856.449951,3884.600098,3821.250000,3825.949951,3549.151367,237249
2021-10-05,3824.449951,3873.899902,3820.000000,3864.000000,3584.448730,287612
2021-10-06,3876.000000,3884.000000,3760.000000,3770.050049,3497.295410,383507
2021-10-07,3815.000000,3868.649902,3785.000000,3828.550049,3551.563477,343916
2021-10-08,3843.550049,3878.550049,3806.100098,3815.550049,3539.503662,215542
2021-10-11,3845.000000,3879.899902,3830.350098,3852.100098,3573.409424,239321
2021-10-12,3860.000000,3994.500000,3858.000000,3978.750000,3690.896729,1353877
2021-10-13,3994.949951,4050.000000,3956.600098,3967.649902,3680.599365,648769
2021-10-14,3970.000000,4009.050049,3954.199951,3965.899902,3678.976074,272066
2021-10-18,3861.000000,3969.699951,3861.000000,3915.949951,3632.640137,463126
2021-10-19,3930.199951,3955.000000,3892.250000,3911.550049,3628.558594,275481
2021-10-20,3903.750000,3909.899902,3828.000000,3848.649902,3570.208984,321450
2021-10-21,3870.000000,3875.149902,3769.500000,3804.000000,3528.789551,373336
2021-10-22,3839.449951,3910.000000,3813.050049,3866.500000,3586.767822,408499
2021-10-25,3854.000000,3884.750000,3735.000000,3763.750000,3491.451660,306195
2021-10-26,3779.850098,3811.800049,3762.250000,3791.750000,3517.425537,170050
2021-10-27,3795.000000,3815.000000,3760.000000,3776.500000,3503.278809,251226
2021-10-28,3854.949951,3860.000000,3688.850098,3700.699951,3432.962891,706705
2021-10-29,3720.000000,3754.850098,3665.000000,3707.250000,3439.039307,316325
2021-11-01,3721.800049,3750.000000,3681.600098,3726.149902,3456.571777,228051
2021-11-02,3735.000000,3790.000000,3727.050049,3741.850098,3471.135986,250053
2021-11-03,3726.199951,3763.949951,3689.050049,3698.399902,3430.829346,261709
2021-11-04,3718.500000,3764.899902,3718.500000,3759.350098,3487.369873,65679
2021-11-08,3791.000000,3800.000000,3743.600098,3777.300049,3504.020996,261609
2021-11-09,3780.000000,3845.000000,3772.000000,3794.449951,3519.930420,521920
2021-11-10,3790.000000,3801.600098,3744.000000,3771.699951,3498.826172,373526
2021-11-11,3774.500000,3781.850098,3726.000000,3749.949951,3478.649902,446382
2021-11-12,3782.000000,3782.000000,3615.699951,3635.050049,3372.062500,745428
2021-11-15,3651.000000,3673.899902,3580.050049,3601.149902,3340.614990,551238
2021-11-16,3612.899902,3651.800049,3583.100098,3608.699951,3347.618896,473529
2021-11-17,3610.000000,3644.000000,3576.399902,3583.800049,3324.520508,348752
2021-11-18,3590.500000,3594.899902,3525.000000,3547.550049,3290.892822,384426
2021-11-22,3570.000000,3570.000000,3426.000000,3444.199951,3195.020020,422572
2021-11-23,3440.000000,3448.500000,3376.050049,3434.850098,3186.346680,713102
2021-11-24,3459.000000,3459.000000,3385.649902,3407.100098,3160.604248,287005
2021-11-25,3402.000000,3413.899902,3377.050049,3391.699951,3146.318115,264226
2021-11-26,3370.000000,3383.500000,3320.000000,3334.600098,3093.349365,341506
2021-11-29,3321.000000,3354.350098,3246.199951,3298.199951,3059.582520,403739
2021-11-30,3296.000000,3322.949951,3223.050049,3240.300049,3005.871582,682518
2021-12-01,3280.000000,3294.199951,3227.300049,3249.550049,3014.452637,551434
2021-12-02,3259.949951,3337.350098,3236.500000,3328.399902,3087.597900,502905
2021-12-03,3335.000000,3343.149902,3280.600098,3287.850098,3049.981689,315536
2021-12-06,3297.800049,3300.000000,3242.699951,3249.750000,3014.638184,251407
2021-12-07,3284.949951,3317.000000,3261.000000,3286.449951,3048.682861,286908
2021-12-08,3302.850098,3337.949951,3297.000000,3332.050049,3090.984131,334037
2021-12-09,3350.000000,3350.000000,3306.000000,3341.000000,3099.286377,237723
2021-12-10,3320.199951,3364.199951,3320.000000,3344.750000,3102.764893,220039
2021-12-13,3367.000000,3372.449951,3295.000000,3305.449951,3066.308350,214515
2021-12-14,3300.000000,3305.000000,3268.000000,3291.649902,3053.506836,181626
2021-12-15,3289.649902,3329.850098,3275.000000,3294.500000,3056.150635,295667
2021-12-16,3327.750000,3327.750000,3227.350098,3253.149902,3017.792236,324140
2021-12-17,3248.050049,3261.800049,3149.100098,3179.149902,2949.145752,3170631
2021-12-20,3149.899902,3171.100098,3027.050049,3105.199951,2880.545654,595625
2021-12-21,3112.000000,3160.050049,3092.000000,3130.800049,2904.293945,326850
2021-12-22,3132.000000,3173.550049,3126.000000,3135.850098,2908.978516,294578
2021-12-23,3150.000000,3190.949951,3138.000000,3174.100098,2944.461426,224147
2021-12-24,3181.300049,3195.000000,3135.000000,3152.050049,2924.006592,123753
2021-12-27,3145.000000,3174.149902,3122.000000,3154.100098,2925.908203,94069
2021-12-28,3161.199951,3187.550049,3150.000000,3176.050049,2946.270508,214640
2021-12-29,3188.750000,3269.000000,3152.050049,3262.500000,3026.465820,563709
2021-12-30,3278.000000,3279.149902,3187.000000,3200.800049,2969.229492,594987
2021-12-31,3230.000000,3264.699951,3217.000000,3249.250000,3014.174316,248103
2022-01-03,3258.699951,3292.600098,3251.500000,3277.100098,3040.009521,266680
2022-01-04,3284.000000,3316.000000,3270.649902,3289.149902,3051.187500,244503
2022-01-05,3289.149902,3365.000000,3281.000000,3358.550049,3115.566650,312215
2022-01-06,3344.800049,3429.000000,3333.000000,3418.199951,3170.901123,410181
2022-01-07,3437.500000,3437.500000,3377.000000,3392.500000,3147.060547,263996
2022-01-10,3414.800049,3451.250000,3404.449951,3435.100098,3186.578613,318473
2022-01-11,3413.000000,3445.949951,3413.000000,3436.750000,3188.109131,225782
2022-01-12,3446.100098,3452.000000,3414.250000,3440.100098,3191.216797,198452
2022-01-13,3445.899902,3474.300049,3430.000000,3451.000000,3201.328125,291271
2022-01-14,3451.000000,3462.199951,3425.000000,3432.800049,3184.444824,127752
2022-01-17,3450.000000,3527.000000,3434.050049,3489.750000,3237.274414,646271
2022-01-18,3488.949951,3497.199951,3392.600098,3400.949951,3154.899170,656590
2022-01-19,3400.949951,3462.300049,3383.050049,3436.800049,3188.155273,694189
2022-01-20,3398.899902,3448.000000,3295.000000,3308.750000,3069.369629,874508
2022-01-21,3308.750000,3473.949951,3270.000000,3419.800049,3172.385498,1609260
2022-01-24,3421.000000,3454.199951,3350.000000,3382.300049,3137.598389,788137
2022-01-25,3359.000000,3490.000000,3328.750000,3469.100098,3218.118652,571406
2022-01-27,3445.000000,3536.800049,3394.199951,3501.100098,3247.803711,664333
2022-01-28,3505.000000,3562.300049,3485.100098,3497.199951,3244.185547,575466
2022-01-31,3520.000000,3585.649902,3487.000000,3564.649902,3306.755615,470500
2022-02-01,3577.000000,3592.350098,3511.550049,3534.449951,3278.740723,487464
2022-02-02,3540.000000,3585.000000,3521.449951,3535.000000,3279.250977,212256
2022-02-03,3550.000000,3650.949951,3521.000000,3621.100098,3359.121826,760774
2022-02-04,3621.100098,3621.100098,3550.000000,3565.350098,3307.405273,296588
2022-02-07,3570.000000,3570.000000,3468.000000,3476.000000,3224.519531,286849
2022-02-08,3476.100098,3512.949951,3445.899902,3458.649902,3208.424805,397493
2022-02-09,3452.000000,3570.000000,3452.000000,3563.550049,3305.735352,352729
2022-02-10,3563.350098,3581.550049,3545.649902,3569.350098,3311.115723,239918
2022-02-11,3530.000000,3575.000000,3508.000000,3566.649902,3308.610840,339577
2022-02-14,3465.000000,3538.000000,3461.350098,3487.949951,3235.604736,282645
2022-02-15,3490.000000,3601.000000,3473.750000,3589.199951,3329.529541,357052
2022-02-16,3599.000000,3640.000000,3571.100098,3586.899902,3327.395996,244587
2022-02-17,3590.100098,3660.000000,3590.100098,3597.300049,3337.043701,513917
2022-02-18,3597.000000,3642.500000,3563.600098,3632.149902,3369.372314,277299
2022-02-21,3624.149902,3637.949951,3567.350098,3579.500000,3320.531494,344326
2022-02-22,3520.000000,3615.000000,3515.000000,3600.699951,3340.197754,432562
2022-02-23,3615.100098,3639.899902,3570.000000,3580.300049,3321.273682,209392
2022-02-24,3485.500000,3559.300049,3435.000000,3478.899902,3227.209473,628362
2022-02-25,3490.100098,3560.000000,3490.100098,3508.399902,3254.575195,327777
2022-02-28,3497.699951,3561.000000,3448.050049,3530.350098,3274.937500,387040
2022-03-02,3498.300049,3498.300049,3333.000000,3372.300049,3128.322021,982580
2022-03-03,3399.000000,3404.800049,3279.000000,3297.100098,3058.562500,536758
2022-03-04,3251.000000,3285.949951,3151.000000,3242.100098,3007.541504,509620
2022-03-07,3185.000000,3279.000000,3125.000000,3234.649902,3000.630371,335205
2022-03-08,3229.000000,3354.449951,3175.699951,3317.100098,3077.115723,557492
2022-03-09,3320.000000,3360.000000,3293.000000,3339.000000,3097.430908,508262
2022-03-10,3399.000000,3440.000000,3385.399902,3422.350098,3174.751221,350154
2022-03-11,3400.000000,3445.500000,3386.449951,3423.000000,3175.353760,156038
2022-03-14,3402.000000,3464.949951,3368.000000,3452.550049,3202.766113,245299
2022-03-15,3441.000000,3494.000000,3426.350098,3454.050049,3204.157715,229544
2022-03-16,3490.050049,3592.199951,3481.000000,3569.800049,3311.533203,262987
2022-03-17,3580.000000,3664.850098,3575.649902,3650.449951,3386.348389,429272
2022-03-21,3650.449951,3718.000000,3580.250000,3589.050049,3329.390625,432309
2022-03-22,3580.000000,3662.000000,3564.500000,3656.449951,3391.914307,213667
2022-03-23,3664.949951,3683.350098,3590.000000,3601.500000,3340.939697,281347
2022-03-24,3590.300049,3637.899902,3569.699951,3583.899902,3324.613037,385957
2022-03-25,3592.000000,3659.149902,3592.000000,3654.350098,3389.966309,492945
2022-03-28,3654.350098,3737.000000,3645.050049,3687.750000,3420.949951,688267
2022-03-29,3697.800049,3735.000000,3660.850098,3689.100098,3422.202148,376929
2022-03-30,3729.649902,3729.649902,3665.250000,3674.100098,3408.287354,343930
2022-03-31,3680.000000,3715.149902,3636.100098,3653.000000,3388.713867,511249
2022-04-01,3636.000000,3746.000000,3636.000000,3739.899902,3469.326660,391985
2022-04-04,3750.000000,3772.000000,3716.399902,3763.649902,3491.358398,419517
2022-04-05,3765.000000,3819.949951,3765.000000,3809.699951,3534.077148,339228
2022-04-06,3801.000000,3810.000000,3741.600098,3801.800049,3526.748779,240470
2022-04-07,3801.850098,3819.600098,3771.050049,3802.250000,3527.166016,224527
2022-04-08,3812.300049,3836.000000,3767.000000,3810.350098,3534.680176,229962
2022-04-11,3820.000000,3825.000000,3768.149902,3787.149902,3513.158203,135225
2022-04-12,3768.500000,3776.699951,3676.050049,3712.050049,3443.491699,266145
2022-04-13,3712.050049,3747.500000,3669.100098,3697.300049,3429.809082,198206
2022-04-18,3690.000000,3758.250000,3645.250000,3714.600098,3445.857422,373718
2022-04-19,3740.000000,3774.600098,3618.350098,3657.149902,3392.563721,211918
2022-04-20,3666.000000,3734.949951,3652.300049,3720.750000,3451.562500,174080
2022-04-21,3705.000000,3739.500000,3680.100098,3702.350098,3434.493652,216475
2022-04-22,3670.000000,3694.750000,3622.850098,3642.500000,3378.973389,228316
2022-04-25,3602.000000,3724.750000,3600.000000,3682.949951,3416.497070,444222
2022-04-26,3704.949951,3905.000000,3704.949951,3892.100098,3610.515625,1107122
2022-04-27,3870.000000,3919.000000,3846.000000,3905.649902,3623.085205,541564
2022-04-28,4000.000000,4000.000000,3805.000000,3834.399902,3556.989746,1628318
2022-04-29,3805.000000,3840.000000,3711.350098,3729.550049,3459.725586,594650
2022-05-02,3720.000000,3720.000000,3606.000000,3623.449951,3361.301758,376660
2022-05-04,3625.000000,3683.000000,3485.399902,3496.899902,3243.907227,575428
2022-05-05,3538.800049,3595.000000,3510.399902,3523.899902,3268.954102,323081
2022-05-06,3488.300049,3555.000000,3460.000000,3499.750000,3246.551270,436366
2022-05-09,3490.000000,3584.699951,3480.000000,3568.750000,3310.559326,502719
2022-05-10,3564.949951,3646.699951,3540.000000,3593.050049,3333.101074,507087
2022-05-11,3600.000000,3627.949951,3537.300049,3612.850098,3351.468750,437746
2022-05-12,3585.000000,3654.000000,3539.199951,3585.000000,3325.633545,777332
2022-05-13,3618.050049,3736.000000,3618.050049,3642.100098,3378.602539,633218
2022-05-16,3650.000000,3725.000000,3650.000000,3715.850098,3447.017090,401803
2022-05-17,3725.100098,3787.000000,3725.100098,3742.899902,3472.109863,402398
2022-05-18,3743.000000,3829.500000,3736.199951,3791.199951,3516.915527,507061
2022-05-19,3691.899902,3778.000000,3680.050049,3698.550049,3430.968506,261026
2022-05-20,3760.000000,3849.000000,3735.000000,3787.800049,3513.761475,396832
2022-05-23,3836.000000,3874.500000,3770.000000,3786.149902,3512.230713,339483
2022-05-24,3817.399902,3842.000000,3771.050049,3783.300049,3509.587158,369304
2022-05-25,3814.550049,3819.000000,3742.250000,3791.800049,3517.472168,225253
2022-05-26,3801.100098,3870.000000,3754.050049,3857.350098,3578.279785,419826
2022-05-27,3875.000000,3890.000000,3823.050049,3833.050049,3555.737793,422591
2022-05-30,3860.000000,3903.149902,3843.050049,3856.699951,3577.676514,271827
2022-05-31,3876.000000,3958.000000,3839.000000,3864.100098,3584.541504,1154256
2022-06-01,3877.199951,3904.000000,3707.300049,3720.100098,3450.959717,784215
2022-06-02,3720.100098,3749.899902,3666.350098,3688.699951,3421.830811,346754
2022-06-03,3719.000000,3733.899902,3650.000000,3672.699951,3406.988525,409815
2022-06-06,3660.000000,3869.750000,3650.500000,3817.000000,3540.848633,1136609
2022-06-07,3765.000000,3853.649902,3765.000000,3834.100098,3556.711914,561644
2022-06-08,3833.500000,3850.000000,3768.050049,3794.149902,3519.651855,346603
2022-06-09,3794.149902,3895.000000,3779.399902,3878.649902,3598.038574,627869
2022-06-10,3956.300049,3971.000000,3850.000000,3881.000000,3600.218750,1412838
2022-06-13,3825.000000,3895.050049,3794.449951,3881.250000,3600.450439,519745
2022-06-14,3885.000000,3915.750000,3602.949951,3681.750000,3415.384033,1733394
2022-06-15,3700.000000,3742.649902,3645.000000,3698.100098,3430.551025,753821
2022-06-16,3736.800049,3736.800049,3633.000000,3658.199951,3393.537598,438590
2022-06-17,3670.000000,3713.949951,3615.600098,3628.949951,3366.403809,727356
2022-06-20,3620.250000,3638.800049,3574.800049,3615.949951,3354.344482,268242
2022-06-21,3631.000000,3675.000000,3616.050049,3645.250000,3381.524414,424763
2022-06-22,3645.000000,3721.500000,3614.149902,3635.649902,3372.619141,585483
2022-06-23,3680.100098,3796.000000,3665.250000,3784.800049,3510.978516,1186420
2022-06-24,3800.800049,3841.350098,3781.949951,3813.350098,3537.462891,558798
2022-06-27,3870.000000,3958.449951,3817.000000,3861.199951,3581.851074,1819576
2022-06-28,3839.949951,3907.199951,3783.050049,3889.000000,3607.639893,799053
2022-06-29,3880.000000,3900.000000,3856.050049,3867.550049,3587.741699,524392
2022-06-30,3750.000000,3768.350098,3692.000000,3706.600098,3567.577637,715926
2022-07-01,3667.949951,3678.699951,3601.100098,3624.600098,3488.653076,756589
2022-07-04,3644.399902,3695.149902,3608.000000,3679.750000,3541.734619,536505
2022-07-05,3700.000000,3700.000000,3663.000000,3682.750000,3544.622070,294980
2022-07-06,3682.000000,3777.300049,3675.149902,3773.050049,3631.534912,333226
2022-07-07,3786.300049,3836.100098,3785.000000,3795.500000,3653.143066,534547
2022-07-08,3830.000000,3830.000000,3792.699951,3825.000000,3681.536621,326804
2022-07-11,3820.000000,3858.000000,3795.000000,3848.550049,3704.203369,372417
2022-07-12,3853.000000,3863.000000,3832.050049,3847.850098,3703.529785,244636
2022-07-13,3858.000000,3878.949951,3848.000000,3860.750000,3715.945801,308508
2022-07-14,3858.899902,3885.949951,3841.000000,3863.199951,3718.303711,377688
2022-07-15,3863.000000,3919.000000,3861.000000,3913.350098,3766.572998,281730
2022-07-18,3930.000000,3990.000000,3925.100098,3984.050049,3834.621338,513318
2022-07-19,3977.050049,4036.000000,3966.000000,4002.000000,3851.897949,512451
2022-07-20,4018.000000,4055.000000,3999.000000,4002.050049,3851.946045,377717
2022-07-21,4004.649902,4070.600098,3993.449951,4057.050049,3904.883301,371547
2022-07-22,4065.000000,4091.000000,4045.250000,4054.500000,3902.428955,280291
2022-07-25,4054.500000,4073.949951,3998.300049,4021.149902,3870.329590,372987
2022-07-26,4014.000000,4030.000000,3917.000000,3925.600098,3778.363525,882407
2022-07-27,3933.000000,3960.000000,3845.149902,3883.850098,3738.179443,514997
2022-07-28,3884.000000,3913.699951,3847.000000,3858.250000,3713.539551,423758
2022-07-29,3899.000000,3952.250000,3878.000000,3914.449951,3767.631592,412805
2022-08-01,3919.949951,3988.250000,3915.000000,3973.300049,3824.274414,459482
2022-08-02,3973.300049,4005.000000,3941.350098,3996.199951,3846.315430,398168
2022-08-03,3999.000000,4010.000000,3963.050049,4003.449951,3853.293457,312355
2022-08-04,4011.000000,4035.000000,3976.000000,4011.699951,3861.234131,310996
2022-08-05,4025.000000,4038.250000,3993.050049,4013.100098,3862.581787,287542
2022-08-08,4013.000000,4039.899902,4000.000000,4022.649902,3871.773193,238574
2022-08-10,4014.000000,4066.000000,4014.000000,4034.850098,3883.515869,218912
2022-08-11,4050.100098,4058.250000,4022.350098,4033.500000,3882.216309,277432
2022-08-12,4033.500000,4060.000000,4013.750000,4038.000000,3886.547607,217139
2022-08-16,4038.000000,4100.000000,4038.000000,4091.149902,3937.704102,302627
2022-08-17,4095.100098,4120.450195,4060.000000,4067.899902,3915.326172,313179
2022-08-18,4079.000000,4079.000000,4040.500000,4060.649902,3908.348145,451908
2022-08-19,4052.000000,4088.449951,4050.000000,4074.550049,3921.726807,223883
2022-08-22,4030.000000,4073.399902,4008.800049,4041.600098,3890.012695,388178
2022-08-23,4025.000000,4072.850098,4016.050049,4064.449951,3912.005615,172256
2022-08-24,4050.449951,4083.949951,4050.449951,4065.750000,3913.256836,245586
2022-08-25,4073.000000,4095.649902,4051.100098,4062.949951,3910.561768,374693
2022-08-26,4075.000000,4124.350098,4041.449951,4054.399902,3902.332520,453561
2022-08-29,4024.949951,4050.000000,3985.500000,4030.050049,3878.895996,608621
2022-08-30,4050.250000,4128.950195,4011.550049,4084.850098,3931.640625,740581
2022-09-01,4010.000000,4131.750000,4010.000000,4076.300049,3923.411133,510034
2022-09-02,4080.000000,4102.799805,4025.399902,4030.899902,3879.713867,556543
2022-09-05,4050.000000,4055.850098,3944.300049,3956.649902,3808.248779,799837
2022-09-06,3962.000000,3990.000000,3919.500000,3929.399902,3782.020752,508096
2022-09-07,3915.000000,3937.500000,3811.199951,3845.649902,3701.411865,724097
2022-09-08,3864.899902,3879.949951,3840.000000,3846.600098,3702.326660,493973
2022-09-09,3865.850098,3880.000000,3835.000000,3848.600098,3704.251709,485613
2022-09-12,3840.000000,3889.800049,3825.000000,3870.300049,3725.137695,369281
2022-09-13,3865.000000,3890.000000,3855.000000,3866.500000,3721.479980,507487
2022-09-14,3815.000000,3918.949951,3811.600098,3850.250000,3705.839600,576311
2022-09-15,3865.000000,3884.600098,3751.350098,3768.000000,3626.674561,351737
2022-09-16,3800.000000,3800.000000,3676.100098,3689.550049,3551.166992,579176
2022-09-19,3700.000000,3731.850098,3661.100098,3708.250000,3569.165527,454942
2022-09-20,3726.800049,3807.899902,3725.000000,3768.600098,3627.252197,268923
2022-09-21,3773.850098,3807.449951,3724.000000,3730.600098,3590.677490,197924
2022-09-22,3720.000000,3760.000000,3700.000000,3728.899902,3589.041016,149651
2022-09-23,3730.000000,3770.000000,3683.000000,3698.899902,3560.166016,158122
2022-09-26,3668.899902,3686.750000,3566.000000,3574.500000,3440.432129,517637
2022-09-27,3590.000000,3594.949951,3510.100098,3541.899902,3409.054688,344198
2022-09-28,3525.000000,3573.899902,3505.000000,3545.899902,3412.904785,181128
2022-09-29,3563.000000,3563.850098,3465.050049,3476.699951,3346.300293,350931
2022-09-30,3486.500000,3553.949951,3461.250000,3527.750000,3395.435547,276996
2022-10-03,3527.750000,3559.899902,3475.000000,3515.350098,3383.500488,442640
2022-10-04,3550.500000,3599.899902,3539.199951,3579.600098,3445.340820,317554
2022-10-06,3597.500000,3617.149902,3570.000000,3594.649902,3459.826416,353529
2022-10-07,3580.050049,3668.899902,3580.000000,3603.550049,3468.392334,591544
2022-10-10,3557.350098,3624.899902,3529.050049,3616.949951,3481.289795,240975
2022-10-11,3635.050049,3635.050049,3519.600098,3528.750000,3396.397949,258827
2022-10-12,3546.399902,3653.000000,3515.850098,3624.500000,3488.556641,496229
2022-10-13,3616.850098,3648.800049,3590.000000,3604.800049,3469.595459,336605
2022-10-14,3659.949951,3663.000000,3552.149902,3570.500000,3436.582031,499983
2022-10-17,3580.000000,3674.800049,3578.000000,3629.000000,3492.887939,921084
2022-10-18,3647.149902,3664.850098,3602.100098,3611.300049,3475.851807,496519
2022-10-19,3629.399902,3716.949951,3623.750000,3655.850098,3518.730957,456361
2022-10-20,3629.350098,3703.899902,3586.000000,3691.850098,3553.380615,310251
2022-10-21,3699.000000,3720.350098,3641.750000,3668.600098,3531.002686,207556
2022-10-24,3715.000000,3720.000000,3680.000000,3699.800049,3561.032471,29986
2022-10-25,3699.000000,3727.000000,3644.000000,3654.100098,3517.046631,351456
2022-10-27,3690.600098,3690.600098,3606.149902,3622.300049,3486.439453,333703
2022-10-28,3640.449951,3719.000000,3631.000000,3670.699951,3533.023926,500485
2022-10-31,3689.100098,3706.350098,3659.100098,3671.850098,3534.130859,314769
2022-11-01,3686.550049,3744.199951,3663.000000,3732.699951,3592.698486,514106
2022-11-02,3746.000000,3746.000000,3693.600098,3736.800049,3596.644775,317571
2022-11-03,3754.000000,3814.000000,3731.050049,3773.500000,3631.968262,637882
2022-11-04,3779.449951,3809.899902,3762.899902,3771.100098,3629.658447,230932
2022-11-07,3790.000000,3818.649902,3758.500000,3769.850098,3628.455322,272013
2022-11-09,3790.000000,3794.000000,3717.850098,3739.550049,3599.291748,249436
2022-11-10,3739.550049,3770.000000,3717.000000,3724.600098,3584.902344,291055
2022-11-11,3743.250000,3783.949951,3708.500000,3727.649902,3587.837891,268871
2022-11-14,3746.300049,3768.000000,3710.449951,3726.000000,3586.249756,200313
2022-11-15,3726.050049,3789.000000,3726.050049,3764.149902,3622.968994,296104
2022-11-16,3757.000000,3798.500000,3739.649902,3747.449951,3606.895264,329588
2022-11-17,3749.000000,3767.350098,3678.399902,3694.149902,3555.594482,185433
2022-11-18,3694.149902,3706.850098,3621.000000,3632.949951,3496.689697,327528
2022-11-21,3615.000000,3645.800049,3606.399902,3619.500000,3483.744141,226673
2022-11-22,3636.000000,3643.000000,3585.000000,3619.100098,3483.359375,322261
2022-11-23,3622.199951,3654.149902,3595.000000,3607.850098,3472.531494,340707
2022-11-24,3617.199951,3629.649902,3598.449951,3620.149902,3484.369873,397640
2022-11-25,3632.250000,3652.699951,3601.000000,3640.250000,3503.716064,224797
2022-11-28,3630.199951,3710.000000,3630.199951,3676.699951,3538.798828,185431
2022-11-29,3680.350098,3697.000000,3652.000000,3660.100098,3522.821533,134922
2022-11-30,3674.949951,3772.899902,3671.000000,3750.699951,3610.023438,1267676
2022-12-01,3744.050049,3744.050049,3594.350098,3707.600098,3568.540039,514227
2022-12-02,3707.000000,3712.350098,3640.800049,3659.350098,3522.099854,349992
2022-12-05,3672.000000,3672.000000,3638.000000,3659.899902,3522.628906,163476
2022-12-06,3652.000000,3699.800049,3642.100098,3694.800049,3556.220215,251515
2022-12-07,3694.800049,3708.550049,3629.550049,3634.649902,3498.325928,167024
2022-12-08,3635.050049,3658.550049,3618.000000,3636.149902,3499.769775,141912
2022-12-09,3650.000000,3669.300049,3601.000000,3616.949951,3481.289795,166035
2022-12-12,3616.949951,3624.600098,3573.550049,3596.750000,3461.847412,171844
2022-12-13,3614.750000,3642.000000,3591.300049,3636.750000,3500.347412,126272
2022-12-14,3650.000000,3667.949951,3641.000000,3652.050049,3515.073486,132320
2022-12-15,3635.000000,3656.000000,3610.000000,3619.300049,3483.551758,161541
2022-12-16,3613.750000,3627.899902,3539.000000,3549.600098,3416.466064,228381
2022-12-19,3567.350098,3636.350098,3550.000000,3629.750000,3493.609863,238078
2022-12-20,3634.000000,3634.000000,3581.399902,3613.600098,3478.065674,152284
2022-12-21,3615.000000,3657.149902,3592.600098,3611.050049,3475.611328,149348
2022-12-22,3629.149902,3647.899902,3581.550049,3600.850098,3465.793945,158182
2022-12-23,3580.000000,3600.000000,3533.000000,3541.800049,3408.958496,122024
2022-12-26,3542.000000,3574.800049,3524.050049,3552.199951,3418.968506,140091
2022-12-27,3555.000000,3600.000000,3550.000000,3590.949951,3456.264893,115917
2022-12-28,3580.000000,3604.949951,3550.000000,3586.850098,3452.318848,229748
2022-12-29,3579.000000,3600.000000,3540.000000,3568.800049,3434.946045,748244
2022-12-30,3580.000000,3643.100098,3567.649902,3616.050049,3480.423828,287867
2023-01-02,3617.000000,3620.000000,3520.449951,3573.949951,3439.902588,471328
2023-01-03,3562.500000,3620.000000,3562.500000,3601.699951,3466.611816,218996
2023-01-04,3588.000000,3602.550049,3543.500000,3552.850098,3419.594238,250071
2023-01-05,3568.000000,3632.500000,3558.350098,3621.149902,3485.332275,294998
2023-01-06,3618.000000,3648.000000,3598.000000,3642.250000,3505.640869,173591
2023-01-09,3660.500000,3669.000000,3606.000000,3620.750000,3484.947266,200031
2023-01-10,3630.600098,3636.000000,3563.300049,3574.199951,3440.143311,247609
2023-01-11,3585.000000,3589.949951,3531.050049,3538.050049,3405.349121,308958
2023-01-12,3538.050049,3580.000000,3520.050049,3570.300049,3436.389648,182941
2023-01-13,3580.000000,3617.850098,3555.149902,3605.300049,3470.076904,180876
2023-01-16,3609.949951,3620.949951,3560.000000,3583.149902,3448.757568,226147
2023-01-17,3590.000000,3612.699951,3568.149902,3606.949951,3471.664795,106465
2023-01-18,3625.000000,3638.750000,3579.000000,3609.899902,3474.504150,306275
2023-01-19,3599.949951,3628.949951,3572.000000,3575.949951,3441.827637,226186
2023-01-20,3583.050049,3586.600098,3551.250000,3572.750000,3438.747559,191361
2023-01-23,3583.500000,3627.000000,3571.000000,3623.550049,3487.642578,173482
2023-01-24,3626.000000,3696.100098,3611.449951,3686.500000,3548.231445,212778
2023-01-25,3689.000000,3740.000000,3673.699951,3717.399902,3577.972412,375571
2023-01-27,3850.000000,3995.000000,3830.000000,3936.750000,3789.095215,2375899
2023-01-30,3940.000000,3948.949951,3818.850098,3841.149902,3697.080811,654472
2023-01-31,3878.000000,3878.000000,3801.000000,3818.250000,3675.039795,359118
2023-02-01,3829.449951,3886.399902,3760.100098,3811.300049,3668.350586,328212
2023-02-02,3799.000000,3859.100098,3740.000000,3790.699951,3648.522949,309024
2023-02-03,3785.000000,3858.000000,3769.199951,3852.550049,3708.053223,242350
2023-02-06,3846.550049,3869.699951,3804.100098,3849.100098,3704.732910,205412
2023-02-07,3873.000000,3895.000000,3818.199951,3879.449951,3733.944336,246673
2023-02-08,3898.850098,3898.850098,3835.500000,3880.300049,3734.762451,309039
2023-02-09,3879.899902,3890.500000,3832.250000,3845.750000,3701.508301,249061
2023-02-10,3845.000000,3848.949951,3800.100098,3831.649902,3687.937256,170034
2023-02-13,3850.850098,3912.600098,3824.000000,3883.500000,3737.842529,372862
2023-02-14,3894.949951,3906.949951,3862.550049,3876.100098,3730.720215,251160
2023-02-15,3866.600098,3911.899902,3850.000000,3905.399902,3758.920898,214072
2023-02-16,3910.000000,3930.949951,3892.000000,3906.600098,3760.076172,166844
2023-02-17,3890.000000,3920.000000,3872.000000,3894.300049,3748.237549,167844
2023-02-20,3894.949951,3934.949951,3893.350098,3903.800049,3757.381104,169828
2023-02-21,3927.000000,3927.000000,3824.699951,3837.100098,3693.182861,177954
2023-02-22,3837.100098,3890.250000,3814.949951,3840.699951,3696.647705,477992
2023-02-23,3847.500000,3872.750000,3815.199951,3831.899902,3688.177734,299446
2023-02-24,3833.550049,3874.899902,3833.550049,3849.949951,3705.550781,263732
2023-02-27,3799.949951,3799.949951,3626.050049,3639.850098,3503.331055,822866
2023-02-28,3647.000000,3743.000000,3625.600098,3661.199951,3523.880127,723245
2023-03-01,3670.000000,3748.350098,3636.899902,3731.649902,3591.687744,432887
2023-03-02,3731.050049,3757.350098,3680.000000,3715.250000,3575.902832,276614
2023-03-03,3720.050049,3748.000000,3697.449951,3732.000000,3592.024902,281411
2023-03-06,3721.699951,3774.000000,3718.149902,3723.050049,3583.410645,186747
2023-03-08,3723.800049,3817.800049,3711.050049,3811.199951,3668.254150,478922
2023-03-09,3811.199951,3838.750000,3801.000000,3813.500000,3670.467773,295897
2023-03-10,3830.000000,3845.399902,3798.000000,3821.899902,3678.552734,530973
2023-03-13,3822.949951,3838.000000,3768.300049,3778.449951,3636.732422,247745
2023-03-14,3778.449951,3794.449951,3735.899902,3752.899902,3612.140625,278919
2023-03-15,3774.899902,3787.500000,3720.550049,3730.000000,3590.099854,317890
2023-03-16,3740.949951,3811.000000,3740.949951,3800.199951,3657.666748,377544
2023-03-17,3817.800049,3827.949951,3792.050049,3814.399902,3671.334229,396793
2023-03-20,3790.000000,3834.949951,3785.100098,3805.000000,3662.286865,331370
2023-03-21,3806.500000,3922.000000,3796.750000,3905.699951,3759.209717,803886
2023-03-22,3921.750000,3945.500000,3888.600098,3923.949951,3776.775391,311063
2023-03-23,3902.500000,3912.399902,3853.050049,3862.949951,3718.063232,256313
2023-03-24,3845.100098,3882.899902,3812.000000,3827.899902,3684.327637,281359
2023-03-27,3834.949951,3844.300049,3800.000000,3807.550049,3664.741211,198811
2023-03-28,3821.000000,3833.800049,3769.550049,3791.600098,3649.389404,144400
2023-03-29,3810.500000,3894.000000,3800.149902,3879.300049,3733.800049,429300
2023-03-31,3875.649902,3907.850098,3860.000000,3884.750000,3739.045654,248433
2023-04-03,3904.800049,3995.000000,3888.199951,3993.750000,3843.957275,497915
2023-04-05,3994.000000,4026.949951,3960.050049,4023.149902,3872.254639,584697
2023-04-06,4028.000000,4065.000000,4020.050049,4033.600098,3882.312744,321813
2023-04-10,4035.050049,4072.000000,4030.100098,4061.600098,3909.262695,218632
2023-04-11,4080.000000,4183.549805,4070.550049,4177.399902,4020.719238,685931
2023-04-12,4177.399902,4307.350098,4170.500000,4286.000000,4125.246094,992142
2023-04-13,4270.000000,4305.950195,4260.049805,4288.350098,4127.507813,371608
2023-04-17,4311.000000,4311.000000,4221.049805,4254.350098,4094.782959,718984
2023-04-18,4254.250000,4266.100098,4175.049805,4209.250000,4051.374512,235015
2023-04-19,4184.100098,4296.899902,4180.049805,4265.799805,4105.803223,406755
2023-04-20,4265.000000,4330.500000,4252.049805,4314.350098,4152.532715,409146
2023-04-21,4323.000000,4337.000000,4283.049805,4308.299805,4146.709473,237639
2023-04-24,4308.299805,4354.950195,4282.700195,4332.100098,4169.617188,279716
2023-04-25,4340.000000,4375.000000,4316.100098,4342.549805,4179.674805,367525
2023-04-26,4345.000000,4362.649902,4281.000000,4299.000000,4137.758301,964051
2023-04-27,4300.000000,4422.549805,4294.000000,4408.200195,4242.862793,667011
2023-04-28,4397.350098,4439.700195,4390.049805,4431.950195,4265.721680,457064
2023-05-02,4439.950195,4506.500000,4424.049805,4498.000000,4329.294434,522701
2023-05-03,4484.500000,4489.950195,4435.000000,4447.850098,4281.025879,351550
2023-05-04,4446.799805,4470.000000,4437.250000,4457.700195,4290.506348,191019
2023-05-05,4463.100098,4504.299805,4427.399902,4463.100098,4295.703613,180033
2023-05-08,4475.000000,4558.000000,4465.200195,4549.250000,4378.622070,365732
2023-05-09,4572.850098,4577.000000,4519.649902,4528.850098,4358.987793,329083
2023-05-10,4555.000000,4576.500000,4529.350098,4555.950195,4385.071289,229527
2023-05-11,4594.000000,4594.000000,4535.100098,4547.899902,4377.322754,293197
2023-05-12,4545.000000,4628.850098,4517.000000,4538.899902,4368.660645,620213
2023-05-15,4569.000000,4608.500000,4542.049805,4564.549805,4393.348145,534604
2023-05-16,4583.500000,4595.000000,4530.000000,4538.350098,4368.131348,321308
2023-05-17,4550.000000,4600.000000,4509.000000,4529.350098,4359.468750,346510
2023-05-18,4539.950195,4572.450195,4513.250000,4518.649902,4349.169922,194233
2023-05-19,4534.000000,4550.149902,4464.049805,4483.200195,4315.049805,398571
2023-05-22,4494.950195,4566.649902,4494.950195,4523.250000,4353.597656,368479
2023-05-23,4534.950195,4553.399902,4491.100098,4498.100098,4329.391113,239196
2023-05-24,4505.549805,4552.200195,4492.049805,4517.600098,4348.159180,395343
2023-05-25,4505.649902,4651.399902,4504.600098,4644.000000,4469.818359,1016606
2023-05-26,4612.350098,4664.549805,4605.299805,4615.950195,4442.820801,484972
2023-05-29,4659.950195,4663.149902,4608.100098,4618.500000,4445.274902,301343
2023-05-30,4615.100098,4635.350098,4586.700195,4591.899902,4419.672852,229574
2023-05-31,4589.799805,4628.950195,4552.649902,4567.149902,4395.850586,719613
2023-06-01,4587.000000,4669.799805,4567.250000,4643.600098,4469.433594,698733
2023-06-02,4674.200195,4707.000000,4647.250000,4669.100098,4493.977051,606833
2023-06-05,4688.000000,4716.950195,4669.000000,4710.049805,4533.391113,234925
2023-06-06,4717.500000,4744.950195,4710.049805,4726.250000,4548.983887,353149
2023-06-07,4736.950195,4787.899902,4736.950195,4780.750000,4601.439453,239491
2023-06-08,4800.850098,4829.899902,4776.799805,4800.649902,4620.593262,295499
2023-06-09,4800.649902,4821.799805,4735.000000,4743.399902,4565.490234,208197
2023-06-12,4749.950195,4790.000000,4733.350098,4769.649902,4590.755371,137778
2023-06-13,4770.000000,4795.000000,4746.450195,4755.950195,4577.569824,247078
2023-06-14,4751.100098,4768.450195,4712.000000,4730.200195,4552.785645,191238
2023-06-15,4741.899902,4764.649902,4702.500000,4721.549805,4544.459961,178304
2023-06-16,4695.000000,4714.750000,4620.000000,4641.950195,4467.845703,658995
2023-06-19,4645.000000,4655.000000,4586.649902,4597.350098,4424.918457,193043
2023-06-20,4585.000000,4670.000000,4569.049805,4662.000000,4487.143555,453523
2023-06-21,4678.000000,4703.649902,4637.000000,4650.149902,4475.737793,274821
2023-06-22,4664.049805,4669.000000,4601.600098,4612.100098,4439.114746,180102
2023-06-23,4613.100098,4655.000000,4605.399902,4622.600098,4449.221191,348409
2023-06-26,4624.750000,4657.950195,4600.549805,4606.899902,4434.110352,298624
2023-06-27,4633.899902,4678.649902,4610.000000,4618.049805,4444.841797,444793
2023-06-28,4630.000000,4740.000000,4620.100098,4716.299805,4539.406738,769406
2023-06-30,4636.000000,4735.000000,4635.000000,4691.549805,4653.727539,587936
2023-07-03,4685.200195,4688.000000,4588.049805,4610.649902,4573.479980,457367
2023-07-04,4611.950195,4674.799805,4611.950195,4625.399902,4588.110840,286373
2023-07-05,4647.950195,4900.000000,4633.000000,4890.049805,4850.627441,891033
2023-07-06,4890.000000,4938.000000,4832.000000,4917.700195,4878.054688,888595
2023-07-07,4875.500000,4913.149902,4820.549805,4834.000000,4795.029297,405959
2023-07-10,4849.000000,4951.000000,4845.049805,4897.950195,4858.463867,659388
2023-07-11,4938.500000,4954.450195,4905.000000,4917.649902,4878.004883,400593
2023-07-12,4929.000000,4947.500000,4867.000000,4878.450195,4839.121094,295827
2023-07-13,4921.000000,4990.000000,4849.850098,4866.450195,4827.217773,501038
2023-07-14,4894.950195,4906.299805,4850.000000,4859.600098,4820.423340,419873
2023-07-17,4883.950195,4906.399902,4821.100098,4833.149902,4794.186035,250127
2023-07-18,4845.549805,4995.100098,4830.000000,4860.600098,4821.415039,270028
2023-07-19,4881.000000,4909.149902,4818.200195,4823.649902,4784.762695,247325
2023-07-20,4828.000000,4889.000000,4782.049805,4868.700195,4829.449707,450566
2023-07-21,4842.100098,4879.399902,4835.250000,4862.700195,4823.498047,367833
2023-07-24,4862.000000,4919.000000,4851.149902,4882.750000,4843.386230,288534
2023-07-25,4884.500000,4909.899902,4777.350098,4848.950195,4809.858887,743269
2023-07-26,4890.000000,4903.500000,4840.950195,4870.450195,4831.185547,387130
2023-07-27,4899.000000,4908.000000,4824.299805,4851.000000,4811.892578,321326
2023-07-28,4855.000000,4900.000000,4829.649902,4892.500000,4853.057617,255158
2023-07-31,4895.500000,4938.399902,4866.049805,4931.399902,4891.644043,325463
2023-08-01,4941.750000,4978.649902,4899.149902,4923.950195,4884.254395,391794
2023-08-02,4913.399902,4937.950195,4821.250000,4832.100098,4793.145020,249850
2023-08-03,4837.000000,4913.649902,4806.000000,4826.299805,4787.391113,418377
2023-08-04,4830.000000,4864.200195,4700.000000,4712.000000,4674.013184,451353
2023-08-07,4743.549805,4743.549805,4665.000000,4670.100098,4632.450684,436583
2023-08-08,4670.100098,4698.000000,4637.100098,4650.149902,4612.661621,487053
2023-08-09,4650.500000,4689.799805,4616.100098,4666.549805,4628.929199,282034
2023-08-10,4670.000000,4708.399902,4628.799805,4636.600098,4599.220703,330123
2023-08-11,4636.600098,4650.000000,4581.600098,4599.049805,4561.973145,274197
2023-08-14,4576.000000,4633.700195,4541.000000,4616.700195,4579.481445,154258
2023-08-16,4577.000000,4615.000000,4559.750000,4600.600098,4563.511230,188763
2023-08-17,4576.049805,4668.450195,4576.049805,4657.850098,4620.299805,311184
2023-08-18,4649.549805,4649.549805,4595.299805,4615.549805,4578.340332,243546
2023-08-21,4603.000000,4629.950195,4592.799805,4610.850098,4573.678711,118491
2023-08-22,4617.950195,4636.549805,4601.649902,4628.399902,4591.086914,96290
2023-08-23,4640.000000,4666.350098,4619.000000,4660.750000,4623.176270,263771
2023-08-24,4689.000000,4727.100098,4574.450195,4630.149902,4592.822754,433867
2023-08-25,4624.000000,4646.899902,4569.750000,4584.049805,4547.094238,293384
2023-08-28,4586.500000,4620.000000,4586.000000,4600.450195,4563.362305,283469
2023-08-29,4615.000000,4671.000000,4605.049805,4664.549805,4626.945313,320941
2023-08-30,4688.950195,4720.799805,4661.600098,4675.000000,4637.311035,370694
2023-08-31,4675.000000,4703.049805,4602.200195,4613.799805,4576.604492,479472
2023-09-01,4622.399902,4699.000000,4619.000000,4668.450195,4630.814453,456071
2023-09-04,4683.000000,4689.399902,4622.399902,4637.149902,4599.766113,328037
2023-09-05,4639.000000,4735.000000,4635.350098,4701.600098,4663.696777,353620
2023-09-06,4701.500000,4710.000000,4666.700195,4683.799805,4646.040039,224928
2023-09-07,4679.000000,4725.000000,4655.000000,4717.200195,4679.171387,319934
2023-09-08,4717.200195,4784.600098,4702.700195,4759.549805,4721.179199,209769
2023-09-11,4779.000000,4810.000000,4763.000000,4806.399902,4767.651855,151600
2023-09-12,4843.950195,4849.850098,4762.600098,4820.600098,4781.737305,305478
2023-09-13,4820.000000,4843.000000,4800.250000,4808.299805,4769.536621,207142
2023-09-14,4814.950195,4858.000000,4787.549805,4844.500000,4805.444824,249498
2023-09-15,4894.899902,5149.000000,4893.000000,5130.500000,5089.139160,1689829
2023-09-18,5124.000000,5274.899902,5094.250000,5176.649902,5134.916992,804973
2023-09-20,5176.000000,5263.350098,5166.100098,5182.950195,5141.166504,622924
2023-09-21,5168.000000,5185.549805,5073.100098,5085.200195,5044.204590,640829
2023-09-22,5051.000000,5084.149902,4996.200195,5001.049805,4960.732422,498375
2023-09-25,5000.000000,5060.149902,4992.850098,5005.450195,4965.097656,539731
2023-09-26,5011.000000,5102.950195,5000.149902,5069.200195,5028.333496,450923
2023-09-27,5065.200195,5067.549805,5018.000000,5032.950195,4992.375488,257406
2023-09-28,5047.799805,5128.850098,4980.149902,5006.600098,4966.238281,580065
2023-09-29,5029.000000,5082.500000,5004.899902,5063.700195,5022.877930,248079
2023-10-03,5065.000000,5073.000000,4997.100098,5016.450195,4976.008789,464531
2023-10-04,5011.250000,5019.200195,4903.049805,4918.600098,4878.947266,256544
2023-10-05,4935.000000,5039.299805,4925.100098,5011.049805,4970.651855,657876
2023-10-06,5120.000000,5120.000000,4997.500000,5014.600098,4974.173340,279352
2023-10-09,4957.049805,5068.700195,4957.049805,5007.299805,4966.932129,244083
2023-10-10,5007.299805,5064.000000,5002.200195,5037.500000,4996.888672,307502
2023-10-11,5055.000000,5095.000000,5050.000000,5064.399902,5023.571777,575680
2023-10-12,5085.000000,5151.000000,5051.100098,5106.600098,5065.431641,472168
2023-10-13,5089.950195,5123.450195,5040.000000,5052.399902,5011.668457,387366
2023-10-16,5035.000000,5099.399902,5032.000000,5076.700195,5035.772949,158560
2023-10-17,5083.000000,5150.000000,5070.000000,5141.250000,5099.802246,318565
2023-10-18,5150.000000,5198.750000,5125.649902,5137.350098,5095.934082,360985
2023-10-19,5300.000000,5495.000000,5245.000000,5482.600098,5438.400879,2838352
2023-10-20,5450.000000,5510.000000,5436.899902,5489.299805,5445.046387,763919
2023-10-23,5453.049805,5493.399902,5395.049805,5405.399902,5361.822754,451167
2023-10-25,5385.000000,5423.950195,5332.299805,5347.299805,5304.190918,620266
2023-10-26,5333.850098,5347.450195,5236.000000,5259.350098,5216.950684,746266
2023-10-27,5265.000000,5423.700195,5265.000000,5373.549805,5330.229492,843465
2023-10-30,5388.000000,5397.750000,5275.000000,5308.899902,5266.100586,360967
2023-10-31,5340.000000,5366.149902,5292.600098,5314.049805,5271.208984,400987
2023-11-01,5305.000000,5449.500000,5305.000000,5344.350098,5301.265137,619765
2023-11-02,5383.899902,5392.850098,5285.000000,5318.399902,5275.524414,304362
2023-11-03,5357.000000,5377.049805,5316.600098,5368.950195,5325.666992,448715
2023-11-06,5380.000000,5427.500000,5377.100098,5406.850098,5363.261230,394137
2023-11-07,5406.850098,5445.000000,5405.299805,5419.000000,5375.313477,202689
2023-11-08,5434.000000,5435.250000,5381.250000,5397.600098,5354.085938,202145
2023-11-09,5421.799805,5455.000000,5382.149902,5418.899902,5375.213867,232773
2023-11-10,5409.950195,5427.049805,5349.049805,5392.049805,5348.580566,149325
2023-11-13,5435.000000,5439.799805,5395.549805,5425.200195,5381.463379,93497
2023-11-15,5525.000000,5555.000000,5461.100098,5536.700195,5492.064453,640468
2023-11-16,5520.000000,5583.299805,5496.950195,5550.899902,5506.149902,324712
2023-11-17,5556.899902,5674.950195,5479.350098,5631.500000,5586.100098,531539
2023-11-20,5610.049805,5675.950195,5606.000000,5650.149902,5604.599609,679425
2023-11-21,5640.500000,5707.350098,5640.000000,5685.950195,5640.111328,746193
2023-11-22,5680.000000,5764.899902,5661.299805,5751.549805,5705.182129,497403
2023-11-23,5800.000000,5945.000000,5783.100098,5925.250000,5877.481934,1118718
2023-11-24,5940.000000,5960.000000,5900.000000,5930.299805,5882.491211,297211
2023-11-28,5969.799805,6039.649902,5912.000000,5998.149902,5949.794434,380535
2023-11-29,6010.000000,6096.399902,5973.299805,6069.950195,6021.015625,406974
2023-11-30,6095.000000,6128.899902,6031.000000,6090.549805,6041.449219,501833
2023-12-01,6050.000000,6090.000000,6003.299805,6046.049805,5997.308105,439023
2023-12-04,6090.549805,6217.700195,6087.450195,6201.700195,6151.703613,359158
2023-12-05,6194.049805,6194.049805,6111.100098,6140.100098,6090.600098,565826
2023-12-06,6089.049805,6096.000000,5987.850098,6069.950195,6021.015625,699201
2023-12-07,6069.950195,6154.450195,6063.100098,6093.600098,6044.475098,427407
2023-12-08,6115.000000,6120.000000,6048.049805,6075.700195,6026.719238,233266
2023-12-11,6085.000000,6145.000000,6018.299805,6138.399902,6088.913574,175955
2023-12-12,6164.000000,6299.950195,6149.950195,6254.200195,6203.780273,810900
2023-12-13,6259.899902,6329.000000,6224.350098,6316.100098,6265.181152,373989
2023-12-14,6325.000000,6360.000000,6284.200195,6334.850098,6283.779785,419212
2023-12-15,6368.950195,6402.100098,6256.149902,6275.200195,6224.610840,553522
2023-12-18,6275.200195,6486.750000,6262.149902,6465.700195,6413.575195,851061
2023-12-19,6470.000000,6470.250000,6395.899902,6419.000000,6367.251465,377109
2023-12-20,6434.000000,6466.000000,6350.000000,6364.450195,6313.141602,385863
2023-12-21,6333.200195,6345.000000,6232.000000,6246.350098,6195.993652,397717
2023-12-22,6288.000000,6395.000000,6264.250000,6372.100098,6320.729492,237213
2023-12-26,6379.850098,6475.000000,6370.049805,6464.549805,6412.434082,302139
2023-12-27,6470.000000,6740.250000,6465.200195,6709.649902,6655.558105,1017894
2023-12-28,6709.649902,6738.649902,6666.000000,6703.299805,6649.259277,406228
2023-12-29,6729.950195,6833.950195,6666.000000,6797.250000,6742.452148,345626
2024-01-01,6770.000000,6795.500000,6682.049805,6701.100098,6647.077148,253274
2024-01-02,6711.000000,6736.799805,6560.950195,6665.049805,6611.317871,361379
2024-01-03,6644.049805,7059.850098,6604.000000,6986.500000,6930.176270,1256275
2024-01-04,7025.000000,7028.950195,6887.000000,6922.149902,6866.345215,619987
2024-01-05,6950.000000,7084.000000,6920.500000,6978.500000,6922.240723,659306
2024-01-08,7018.950195,7049.850098,6961.500000,6983.850098,6927.547852,312733
2024-01-09,7341.000000,7399.000000,7075.899902,7093.899902,7036.710449,2125908
2024-01-10,7125.000000,7139.950195,7020.000000,7053.750000,6996.884277,721432
2024-01-11,7090.000000,7324.899902,7075.000000,7298.850098,7240.008301,1031594
2024-01-12,7360.000000,7360.950195,7252.000000,7301.950195,7243.083496,434753
2024-01-15,7301.950195,7301.950195,7301.950195,7301.950195,7243.083496,0
2024-01-16,7339.000000,7356.149902,7244.000000,7293.950195,7235.147949,272181
2024-01-17,7112.000000,7210.000000,7081.000000,7165.950195,7108.180176,619338
2024-01-18,7148.000000,7189.250000,7071.149902,7083.600098,7026.493652,557084
2024-01-19,7138.799805,7180.000000,7105.000000,7136.549805,7079.016602,327976
2024-01-23,7075.000000,7210.000000,6936.549805,7095.899902,7038.694336,953921
2024-01-24,7075.100098,7237.000000,7028.200195,7212.850098,7154.701660,467134
2024-01-25,7360.000000,7625.149902,7210.000000,7597.500000,7536.250488,2065788
2024-01-29,7594.000000,7640.000000,7480.000000,7548.799805,7487.943359,457853
2024-01-30,7574.899902,7660.000000,7543.649902,7566.399902,7505.401367,266287
2024-01-31,7566.399902,7686.000000,7515.100098,7667.549805,7605.735840,336874
2024-02-01,7680.000000,7765.000000,7636.350098,7655.750000,7594.031250,394564
2024-02-02,7675.000000,7797.500000,7665.600098,7738.200195,7675.816406,197720
2024-02-05,7800.000000,7838.000000,7633.500000,7658.250000,7596.510742,252401
2024-02-06,7675.000000,7747.700195,7670.600098,7720.399902,7658.159668,131992
2024-02-07,7745.000000,7777.799805,7665.600098,7701.899902,7639.809082,159783
2024-02-08,7729.000000,7783.450195,7668.149902,7757.250000,7694.712891,282537
2024-02-09,7778.799805,7790.500000,7669.000000,7784.850098,7722.090332,173555
2024-02-12,7775.000000,7874.200195,7766.049805,7829.950195,7766.827148,219911
2024-02-13,7830.000000,7935.149902,7811.950195,7917.399902,7853.571777,258767
2024-02-14,7899.000000,8136.850098,7880.000000,8083.299805,8018.134277,513900
2024-02-15,8120.600098,8156.850098,8045.299805,8123.049805,8057.563477,394525
2024-02-16,8185.850098,8455.450195,8137.100098,8325.049805,8257.935547,938756
2024-02-19,8400.000000,8650.000000,8361.099609,8509.700195,8441.096680,1044959
2024-02-20,8505.000000,8505.000000,8238.700195,8295.200195,8228.326172,547082
2024-02-21,8300.000000,8376.849609,8205.000000,8232.250000,8165.883301,439817
2024-02-22,8260.000000,8550.000000,8220.000000,8498.450195,8429.937500,548486
2024-02-23,8497.500000,8531.000000,8401.049805,8436.950195,8368.933594,340749
2024-02-26,8458.799805,8547.950195,8375.000000,8448.000000,8379.894531,345968
2024-02-27,8460.000000,8490.000000,8383.500000,8463.500000,8395.269531,392445
2024-02-28,8470.000000,8486.650391,8071.850098,8188.649902,8122.634766,537728
2024-02-29,7997.399902,8143.500000,7890.000000,7909.350098,7845.586914,1042536
2024-03-01,7955.000000,8094.000000,7945.299805,8040.049805,7975.232910,399007
2024-03-04,8068.750000,8225.000000,8046.649902,8207.299805,8141.134277,410053
2024-03-05,8160.049805,8388.000000,8160.049805,8351.750000,8284.419922,615117
2024-03-06,8369.700195,8681.150391,8364.000000,8605.799805,8536.421875,959543
2024-03-07,8638.000000,8972.849609,8500.049805,8879.049805,8807.468750,1243547
2024-03-11,9023.450195,9025.000000,8630.000000,8659.400391,8589.589844,631957
2024-03-12,8636.950195,8699.950195,8475.250000,8527.700195,8458.952148,324864
2024-03-13,8527.700195,8617.200195,8296.950195,8384.900391,8317.303711,430048
2024-03-14,8330.500000,8400.000000,8202.049805,8383.549805,8315.963867,392634
2024-03-15,8384.799805,8432.099609,8110.000000,8350.700195,8283.378906,676870
2024-03-18,8343.000000,8547.150391,8294.200195,8521.799805,8453.098633,367524
2024-03-19,8500.000000,8687.900391,8442.549805,8640.200195,8570.544922,673456
2024-03-20,8640.000000,8784.000000,8562.000000,8635.599609,8565.981445,790885
2024-03-21,8608.200195,8770.000000,8585.000000,8750.599609,8680.054688,720691
2024-03-22,8700.049805,9050.000000,8682.000000,8945.250000,8873.135742,851210
2024-03-26,8945.250000,9020.000000,8851.049805,8960.549805,8888.311523,534067
2024-03-27,8959.000000,9287.799805,8926.700195,9162.500000,9088.633789,1034030
2024-03-28,9162.500000,9243.599609,8980.049805,9148.150391,9074.400391,847202
2024-04-01,9194.799805,9211.599609,9013.099609,9042.150391,8969.254883,419820
2024-04-02,9150.000000,9357.950195,9139.500000,9276.099609,9201.317383,803845
2024-04-03,9248.950195,9248.950195,9065.200195,9080.450195,9007.246094,453210
2024-04-04,9139.000000,9181.750000,8988.049805,9146.150391,9072.416016,617929
2024-04-05,9130.000000,9130.000000,9000.500000,9009.500000,8936.867188,356305
2024-04-08,9049.000000,9090.000000,8951.299805,9030.500000,8957.698242,376197
2024-04-09,9090.000000,9132.700195,8936.400391,8978.900391,8906.514648,237944
2024-04-10,9034.799805,9049.799805,8901.349609,9005.549805,8932.949219,319824
2024-04-12,8949.049805,9119.000000,8930.000000,9064.849609,8991.770508,480474
2024-04-15,9059.099609,9177.700195,8945.000000,8997.049805,8924.517578,386707
2024-04-16,8948.000000,9029.450195,8784.099609,8919.150391,8847.246094,487529
2024-04-18,8967.900391,9129.000000,8950.000000,9021.299805,8948.572266,819240
2024-04-19,9075.049805,9090.000000,8700.049805,8804.500000,8733.520508,1385007
2024-04-22,8884.000000,8884.000000,8745.000000,8795.750000,8724.840820,323734
2024-04-23,8845.000000,8861.500000,8761.000000,8795.799805,8724.889648,295346
2024-04-24,8819.900391,8869.000000,8680.000000,8697.099609,8626.985352,319824
2024-04-25,8697.000000,8770.000000,8641.400391,8734.900391,8664.481445,524667
2024-04-26,8747.299805,8994.950195,8734.549805,8974.299805,8901.951172,521344
2024-04-29,8974.299805,8989.799805,8729.000000,8760.099609,8689.477539,299443
2024-04-30,8799.400391,8966.000000,8795.000000,8903.650391,8831.871094,360403
2024-05-02,8944.000000,9146.450195,8826.099609,9110.650391,9037.202148,638239
2024-05-03,9170.000000,9258.599609,9064.349609,9105.599609,9032.192383,396042
2024-05-06,9120.000000,9185.750000,8810.549805,9052.549805,8979.570313,458431
2024-05-07,9055.150391,9074.950195,8642.549805,8677.900391,8607.941406,588285
2024-05-08,8651.000000,8785.349609,8592.799805,8749.400391,8678.865234,451581
2024-05-09,8800.000000,9007.450195,8786.349609,8846.849609,8775.528320,645689
2024-05-10,8950.000000,9047.950195,8906.500000,8981.799805,8909.390625,482797
2024-05-13,9022.900391,9025.000000,8870.500000,8992.299805,8919.805664,435605
2024-05-14,8952.250000,9089.000000,8882.750000,9065.250000,8992.167969,408162
2024-05-15,9069.000000,9125.000000,8877.349609,8903.150391,8831.375000,274392
2024-05-16,8950.000000,8955.549805,8710.000000,8871.849609,8800.327148,680474
2024-05-17,8891.000000,8958.349609,8765.500000,8780.700195,8709.912109,323961
2024-05-21,8775.000000,8860.000000,8775.000000,8820.700195,8749.589844,417798
2024-05-22,8850.000000,8850.000000,8736.000000,8805.549805,8734.561523,302838
2024-05-23,8850.000000,8985.000000,8751.200195,8963.450195,8891.188477,731514
2024-05-24,8980.000000,9024.000000,8870.099609,8948.200195,8876.061523,455920
2024-05-27,9002.000000,9069.450195,8881.700195,8998.700195,8926.154297,301747
2024-05-28,8998.700195,9022.250000,8916.200195,8989.750000,8917.276367,259094
2024-05-29,8950.000000,9139.450195,8902.750000,9070.200195,8997.078125,339934
2024-05-30,9068.000000,9128.900391,8927.599609,8968.500000,8896.198242,305109
2024-05-31,8990.000000,9125.500000,8923.000000,9084.750000,9011.510742,560005
2024-06-03,9180.000000,9444.000000,9122.549805,9335.450195,9260.190430,438422
2024-06-04,9227.000000,9372.849609,8808.000000,9246.750000,9172.205078,738601
2024-06-05,9241.000000,9679.000000,9176.000000,9602.250000,9524.838867,489543
2024-06-06,9595.299805,9740.000000,9454.000000,9701.450195,9623.239258,570095
2024-06-07,9643.599609,9740.099609,9615.000000,9725.549805,9647.144531,246783
2024-06-10,9779.000000,9924.000000,9681.500000,9733.049805,9654.583984,201452
2024-06-11,9740.000000,9900.000000,9700.099609,9812.700195,9733.592773,457442
2024-06-12,9854.000000,9944.000000,9795.700195,9904.250000,9824.404297,277175
2024-06-13,9904.000000,9940.000000,9825.250000,9923.400391,9843.400391,277783
2024-06-14,9826.000000,9995.000000,9813.049805,9961.750000,9961.750000,320933
2024-06-18,9922.000000,10038.799805,9908.000000,9918.200195,9918.200195,206100
2024-06-19,9939.500000,9948.000000,9670.000000,9685.799805,9685.799805,279789
2024-06-20,9692.000000,9735.900391,9565.000000,9632.000000,9632.000000,324597
2024-06-21,9675.000000,9728.950195,9571.099609,9602.250000,9602.250000,334018
2024-06-24,9580.000000,9758.950195,9510.549805,9745.250000,9745.250000,283754
2024-06-25,9755.000000,9825.000000,9645.000000,9659.950195,9659.950195,282048
2024-06-26,9659.900391,9660.299805,9441.500000,9474.650391,9474.650391,431217
2024-06-27,9564.650391,9564.650391,9365.650391,9417.450195,9417.450195,637626
2024-06-28,9465.000000,9523.700195,9382.250000,9501.650391,9501.650391,237516
2024-07-01,9505.000000,9693.950195,9505.000000,9532.400391,9532.400391,289355
2024-07-02,9520.000000,9532.400391,9381.099609,9401.250000,9401.250000,287884
2024-07-03,9474.000000,9554.950195,9384.599609,9422.400391,9422.400391,318120
2024-07-04,9479.900391,9499.000000,9420.349609,9460.849609,9460.849609,234656
2024-07-05,9522.000000,9660.000000,9493.299805,9635.799805,9635.799805,608628
2024-07-08,9640.000000,9666.150391,9470.000000,9529.400391,9529.400391,316215
2024-07-09,9565.000000,9565.000000,9481.200195,9534.099609,9534.099609,262913
2024-07-10,9550.000000,9650.000000,9451.950195,9542.450195,9542.450195,239607
2024-07-11,9542.450195,9569.500000,9383.000000,9466.799805,9466.799805,294900
2024-07-12,9499.950195,9554.349609,9412.000000,9430.750000,9430.750000,171581
2024-07-15,9430.750000,9738.500000,9403.950195,9673.349609,9673.349609,504086
2024-07-16,9715.000000,9909.950195,9633.650391,9718.349609,9718.349609,1041123
2024-07-18,9745.000000,9745.000000,9291.500000,9626.200195,9626.200195,1055384
2024-07-19,9635.000000,9675.000000,9340.000000,9386.049805,9386.049805,380782
2024-07-22,9350.000000,9435.000000,9263.200195,9409.700195,9409.700195,247040
2024-07-23,9435.000000,9508.000000,8744.599609,9382.500000,9382.500000,431989
2024-07-24,9360.000000,9372.700195,9250.000000,9260.200195,9260.200195,283213
2024-07-25,9260.000000,9309.950195,9171.000000,9278.250000,9278.250000,262328
2024-07-26,9319.000000,9505.000000,9268.450195,9492.900391,9492.900391,250956
2024-07-29,9549.200195,9621.049805,9509.000000,9574.400391,9574.400391,98719