Date,Open,High,Low,Close,Adj Close,Volume
2019-01-01,2645.000000,2664.000000,2612.100098,2656.850098,2608.035889,917872
2019-01-02,2635.100098,2662.000000,2601.899902,2614.050049,2566.021973,1304915
2019-01-03,2612.000000,2648.000000,2575.300049,2586.199951,2538.683594,1282478
2019-01-04,2601.000000,2611.899902,2563.649902,2576.050049,2528.720215,1051021
2019-01-07,2601.000000,2605.000000,2545.350098,2553.600098,2506.682861,1024328
2019-01-08,2560.000000,2582.000000,2525.050049,2537.050049,2490.436768,1233379
2019-01-09,2546.000000,2559.800049,2510.000000,2524.350098,2477.970215,1093992
2019-01-10,2526.000000,2542.449951,2504.699951,2514.649902,2468.448242,910839
2019-01-11,2516.000000,2530.000000,2488.000000,2514.199951,2468.006348,818218
2019-01-14,2515.949951,2552.899902,2484.149902,2544.800049,2498.044189,1021504
2019-01-15,2551.000000,2613.000000,2551.000000,2604.199951,2556.352539,1466303
2019-01-16,2598.399902,2612.149902,2562.800049,2569.850098,2522.634033,952597
2019-01-17,2574.000000,2586.550049,2527.050049,2535.899902,2489.307861,994183
2019-01-18,2545.000000,2555.000000,2525.100098,2542.899902,2496.179199,753775
2019-01-21,2548.000000,2606.000000,2526.600098,2594.199951,2546.536865,1332159
2019-01-22,2585.000000,2635.000000,2575.000000,2621.899902,2573.727783,1474713
2019-01-23,2619.000000,2653.000000,2611.000000,2634.350098,2585.948975,992504
2019-01-24,2639.000000,2653.500000,2603.100098,2635.649902,2587.225342,753856
2019-01-25,2649.000000,2661.000000,2585.000000,2599.550049,2551.788330,916927
2019-01-28,2610.000000,2610.000000,2355.000000,2458.500000,2413.329834,2364047
2019-01-29,2468.000000,2570.100098,2371.649902,2515.550049,2469.331787,6118833
2019-01-30,2580.000000,2623.699951,2546.000000,2595.500000,2547.812500,3879707
2019-01-31,2608.000000,2608.000000,2526.000000,2574.850098,2527.542725,2083418
2019-02-01,2575.000000,2687.899902,2575.000000,2628.399902,2580.108398,2117768
2019-02-04,2610.000000,2623.550049,2572.199951,2594.449951,2546.782227,942113
2019-02-05,2600.000000,2642.100098,2593.949951,2603.600098,2555.764160,1010817
2019-02-06,2619.000000,2720.000000,2612.100098,2711.250000,2661.436035,1798461
2019-02-07,2725.000000,2731.000000,2684.100098,2696.600098,2647.055664,1760580
2019-02-08,2670.000000,2737.449951,2670.000000,2707.149902,2657.411133,1510785
2019-02-11,2724.699951,2724.699951,2635.000000,2657.199951,2608.379395,1194702
2019-02-12,2668.000000,2677.149902,2616.300049,2621.800049,2573.629639,1200370
2019-02-14,2579.949951,2622.000000,2556.899902,2609.199951,2561.261230,1214126
2019-02-15,2610.000000,2610.000000,2506.000000,2561.100098,2514.044922,1640696
2019-02-18,2548.050049,2561.000000,2512.449951,2549.449951,2502.608887,1154520
2019-02-19,2551.000000,2606.949951,2545.000000,2559.800049,2512.768799,1148339
2019-02-20,2585.000000,2614.800049,2571.000000,2606.149902,2558.267090,1038127
2019-02-21,2610.000000,2660.000000,2593.050049,2654.699951,2605.924805,1139823
2019-02-22,2652.550049,2674.000000,2632.399902,2640.399902,2591.887451,825672
2019-02-25,2639.000000,2675.000000,2613.750000,2657.750000,2608.919434,1024040
2019-02-26,2637.300049,2678.000000,2600.000000,2657.750000,2608.919434,1618996
2019-02-27,2670.000000,2696.649902,2625.000000,2642.000000,2593.458740,1147839
2019-02-28,2666.600098,2667.000000,2630.000000,2649.000000,2600.329834,1136843
2019-03-01,2663.300049,2674.300049,2640.000000,2660.750000,2611.864014,707094
2019-03-05,2655.000000,2708.350098,2644.600098,2695.149902,2645.632080,847307
2019-03-06,2715.000000,2774.199951,2700.000000,2766.699951,2715.867676,1543424
2019-03-07,2774.949951,2782.300049,2725.000000,2734.800049,2684.553711,859851
2019-03-08,2724.899902,2779.000000,2716.600098,2768.300049,2717.437744,1178087
2019-03-11,2769.000000,2807.949951,2769.000000,2791.050049,2739.770020,1169075
2019-03-12,2808.800049,2816.649902,2745.500000,2753.050049,2702.468018,1385335
2019-03-13,2760.000000,2837.949951,2748.850098,2828.149902,2776.188232,1549296
2019-03-14,2832.000000,2835.000000,2787.100098,2808.100098,2756.506836,896055
2019-03-15,2818.800049,2899.000000,2815.000000,2860.750000,2808.189209,2091562
2019-03-18,2872.000000,2941.100098,2845.000000,2929.550049,2875.725586,1819986
2019-03-19,2930.000000,2962.899902,2910.050049,2920.899902,2867.234375,1480565
2019-03-20,2924.800049,2934.550049,2857.800049,2868.600098,2815.895508,1406862
2019-03-22,2868.000000,2895.500000,2816.000000,2836.649902,2784.532227,1250876
2019-03-25,2804.000000,2862.000000,2801.000000,2849.800049,2797.440674,1066757
2019-03-26,2860.000000,2942.000000,2859.000000,2934.350098,2880.437256,1570637
2019-03-27,2950.000000,3014.149902,2932.500000,2945.250000,2891.136963,2419656
2019-03-28,2940.100098,3000.000000,2940.050049,2995.850098,2940.807129,1366945
2019-04-01,3030.199951,3046.399902,2991.000000,3001.449951,2946.304443,1109000
2019-04-02,3024.800049,3077.000000,2998.350098,3055.199951,2999.066895,1136238
2019-04-03,3073.000000,3089.000000,3038.149902,3046.000000,2990.035889,1052752
2019-04-04,3060.000000,3065.000000,3017.449951,3039.449951,2983.606201,772776
2019-04-05,3048.000000,3125.000000,3046.100098,3114.199951,3056.982666,1244408
2019-04-08,3123.000000,3130.000000,3018.000000,3024.100098,2968.538330,1642189
2019-04-09,3016.550049,3049.100098,2979.449951,3008.699951,2953.420898,1733324
2019-04-10,3011.100098,3037.000000,2986.000000,2998.350098,2943.261475,994899
2019-04-11,3008.000000,3055.000000,2992.000000,3047.850098,2991.851563,1016712
2019-04-12,3052.000000,3062.000000,3001.300049,3008.800049,2953.519287,1048138
2019-04-15,3028.600098,3033.000000,3001.949951,3022.250000,2966.721924,651634
2019-04-16,3018.000000,3057.300049,3018.000000,3032.500000,2976.783936,1021478
2019-04-18,3038.699951,3046.000000,2995.000000,3014.449951,2959.065430,658826
2019-04-22,3010.000000,3010.000000,2975.000000,2991.250000,2936.291748,662157
2019-04-23,2992.000000,3058.500000,2987.050049,3035.050049,2979.287109,991968
2019-04-24,3035.000000,3099.000000,3032.000000,3093.050049,3036.221436,990580
2019-04-25,3099.800049,3114.399902,3072.649902,3081.000000,3024.392578,1240564
2019-04-26,3089.000000,3105.000000,3045.000000,3096.850098,3039.951416,613807
2019-04-30,3092.000000,3120.000000,3040.000000,3095.949951,3039.068115,900968
2019-05-02,3095.000000,3148.949951,3060.000000,3131.750000,3074.210205,895830
2019-05-03,3130.100098,3165.000000,3102.300049,3111.850098,3054.676025,730728
2019-05-06,3066.000000,3094.000000,3026.000000,3034.300049,2978.550781,966487
2019-05-07,3052.899902,3069.800049,3007.600098,3017.050049,2961.617676,970264
2019-05-08,3012.000000,3017.000000,2900.000000,2921.300049,2867.626953,1155023
2019-05-09,2900.000000,2991.800049,2885.000000,2971.350098,2916.757324,1745234
2019-05-10,2970.100098,2996.000000,2900.000000,2922.850098,2869.148682,1630089
2019-05-13,2929.899902,2957.949951,2906.000000,2931.850098,2877.982910,1356229
2019-05-14,2927.949951,2941.949951,2848.100098,2881.850098,2828.901855,1861760
2019-05-15,2921.000000,3023.250000,2870.800049,3002.750000,2947.580322,2453670
2019-05-16,3014.000000,3129.000000,3010.250000,3110.050049,3052.909180,3644672
2019-05-17,3137.000000,3316.000000,3122.050049,3301.100098,3240.448975,5848716
2019-05-20,3390.000000,3444.550049,3343.000000,3407.550049,3344.942871,2724859
2019-05-21,3418.050049,3488.000000,3375.000000,3433.300049,3370.219971,2884997
2019-05-22,3442.000000,3459.550049,3398.050049,3448.899902,3385.532959,1566812
2019-05-23,3495.000000,3518.000000,3355.649902,3377.750000,3315.690430,2406205
2019-05-24,3400.000000,3475.000000,3391.300049,3467.899902,3404.184326,1568523
2019-05-27,3480.000000,3484.949951,3440.000000,3449.000000,3385.631348,932000
2019-05-28,3468.000000,3468.149902,3386.750000,3409.800049,3347.151855,1627768
2019-05-29,3403.000000,3433.000000,3384.500000,3409.250000,3346.611816,921278
2019-05-30,3408.899902,3489.699951,3400.050049,3481.649902,3417.681885,1175111
2019-05-31,3497.449951,3531.000000,3448.699951,3467.100098,3403.398926,2172866
2019-06-03,3460.000000,3529.899902,3460.000000,3511.050049,3446.541260,1241133
2019-06-04,3514.500000,3550.000000,3509.550049,3531.149902,3466.271973,1051400
2019-06-06,3533.000000,3533.000000,3445.449951,3452.949951,3389.508545,1314916
2019-06-07,3453.149902,3519.000000,3419.949951,3509.449951,3444.970947,1285044
2019-06-10,3546.949951,3557.750000,3506.000000,3519.600098,3454.934570,983274
2019-06-11,3537.000000,3564.000000,3511.250000,3551.850098,3486.591797,903155
2019-06-12,3539.949951,3539.949951,3482.000000,3505.850098,3441.437256,1214470
2019-06-13,3505.000000,3551.000000,3500.000000,3544.500000,3479.376709,880318
2019-06-14,3553.949951,3569.800049,3501.000000,3518.399902,3453.756348,864641
2019-06-17,3529.000000,3529.800049,3456.000000,3466.500000,3402.810059,953460
2019-06-18,3474.000000,3530.000000,3469.050049,3509.300049,3444.823730,1083527
2019-06-19,3539.000000,3548.000000,3500.100098,3525.500000,3460.725830,873941
2019-06-20,3519.000000,3589.000000,3507.399902,3582.550049,3516.727783,1107005
2019-06-21,3597.100098,3599.000000,3550.000000,3565.850098,3500.334473,1058266
2019-06-24,3562.000000,3579.899902,3533.050049,3545.350098,3480.211670,543703
2019-06-25,3545.350098,3586.000000,3530.350098,3579.850098,3514.077637,827869
2019-06-26,3569.850098,3635.000000,3563.000000,3627.949951,3561.293701,978806
2019-06-27,3635.000000,3659.000000,3620.100098,3642.199951,3575.281738,1135142
2019-06-28,3652.449951,3693.250000,3629.699951,3681.100098,3613.467285,1200036
2019-07-01,3688.699951,3716.000000,3685.000000,3699.000000,3631.038086,913884
2019-07-02,3699.000000,3720.000000,3670.050049,3711.100098,3642.916016,706478
2019-07-03,3714.000000,3730.300049,3695.000000,3715.399902,3647.136719,605040
2019-07-04,3730.000000,3749.899902,3705.149902,3732.500000,3663.922607,743616
2019-07-05,3734.000000,3762.000000,3706.449951,3719.149902,3650.817871,776280
2019-07-08,3724.949951,3724.949951,3375.000000,3413.300049,3350.587402,3857132
2019-07-09,3410.000000,3625.000000,3336.399902,3603.100098,3536.900391,5196125
2019-07-10,3599.949951,3599.949951,3412.000000,3429.050049,3366.048096,2909584
2019-07-11,3460.000000,3525.649902,3366.550049,3451.050049,3393.581787,2712241
2019-07-12,3470.000000,3470.000000,3366.000000,3377.500000,3321.256592,2696678
2019-07-15,3398.500000,3440.000000,3353.600098,3412.100098,3355.280273,1618073
2019-07-16,3433.399902,3464.899902,3406.050049,3448.699951,3391.270508,1685856
2019-07-17,3440.000000,3481.750000,3440.000000,3463.300049,3405.627930,915547
2019-07-18,3460.000000,3520.000000,3444.000000,3467.649902,3409.905029,1320464
2019-07-19,3476.000000,3501.250000,3263.100098,3323.100098,3267.762451,3033909
2019-07-22,3316.000000,3316.000000,3164.649902,3246.600098,3192.536377,3692023
2019-07-23,3257.000000,3297.350098,3208.149902,3276.899902,3222.331787,2223691
2019-07-24,3274.100098,3294.000000,3135.000000,3173.550049,3120.702637,2767989
2019-07-25,3198.899902,3243.399902,2996.199951,3046.500000,2995.768555,10290577
2019-07-26,3046.500000,3278.000000,2994.000000,3264.600098,3210.236816,6945080
2019-07-29,3272.750000,3300.000000,3180.000000,3252.649902,3198.485352,3478473
2019-07-30,3260.000000,3299.000000,3231.300049,3249.949951,3195.830566,2284905
2019-07-31,3233.050049,3267.649902,3160.100098,3252.050049,3197.895752,2438130
2019-08-01,3231.000000,3261.000000,3174.000000,3222.100098,3168.444336,1892516
2019-08-02,3189.000000,3287.550049,3120.000000,3237.899902,3183.980957,3356019
2019-08-05,3199.800049,3199.800049,3143.000000,3160.050049,3107.427734,2013371
2019-08-06,3160.050049,3287.000000,3153.149902,3272.250000,3217.759033,2005139
2019-08-07,3275.000000,3325.000000,3252.300049,3265.800049,3211.416504,2398910
2019-08-08,3290.000000,3360.000000,3261.000000,3334.699951,3279.169434,1587742
2019-08-09,3359.949951,3449.600098,3340.000000,3419.699951,3362.753906,2101757
2019-08-13,3419.699951,3424.000000,3208.050049,3221.850098,3168.198486,1900694
2019-08-14,3269.949951,3329.899902,3245.000000,3289.949951,3235.164551,2770237
2019-08-16,3280.600098,3358.899902,3253.350098,3337.199951,3281.627441,1758154
2019-08-19,3364.899902,3379.000000,3311.000000,3328.050049,3272.630127,1432842
2019-08-20,3327.000000,3334.399902,3235.250000,3294.100098,3239.245117,1688717
2019-08-21,3289.899902,3321.949951,3246.199951,3261.449951,3207.138916,1552801
2019-08-22,3259.000000,3259.000000,3098.449951,3114.100098,3062.242920,2506194
2019-08-23,3118.000000,3200.000000,2998.000000,3174.350098,3121.489746,3143787
2019-08-26,3274.000000,3338.800049,3183.050049,3324.250000,3268.893311,2950017
2019-08-27,3352.000000,3398.000000,3340.100098,3357.750000,3301.835205,2225937
2019-08-28,3348.800049,3362.649902,3296.750000,3326.350098,3270.958496,1250915
2019-08-29,3323.699951,3330.000000,3276.000000,3299.300049,3244.358887,1529926
2019-08-30,3310.149902,3347.000000,3260.000000,3332.500000,3277.005859,2118953
2019-09-03,3303.000000,3315.000000,3234.199951,3258.500000,3204.238037,1199726
2019-09-04,3267.000000,3274.350098,3208.000000,3250.250000,3196.125732,1879349
2019-09-05,3286.000000,3305.000000,3242.800049,3292.699951,3237.868408,1501226
2019-09-06,3330.000000,3388.000000,3298.000000,3373.000000,3316.831787,1700894
2019-09-09,3374.000000,3450.000000,3352.149902,3437.350098,3380.109863,1802551
2019-09-11,3445.350098,3456.000000,3385.300049,3416.399902,3359.508545,1301112
2019-09-12,3402.500000,3429.000000,3370.600098,3382.350098,3326.025635,1164086
2019-09-13,3389.000000,3436.000000,3372.500000,3427.350098,3370.276611,1328363
2019-09-16,3395.000000,3449.949951,3382.300049,3418.850098,3361.917969,1179767
2019-09-17,3424.949951,3434.000000,3354.000000,3368.399902,3312.308105,1361872
2019-09-18,3407.000000,3464.500000,3388.500000,3413.850098,3357.001221,1853668
2019-09-19,3426.000000,3426.399902,3340.300049,3362.050049,3306.063965,1237692
2019-09-20,3385.300049,3750.000000,3282.649902,3702.199951,3640.549561,5648086
2019-09-23,3820.000000,4070.000000,3763.899902,4023.750000,3956.744873,4011002
2019-09-24,4025.000000,4025.000000,3927.000000,3961.750000,3895.777344,2189604
2019-09-25,3960.000000,3998.899902,3890.000000,3930.899902,3865.441162,2414729
2019-09-26,3955.000000,4015.000000,3945.100098,4000.800049,3934.177002,2388165
2019-09-27,4006.000000,4085.000000,3990.000000,4057.399902,3989.834473,2024478
2019-09-30,4065.899902,4111.750000,4031.000000,4046.050049,3978.673340,2256361
2019-10-01,4080.000000,4089.100098,3946.300049,3992.399902,3925.916992,1615506
2019-10-03,3985.000000,4004.949951,3931.850098,3959.800049,3893.860107,1245840
2019-10-04,3979.000000,4004.000000,3892.300049,3903.949951,3838.939697,1478266
2019-10-07,3880.000000,3958.250000,3819.449951,3900.899902,3835.940674,1406152
2019-10-09,3915.000000,4035.000000,3880.050049,4023.899902,3956.892090,1356600
2019-10-10,4013.649902,4015.000000,3931.000000,3948.899902,3883.141602,1102788
2019-10-11,3979.000000,4015.000000,3925.000000,3973.199951,3907.036621,1623866
2019-10-14,3988.000000,4006.300049,3853.050049,3883.300049,3818.634033,1768352
2019-10-15,3895.000000,3916.000000,3843.000000,3879.449951,3814.847656,1394894
2019-10-16,3910.000000,4032.000000,3900.000000,4016.399902,3949.517334,2381769
2019-10-17,4020.050049,4117.200195,4001.000000,4106.799805,4038.411621,2103593
2019-10-18,4100.000000,4199.000000,4080.000000,4137.649902,4068.747803,1836213
2019-10-22,4165.000000,4219.850098,4000.100098,4034.149902,3966.971680,5034755
2019-10-23,4089.949951,4110.000000,3968.000000,4038.350098,3971.101563,2442249
2019-10-24,4062.000000,4080.000000,4012.550049,4026.149902,3959.104736,1267557
2019-10-25,4037.800049,4063.850098,3900.000000,3987.250000,3920.852783,1758098
2019-10-27,4015.000000,4015.000000,3955.000000,3978.899902,3912.641602,214691
2019-10-29,3990.000000,4060.000000,3962.449951,4047.250000,3979.853516,1335515
2019-10-30,4074.949951,4074.949951,3985.000000,3992.000000,3925.523438,1338554
2019-10-31,4004.199951,4050.000000,3995.000000,4027.550049,3960.481689,1251220
2019-11-01,4029.000000,4110.000000,4021.000000,4069.850098,4002.077393,1875612
2019-11-04,4087.000000,4177.500000,4076.149902,4113.000000,4044.508789,1863158
2019-11-05,4172.000000,4255.000000,4135.000000,4227.799805,4157.396973,2934652
2019-11-06,4260.000000,4280.000000,4176.649902,4188.149902,4118.407715,2076695
2019-11-07,4204.700195,4239.200195,4188.200195,4225.850098,4155.479004,1141603
2019-11-08,4220.000000,4240.000000,4148.000000,4159.450195,4090.184814,1509693
2019-11-11,4160.000000,4188.000000,4142.899902,4169.049805,4099.625000,769302
2019-11-13,4166.899902,4175.000000,4132.000000,4144.549805,4075.533447,899015
2019-11-14,4158.000000,4221.000000,4120.399902,4210.549805,4140.434082,1383629
2019-11-15,4220.200195,4247.250000,4175.549805,4187.600098,4117.866699,1193171
2019-11-18,4199.000000,4209.549805,4145.149902,4154.899902,4085.710205,927364
2019-11-19,4165.000000,4182.149902,4126.250000,4135.750000,4066.879883,829535
2019-11-20,4140.000000,4182.000000,4127.399902,4138.549805,4069.632568,813879
2019-11-21,4140.000000,4160.000000,4112.000000,4123.649902,4054.981445,702853
2019-11-22,4130.000000,4143.799805,4041.000000,4078.300049,4010.386719,1222615
2019-11-25,4100.000000,4149.149902,4062.300049,4141.700195,4072.730957,1389304
2019-11-26,4145.000000,4173.950195,4087.000000,4098.350098,4030.102539,1502727
2019-11-27,4121.000000,4124.899902,4095.000000,4118.350098,4049.769531,485064
2019-11-28,4120.000000,4139.049805,4065.000000,4102.049805,4033.740967,969708
2019-11-29,4095.000000,4135.000000,4062.350098,4074.199951,4006.354736,831983
2019-12-02,4075.000000,4077.350098,3920.100098,3950.449951,3884.665527,2065404
2019-12-03,3939.949951,3995.000000,3886.500000,3964.550049,3898.530762,1984382
2019-12-04,3958.000000,4004.100098,3935.000000,3990.850098,3924.392822,1430830
2019-12-05,3990.850098,4034.000000,3968.000000,3990.850098,3924.392822,1255304
2019-12-06,4010.000000,4027.800049,3927.399902,3951.649902,3885.845703,1171355
2019-12-09,3969.600098,3971.449951,3880.250000,3944.850098,3879.158936,1268942
2019-12-10,3950.000000,3995.000000,3945.500000,3986.850098,3920.459473,1159480
2019-12-11,4001.500000,4055.000000,3984.050049,4036.800049,3969.577637,1365981
2019-12-12,4050.000000,4065.000000,4010.050049,4057.149902,3989.588623,1087056
2019-12-13,4070.000000,4089.250000,4041.100098,4071.949951,4004.142090,861656
2019-12-16,4087.949951,4087.949951,4031.550049,4039.449951,3972.183350,826069
2019-12-17,4056.949951,4155.000000,4046.949951,4135.750000,4066.879883,1379484
2019-12-18,4140.450195,4158.850098,4101.049805,4119.350098,4050.753174,1109775
2019-12-19,4113.049805,4145.000000,4085.300049,4091.850098,4023.710938,736104
2019-12-20,4107.000000,4145.000000,4081.000000,4135.600098,4066.732178,1054234
2019-12-23,4138.600098,4184.000000,4130.000000,4160.000000,4090.726074,1137879
2019-12-24,4158.000000,4180.700195,4125.649902,4139.500000,4070.566895,751979
2019-12-26,4149.950195,4196.450195,4133.250000,4187.100098,4117.375000,1265020
2019-12-27,4198.000000,4260.000000,4192.000000,4252.649902,4181.833008,1126648
2019-12-30,4274.850098,4281.549805,4230.000000,4243.299805,4172.638672,831910
2019-12-31,4247.000000,4266.399902,4218.600098,4234.750000,4164.231445,779608
2020-01-01,4237.799805,4252.000000,4221.000000,4231.299805,4160.838379,407042
2020-01-02,4240.000000,4295.750000,4235.000000,4246.049805,4175.342773,863844
2020-01-03,4220.000000,4234.799805,4173.000000,4193.450195,4123.618652,1176850
2020-01-06,4164.000000,4204.000000,3983.800049,3996.699951,3930.145264,2866735
2020-01-07,4055.000000,4092.000000,3996.199951,4007.649902,3940.913086,2149042
2020-01-08,3950.000000,4060.350098,3950.000000,4049.949951,3982.508301,1630576
2020-01-09,4105.899902,4148.000000,4080.000000,4124.200195,4055.522705,1419388
2020-01-10,4130.100098,4185.899902,4118.000000,4144.850098,4075.828613,1106624
2020-01-13,4168.000000,4182.250000,4146.000000,4164.500000,4095.151611,645152
2020-01-14,4170.000000,4202.399902,4150.450195,4193.000000,4123.176758,703434
2020-01-15,4189.950195,4220.000000,4170.049805,4207.250000,4137.188965,616976
2020-01-16,4190.000000,4229.950195,4188.000000,4220.250000,4149.971680,578728
2020-01-17,4217.000000,4242.000000,4202.000000,4231.750000,4161.280762,671129
2020-01-20,4229.000000,4252.950195,4125.149902,4152.600098,4083.449219,848639
2020-01-21,4149.950195,4186.100098,4117.049805,4138.600098,4069.682129,897922
2020-01-22,4186.000000,4186.500000,4123.350098,4142.200195,4073.222412,797901
2020-01-23,4123.000000,4163.850098,4085.000000,4125.799805,4057.095459,1154522
2020-01-24,4120.000000,4205.649902,4111.000000,4194.500000,4124.651367,864892
2020-01-27,4174.000000,4208.000000,4154.000000,4164.350098,4095.003418,782155
2020-01-28,4150.149902,4249.000000,4150.149902,4213.000000,4142.843262,1052764
2020-01-29,4244.899902,4444.000000,4215.100098,4419.000000,4345.413086,4581413
2020-01-30,4464.000000,4485.000000,4344.850098,4364.299805,4291.624023,3577774
2020-01-31,4370.000000,4420.100098,4333.799805,4365.899902,4293.196777,1736927
2020-02-03,4250.200195,4376.899902,4250.200195,4359.350098,4286.756348,1094181
2020-02-04,4387.950195,4550.000000,4377.149902,4519.250000,4443.993652,1958323
2020-02-05,4515.000000,4539.950195,4477.649902,4528.200195,4452.794922,1285631
2020-02-06,4528.200195,4677.850098,4525.000000,4666.350098,4588.644043,1846477
2020-02-07,4663.950195,4686.899902,4626.100098,4654.299805,4576.794434,950326
2020-02-10,4660.000000,4734.000000,4640.000000,4721.750000,4643.121582,1160879
2020-02-11,4737.000000,4785.000000,4736.000000,4749.350098,4670.261719,1167429
2020-02-12,4770.000000,4782.200195,4722.000000,4768.700195,4689.289551,882964
2020-02-13,4766.000000,4800.600098,4735.000000,4795.350098,4715.495605,681039
2020-02-14,4800.000000,4815.000000,4768.000000,4781.750000,4702.121582,731118
2020-02-17,4781.750000,4798.000000,4750.049805,4776.649902,4697.106934,716484
2020-02-18,4769.399902,4771.950195,4701.600098,4758.000000,4678.767578,728611
2020-02-19,4785.000000,4887.000000,4780.100098,4878.049805,4796.817871,1172049
2020-02-20,4867.899902,4923.399902,4853.750000,4880.450195,4799.178711,1634643
2020-02-24,4840.000000,4876.000000,4751.200195,4803.950195,4723.953125,1263389
2020-02-25,4849.899902,4849.899902,4784.000000,4825.950195,4745.586426,959309
2020-02-26,4815.000000,4837.750000,4767.250000,4810.000000,4729.901855,851346
2020-02-27,4815.000000,4815.000000,4712.100098,4759.799805,4680.538086,1174870
2020-02-28,4640.000000,4640.000000,4311.750000,4465.850098,4391.482910,4941410
2020-03-02,4600.000000,4617.950195,4305.649902,4360.750000,4288.132813,2238216
2020-03-03,4400.000000,4474.950195,4320.049805,4454.100098,4389.996094,2023503
2020-03-04,4466.000000,4496.799805,4225.000000,4286.399902,4224.708984,2472991
2020-03-05,4310.000000,4367.549805,4273.149902,4330.700195,4268.371582,1833295
2020-03-06,4125.000000,4238.000000,4036.500000,4225.850098,4165.030273,3312238
2020-03-09,4070.000000,4127.500000,3945.149902,4026.800049,3968.845215,3545627
2020-03-11,4014.000000,4118.899902,3985.000000,4030.649902,3972.639893,2793683
2020-03-12,3860.000000,3869.949951,3628.100098,3734.350098,3680.604492,5272619
2020-03-13,3440.000000,4043.500000,3281.050049,3952.550049,3895.663818,4849917
2020-03-16,3833.449951,3833.449951,3600.000000,3672.250000,3619.397949,3140467
2020-03-17,3702.100098,3734.699951,3402.000000,3444.850098,3395.270996,2558548
2020-03-18,3490.000000,3530.000000,3018.899902,3061.350098,3017.290527,5443580
2020-03-19,2800.000000,3053.050049,2484.699951,2746.100098,2706.577637,8324713
2020-03-20,2799.850098,3044.000000,2621.649902,2951.899902,2909.415527,6110189
2020-03-23,2656.750000,2700.000000,2225.000000,2266.149902,2233.534912,4844235
2020-03-24,2472.000000,2568.649902,2104.649902,2474.199951,2438.590820,6257221
2020-03-25,2450.000000,2700.000000,2400.000000,2585.600098,2548.387451,6226355
2020-03-26,2637.300049,2936.500000,2565.050049,2793.699951,2753.492188,5096124
2020-03-27,2955.000000,3040.000000,2500.000000,2542.300049,2505.710938,7170609
2020-03-30,2390.050049,2414.399902,2226.000000,2242.100098,2209.831055,7698355
2020-03-31,2305.100098,2340.000000,2100.000000,2215.800049,2183.909912,11043111
2020-04-01,2180.000000,2286.899902,2132.649902,2219.350098,2187.408691,6408301
2020-04-03,2268.800049,2343.699951,2183.050049,2207.500000,2175.729248,6172672
2020-04-07,2245.000000,2286.000000,2081.500000,2253.350098,2220.919434,11161478
2020-04-08,2184.000000,2374.000000,2144.149902,2332.899902,2299.323975,9109339
2020-04-09,2391.000000,2566.149902,2367.100098,2551.850098,2515.123291,7193246
2020-04-13,2520.000000,2520.000000,2265.949951,2287.300049,2254.380615,8183199
2020-04-15,2345.000000,2368.000000,2168.399902,2182.449951,2151.039551,9333628
2020-04-16,2145.000000,2250.000000,2122.000000,2220.000000,2188.049072,7246740
2020-04-17,2355.000000,2375.899902,2235.199951,2308.149902,2274.930664,10191546
2020-04-20,2325.000000,2345.500000,2265.000000,2308.250000,2275.029053,5403177
2020-04-21,2210.000000,2210.000000,2085.000000,2099.750000,2069.529785,7383985
2020-04-22,2059.949951,2170.000000,2022.349976,2148.250000,2117.332031,9062723
2020-04-23,2160.000000,2219.100098,2112.000000,2172.449951,2141.183594,7144006
2020-04-24,2113.500000,2113.500000,1970.050049,1976.250000,1947.807251,10494451
2020-04-27,2000.000000,2085.000000,1915.650024,2044.050049,2014.631592,14495247
2020-04-28,2081.000000,2244.100098,2035.000000,2228.100098,2196.032715,14756344
2020-04-29,2200.050049,2375.000000,2200.050049,2296.449951,2263.398682,15060154
2020-04-30,2365.050049,2418.949951,2291.149902,2318.100098,2284.737549,8883305
2020-05-04,2200.000000,2202.199951,2028.550049,2079.649902,2049.719238,7312745
2020-05-05,2130.000000,2135.000000,1997.000000,2002.349976,1973.531738,11521209
2020-05-06,2010.000000,2131.899902,1952.349976,2106.250000,2075.936279,13149696
2020-05-07,2098.949951,2169.850098,2048.350098,2060.550049,2030.894165,7770204
2020-05-08,2130.000000,2130.000000,2015.000000,2024.150024,1995.018066,6966375
2020-05-11,2070.000000,2092.699951,1995.300049,2015.050049,1986.048950,7654990
2020-05-12,1989.699951,2080.000000,1977.099976,2069.699951,2039.912354,10336527
2020-05-13,2220.000000,2239.949951,2145.000000,2161.050049,2129.947754,9441185
2020-05-14,2159.000000,2258.949951,2096.800049,2112.000000,2081.603516,14307531
2020-05-15,2119.949951,2136.600098,2056.000000,2086.449951,2056.421387,8026726
2020-05-18,2090.000000,2093.449951,1926.000000,1938.599976,1910.699219,10820571
2020-05-19,1960.000000,2003.550049,1922.199951,1964.949951,1936.669922,9413514
2020-05-20,1970.000000,2060.000000,1935.000000,2042.800049,2013.399536,16318508
2020-05-21,2059.000000,2077.550049,1974.500000,1990.199951,1961.556396,9879542
2020-05-22,1975.000000,2007.000000,1865.250000,1895.300049,1868.022339,16195094
2020-05-26,1918.000000,1933.750000,1821.550049,1829.000000,1802.676514,9869295
2020-05-27,1830.000000,1946.000000,1783.000000,1936.449951,1908.579956,17335246
2020-05-28,1954.000000,1983.000000,1927.000000,1947.699951,1919.668213,9051775
2020-05-29,1914.000000,1980.000000,1891.000000,1953.650024,1925.532593,10361847
2020-06-01,1997.050049,2226.399902,1997.050049,2160.850098,2129.750488,18915983
2020-06-02,2165.250000,2375.000000,2160.850098,2346.199951,2312.433105,23442470
2020-06-03,2417.000000,2496.850098,2398.000000,2411.899902,2377.187256,18705176
2020-06-04,2414.000000,2453.649902,2276.800049,2313.050049,2279.760010,16315350
2020-06-05,2344.000000,2409.000000,2275.000000,2390.350098,2355.947510,15850039
2020-06-08,2505.000000,2547.699951,2475.550049,2507.250000,2471.165039,14992503
2020-06-09,2535.000000,2535.000000,2415.300049,2443.600098,2408.431152,12373077
2020-06-10,2440.000000,2470.000000,2401.000000,2435.649902,2400.595215,8961443
2020-06-11,2410.000000,2459.000000,2320.100098,2338.899902,2305.237793,10042767
2020-06-12,2200.000000,2470.000000,2199.000000,2450.149902,2414.886963,16802457
2020-06-15,2420.000000,2429.949951,2331.000000,2351.399902,2317.558105,12070346
2020-06-16,2452.000000,2455.399902,2285.000000,2365.000000,2330.962158,12914351
2020-06-17,2347.000000,2425.000000,2332.050049,2396.000000,2361.516113,9650279
2020-06-18,2375.000000,2541.699951,2373.000000,2525.949951,2489.595703,12738268
2020-06-19,2562.000000,2714.550049,2560.000000,2698.600098,2659.761230,18603826
2020-06-22,2740.000000,2863.600098,2728.000000,2840.300049,2799.421875,13939326
2020-06-23,2899.949951,3109.250000,2833.000000,3025.500000,2981.956299,16186953
2020-06-24,3125.000000,3125.000000,2911.000000,2934.449951,2892.216553,20108807
2020-06-25,2878.050049,3046.000000,2851.000000,3005.350098,2962.096436,15982130
2020-06-26,3042.500000,3058.800049,2872.050049,2903.500000,2861.712158,12572499
2020-06-29,2834.000000,2894.449951,2770.000000,2857.949951,2816.817627,11613999
2020-06-30,2910.000000,2936.649902,2816.000000,2831.000000,2790.255615,9703057
2020-07-01,2831.000000,2968.699951,2806.000000,2953.899902,2911.386475,12704896
2020-07-02,2980.000000,3016.000000,2925.000000,2964.250000,2921.588135,11619734
2020-07-03,2980.000000,2989.449951,2921.000000,2931.500000,2889.309082,8543597
2020-07-06,2970.000000,3134.649902,2955.000000,3108.800049,3064.057373,11437583
2020-07-07,3150.000000,3419.649902,3125.300049,3351.949951,3303.708008,22876401
2020-07-08,3351.949951,3408.800049,3180.100098,3208.050049,3161.878906,19126183
2020-07-09,3235.000000,3379.899902,3195.100098,3330.000000,3282.073730,18757786
2020-07-10,3275.000000,3395.000000,3272.050049,3314.149902,3266.451660,16150413
2020-07-13,3360.000000,3378.000000,3216.199951,3234.600098,3188.046875,13136467
2020-07-14,3219.800049,3219.800049,3122.350098,3190.949951,3145.024902,12404422
2020-07-15,3230.000000,3297.699951,3122.250000,3149.250000,3103.925293,10980262
2020-07-16,3180.000000,3215.000000,3102.300049,3204.800049,3158.675781,9999925
2020-07-17,3210.000000,3323.000000,3205.000000,3301.300049,3253.786865,8425626
2020-07-20,3344.949951,3453.949951,3316.500000,3441.500000,3391.969238,10555495
2020-07-21,3500.000000,3519.500000,3218.649902,3292.449951,3245.064453,25960048
2020-07-22,3320.000000,3340.000000,3193.600098,3253.000000,3206.181885,17069659
2020-07-23,3253.000000,3320.000000,3216.050049,3297.800049,3250.337158,8718035
2020-07-24,3245.000000,3290.000000,3220.000000,3251.850098,3205.048584,6637683
2020-07-27,3263.000000,3280.000000,3152.199951,3171.149902,3125.509766,7089867
2020-07-28,3175.000000,3260.000000,3161.199951,3239.600098,3192.975098,8211697
2020-07-29,3245.000000,3329.000000,3239.600098,3284.250000,3236.982178,8070022
2020-07-30,3295.399902,3324.000000,3205.050049,3218.300049,3171.981689,6508278
2020-07-31,3236.000000,3273.000000,3181.250000,3251.300049,3204.506836,7235397
2020-08-03,3244.000000,3244.000000,3169.000000,3174.500000,3128.811768,4463920
2020-08-04,3202.000000,3260.000000,3142.850098,3235.600098,3189.032471,6679145
2020-08-05,3256.000000,3330.000000,3247.949951,3262.149902,3215.200195,6985380
2020-08-06,3292.000000,3378.800049,3255.000000,3345.199951,3297.054932,8172906
2020-08-07,3333.000000,3481.449951,3310.000000,3464.300049,3414.440918,10151267
2020-08-10,3494.000000,3556.850098,3413.199951,3442.949951,3393.398193,7129245
2020-08-11,3462.300049,3494.550049,3404.699951,3457.399902,3407.640137,5571818
2020-08-12,3425.000000,3450.000000,3362.000000,3418.250000,3369.053955,5662527
2020-08-13,3450.000000,3472.000000,3401.000000,3419.649902,3370.433350,4663359
2020-08-14,3425.000000,3448.800049,3306.199951,3331.100098,3283.157959,5531335
2020-08-17,3350.000000,3399.500000,3312.399902,3384.800049,3336.085205,4670572
2020-08-18,3399.000000,3437.949951,3366.600098,3419.899902,3370.679932,4706298
2020-08-19,3447.000000,3465.000000,3401.000000,3409.949951,3360.873047,4198849
2020-08-20,3378.000000,3414.500000,3353.050049,3393.800049,3344.955566,3677459
2020-08-21,3430.000000,3440.000000,3380.000000,3389.300049,3340.520508,2627380
2020-08-24,3403.000000,3515.000000,3401.050049,3492.050049,3441.791748,6205575
2020-08-25,3525.000000,3660.000000,3510.000000,3642.899902,3590.470459,9854059
2020-08-26,3665.000000,3707.000000,3631.000000,3645.550049,3593.082520,6665085
2020-08-27,3656.949951,3668.399902,3596.399902,3632.500000,3580.220215,4611062
2020-08-28,3650.000000,3688.000000,3617.050049,3670.800049,3617.968994,4251328
2020-08-31,3715.000000,3749.850098,3465.000000,3487.800049,3437.602783,8529766
2020-09-01,3517.000000,3674.000000,3500.199951,3643.850098,3591.406982,6065182
2020-09-02,3642.699951,3680.000000,3573.449951,3668.649902,3615.849609,4281011
2020-09-03,3668.000000,3676.750000,3605.000000,3619.699951,3567.604492,3221366
2020-09-04,3541.500000,3649.800049,3520.750000,3596.800049,3545.034180,4914649
2020-09-07,3607.000000,3629.000000,3477.600098,3505.149902,3454.702881,4665168
2020-09-08,3520.000000,3574.899902,3475.000000,3500.000000,3449.626953,4448703
2020-09-09,3477.000000,3493.449951,3392.449951,3422.850098,3373.587646,4563247
2020-09-10,3456.500000,3523.449951,3418.000000,3498.699951,3448.345947,4762282
2020-09-11,3490.000000,3557.699951,3456.699951,3544.399902,3493.388184,4608384
2020-09-14,3557.000000,3575.050049,3420.000000,3440.699951,3391.180664,4531509
2020-09-15,3475.000000,3524.199951,3455.000000,3513.399902,3462.834229,3893637
2020-09-16,3517.949951,3567.399902,3481.649902,3521.500000,3470.817383,3907718
2020-09-17,3488.800049,3517.000000,3456.199951,3471.949951,3421.980957,2781156
2020-09-18,3491.399902,3503.800049,3429.000000,3474.800049,3424.790039,3769087
2020-09-21,3462.800049,3467.000000,3314.250000,3330.149902,3282.221680,3627419
2020-09-22,3329.000000,3353.800049,3217.050049,3303.000000,3255.462402,4224968
2020-09-23,3330.000000,3344.000000,3200.199951,3243.850098,3197.163818,4244328
2020-09-24,3191.000000,3194.750000,3006.899902,3028.899902,2985.307373,5963777
2020-09-25,3080.000000,3167.149902,3028.800049,3138.949951,3093.773438,6232593
2020-09-28,3178.000000,3350.000000,3162.750000,3335.149902,3287.149658,5588695
2020-09-29,3358.000000,3372.000000,3254.500000,3294.750000,3247.331055,4643446
2020-09-30,3293.899902,3343.850098,3260.000000,3278.600098,3231.413574,3603536
2020-10-01,3325.000000,3460.000000,3315.050049,3442.800049,3393.250488,5382106
2020-10-05,3465.000000,3519.000000,3370.250000,3382.899902,3334.212402,4207190
2020-10-06,3439.899902,3480.000000,3391.199951,3474.300049,3424.297119,4758757
2020-10-07,3400.000000,3400.000000,3285.300049,3331.149902,3283.207031,6571080
2020-10-08,3354.000000,3388.000000,3302.000000,3326.449951,3278.574707,4461810
2020-10-09,3324.899902,3418.449951,3305.000000,3317.899902,3270.147949,5684099
2020-10-12,3350.000000,3379.399902,3305.000000,3327.199951,3279.314209,3204652
2020-10-13,3319.949951,3340.000000,3243.649902,3272.600098,3225.500000,3777657
2020-10-14,3268.000000,3382.350098,3232.699951,3372.050049,3323.518799,5304447
2020-10-15,3368.199951,3370.000000,3201.000000,3214.750000,3168.482422,5268019
2020-10-16,3236.350098,3269.449951,3170.100098,3231.350098,3184.843994,5076236
2020-10-19,3255.100098,3294.699951,3196.600098,3267.199951,3220.177734,4206637
2020-10-20,3255.000000,3289.500000,3226.800049,3262.149902,3215.200195,3252090
2020-10-21,3270.000000,3295.000000,3101.350098,3232.850098,3186.322266,7536460
2020-10-22,3160.000000,3345.000000,3150.000000,3314.449951,3266.747314,7085769
2020-10-23,3331.399902,3356.800049,3303.000000,3316.899902,3269.162109,3204777
2020-10-26,3330.000000,3330.000000,3236.649902,3293.899902,3246.493408,3546245
2020-10-27,3326.000000,3465.000000,3278.000000,3453.250000,3403.549805,6020946
2020-10-28,3448.949951,3489.899902,3347.899902,3370.800049,3322.286621,4649105
2020-10-29,3367.800049,3432.000000,3333.750000,3380.050049,3331.403564,3780349
2020-10-30,3364.949951,3391.000000,3252.850098,3309.000000,3261.375977,4287623
2020-11-02,3325.550049,3447.399902,3274.649902,3419.800049,3370.581299,4288551
2020-11-03,3430.000000,3520.000000,3415.850098,3490.800049,3440.559570,4446045
2020-11-04,3469.000000,3569.949951,3462.000000,3561.449951,3510.192627,4371143
2020-11-05,3610.000000,3750.000000,3587.649902,3736.899902,3683.117432,6332141
2020-11-06,3734.100098,3827.300049,3704.100098,3780.750000,3726.336426,5744050
2020-11-09,3810.000000,3878.699951,3786.050049,3865.000000,3809.373779,4149898
2020-11-10,3898.949951,4243.950195,3882.800049,4208.549805,4147.979492,11421448
2020-11-11,4211.000000,4429.549805,4133.950195,4268.799805,4207.361816,13896654
2020-11-12,4260.000000,4325.000000,4200.049805,4298.299805,4236.437500,5590038
2020-11-13,4260.000000,4410.000000,4250.000000,4376.049805,4313.068848,6088459
2020-11-14,4400.000000,4435.000000,4340.000000,4374.799805,4311.836914,789479
2020-11-17,4398.700195,4503.950195,4345.000000,4488.000000,4423.407715,5851523
2020-11-18,4475.000000,4678.000000,4464.000000,4653.750000,4586.771973,7513019
2020-11-19,4628.899902,4785.000000,4512.549805,4536.549805,4471.258789,8351005
2020-11-20,4571.950195,4762.149902,4515.250000,4715.850098,4647.978516,8736410
2020-11-23,4769.000000,4869.299805,4733.549805,4811.450195,4742.202637,7325039
2020-11-24,4835.000000,4862.000000,4770.000000,4810.649902,4741.414063,4297385
2020-11-25,4822.000000,4825.000000,4675.000000,4689.750000,4622.254395,4763321
2020-11-26,4655.000000,4854.000000,4640.000000,4821.250000,4751.861816,6273208
2020-11-27,4859.000000,4960.000000,4785.149902,4908.799805,4838.151855,12364707
2020-12-01,4951.200195,4952.399902,4825.250000,4861.100098,4791.138184,4017427
2020-12-02,4864.000000,4884.000000,4785.000000,4823.899902,4754.473633,3654970
2020-12-03,4865.000000,4890.000000,4817.000000,4867.450195,4797.396484,2876844
2020-12-04,4870.000000,4958.000000,4815.000000,4875.350098,4805.183105,3679378
2020-12-07,4870.000000,4924.950195,4815.000000,4829.450195,4759.943359,3115124
2020-12-08,4850.000000,4865.000000,4775.000000,4792.149902,4723.180176,2971076
2020-12-09,4820.000000,4852.850098,4791.200195,4844.149902,4774.431152,1965992
2020-12-10,4850.000000,4860.000000,4785.000000,4794.799805,4725.791992,1925963
2020-12-11,4805.000000,4889.000000,4805.000000,4843.850098,4774.136719,2670019
2020-12-14,4857.500000,4914.700195,4848.000000,4898.649902,4828.147461,1786348
2020-12-15,4889.950195,5150.000000,4868.850098,5122.500000,5048.775879,5936796
2020-12-16,5199.000000,5225.000000,5120.000000,5146.600098,5072.529297,3269184
2020-12-17,5139.850098,5303.149902,5101.600098,5286.700195,5210.612793,3733152
2020-12-18,5250.000000,5284.950195,5165.000000,5252.500000,5176.904785,3255043
2020-12-21,5228.000000,5234.700195,4905.200195,5041.850098,4969.287109,3551570
2020-12-22,5070.000000,5125.000000,4826.350098,5011.399902,4939.274902,5473521
2020-12-23,5000.000000,5166.000000,4970.350098,5088.899902,5015.659668,3431457
2020-12-24,5138.950195,5218.950195,5106.000000,5184.899902,5110.277832,2625559
2020-12-28,5184.899902,5244.799805,5175.000000,5204.100098,5129.201660,1932606
2020-12-29,5225.000000,5247.000000,5167.500000,5200.500000,5125.653320,1969529
2020-12-30,5200.500000,5348.000000,5174.000000,5334.149902,5257.379395,3864700
2020-12-31,5335.000000,5372.500000,5272.000000,5295.200195,5218.990234,2869212
2021-01-01,5310.200195,5338.000000,5250.000000,5280.149902,5204.157227,1447187
2021-01-04,5324.000000,5324.000000,5196.200195,5216.200195,5141.127441,2333659
2021-01-05,5218.000000,5224.200195,5062.500000,5119.000000,5045.326660,3953400
2021-01-06,5130.000000,5168.350098,4990.299805,5030.299805,4957.902832,3607923
2021-01-07,5065.000000,5131.549805,5021.299805,5081.000000,5007.873047,3035750
2021-01-08,5130.000000,5138.750000,5042.000000,5082.000000,5008.858398,2998451
2021-01-11,5108.000000,5110.950195,4958.250000,4984.250000,4912.515625,2924164
2021-01-12,4984.250000,5099.000000,4951.000000,5042.200195,4969.631836,3335908
2021-01-13,5066.000000,5074.000000,4826.250000,4902.899902,4832.336426,3269373
2021-01-14,4902.899902,4966.799805,4834.000000,4877.350098,4807.153809,2680811
2021-01-15,4877.000000,4927.000000,4842.399902,4883.600098,4813.314453,2544916
2021-01-18,4870.000000,4880.000000,4686.000000,4719.850098,4651.920410,3703413
2021-01-19,4765.100098,4994.950195,4752.000000,4959.149902,4887.776367,4767465
2021-01-20,4968.000000,5032.600098,4901.000000,4981.950195,4910.248535,3314707
2021-01-21,4993.000000,5225.000000,4990.000000,5118.299805,5044.636230,7061809
2021-01-22,5135.000000,5137.000000,4945.600098,4972.549805,4900.983887,3084796
2021-01-25,5049.000000,5163.000000,4890.000000,4908.700195,4838.053711,3673060
2021-01-27,4921.299805,4945.600098,4811.000000,4845.000000,4775.269531,2800493
2021-01-28,4779.549805,4909.000000,4723.100098,4810.250000,4741.019531,3477329
2021-01-29,4886.700195,4950.000000,4707.100098,4734.549805,4666.408691,4260795
2021-02-01,4775.000000,5080.000000,4666.500000,5058.600098,4985.795898,4290745
2021-02-02,5100.000000,5337.950195,5094.899902,5173.200195,5098.746094,4347993
2021-02-03,5218.600098,5270.000000,5140.000000,5245.100098,5169.610840,2650783
2021-02-04,5214.000000,5543.000000,5206.049805,5504.850098,5425.622559,5325888
2021-02-05,5526.000000,5627.000000,5470.000000,5538.549805,5458.837402,4437987
2021-02-08,5542.000000,5665.000000,5475.299805,5497.700195,5418.576172,2800809
2021-02-09,5537.500000,5539.000000,5382.600098,5400.299805,5322.577637,2263904
2021-02-10,5434.700195,5502.350098,5395.000000,5475.899902,5397.089844,2638012
2021-02-11,5470.000000,5588.000000,5455.750000,5567.049805,5486.927734,2028947
2021-02-12,5570.000000,5618.000000,5532.049805,5577.450195,5497.178223,1625268
2021-02-15,5605.350098,5799.000000,5600.000000,5779.850098,5696.665527,3168826
2021-02-16,5791.399902,5822.200195,5690.299805,5760.250000,5677.347168,2126810
2021-02-17,5730.000000,5799.000000,5670.000000,5705.149902,5623.040039,2346395
2021-02-18,5699.000000,5714.750000,5522.200195,5563.350098,5483.281250,2317513
2021-02-19,5560.000000,5621.950195,5425.000000,5497.950195,5418.822754,2744456
2021-02-22,5480.000000,5538.700195,5334.750000,5376.850098,5299.465332,2000563
2021-02-23,5420.000000,5504.649902,5350.000000,5383.700195,5306.216309,2190245
2021-02-24,5444.000000,5578.899902,5383.000000,5562.899902,5482.836914,1908795
2021-02-25,5601.000000,5619.950195,5511.350098,5529.950195,5450.361816,1584595
2021-02-26,5430.000000,5454.000000,5221.000000,5264.899902,5189.125977,3713326
2021-03-01,5315.000000,5369.899902,5195.000000,5266.799805,5190.998535,2031881
2021-03-02,5300.000000,5410.000000,5262.049805,5316.299805,5239.786621,2208634
2021-03-03,5364.149902,5573.350098,5340.100098,5542.899902,5463.125488,2252413
2021-03-04,5430.000000,5567.149902,5401.000000,5485.899902,5406.945801,2234698
2021-03-05,5440.000000,5519.750000,5402.100098,5444.899902,5366.535645,2075760
2021-03-08,5469.000000,5493.950195,5311.000000,5320.649902,5244.073730,1721042
2021-03-09,5371.000000,5445.000000,5335.000000,5415.049805,5337.115234,1811496
2021-03-10,5440.000000,5561.000000,5440.000000,5545.049805,5465.244141,2191250
2021-03-12,5600.000000,5670.000000,5521.000000,5557.850098,5477.860352,2508013
2021-03-15,5571.049805,5585.649902,5350.549805,5439.049805,5360.770020,2087008
2021-03-16,5488.450195,5507.000000,5420.000000,5455.950195,5377.427246,1561305
2021-03-17,5460.000000,5460.399902,5344.450195,5359.799805,5282.659668,1134758
2021-03-18,5423.000000,5545.000000,5305.000000,5371.850098,5294.537109,2339058
2021-03-19,5316.000000,5479.000000,5190.049805,5453.250000,5374.765625,3220310
2021-03-22,5446.500000,5497.000000,5337.000000,5389.350098,5311.785156,1938461
2021-03-23,5410.000000,5445.000000,5350.000000,5378.799805,5301.386719,1849038
2021-03-24,5374.000000,5374.000000,5260.000000,5270.299805,5194.448242,1737643
2021-03-25,5280.000000,5300.000000,5103.149902,5122.200195,5048.479980,2343271
2021-03-26,5170.000000,5248.000000,5135.000000,5183.049805,5108.453613,2347460
2021-03-30,5234.850098,5260.000000,5150.000000,5193.549805,5118.803223,1845280
2021-03-31,5185.000000,5218.799805,5122.950195,5149.850098,5075.732422,1845975
2021-04-01,5210.000000,5288.500000,5161.950195,5272.149902,5196.271484,2148234
2021-04-05,5259.000000,5259.000000,4920.600098,4962.500000,4891.078125,3739680
2021-04-06,5050.000000,5059.450195,4952.600098,4993.100098,4921.238281,2070906
2021-04-07,4980.000000,5109.000000,4940.000000,5077.100098,5004.028809,2402782
2021-04-08,5100.000000,5115.000000,5015.000000,5029.500000,4957.113770,1407879
2021-04-09,5000.000000,5010.000000,4845.000000,4872.299805,4802.176758,2902646
2021-04-12,4740.000000,4740.000000,4400.000000,4511.000000,4446.077148,4500046
2021-04-13,4535.100098,4774.899902,4514.049805,4728.750000,4660.692383,3175019
2021-04-15,4708.100098,4750.000000,4566.100098,4660.299805,4593.227539,2897185
2021-04-16,4661.000000,4690.000000,4590.000000,4616.600098,4550.156738,2142648
2021-04-19,4450.000000,4504.000000,4362.000000,4479.600098,4415.128906,3426507
2021-04-20,4563.000000,4699.000000,4555.200195,4613.649902,4547.249023,3394597
2021-04-22,4550.000000,4714.000000,4505.750000,4688.700195,4621.219238,2563539
2021-04-23,4621.100098,4759.799805,4610.500000,4667.799805,4600.620117,2729525
2021-04-26,4690.000000,4829.000000,4690.000000,4736.549805,4668.380371,2903989
2021-04-27,4747.000000,4889.850098,4746.549805,4865.049805,4795.030762,2644997
2021-04-28,4915.000000,5310.000000,4915.000000,5280.899902,5204.895996,8576454
2021-04-29,5350.000000,5525.000000,5330.000000,5484.850098,5405.911133,7258486
2021-04-30,5350.000000,5524.649902,5327.700195,5451.899902,5373.434570,4124888
2021-05-03,5316.299805,5580.000000,5291.250000,5551.149902,5471.256348,4033591
2021-05-04,5610.000000,5749.950195,5560.000000,5615.750000,5534.926758,4838347
2021-05-05,5683.000000,5700.000000,5452.399902,5515.149902,5435.774414,4378693
2021-05-06,5568.000000,5619.899902,5473.350098,5528.799805,5449.228027,2223111
2021-05-07,5590.000000,5613.149902,5458.000000,5493.799805,5414.731445,1851033
2021-05-10,5575.000000,5575.000000,5445.000000,5497.500000,5418.378906,1997339
2021-05-11,5411.250000,5458.100098,5390.000000,5424.700195,5346.626953,1617248
2021-05-12,5413.100098,5440.000000,5329.399902,5358.399902,5281.280273,1539336
2021-05-14,5405.000000,5405.000000,5267.000000,5330.350098,5253.634766,1525762
2021-05-17,5350.000000,5490.000000,5315.049805,5430.100098,5351.948730,2411583
2021-05-18,5501.000000,5705.000000,5501.000000,5688.750000,5606.876465,3147883
2021-05-19,5674.950195,5722.899902,5595.000000,5631.200195,5550.154785,2250906
2021-05-20,5628.000000,5658.000000,5545.000000,5588.750000,5508.315430,1488827
2021-05-21,5660.000000,5695.000000,5586.299805,5631.750000,5550.696777,1856966
2021-05-24,5634.000000,5688.000000,5590.000000,5602.899902,5522.261230,1215060
2021-05-25,5640.000000,5658.799805,5582.000000,5618.649902,5537.784668,1315546
2021-05-26,5640.000000,5794.799805,5586.100098,5771.149902,5688.089844,2916746
2021-05-27,5779.950195,5782.149902,5651.000000,5682.200195,5600.420410,2152590
2021-05-28,5724.000000,5750.000000,5592.100098,5610.750000,5529.998535,1526375
2021-05-31,5620.000000,5664.700195,5560.000000,5627.950195,5546.951172,1795811
2021-06-01,5644.000000,5818.000000,5625.399902,5784.799805,5701.543457,2853451
2021-06-02,5756.500000,5845.000000,5742.549805,5808.649902,5725.050293,2013195
2021-06-03,5840.000000,5915.000000,5780.149902,5901.500000,5816.564453,2230378
2021-06-04,5915.000000,6010.000000,5900.000000,5993.450195,5907.191406,2445367
2021-06-07,5800.000000,5843.850098,5682.450195,5729.750000,5647.285645,2835805
2021-06-08,5751.000000,5817.000000,5720.149902,5755.399902,5672.566406,1789007
2021-06-09,5795.000000,5795.000000,5627.299805,5674.500000,5592.831543,1538112
2021-06-10,5715.000000,6115.000000,5677.000000,6086.399902,5998.802734,5296120
2021-06-11,6105.350098,6230.000000,6045.200195,6120.000000,6031.919434,3702721
2021-06-14,6069.700195,6249.000000,5975.600098,6194.149902,6105.001953,2633601
2021-06-15,6219.000000,6239.799805,6150.000000,6161.149902,6072.477051,1523661
2021-06-16,6140.000000,6160.899902,6062.799805,6081.600098,5994.072266,1481658
2021-06-17,5920.000000,6115.000000,5920.000000,6050.250000,5963.173340,1871857
2021-06-18,6089.899902,6148.000000,5965.049805,6087.049805,5999.443848,2709615
2021-06-21,6000.000000,6135.000000,5987.100098,6116.000000,6027.977051,1271962
2021-06-22,6150.000000,6189.000000,6000.000000,6016.799805,5930.204590,1540611
2021-06-23,6051.000000,6115.000000,6001.000000,6015.600098,5929.022461,1238215
2021-06-24,6027.000000,6108.000000,6011.000000,6043.600098,5956.619141,1082421
2021-06-25,6057.000000,6107.000000,6030.200195,6075.799805,5988.355469,961994
2021-06-28,6100.000000,6117.700195,6015.000000,6037.049805,5950.163086,828481
2021-06-29,6040.000000,6137.649902,6002.100098,6052.399902,5965.292480,1310079
2021-06-30,6050.000000,6125.000000,6000.000000,6015.850098,5929.268555,1225794
2021-07-01,6040.000000,6040.000000,5940.000000,5967.149902,5881.269043,1120601
2021-07-02,6000.000000,6030.000000,5965.000000,5997.750000,5911.429199,811298
2021-07-05,6029.000000,6095.950195,6006.049805,6072.700195,5985.300293,863179
2021-07-06,6055.000000,6342.799805,6053.000000,6202.399902,6113.133789,3491393
2021-07-07,6220.000000,6286.000000,6160.399902,6198.600098,6109.388184,1947925
2021-07-08,6180.000000,6220.899902,6080.399902,6117.799805,6039.494141,1130560
2021-07-09,6083.000000,6171.000000,6061.049805,6136.149902,6057.609863,1447544
2021-07-12,6175.000000,6198.899902,6103.600098,6149.549805,6070.837402,978740
2021-07-13,6185.000000,6225.000000,6140.000000,6154.299805,6075.527344,1002127
2021-07-14,6150.000000,6182.000000,6120.000000,6133.899902,6055.388672,776574
2021-07-15,6133.899902,6177.200195,6102.000000,6129.700195,6051.242676,870990
2021-07-16,6125.000000,6190.000000,6097.200195,6125.450195,6047.046387,963121
2021-07-19,6088.000000,6123.000000,5935.000000,6015.399902,5938.405273,1290532
2021-07-20,6020.000000,6027.950195,5868.000000,5941.850098,5865.796387,1401837
2021-07-22,5930.000000,6244.000000,5921.149902,6195.549805,6116.248535,3488591
2021-07-23,6189.000000,6225.000000,6140.000000,6180.899902,6101.786621,953739
2021-07-26,6150.000000,6198.299805,6130.000000,6162.450195,6083.573242,733502
2021-07-27,6180.000000,6327.000000,6175.000000,6231.450195,6151.689941,2068528
2021-07-28,6257.899902,6284.000000,6157.000000,6262.000000,6181.848633,1149153
2021-07-29,6289.950195,6430.000000,6264.049805,6400.100098,6318.181152,1484664
2021-07-30,6416.850098,6416.850098,6212.200195,6228.100098,6148.383301,1406885
2021-08-02,6270.000000,6283.950195,6170.000000,6200.500000,6121.136230,1012435
2021-08-03,6215.000000,6342.000000,6206.000000,6331.899902,6250.854004,1091710
2021-08-04,6343.000000,6477.450195,6315.000000,6359.149902,6277.755371,1632091
2021-08-05,6354.000000,6355.500000,6232.000000,6248.250000,6168.274902,866567
2021-08-06,6285.000000,6299.500000,6211.000000,6224.299805,6144.630859,729789
2021-08-09,6225.000000,6269.950195,6136.049805,6193.149902,6113.879883,881179
2021-08-10,6225.000000,6248.450195,6142.049805,6170.100098,6091.125488,731009
2021-08-11,6176.100098,6199.950195,6057.000000,6167.799805,6088.854492,791929
2021-08-12,6181.000000,6254.899902,6151.250000,6199.500000,6120.148438,794602
2021-08-13,6210.000000,6228.850098,6131.000000,6156.549805,6077.748047,667932
2021-08-16,6149.000000,6395.000000,6103.850098,6377.149902,6295.524414,1423335
2021-08-17,6409.950195,6436.850098,6305.000000,6410.100098,6328.052734,1602776
2021-08-18,6434.000000,6640.000000,6406.049805,6544.100098,6460.338379,2153730
2021-08-20,6471.950195,6732.700195,6455.649902,6661.100098,6575.840332,2164732
2021-08-23,6740.000000,6819.500000,6697.000000,6752.200195,6665.774902,1738340
2021-08-24,6775.000000,7049.000000,6727.950195,6980.100098,6890.757324,2622990
2021-08-25,7005.000000,7054.000000,6921.000000,6944.950195,6856.057129,1509667
2021-08-26,6900.000000,6993.250000,6855.000000,6931.950195,6843.223633,1234588
2021-08-27,6950.000000,7024.350098,6872.000000,6966.600098,6877.430176,935906
2021-08-30,6995.950195,7197.000000,6980.000000,7165.500000,7073.784180,1504382
2021-08-31,7160.000000,7598.799805,7130.000000,7524.500000,7428.188965,2946438
2021-09-01,7525.000000,7674.500000,7483.350098,7519.600098,7423.352051,2227789
2021-09-02,7500.000000,7586.399902,7445.049805,7498.450195,7402.472656,1183378
2021-09-03,7500.000000,7555.000000,7461.750000,7523.399902,7427.103516,880247
2021-09-06,7550.000000,7615.000000,7485.100098,7506.350098,7410.271484,897071
2021-09-07,7528.899902,7566.250000,7407.200195,7457.299805,7361.849609,836013
2021-09-08,7457.000000,7514.000000,7411.049805,7463.200195,7367.673828,859256
2021-09-09,7430.000000,7460.000000,7380.000000,7430.649902,7335.540527,700436
2021-09-13,7430.649902,7495.000000,7352.000000,7445.549805,7350.249512,802565
2021-09-14,7480.000000,7530.000000,7408.000000,7417.549805,7322.607910,719258
2021-09-15,7445.000000,7480.000000,7380.000000,7414.149902,7319.250977,657283
2021-09-16,7445.000000,7445.000000,7330.500000,7411.500000,7316.635254,577129
2021-09-17,7445.500000,7679.950195,7360.000000,7428.799805,7333.713867,3474969
2021-09-20,7360.000000,7581.000000,7320.750000,7442.450195,7347.189453,1083806
2021-09-21,7481.149902,7847.100098,7401.000000,7813.850098,7713.835938,1993133
2021-09-22,7850.000000,7895.000000,7771.000000,7793.649902,7693.894043,1500541
2021-09-23,7863.600098,7999.000000,7804.649902,7899.049805,7797.945313,2109147
2021-09-24,7949.850098,7949.850098,7725.649902,7793.399902,7693.647461,1129346
2021-09-27,7849.000000,7860.000000,7740.049805,7795.450195,7695.671387,650774
2021-09-28,7815.000000,7825.000000,7425.049805,7543.299805,7446.748535,1572301
2021-09-29,7529.000000,7635.850098,7456.149902,7515.399902,7419.205078,945879
2021-09-30,7545.000000,7700.000000,7490.899902,7668.100098,7569.951660,1490707
2021-10-01,7620.000000,7639.200195,7475.000000,7522.750000,7426.461426,937740
2021-10-04,7588.000000,7769.000000,7560.149902,7695.049805,7596.555664,1090198
2021-10-05,7683.000000,7765.000000,7634.100098,7724.200195,7625.333496,773243
2021-10-06,7810.000000,7880.600098,7685.000000,7735.149902,7636.143066,1764631
2021-10-07,7845.899902,7885.000000,7738.000000,7747.899902,7648.729980,940550
2021-10-08,7750.000000,7829.000000,7712.000000,7732.200195,7633.230957,756571
2021-10-11,7773.899902,7904.399902,7752.000000,7817.100098,7717.043945,908648
2021-10-12,7810.000000,7925.000000,7750.000000,7855.750000,7755.199219,1099449
2021-10-13,7907.899902,8010.000000,7861.299805,7929.299805,7827.808105,1052438
2021-10-14,7969.000000,7969.000000,7812.350098,7862.899902,7762.257324,1134849
2021-10-18,8050.000000,8050.000000,7800.799805,7865.549805,7764.873535,855098
2021-10-19,7890.000000,7914.700195,7671.000000,7739.299805,7640.239746,1244989
2021-10-20,7741.000000,7833.549805,7575.000000,7761.350098,7662.008301,1102899
2021-10-21,7830.000000,7830.000000,7685.000000,7737.299805,7638.265137,639461
2021-10-22,7756.000000,7935.000000,7665.000000,7710.200195,7611.512695,1517376
2021-10-25,7750.000000,7837.750000,7350.500000,7646.649902,7548.775879,1169729
2021-10-26,7695.000000,7894.950195,7651.100098,7855.649902,7755.100098,1660575
2021-10-27,7870.000000,7919.950195,7461.000000,7482.149902,7386.380859,3112233
2021-10-28,7540.000000,7596.000000,7353.399902,7484.250000,7388.454590,1572302
2021-10-29,7480.000000,7549.700195,7313.049805,7400.200195,7305.480469,948334
2021-11-01,7430.000000,7500.200195,7220.000000,7413.950195,7319.054199,1037314
2021-11-02,7466.700195,7555.000000,7400.250000,7455.350098,7359.924316,687116
2021-11-03,7486.000000,7538.799805,7451.000000,7516.250000,7420.044922,668704
2021-11-04,7561.000000,7569.000000,7515.000000,7525.100098,7428.781738,94033
2021-11-08,7543.899902,7713.149902,7486.000000,7673.649902,7575.429688,900301
2021-11-09,7700.000000,7754.399902,7550.000000,7577.500000,7480.510742,800247
2021-11-10,7545.000000,7610.000000,7505.000000,7581.450195,7484.410156,464989
2021-11-11,7570.200195,7600.950195,7410.000000,7452.700195,7357.308594,634400
2021-11-12,7500.000000,7600.250000,7453.000000,7579.100098,7482.090332,497128
2021-11-15,7579.000000,7627.450195,7490.000000,7534.250000,7437.814453,402518
2021-11-16,7525.000000,7650.000000,7500.750000,7555.700195,7458.990234,598049
2021-11-17,7528.000000,7692.000000,7521.250000,7607.649902,7510.274902,645574
2021-11-18,7620.000000,7697.700195,7440.000000,7484.950195,7389.145508,772539
2021-11-22,7492.000000,7514.500000,6990.049805,7058.299805,6967.956055,1935243
2021-11-23,7000.000000,7178.000000,6924.100098,7114.299805,7023.239258,1187589
2021-11-24,7160.000000,7319.799805,7066.000000,7177.299805,7085.433105,1099380
2021-11-25,7150.000000,7205.000000,7086.799805,7125.799805,7034.592773,615486
2021-11-26,7021.000000,7047.899902,6775.000000,6807.049805,6719.921875,1689082
2021-11-29,6767.000000,6980.000000,6678.299805,6905.750000,6817.358887,1491815
2021-11-30,6910.000000,7199.799805,6849.250000,6997.250000,6907.687988,2195539
2021-12-01,7032.200195,7107.700195,6951.000000,7038.700195,6948.607422,1136768
2021-12-02,7090.000000,7210.000000,7022.399902,7180.500000,7088.592285,847704
2021-12-03,7160.000000,7233.799805,7055.000000,7069.250000,6978.766113,816411
2021-12-06,7069.250000,7095.899902,6938.100098,6951.750000,6862.770508,858253
2021-12-07,7048.000000,7170.000000,6958.000000,7103.149902,7012.231934,1079608
2021-12-08,7120.000000,7386.350098,7120.000000,7361.500000,7267.275879,1402691
2021-12-09,7400.000000,7468.100098,7337.000000,7440.299805,7345.066895,1076950
2021-12-10,7374.000000,7467.000000,7360.000000,7452.500000,7357.110840,679145
2021-12-13,7470.000000,7477.000000,7199.000000,7218.750000,7126.352539,1298599
2021-12-14,7180.000000,7180.000000,7035.000000,7065.899902,6975.458984,1276481
2021-12-15,7072.500000,7072.500000,6831.000000,6847.250000,6759.607910,1817528
2021-12-16,6945.000000,7063.450195,6932.899902,7028.850098,6938.883301,1768318
2021-12-17,7000.000000,7025.000000,6865.000000,6901.100098,6812.768555,1680511
2021-12-20,6850.000000,6864.850098,6492.600098,6634.149902,6549.235352,2226319
2021-12-21,6725.149902,6750.000000,6540.000000,6577.549805,6493.359863,1375591
2021-12-22,6635.000000,6790.750000,6623.799805,6771.200195,6684.531250,1267898
2021-12-23,6840.000000,6993.500000,6838.250000,6917.750000,6829.205566,1339399
2021-12-24,6984.899902,6987.950195,6757.600098,6852.000000,6764.296875,980774
2021-12-27,6751.000000,6908.799805,6654.049805,6890.750000,6802.550781,912360
2021-12-28,6980.000000,6980.000000,6861.750000,6906.649902,6818.247070,862464
2021-12-29,6884.899902,6949.950195,6853.049805,6911.649902,6823.183105,532379
2021-12-30,6899.899902,6944.950195,6856.899902,6871.100098,6783.152832,658992
2021-12-31,6882.000000,6999.000000,6875.549805,6977.299805,6887.992676,769907
2022-01-03,6975.000000,7243.950195,6975.000000,7219.600098,7127.191895,1269725
2022-01-04,7250.000000,7375.000000,7235.500000,7343.000000,7249.012695,959173
2022-01-05,7469.899902,7691.149902,7415.000000,7670.799805,7572.615723,2583262
2022-01-06,7525.000000,7779.350098,7521.000000,7748.250000,7649.075195,1535986
2022-01-07,7763.950195,7785.000000,7585.000000,7659.350098,7561.313477,1165951
2022-01-10,7686.000000,7759.000000,7669.750000,7731.299805,7632.342285,639060
2022-01-11,7739.000000,7759.950195,7571.000000,7669.850098,7571.679199,1037912
2022-01-12,7726.000000,7869.000000,7691.799805,7774.500000,7674.989258,1458404
2022-01-13,7828.000000,7849.549805,7774.000000,7808.350098,7708.405762,616374
2022-01-14,7775.000000,7846.100098,7728.500000,7832.200195,7731.950684,569635
2022-01-17,7819.500000,7910.000000,7801.549805,7852.600098,7752.089844,679774
2022-01-18,7899.950195,7945.000000,7716.049805,7744.000000,7644.879883,1130024
2022-01-19,7850.000000,8045.000000,7473.000000,7571.799805,7474.883789,5000317
2022-01-20,7610.000000,7650.000000,7401.000000,7530.250000,7433.865723,2910383
2022-01-21,7402.500000,7499.000000,7305.850098,7373.750000,7279.368652,1370450
2022-01-24,7350.000000,7350.000000,6817.700195,6931.750000,6843.026367,2502582
2022-01-25,6900.000000,6996.000000,6752.200195,6963.750000,6874.616699,2525934
2022-01-27,6823.600098,6902.350098,6708.100098,6837.000000,6749.489258,1761028
2022-01-28,6961.049805,7045.600098,6845.000000,6867.250000,6779.352051,1467522
2022-01-31,6979.899902,7075.899902,6930.100098,7000.250000,6910.649414,1251249
2022-02-01,7075.899902,7115.799805,6886.000000,7014.600098,6924.815918,1383449
2022-02-02,7100.000000,7280.000000,7095.000000,7247.450195,7154.685547,1339821
2022-02-03,7253.000000,7287.049805,7100.000000,7110.649902,7019.636230,839856
2022-02-04,7090.000000,7188.399902,7055.000000,7158.399902,7066.774902,823208
2022-02-07,7165.000000,7165.000000,6881.000000,6930.600098,6841.890625,1183012
2022-02-08,7000.000000,7147.000000,6914.700195,7055.000000,6964.698730,1640542
2022-02-09,7128.549805,7157.899902,7070.000000,7117.350098,7026.250977,649166
2022-02-10,7135.000000,7240.000000,7065.000000,7137.000000,7045.648926,1244200
2022-02-11,7040.000000,7079.950195,6921.049805,7011.600098,6921.854492,1276461
2022-02-14,6810.000000,6930.000000,6744.049805,6785.950195,6699.092773,1169766
2022-02-15,6800.000000,7195.000000,6785.950195,7142.049805,7050.634277,1346820
2022-02-16,7185.000000,7224.950195,7050.000000,7068.600098,6978.125000,1054041
2022-02-17,7120.000000,7128.000000,6982.000000,7082.450195,6991.797363,903616
2022-02-18,7020.000000,7116.000000,7010.000000,7030.100098,6940.117676,762517
2022-02-21,7000.000000,7080.899902,6911.000000,7006.350098,6916.671387,816664
2022-02-22,6800.000000,7036.149902,6789.000000,7011.350098,6921.607422,1258732
2022-02-23,7060.000000,7117.350098,7027.450195,7044.549805,6954.382324,795228
2022-02-24,6800.000000,6900.200195,6592.450195,6627.799805,6542.966797,1930040
2022-02-25,6800.000000,6989.950195,6759.000000,6969.399902,6880.194336,1413281
2022-02-28,6860.000000,7025.000000,6806.600098,7002.299805,6912.672852,1580891
2022-03-02,6918.000000,6936.350098,6762.000000,6831.549805,6744.108398,1608009
2022-03-03,6920.000000,6944.299805,6725.000000,6748.350098,6661.973633,1333999
2022-03-04,6688.399902,6698.000000,6500.000000,6537.899902,6454.217285,1996509
2022-03-07,6350.000000,6370.000000,6100.000000,6125.000000,6046.602051,2843588
2022-03-08,6128.000000,6217.350098,5912.899902,6161.850098,6082.980957,2885783
2022-03-09,6219.500000,6525.000000,6121.850098,6472.500000,6389.654297,2280131
2022-03-10,6794.000000,6794.000000,6501.000000,6584.899902,6500.615723,2091561
2022-03-11,6550.000000,6685.000000,6490.049805,6628.000000,6543.163574,1264771
2022-03-14,6601.000000,6689.000000,6500.000000,6665.450195,6580.134766,1266846
2022-03-15,6677.200195,6750.000000,6605.000000,6666.549805,6581.220703,1479270
2022-03-16,6780.000000,6899.399902,6743.350098,6840.600098,6753.043457,1633596
2022-03-17,6947.700195,7056.899902,6930.100098,6994.399902,6904.874023,1670678
2022-03-21,7000.000000,7018.750000,6850.000000,6870.399902,6782.461426,962019
2022-03-22,6870.000000,7010.000000,6767.000000,6985.799805,6896.384277,1273796
2022-03-23,7050.000000,7104.000000,6970.000000,7004.799805,6915.141113,1176750
2022-03-24,6969.000000,7035.549805,6881.250000,6997.549805,6907.983887,783716
2022-03-25,7059.000000,7067.450195,6940.000000,6973.500000,6884.241699,702373
2022-03-28,6990.000000,7035.000000,6870.000000,7001.399902,6911.784668,936973
2022-03-29,7040.000000,7060.000000,6984.500000,7039.350098,6949.249023,715950
2022-03-30,7100.000000,7274.450195,7099.000000,7251.850098,7159.029297,1272254
2022-03-31,7287.950195,7445.000000,7240.649902,7259.950195,7167.025391,1633011
2022-04-01,7229.950195,7449.000000,7220.299805,7408.100098,7313.278809,871513
2022-04-04,7449.000000,7590.899902,7430.000000,7490.649902,7394.772461,1049759
2022-04-05,7435.000000,7479.950195,7330.000000,7388.450195,7293.880371,1072082
2022-04-06,7350.000000,7425.000000,7300.000000,7346.950195,7252.912109,767031
2022-04-07,7310.000000,7356.000000,7270.000000,7290.200195,7196.888184,718266
2022-04-08,7328.299805,7425.000000,7260.000000,7366.600098,7272.310547,881973
2022-04-11,7345.049805,7384.000000,7295.000000,7336.649902,7242.743164,597508
2022-04-12,7299.950195,7299.950195,7220.000000,7274.500000,7181.389160,805598
2022-04-13,7313.000000,7380.000000,7282.049805,7328.450195,7234.648926,672317
2022-04-18,7265.500000,7375.000000,7231.600098,7261.450195,7168.506348,758222
2022-04-19,7300.000000,7443.299805,7151.000000,7259.549805,7166.629883,1191110
2022-04-20,7274.950195,7294.700195,6960.000000,7032.500000,6942.486816,1558181
2022-04-21,7099.000000,7187.000000,7047.299805,7138.100098,7046.734863,875343
2022-04-22,7080.000000,7207.000000,7071.399902,7110.750000,7019.735352,807987
2022-04-25,7000.000000,7074.950195,6950.000000,7005.500000,6915.832520,684953
2022-04-26,7131.000000,7262.950195,7097.000000,7240.549805,7147.873535,1012419
2022-04-27,7100.000000,7100.000000,6688.850098,6714.100098,6628.162109,3984357
2022-04-28,6748.000000,6805.000000,6580.000000,6727.649902,6641.538574,2499094
2022-04-29,6800.000000,6823.600098,6651.000000,6671.799805,6586.403320,1337517
2022-05-02,6550.000000,6649.850098,6525.500000,6626.149902,6541.337402,1238741
2022-05-04,6629.899902,6667.799805,6290.000000,6339.750000,6258.603516,1649115
2022-05-05,6400.000000,6497.450195,6290.000000,6309.450195,6228.691406,1486028
2022-05-06,6201.000000,6205.049805,5975.000000,6000.299805,5923.498047,3064865
2022-05-09,5961.000000,6135.250000,5832.549805,6036.950195,5959.679688,1935648
2022-05-10,6000.000000,6113.049805,5900.000000,5928.450195,5852.568359,1177933
2022-05-11,5957.000000,5996.600098,5737.000000,5807.000000,5732.672363,1861339
2022-05-12,5750.000000,5764.750000,5505.899902,5593.399902,5521.806152,2494044
2022-05-13,5700.000000,5749.000000,5500.000000,5515.750000,5445.149902,2105315
2022-05-16,5575.000000,5711.950195,5488.000000,5645.399902,5573.141113,1414955
2022-05-17,5660.000000,5849.000000,5652.000000,5837.299805,5762.584473,1401770
2022-05-18,5889.950195,5956.700195,5790.000000,5815.200195,5740.767578,1655094
2022-05-19,5651.000000,5745.000000,5611.000000,5707.000000,5633.952148,1065025
2022-05-20,5840.000000,5841.950195,5712.000000,5769.600098,5695.751465,1098610
2022-05-23,5825.000000,5906.250000,5771.200195,5794.000000,5719.838867,968021
2022-05-24,5783.000000,5833.000000,5725.000000,5798.799805,5724.577148,1084069
2022-05-25,5839.000000,5877.700195,5801.799805,5827.399902,5752.811523,867598
2022-05-26,5850.000000,5875.450195,5653.399902,5817.799805,5743.334473,1259546
2022-05-27,5900.000000,6077.000000,5861.049805,5993.500000,5916.785645,1625805
2022-05-30,6088.000000,6127.000000,6041.100098,6111.200195,6032.979004,817484
2022-05-31,6110.000000,6169.200195,6016.450195,6082.149902,6004.300293,1548966
2022-06-01,6060.000000,6130.000000,5977.250000,6010.149902,5933.222168,887620
2022-06-02,6007.000000,6080.000000,5949.200195,6057.850098,5980.312012,750809
2022-06-03,6125.000000,6168.000000,6014.000000,6028.200195,5951.041504,1043465
2022-06-06,6008.200195,6050.000000,5911.000000,6021.000000,5943.933105,737657
2022-06-07,5980.000000,5989.950195,5833.649902,5878.600098,5803.355957,896982
2022-06-08,5900.000000,6054.000000,5802.250000,5954.299805,5878.086914,1334146
2022-06-09,5905.000000,5931.600098,5855.000000,5898.549805,5823.050781,1237674
2022-06-10,5825.000000,5835.000000,5652.399902,5667.500000,5594.958496,2151891
2022-06-13,5525.049805,5554.000000,5325.000000,5358.250000,5289.666504,1932785
2022-06-14,5347.000000,5461.000000,5284.200195,5375.750000,5306.942383,1884541
2022-06-15,5418.000000,5499.899902,5396.149902,5484.950195,5414.744629,1659943
2022-06-16,5565.000000,5614.950195,5254.850098,5283.899902,5216.268066,2179686
2022-06-17,5220.000000,5475.000000,5220.000000,5419.549805,5350.181641,1937939
2022-06-20,5428.000000,5510.000000,5352.000000,5470.450195,5400.430664,1119456
2022-06-21,5525.000000,5564.000000,5455.000000,5549.149902,5478.122559,1002359
2022-06-22,5531.500000,5531.500000,5405.000000,5439.600098,5369.975586,898346
2022-06-23,5445.600098,5495.000000,5343.000000,5448.149902,5378.415527,1101857
2022-06-24,5510.000000,5616.649902,5455.000000,5587.750000,5516.228516,1304933
2022-06-27,5700.000000,5725.000000,5587.750000,5641.200195,5568.995117,1049008
2022-06-28,5607.000000,5619.000000,5525.000000,5576.250000,5504.876465,739500
2022-06-29,5485.000000,5554.000000,5460.000000,5512.799805,5442.237793,755982
2022-06-30,5512.799805,5535.200195,5377.000000,5400.500000,5350.788086,1198275
2022-07-01,5364.000000,5633.950195,5335.049805,5614.399902,5562.718262,1221890
2022-07-04,5612.899902,5648.950195,5541.000000,5630.299805,5578.472168,789818
2022-07-05,5660.000000,5755.000000,5626.450195,5661.100098,5608.989258,1228453
2022-07-06,5680.000000,5938.850098,5645.899902,5916.700195,5862.236328,2222952
2022-07-07,5935.000000,5986.899902,5816.000000,5860.700195,5806.751953,1335247
2022-07-08,5928.000000,5928.000000,5801.000000,5873.200195,5819.136719,803282
2022-07-11,5850.000000,5903.950195,5813.799805,5861.500000,5807.544434,761337
2022-07-12,5849.799805,5959.549805,5784.000000,5873.549805,5819.482910,975446
2022-07-13,5929.950195,5979.000000,5866.600098,5878.899902,5824.784180,886934
2022-07-14,5925.000000,5926.950195,5794.700195,5830.850098,5777.176270,692920
2022-07-15,5855.000000,5928.250000,5812.850098,5915.200195,5860.750000,569859
2022-07-18,5969.899902,6068.100098,5931.350098,6059.799805,6004.018555,966432
2022-07-19,6040.000000,6098.149902,6002.049805,6065.950195,6010.112305,978560
2022-07-20,6149.000000,6149.600098,6042.049805,6074.399902,6018.484375,827092
2022-07-21,6079.000000,6283.149902,6036.000000,6266.899902,6209.212402,1325493
2022-07-22,6271.000000,6325.000000,6217.700195,6258.250000,6200.642090,953295
2022-07-25,6240.000000,6334.000000,6185.000000,6227.000000,6169.679688,724023
2022-07-26,6300.000000,6383.700195,6212.500000,6264.450195,6206.785156,1530406
2022-07-27,6279.000000,6429.399902,6195.000000,6396.350098,6337.470703,1444989
2022-07-28,6522.000000,7109.950195,6522.000000,7076.600098,7011.458984,6485782
2022-07-29,7175.000000,7260.000000,7125.000000,7209.100098,7142.739258,2606762
2022-08-01,7251.049805,7310.000000,7192.000000,7261.000000,7194.161621,1227077
2022-08-02,7201.450195,7356.000000,7182.200195,7341.899902,7274.316406,1249124
2022-08-03,7326.000000,7376.399902,7218.000000,7296.350098,7229.186035,1218621
2022-08-04,7338.950195,7385.000000,7205.000000,7316.649902,7249.299316,949481
2022-08-05,7339.950195,7367.950195,7276.049805,7304.700195,7237.459473,758078
2022-08-08,7300.000000,7398.000000,7264.000000,7342.200195,7274.614258,957482
2022-08-10,7369.000000,7369.000000,7105.000000,7149.399902,7083.588867,1906523
2022-08-11,7244.000000,7325.000000,7217.350098,7318.950195,7251.578125,1027051
2022-08-12,7302.000000,7343.000000,7272.049805,7309.399902,7242.116211,1036941
2022-08-16,7339.000000,7384.000000,7272.100098,7286.100098,7219.030273,804464
2022-08-17,7300.000000,7638.000000,7296.000000,7527.100098,7457.812500,2344414
2022-08-18,7490.000000,7588.799805,7452.399902,7488.250000,7419.319336,835354
2022-08-19,7510.000000,7538.700195,7271.000000,7301.700195,7234.487305,1100427
2022-08-22,7261.000000,7279.799805,7088.850098,7102.200195,7036.823242,1060862
2022-08-23,7085.000000,7250.000000,7050.000000,7207.700195,7141.352051,1088603
2022-08-24,7165.000000,7236.399902,7140.000000,7176.899902,7110.835449,953096
2022-08-25,7212.799805,7239.000000,7025.100098,7047.149902,6982.280273,1354296
2022-08-26,7120.000000,7141.500000,7025.700195,7062.100098,6997.092773,759139
2022-08-29,6881.000000,7015.500000,6861.350098,6964.350098,6900.242676,996735
2022-08-30,7000.000000,7335.000000,7000.000000,7306.250000,7238.995117,1731381
2022-09-01,7228.600098,7333.850098,7142.000000,7181.299805,7115.194824,1462579
2022-09-02,7217.100098,7313.000000,7173.450195,7190.350098,7124.162109,906370
2022-09-05,7190.700195,7254.000000,7158.000000,7196.200195,7129.958496,707025
2022-09-06,7228.750000,7255.000000,7105.000000,7119.350098,7053.815430,791905
2022-09-07,7078.000000,7207.950195,7070.000000,7166.500000,7100.531738,791994
2022-09-08,7220.000000,7279.450195,7175.000000,7257.649902,7190.842285,772251
2022-09-09,7300.000000,7324.000000,7165.000000,7180.899902,7114.798828,649607
2022-09-12,7216.850098,7319.899902,7187.850098,7286.899902,7219.823242,834716
2022-09-13,7330.000000,7444.000000,7312.399902,7403.450195,7335.300781,1382700
2022-09-14,7272.149902,7560.000000,7272.149902,7483.450195,7414.563965,1493388
2022-09-15,7489.950195,7532.850098,7369.700195,7386.299805,7318.308105,717420
2022-09-16,7385.000000,7480.149902,7194.350098,7274.100098,7207.141113,1187036
2022-09-19,7275.000000,7524.450195,7190.950195,7496.100098,7427.097656,1648117
2022-09-20,7569.950195,7715.000000,7565.000000,7635.399902,7565.115234,1613450
2022-09-21,7640.000000,7735.000000,7586.049805,7690.649902,7619.856445,1239262
2022-09-22,7670.000000,7778.000000,7600.000000,7719.549805,7648.490234,1281039
2022-09-23,7714.799805,7731.500000,7475.000000,7507.149902,7438.045898,1412331
2022-09-26,7437.000000,7460.000000,7129.000000,7259.500000,7192.675293,1875205
2022-09-27,7325.000000,7379.950195,7210.049805,7242.850098,7176.178711,1142829
2022-09-28,7179.000000,7297.500000,7160.100098,7202.500000,7136.199707,869069
2022-09-29,7312.500000,7316.899902,7088.049805,7104.750000,7039.349609,969632
2022-09-30,7081.000000,7362.000000,7026.799805,7335.750000,7268.223145,1618665
2022-10-03,7337.000000,7398.000000,7144.600098,7171.799805,7105.782715,820198
2022-10-04,7335.000000,7505.000000,7306.350098,7488.700195,7419.766113,1191495
2022-10-06,7550.000000,7599.000000,7346.899902,7404.149902,7335.994141,1510060
2022-10-07,7385.450195,7407.750000,7272.250000,7345.149902,7277.536621,991196
2022-10-10,7265.000000,7338.000000,7221.000000,7293.399902,7226.263672,653113
2022-10-11,7307.000000,7352.500000,7172.600098,7202.799805,7136.497070,732206
2022-10-12,7205.000000,7258.500000,7145.000000,7226.200195,7159.682129,740731
2022-10-13,7220.500000,7226.000000,7114.700195,7151.649902,7085.818359,608655
2022-10-14,7300.000000,7345.000000,7221.000000,7272.500000,7205.555664,839012
2022-10-17,7254.950195,7372.299805,7217.000000,7355.200195,7287.494629,617401
2022-10-18,7400.000000,7430.000000,7321.000000,7390.399902,7322.370117,906975
2022-10-19,7417.000000,7440.000000,7350.000000,7380.399902,7312.462402,627177
2022-10-20,7369.950195,7449.000000,7261.000000,7432.399902,7363.983887,1026054
2022-10-21,7490.000000,7490.000000,7153.049805,7192.750000,7126.539551,2386960
2022-10-24,7310.000000,7310.000000,7190.000000,7206.500000,7140.163574,227884
2022-10-25,7242.549805,7242.549805,7090.000000,7102.899902,7037.516602,909899
2022-10-27,7186.000000,7210.000000,6931.000000,6971.100098,6906.930176,1641458
2022-10-28,7000.000000,7090.000000,6980.000000,7006.850098,6942.351074,839669
2022-10-31,7094.000000,7149.600098,7046.000000,7144.100098,7078.337891,818986
2022-11-01,7196.950195,7236.000000,7160.000000,7209.500000,7143.135742,762742
2022-11-02,7207.000000,7240.000000,7140.049805,7156.200195,7090.326660,585914
2022-11-03,7105.000000,7195.000000,7092.100098,7121.600098,7056.044922,632313
2022-11-04,7121.600098,7224.899902,7121.600098,7212.000000,7145.612305,921925
2022-11-07,7248.100098,7250.649902,7111.000000,7190.049805,7123.864746,722494
2022-11-09,7235.000000,7235.000000,7114.649902,7144.000000,7078.238770,689634
2022-11-10,7158.000000,7165.000000,6964.549805,6975.100098,6910.893555,1008182
2022-11-11,7149.000000,7157.850098,6995.000000,7051.450195,6986.541016,1233342
2022-11-14,7054.899902,7107.000000,7001.049805,7025.799805,6961.126465,855060
2022-11-15,7035.149902,7062.399902,6981.000000,7025.750000,6961.077148,719521
2022-11-16,7011.000000,7034.850098,6852.600098,6895.049805,6831.580078,1336204
2022-11-17,6870.000000,6950.000000,6832.000000,6895.049805,6831.580078,733944
2022-11-18,6909.899902,6928.000000,6750.000000,6791.500000,6728.983398,1327689
2022-11-21,6747.000000,6747.000000,6610.350098,6679.100098,6617.618164,1071748
2022-11-22,6680.250000,6727.750000,6660.299805,6685.049805,6623.513184,958769
2022-11-23,6718.500000,6805.000000,6690.000000,6780.049805,6717.638672,893667
2022-11-24,6813.950195,6839.850098,6737.299805,6771.350098,6709.019043,754611
2022-11-25,6770.000000,6778.000000,6675.000000,6747.500000,6685.388184,859058
2022-11-28,6729.000000,6832.799805,6728.549805,6777.450195,6715.062988,604054
2022-11-29,6775.000000,6808.899902,6721.000000,6734.149902,6672.161621,681860
2022-11-30,6735.000000,6754.200195,6678.000000,6720.950195,6659.083008,1482831
2022-12-01,6754.600098,6770.000000,6707.000000,6747.750000,6685.635742,981616
2022-12-02,6730.200195,6741.950195,6647.000000,6675.750000,6614.298828,1438602
2022-12-05,6674.549805,6699.000000,6632.000000,6660.450195,6599.140137,1029250
2022-12-06,6674.399902,6735.000000,6632.000000,6698.549805,6636.888672,840980
2022-12-07,6724.950195,6724.950195,6601.000000,6625.200195,6564.214355,961027
2022-12-08,6680.000000,6680.000000,6560.000000,6581.950195,6521.362793,1137784
2022-12-09,6602.500000,6618.000000,6490.000000,6517.450195,6457.456055,1131292
2022-12-12,6508.100098,6539.000000,6392.000000,6506.500000,6446.606445,1100048
2022-12-13,6507.000000,6648.000000,6507.000000,6620.100098,6559.161133,958636
2022-12-14,6658.000000,6688.549805,6626.600098,6655.200195,6593.937988,678283
2022-12-15,6632.000000,6714.000000,6604.000000,6625.399902,6564.412109,857706
2022-12-16,6590.000000,6695.299805,6560.000000,6596.899902,6536.174805,880233
2022-12-19,6600.100098,6705.000000,6597.000000,6687.000000,6625.445313,659559
2022-12-20,6660.000000,6698.850098,6585.000000,6642.850098,6581.702148,607716
2022-12-21,6693.899902,6693.899902,6505.000000,6526.700195,6466.621094,622390
2022-12-22,6570.000000,6575.000000,6407.000000,6490.649902,6430.902832,849706
2022-12-23,6450.000000,6466.000000,6340.049805,6374.600098,6315.921387,994303
2022-12-26,6374.649902,6469.899902,6300.000000,6433.700195,6374.477051,530535
2022-12-27,6466.000000,6530.000000,6430.000000,6504.700195,6444.823730,781035
2022-12-28,6475.000000,6570.000000,6464.049805,6476.100098,6416.486328,755934
2022-12-29,6440.000000,6520.500000,6402.399902,6510.899902,6450.965820,521880
2022-12-30,6550.000000,6719.899902,6515.000000,6575.200195,6514.674805,1520266
2023-01-02,6565.000000,6610.000000,6484.750000,6553.750000,6493.421875,579340
2023-01-03,6565.000000,6660.000000,6530.000000,6606.250000,6545.438477,742081
2023-01-04,6595.000000,6638.000000,6550.000000,6571.000000,6510.513184,671253
2023-01-05,6490.000000,6490.000000,6025.049805,6100.049805,6043.897949,5102300
2023-01-06,6130.000000,6139.950195,5941.600098,5980.399902,5925.349609,2931922
2023-01-09,6020.000000,6078.000000,5955.000000,5993.350098,5938.180664,1400548
2023-01-10,5999.000000,6015.000000,5875.000000,5904.149902,5849.801270,1120375
2023-01-11,5930.000000,5949.000000,5865.549805,5895.750000,5841.478516,1108891
2023-01-12,5906.549805,5964.899902,5857.000000,5898.399902,5844.104492,1476949
2023-01-13,5920.000000,5985.000000,5872.000000,5977.799805,5922.773438,1108490
2023-01-16,6000.000000,6072.200195,5974.549805,6010.899902,5955.568848,908339
2023-01-17,6019.950195,6019.950195,5940.000000,5984.950195,5929.857910,817005
2023-01-18,6003.950195,6049.000000,5985.000000,5998.649902,5943.431641,796281
2023-01-19,5983.000000,6029.649902,5960.649902,6012.450195,5957.104492,548142
2023-01-20,6012.500000,6019.750000,5837.200195,5860.399902,5806.454102,833090
2023-01-23,5881.000000,5935.000000,5841.000000,5863.000000,5809.030273,856064
2023-01-24,5892.350098,5921.000000,5842.649902,5855.049805,5801.153320,608145
2023-01-25,5850.049805,5855.049805,5777.000000,5795.899902,5742.547852,827837
2023-01-27,5815.000000,5861.549805,5680.000000,5760.700195,5707.672363,1621352
2023-01-30,5770.049805,6066.200195,5770.049805,6021.799805,5966.368652,2448160
2023-01-31,6050.000000,6050.000000,5874.000000,5886.399902,5832.214844,1996788
2023-02-01,5944.000000,5980.399902,5708.899902,5817.200195,5763.652344,2634866
2023-02-02,5819.000000,5819.000000,5645.000000,5717.649902,5665.018066,2025044
2023-02-03,5770.000000,6030.000000,5747.049805,6014.250000,5958.888184,1486892
2023-02-06,6000.000000,6124.000000,5955.600098,6104.200195,6048.010254,1073820
2023-02-07,6122.950195,6182.000000,6100.000000,6160.549805,6103.840820,1472193
2023-02-08,6165.000000,6377.000000,6162.799805,6351.649902,6293.182617,1903208
2023-02-09,6374.899902,6487.799805,6335.250000,6455.000000,6395.580566,1838154
2023-02-10,6453.950195,6527.600098,6420.000000,6435.500000,6376.260742,1291282
2023-02-13,6434.950195,6473.149902,6297.049805,6345.500000,6287.088867,736557
2023-02-14,6353.799805,6472.350098,6310.000000,6458.700195,6399.247070,1034090
2023-02-15,6450.000000,6496.000000,6397.299805,6489.950195,6430.209473,618979
2023-02-16,6505.000000,6524.750000,6420.000000,6437.299805,6378.043457,529048
2023-02-17,6410.000000,6475.799805,6367.500000,6416.700195,6357.633789,616044
2023-02-20,6425.000000,6443.549805,6343.000000,6367.399902,6308.787109,465732
2023-02-21,6395.000000,6408.250000,6352.000000,6379.250000,6320.528320,448509
2023-02-22,6331.000000,6360.000000,6185.000000,6198.649902,6141.590820,934700
2023-02-23,6214.000000,6262.450195,6122.649902,6202.350098,6145.256836,809768
2023-02-24,6253.750000,6286.000000,6200.000000,6236.250000,6178.844727,607761
2023-02-27,6215.000000,6241.000000,6135.000000,6194.500000,6137.479004,595004
2023-02-28,6220.000000,6246.600098,6090.000000,6112.100098,6055.837402,977852
2023-03-01,6100.100098,6203.950195,6100.100098,6154.850098,6098.193848,544804
2023-03-02,6165.200195,6209.600098,6070.049805,6083.000000,6027.005371,582298
2023-03-03,6121.799805,6141.000000,6073.000000,6100.049805,6043.897949,712037
2023-03-06,6140.000000,6183.000000,6120.049805,6134.850098,6078.377930,608477
2023-03-08,6129.000000,6129.000000,5985.000000,5996.850098,5941.648438,1342795
2023-03-09,6000.000000,6040.000000,5890.100098,5901.299805,5846.978027,940858
2023-03-10,5865.000000,5887.399902,5781.000000,5874.149902,5820.077637,770861
2023-03-13,5869.000000,5947.500000,5811.000000,5833.549805,5779.851563,793356
2023-03-14,5840.000000,5850.000000,5716.149902,5731.549805,5678.790039,1372565
2023-03-15,5800.000000,5820.000000,5701.000000,5718.750000,5666.108398,679473
2023-03-16,5729.700195,5755.000000,5665.000000,5715.100098,5662.491699,884963
2023-03-17,5740.049805,5816.750000,5688.100098,5732.350098,5679.583008,1047151
2023-03-20,5739.000000,5740.450195,5485.700195,5550.799805,5499.704102,1712756
2023-03-21,5601.799805,5715.000000,5586.149902,5710.100098,5657.537598,1130114
2023-03-22,5749.799805,5857.000000,5735.000000,5834.200195,5780.495605,1242534
2023-03-23,5809.500000,5900.000000,5772.500000,5833.049805,5779.355957,1054419
2023-03-24,5803.899902,5829.750000,5627.200195,5649.250000,5597.248047,1278042
2023-03-27,5698.000000,5725.000000,5584.549805,5593.049805,5541.564941,1118743
2023-03-28,5621.049805,5624.399902,5522.700195,5534.450195,5483.504883,948136
2023-03-29,5562.149902,5646.000000,5555.000000,5625.200195,5573.419434,1109612
2023-03-31,5694.000000,5694.000000,5586.200195,5616.750000,5565.046875,1267828
2023-04-03,5655.000000,5734.000000,5632.200195,5715.049805,5662.441895,745386
2023-04-05,5832.000000,5947.049805,5743.149902,5761.299805,5708.266602,2433329
2023-04-06,5761.000000,5959.000000,5705.549805,5932.200195,5877.593262,1740502
2023-04-10,5944.950195,5969.899902,5811.000000,5828.799805,5775.145020,928257
2023-04-11,5858.000000,5880.000000,5811.149902,5837.750000,5784.013184,811620
2023-04-12,5837.000000,5876.750000,5786.000000,5856.950195,5803.036133,1023069
2023-04-13,5856.950195,5937.000000,5850.399902,5904.450195,5850.098633,833006
2023-04-17,5998.000000,5998.000000,5900.000000,5961.450195,5906.574219,672857
2023-04-18,5975.000000,5994.000000,5870.250000,5915.649902,5861.195801,640889
2023-04-19,5915.649902,5960.000000,5880.000000,5947.750000,5893.000000,554928
2023-04-20,5960.000000,5965.950195,5886.149902,5912.700195,5858.272949,436731
2023-04-21,5913.000000,5945.000000,5828.000000,5937.899902,5883.240723,643101
2023-04-24,5940.000000,5964.700195,5877.000000,5933.750000,5879.129395,544892
2023-04-25,5959.899902,6092.700195,5928.700195,6075.250000,6019.326660,1494475
2023-04-26,6100.000000,6119.799805,6013.299805,6055.950195,6000.204102,974007
2023-04-27,6075.000000,6254.450195,6066.000000,6200.049805,6142.977539,2827136
2023-04-28,6243.899902,6296.000000,6111.000000,6280.100098,6222.290527,1489668
2023-05-02,6330.000000,6334.649902,6224.799805,6249.149902,6191.625488,991254
2023-05-03,6238.049805,6255.000000,6155.950195,6180.250000,6123.359863,668251
2023-05-04,6197.000000,6399.000000,6182.149902,6390.250000,6331.427246,1245141
2023-05-05,6379.950195,6448.000000,6331.649902,6389.850098,6331.030762,1160040
2023-05-08,6394.450195,6695.100098,6388.000000,6657.950195,6596.663086,2224735
2023-05-09,6650.000000,6739.850098,6542.000000,6552.250000,6491.935547,2130770
2023-05-10,6590.950195,6665.000000,6525.000000,6631.500000,6570.456543,835321
2023-05-11,6659.000000,6680.000000,6625.000000,6663.450195,6602.112305,567494
2023-05-12,6650.000000,6733.649902,6604.700195,6714.399902,6652.593262,912078
2023-05-15,6714.399902,6750.000000,6685.799805,6712.299805,6650.512207,739076
2023-05-16,6720.000000,6849.000000,6700.000000,6784.600098,6722.147461,1265133
2023-05-17,6785.000000,6810.450195,6662.000000,6705.049805,6643.328613,740785
2023-05-18,6759.799805,6830.649902,6745.149902,6789.399902,6726.902344,1106718
2023-05-19,6800.000000,6820.000000,6712.000000,6784.200195,6721.750977,592834
2023-05-22,6784.200195,6818.000000,6761.899902,6793.049805,6730.519043,419792
2023-05-23,6810.049805,6873.950195,6757.100098,6780.549805,6718.133789,790196
2023-05-24,6769.000000,6848.549805,6729.750000,6785.950195,6723.484863,553936
2023-05-25,6778.000000,6848.000000,6746.100098,6841.149902,6778.176270,530260
2023-05-26,6846.600098,6920.000000,6841.200195,6904.500000,6840.943359,694073
2023-05-29,6940.200195,6971.899902,6901.799805,6932.049805,6868.239258,640728
2023-05-30,6948.000000,7018.750000,6930.049805,7005.799805,6941.310547,881923
2023-05-31,7004.899902,7026.000000,6927.299805,6989.850098,6925.507813,2147627
2023-06-01,7024.000000,7057.299805,6951.100098,7040.500000,6975.691406,590026
2023-06-02,7075.750000,7100.000000,7005.000000,7023.899902,6959.243652,664209
2023-06-05,7070.000000,7091.600098,7013.049805,7043.200195,6978.366699,577162
2023-06-06,7025.000000,7132.000000,7025.000000,7113.950195,7048.465332,690586
2023-06-07,7120.000000,7141.000000,7062.000000,7079.950195,7014.778320,534483
2023-06-08,7080.000000,7111.000000,6995.149902,7010.100098,6945.571289,455360
2023-06-09,7012.750000,7082.500000,7012.049805,7037.149902,6972.372070,447361
2023-06-12,7050.149902,7110.000000,7041.600098,7097.700195,7032.365234,513255
2023-06-13,7100.000000,7200.000000,7100.000000,7166.750000,7100.779297,800134
2023-06-14,7182.000000,7182.000000,7082.049805,7096.850098,7031.522461,401520
2023-06-15,7095.000000,7141.700195,7056.000000,7126.600098,7060.999023,437018
2023-06-16,7170.000000,7218.600098,7131.000000,7203.200195,7136.893555,1414858
2023-06-19,7211.950195,7398.850098,7202.250000,7386.200195,7318.208984,1184590
2023-06-20,7376.149902,7376.149902,7201.000000,7248.799805,7182.073730,863826
2023-06-21,7275.000000,7285.899902,7177.000000,7206.149902,7139.816406,546804
2023-06-22,7200.100098,7204.149902,7020.000000,7030.000000,6965.288086,827194
2023-06-23,7020.950195,7055.000000,6956.100098,6989.649902,6925.309570,815226
2023-06-26,6990.000000,7035.000000,6945.000000,6998.700195,6934.276367,563539
2023-06-27,7030.000000,7030.000000,6954.000000,7019.250000,6954.636719,709789
2023-06-28,7054.350098,7125.000000,7040.000000,7090.200195,7024.934082,709782
2023-06-30,7100.000000,7195.000000,7091.200195,7160.600098,7124.832520,887908
2023-07-03,7160.600098,7355.000000,7160.000000,7333.000000,7296.371094,1209227
2023-07-04,7650.000000,7920.000000,7612.649902,7860.450195,7821.187012,4162208
2023-07-05,7879.950195,7999.899902,7780.000000,7838.750000,7799.595215,1978666
2023-07-06,7776.000000,7824.000000,7735.000000,7766.250000,7727.457031,1045984
2023-07-07,7720.000000,7748.899902,7605.600098,7622.350098,7584.275879,1094915
2023-07-10,7622.350098,7629.950195,7432.299805,7533.250000,7495.621094,1451518
2023-07-11,7567.000000,7680.000000,7381.000000,7444.000000,7406.816895,1675043
2023-07-12,7469.899902,7508.000000,7398.149902,7431.950195,7394.827148,1131755
2023-07-13,7469.950195,7522.899902,7416.000000,7474.600098,7437.264160,747052
2023-07-14,7474.000000,7518.899902,7399.899902,7482.350098,7444.975586,726600
2023-07-17,7520.000000,7542.000000,7442.000000,7510.950195,7473.432617,506744
2023-07-18,7520.000000,7555.000000,7373.100098,7420.000000,7382.936523,1309709
2023-07-19,7441.950195,7599.000000,7430.000000,7584.700195,7546.814453,975943
2023-07-20,7551.000000,7637.149902,7502.000000,7596.600098,7558.654785,649436
2023-07-21,7596.600098,7657.700195,7533.100098,7581.750000,7543.878906,673394
2023-07-24,7581.649902,7644.799805,7560.350098,7581.600098,7543.729492,584342
2023-07-25,7649.399902,7649.399902,7541.049805,7606.450195,7568.455566,850869
2023-07-26,7635.000000,7734.000000,7331.000000,7433.149902,7396.020996,2228866
2023-07-27,7577.899902,7577.899902,7267.700195,7284.100098,7247.715820,2147172
2023-07-28,7319.000000,7394.600098,7210.000000,7381.600098,7344.728516,1007050
2023-07-31,7345.000000,7369.899902,7281.049805,7300.299805,7263.834473,749315
2023-08-01,7300.299805,7330.000000,7244.000000,7269.700195,7233.387695,752765
2023-08-02,7290.000000,7290.000000,7145.000000,7203.450195,7167.468750,898536
2023-08-03,7175.000000,7224.299805,7018.049805,7108.350098,7072.843750,1081898
2023-08-04,7139.000000,7205.000000,7071.299805,7148.700195,7112.992188,731349
2023-08-07,7162.000000,7182.750000,7071.600098,7122.149902,7086.574219,718409
2023-08-08,7135.000000,7205.000000,7085.149902,7173.600098,7137.767578,807362
2023-08-09,7200.000000,7214.000000,7090.000000,7125.350098,7089.758789,511572
2023-08-10,7100.049805,7174.000000,7092.000000,7143.850098,7108.166016,616130
2023-08-11,7143.850098,7159.000000,7031.049805,7060.600098,7025.332031,630396
2023-08-14,7040.000000,7058.899902,6940.549805,7018.049805,6982.994141,693785
2023-08-16,6994.000000,6994.000000,6920.000000,6981.500000,6946.626953,598795
2023-08-17,7020.000000,7020.000000,6903.000000,6923.250000,6888.667969,710118
2023-08-18,6893.500000,6915.799805,6845.000000,6862.100098,6827.823730,745533
2023-08-21,6801.000000,7063.000000,6801.000000,7048.200195,7012.994141,1230831
2023-08-22,7051.049805,7153.500000,7050.000000,7069.950195,7034.635254,1248780
2023-08-23,7100.000000,7149.000000,7003.000000,7116.450195,7080.903320,803248
2023-08-24,7150.000000,7185.950195,7121.000000,7137.450195,7101.798340,910360
2023-08-25,7115.000000,7278.100098,7101.000000,7211.500000,7175.478027,1303276
2023-08-28,7224.950195,7261.000000,7138.100098,7235.600098,7199.458008,703626
2023-08-29,7250.000000,7310.950195,7236.000000,7293.350098,7256.919434,1418305
2023-08-30,7326.000000,7330.899902,7258.000000,7268.100098,7231.795410,460268
2023-08-31,7280.000000,7285.000000,7135.000000,7163.000000,7127.220703,1412980
2023-09-01,7168.549805,7329.399902,7155.000000,7320.600098,7284.033203,676076
2023-09-04,7370.000000,7370.000000,7258.399902,7270.250000,7233.934570,581363
2023-09-05,7283.000000,7358.450195,7280.000000,7345.100098,7308.411133,1221353
2023-09-06,7315.299805,7397.000000,7290.700195,7387.799805,7350.897461,605157
2023-09-07,7380.000000,7387.799805,7303.700195,7363.200195,7326.420898,549622
2023-09-08,7390.000000,7449.950195,7370.000000,7410.649902,7373.633301,624642
2023-09-11,7425.000000,7444.000000,7362.000000,7391.649902,7354.728027,406849
2023-09-12,7421.000000,7459.000000,7305.500000,7431.299805,7394.180176,963517
2023-09-13,7429.299805,7508.250000,7380.649902,7475.899902,7438.557617,579846
2023-09-14,7475.899902,7511.700195,7427.049805,7494.299805,7456.865234,650372
2023-09-15,7499.000000,7565.149902,7455.549805,7492.200195,7454.776367,787494
2023-09-18,7488.899902,7560.000000,7465.000000,7548.649902,7510.943848,706618
2023-09-20,7488.649902,7647.000000,7483.000000,7539.000000,7501.342285,844190
2023-09-21,7530.000000,7583.649902,7425.000000,7484.200195,7446.816406,675725
2023-09-22,7493.950195,7577.000000,7453.600098,7471.350098,7434.030273,526304
2023-09-25,7575.000000,7849.899902,7510.000000,7819.850098,7780.789551,2347533
2023-09-26,7819.899902,7899.950195,7775.000000,7870.649902,7831.335449,1246820
2023-09-27,7855.000000,7855.000000,7742.750000,7837.549805,7798.400879,744110
2023-09-28,7804.750000,7829.000000,7718.049805,7739.000000,7700.343262,777505
2023-09-29,7739.000000,7848.000000,7725.000000,7810.750000,7771.734863,573005
2023-10-03,7780.799805,7975.500000,7755.000000,7967.600098,7927.801758,944555
2023-10-04,8025.000000,8043.000000,7820.000000,7854.049805,7814.818359,1176384
2023-10-05,7914.850098,7914.850098,7826.899902,7850.899902,7811.684082,795061
2023-10-06,7850.000000,8192.000000,7845.000000,8168.549805,8127.747559,2145034
2023-10-09,8102.049805,8135.000000,8018.000000,8027.700195,7987.601563,747800
2023-10-10,8055.000000,8135.000000,8021.000000,8083.600098,8043.222168,965024
2023-10-11,8139.799805,8173.000000,8095.450195,8101.950195,8061.480469,712372
2023-10-12,8125.000000,8127.000000,8003.000000,8014.299805,7974.268066,764092
2023-10-13,7999.549805,8082.899902,7956.049805,8051.649902,8011.431641,662282
2023-10-16,8044.299805,8069.000000,7982.649902,8036.000000,7995.859863,438246
2023-10-17,8080.000000,8159.000000,8057.549805,8093.000000,8052.575195,838283
2023-10-18,8050.000000,8084.600098,7850.000000,7866.549805,7827.255859,1544642
2023-10-19,7843.299805,7923.000000,7731.000000,7841.549805,7802.380859,1061453
2023-10-20,7810.000000,7832.350098,7722.500000,7769.200195,7730.392578,771153
2023-10-23,7800.000000,7884.899902,7761.350098,7798.899902,7759.943848,882230
2023-10-25,7798.899902,7856.950195,7676.000000,7694.450195,7656.016113,708774
2023-10-26,7625.100098,7656.000000,7401.200195,7421.799805,7384.727539,1324630
2023-10-27,7509.950195,7549.000000,7416.600098,7507.200195,7469.701172,911944
2023-10-30,7505.799805,7526.850098,7352.500000,7503.049805,7465.571777,799276
2023-10-31,7569.799805,7579.700195,7460.500000,7492.649902,7455.223633,749410
2023-11-01,7520.000000,7549.000000,7457.649902,7471.899902,7434.577637,462778
2023-11-02,7530.000000,7615.000000,7411.200195,7449.100098,7411.891602,855030
2023-11-03,7528.000000,7537.950195,7372.450195,7411.500000,7374.479004,1138755
2023-11-06,7456.000000,7571.950195,7442.600098,7562.049805,7524.276855,634043
2023-11-07,7640.000000,7640.000000,7446.000000,7495.600098,7458.159180,1563007
2023-11-08,7527.000000,7536.000000,7406.649902,7459.950195,7422.687500,916717
2023-11-09,7485.000000,7485.000000,7366.700195,7386.700195,7349.803223,771791
2023-11-10,7370.000000,7454.000000,7346.450195,7444.799805,7407.612793,496261
2023-11-13,7447.799805,7450.000000,7319.000000,7360.850098,7324.082520,732240
2023-11-15,7439.399902,7476.200195,7119.149902,7224.299805,7188.213867,1923440
2023-11-16,6944.549805,7380.700195,6931.250000,7362.450195,7325.674316,4557043
2023-11-17,7140.500000,7260.000000,7108.049805,7221.000000,7184.930664,2080034
2023-11-20,7151.000000,7239.000000,7050.100098,7068.600098,7033.291992,1902940
2023-11-21,7085.000000,7128.850098,7030.000000,7103.149902,7067.669434,1666225
2023-11-22,7086.450195,7177.850098,7065.500000,7128.350098,7092.743652,1041404
2023-11-23,7135.000000,7160.000000,7056.000000,7073.649902,7038.316895,606158
2023-11-24,7108.000000,7116.799805,7011.000000,7020.799805,6985.730469,726499
2023-11-28,7035.000000,7135.000000,7029.899902,7127.549805,7091.947266,728158
2023-11-29,7134.000000,7168.600098,7114.049805,7130.100098,7094.484863,682430
2023-11-30,7132.000000,7163.600098,7085.649902,7121.899902,7086.325684,1271934
2023-12-01,7160.000000,7279.850098,7142.000000,7259.350098,7223.089355,900477
2023-12-04,7340.000000,7420.000000,7315.049805,7407.649902,7370.648438,1101426
2023-12-05,7430.000000,7440.000000,7320.049805,7349.799805,7313.087402,1522242
2023-12-06,7390.000000,7459.000000,7365.049805,7427.100098,7390.001465,701800
2023-12-07,7390.000000,7440.000000,7326.000000,7391.200195,7354.280762,668862
2023-12-08,7390.549805,7398.100098,7274.000000,7307.600098,7271.098145,1144388
2023-12-11,7325.000000,7352.700195,7270.049805,7292.750000,7256.322266,590055
2023-12-12,7280.000000,7354.000000,7280.000000,7314.549805,7278.013184,633312
2023-12-13,7299.850098,7304.500000,7207.000000,7258.000000,7221.746094,682955
2023-12-14,7368.500000,7511.250000,7300.100098,7474.200195,7436.866211,1729567
2023-12-15,7528.850098,7528.899902,7445.000000,7515.049805,7477.511719,1173938
2023-12-18,7548.000000,7610.000000,7526.000000,7587.600098,7549.699707,1082798
2023-12-19,7641.000000,7641.600098,7535.000000,7632.649902,7594.524414,791408
2023-12-20,7650.000000,7695.000000,7460.149902,7493.950195,7456.517578,874546
2023-12-21,7426.600098,7477.000000,7305.500000,7367.149902,7330.350586,913082
2023-12-22,7418.950195,7440.000000,7243.000000,7295.299805,7258.859375,1129485
2023-12-26,7325.000000,7344.000000,7145.250000,7162.299805,7126.523926,1225844
2023-12-27,7219.899902,7323.399902,7190.899902,7232.799805,7196.671387,1605279
2023-12-28,7275.000000,7290.000000,7200.000000,7258.649902,7222.392578,1856064
2023-12-29,7231.649902,7343.000000,7205.149902,7327.750000,7291.147461,912802
2024-01-01,7336.950195,7336.950195,7273.000000,7299.049805,7262.590820,331489
2024-01-02,7324.000000,7445.100098,7280.049805,7430.049805,7392.936523,1112990
2024-01-03,7444.950195,7485.850098,7368.200195,7384.799805,7347.912598,553405
2024-01-04,7560.000000,7733.950195,7560.000000,7705.549805,7667.060059,2911879
2024-01-05,7734.950195,7789.000000,7673.100098,7711.149902,7672.632324,1052601
2024-01-08,7677.000000,7830.000000,7631.299805,7736.000000,7697.358398,1121209
2024-01-09,7774.000000,7810.000000,7698.000000,7725.450195,7686.861328,1247083
2024-01-10,7716.000000,7735.250000,7660.000000,7680.549805,7642.185059,559072
2024-01-11,7680.000000,7793.299805,7651.049805,7669.750000,7631.439453,651741
2024-01-12,7684.000000,7718.950195,7617.000000,7661.049805,7622.782715,808638
2024-01-15,7697.950195,7697.950195,7454.000000,7478.000000,7440.646973,997220
2024-01-16,7475.000000,7614.500000,7427.899902,7456.649902,7419.403809,1194723
2024-01-17,7303.299805,7478.200195,7302.200195,7358.850098,7322.092285,1380271
2024-01-18,7296.000000,7351.750000,7234.000000,7265.549805,7229.257813,1686996
2024-01-19,7360.000000,7388.799805,7261.250000,7319.100098,7282.541016,830810
2024-01-23,7352.899902,7355.000000,7042.600098,7070.700195,7035.381836,2533297
2024-01-24,7104.000000,7104.000000,6996.799805,7055.299805,7020.058105,2063675
2024-01-25,7055.299805,7125.799805,7036.000000,7085.500000,7050.107422,1168349
2024-01-29,7085.500000,7224.950195,7085.100098,7191.649902,7155.727051,1860361
2024-01-30,6988.500000,6988.500000,6805.000000,6817.200195,6783.147949,4153147
2024-01-31,6820.000000,6921.000000,6812.000000,6862.899902,6828.619629,1810512
2024-02-01,6865.899902,6879.950195,6733.000000,6743.299805,6709.616699,1911137
2024-02-02,6755.000000,6910.000000,6753.000000,6848.299805,6814.092285,1367508
2024-02-05,6894.000000,6895.000000,6600.000000,6608.200195,6575.191895,1771222
2024-02-06,6648.000000,6699.000000,6535.000000,6598.149902,6565.191895,2439533
2024-02-07,6641.000000,6737.600098,6625.250000,6709.200195,6675.687500,1538237
2024-02-08,6731.850098,6737.500000,6536.700195,6575.649902,6542.804199,2193209
2024-02-09,6580.000000,6677.700195,6572.000000,6654.500000,6621.260254,1209874
2024-02-12,6669.450195,6671.850098,6551.500000,6569.149902,6536.336914,544784
2024-02-13,6600.000000,6639.000000,6553.100098,6603.649902,6570.664551,948014
2024-02-14,6563.850098,6656.000000,6550.000000,6646.500000,6613.300293,636126
2024-02-15,6646.000000,6677.399902,6585.649902,6619.399902,6586.335449,880859
2024-02-16,6650.049805,6660.000000,6602.000000,6619.200195,6586.137207,1029431
2024-02-19,6648.899902,6806.899902,6625.299805,6712.799805,6679.269043,1315881
2024-02-20,6711.899902,6792.000000,6681.250000,6763.600098,6729.815430,1106709
2024-02-21,6790.000000,6790.000000,6665.049805,6688.799805,6655.389160,854944
2024-02-22,6691.049805,6706.850098,6561.000000,6674.950195,6641.608398,1022374
2024-02-23,6674.000000,6719.000000,6632.600098,6697.850098,6664.394043,1280311
2024-02-26,6690.000000,6708.000000,6624.200195,6643.250000,6610.066406,892056
2024-02-27,6631.000000,6642.000000,6491.100098,6556.250000,6523.500977,1150306
2024-02-28,6572.000000,6596.750000,6475.000000,6498.700195,6466.238770,535321
2024-02-29,6499.000000,6539.000000,6366.200195,6495.350098,6462.905273,1699098
2024-03-01,6511.750000,6608.700195,6502.100098,6571.450195,6538.625488,919080
2024-03-04,6588.000000,6639.950195,6557.450195,6602.450195,6569.470703,397118
2024-03-05,6602.450195,6636.250000,6272.000000,6324.250000,6292.660156,1717558
2024-03-06,6332.500000,6345.899902,6187.799805,6311.250000,6279.725098,2104792
2024-03-07,6350.000000,6468.600098,6325.399902,6421.049805,6388.976563,1469421
2024-03-11,6550.000000,6552.000000,6404.000000,6433.750000,6401.613281,1203971
2024-03-12,6405.000000,6485.000000,6341.350098,6436.049805,6403.901367,1094677
2024-03-13,6439.250000,6514.950195,6391.549805,6456.149902,6423.901367,1132183
2024-03-14,6456.149902,6470.000000,6297.799805,6397.450195,6365.494629,1219865
2024-03-15,6375.049805,6578.000000,6360.000000,6514.350098,6481.810547,1970500
2024-03-18,6514.350098,6555.000000,6456.100098,6504.649902,6472.158691,676425
2024-03-19,6509.700195,6667.200195,6505.000000,6596.250000,6563.301270,1408087
2024-03-20,6610.000000,6731.000000,6606.000000,6649.500000,6616.285645,1490831
2024-03-21,6707.500000,6771.649902,6657.149902,6715.750000,6682.204590,1806092
2024-03-22,6705.000000,6803.000000,6686.299805,6760.899902,6727.128906,1125238
2024-03-26,6754.500000,6945.000000,6745.000000,6910.100098,6875.583984,1850321
2024-03-27,6945.750000,7049.000000,6905.000000,7022.750000,6987.670898,1551275
2024-03-28,7032.100098,7349.299805,7032.100098,7245.250000,7209.059570,3574518
2024-04-01,7261.250000,7343.450195,7220.049805,7250.950195,7214.731445,1125238
2024-04-02,7250.950195,7255.000000,7135.000000,7207.399902,7171.398438,967615
2024-04-03,7197.000000,7323.350098,7186.149902,7309.250000,7272.739746,958943
2024-04-04,7345.000000,7350.000000,7255.000000,7283.399902,7247.019043,1040589
2024-04-05,7234.750000,7259.000000,7156.000000,7175.649902,7139.807129,1200494
2024-04-08,7215.000000,7226.950195,7142.799805,7178.549805,7142.692383,518210
2024-04-09,7220.000000,7235.350098,7124.500000,7193.600098,7157.667480,710281
2024-04-10,7235.899902,7254.000000,7160.000000,7230.250000,7194.134766,567986
2024-04-12,7224.000000,7264.000000,7156.299805,7229.549805,7193.437988,1092588
2024-04-15,7145.049805,7198.799805,7063.450195,7076.250000,7040.903809,758448
2024-04-16,7009.950195,7034.299805,6931.000000,6954.250000,6919.513184,963293
2024-04-18,6928.100098,6995.000000,6866.000000,6893.200195,6858.768555,1385133
2024-04-19,6840.049805,7150.000000,6810.049805,7119.500000,7083.937988,1218375
2024-04-22,7167.299805,7306.000000,7167.299805,7292.200195,7255.775391,1165272
2024-04-23,7309.000000,7339.899902,7236.799805,7259.899902,7223.636230,1081567
2024-04-24,7283.000000,7419.450195,7250.000000,7329.149902,7292.540527,886929
2024-04-25,7330.000000,7364.850098,7125.100098,7294.899902,7258.461426,1173354
2024-04-26,7000.000000,7000.000000,6691.500000,6731.200195,6697.577637,5814723
2024-04-29,6789.950195,6839.600098,6713.049805,6826.600098,6792.500977,1681030
2024-04-30,6829.950195,6975.000000,6821.950195,6923.549805,6888.966309,1798675
2024-05-02,6937.850098,6969.950195,6865.000000,6882.700195,6848.320801,1139572
2024-05-03,7329.000000,7400.000000,6906.950195,6931.500000,6896.876953,6818601
2024-05-06,7007.950195,7019.950195,6845.000000,6859.850098,6825.584961,1229988
2024-05-07,6889.950195,6943.100098,6788.000000,6872.549805,6838.221191,1298126
2024-05-08,6871.500000,6879.549805,6785.000000,6799.450195,6765.486816,725925
2024-05-09,6799.899902,6832.700195,6585.000000,6605.149902,6572.156738,1381115
2024-05-10,6638.899902,6698.000000,6601.200195,6684.149902,6650.762207,824908
2024-05-13,6684.000000,6744.299805,6620.000000,6718.750000,6685.189453,512256
2024-05-14,6710.000000,6741.850098,6657.600098,6675.700195,6642.354980,755840
2024-05-15,6692.000000,6731.950195,6645.049805,6680.000000,6646.633301,595059
2024-05-16,6700.350098,6762.100098,6623.049805,6747.149902,6713.447754,1059851
2024-05-17,6747.000000,6780.000000,6701.049805,6727.399902,6693.796387,480158
2024-05-21,6705.000000,6785.000000,6705.000000,6742.850098,6709.169434,761624
2024-05-22,6777.450195,6777.450195,6727.250000,6744.549805,6710.860352,416046
2024-05-23,6759.549805,6853.500000,6730.049805,6826.649902,6792.550293,709317
2024-05-24,6820.000000,6910.000000,6793.000000,6836.899902,6802.749023,742043
2024-05-27,6859.000000,6959.549805,6810.000000,6895.500000,6861.056641,655471
2024-05-28,6913.950195,6945.000000,6856.899902,6873.049805,6838.718750,752867
2024-05-29,6878.000000,6908.000000,6785.350098,6806.700195,6772.700195,721331
2024-05-30,6779.899902,6798.950195,6594.049805,6616.450195,6583.400879,1155575
2024-05-31,6664.950195,6771.950195,6642.399902,6697.700195,6664.244629,2841733
2024-06-03,6948.850098,6988.700195,6832.950195,6915.549805,6881.006348,1148212
2024-06-04,6915.950195,6915.950195,6375.700195,6509.549805,6477.034180,3299387
2024-06-05,6604.000000,6862.000000,6535.549805,6836.649902,6802.500488,1218517
2024-06-06,6850.000000,7012.950195,6822.299805,6925.799805,6891.205078,1465716
2024-06-07,6995.000000,7299.000000,6941.000000,7191.399902,7155.478516,2984052
2024-06-10,7250.000000,7250.000000,7075.250000,7088.850098,7053.440918,872318
2024-06-11,7083.000000,7169.000000,7051.000000,7138.100098,7102.444824,1205213
2024-06-12,7148.000000,7277.000000,7115.000000,7217.750000,7181.696777,1268508
2024-06-13,7252.200195,7325.000000,7232.149902,7294.950195,7258.511719,1345495
2024-06-14,7296.049805,7370.000000,7247.000000,7341.549805,7304.878418,1187488
2024-06-18,7365.000000,7429.450195,7300.000000,7334.700195,7298.062988,946904
2024-06-19,7334.700195,7348.950195,7177.899902,7233.950195,7197.816406,520400
2024-06-20,7220.000000,7264.899902,7111.000000,7207.100098,7171.100098,900158
2024-06-21,7239.299805,7265.000000,7075.000000,7134.250000,7134.250000,1499818
2024-06-24,7076.000000,7106.950195,7020.549805,7081.850098,7081.850098,635654
2024-06-25,7101.000000,7140.000000,6998.000000,7074.450195,7074.450195,1560811
2024-06-26,7070.000000,7179.250000,7035.000000,7158.200195,7158.200195,912552
2024-06-27,7150.000000,7239.000000,7083.049805,7166.750000,7166.750000,1137606
2024-06-28,7165.000000,7226.000000,7105.299805,7115.549805,7115.549805,829584
2024-07-01,7075.000000,7304.000000,7075.000000,7276.750000,7276.750000,772745
2024-07-02,7275.000000,7275.950195,7122.000000,7165.600098,7165.600098,1281027
2024-07-03,7189.950195,7284.649902,7170.000000,7258.799805,7258.799805,836393
2024-07-04,7301.049805,7325.000000,7100.000000,7107.049805,7107.049805,1897977
2024-07-05,7134.000000,7149.899902,7077.000000,7138.000000,7138.000000,931079
2024-07-08,7144.950195,7147.649902,7047.000000,7098.250000,7098.250000,677705
2024-07-09,7109.850098,7142.399902,7042.000000,7068.049805,7068.049805,973503
2024-07-10,7068.000000,7129.350098,7021.000000,7054.950195,7054.950195,809714
2024-07-11,7087.899902,7087.899902,6930.000000,6950.299805,6950.299805,971801
2024-07-12,6996.950195,7045.000000,6915.049805,7004.299805,7004.299805,1068833
2024-07-15,7020.049805,7085.000000,6995.250000,7063.750000,7063.750000,533373
2024-07-16,7080.000000,7090.000000,7005.200195,7059.100098,7059.100098,558200
2024-07-18,7047.100098,7117.899902,6971.149902,7110.000000,7110.000000,864605
2024-07-19,7110.000000,7110.000000,6910.000000,6932.299805,6932.299805,938598
2024-07-22,6932.000000,6958.600098,6849.399902,6884.250000,6884.250000,575193
2024-07-23,6934.000000,6944.850098,6620.000000,6727.100098,6727.100098,1932212
2024-07-24,6630.000000,6654.700195,6541.049805,6607.149902,6607.149902,3100626
2024-07-25,6560.000000,6666.000000,6551.450195,6647.750000,6647.750000,950965
2024-07-26,6675.049805,6808.399902,6667.100098,6789.750000,6789.750000,1110184
2024-07-29,6823.850098,6839.000000,6765.750000,6833.299805,6833.299805,280872