Date,Open,High,Low,Close,Adj Close,Volume
2019-01-01,180.524994,184.649994,180.000000,183.600006,125.007591,3105422
2019-01-02,183.000000,183.000000,173.375000,178.975006,121.858604,19725590
2019-01-03,176.000000,177.399994,174.074997,176.250000,120.003197,9972260
2019-01-04,175.899994,180.850006,175.750000,179.725006,122.369232,7717220
2019-01-07,180.000000,181.399994,177.000000,177.774994,121.041534,5790820
2019-01-08,177.550003,177.949997,175.024994,175.975006,119.815987,4342090
2019-01-09,175.500000,175.750000,169.000000,170.024994,115.764809,9131732
2019-01-10,168.449997,169.375000,166.500000,167.800003,114.249855,9773604
2019-01-11,168.000000,169.850006,167.274994,168.649994,114.828598,4669620
2019-01-14,169.449997,169.925003,165.774994,167.475006,114.028580,7516622
2019-01-15,168.449997,171.675003,168.100006,170.850006,116.326530,6913912
2019-01-16,172.699997,174.500000,171.175003,173.625000,118.215919,9562002
2019-01-17,173.550003,178.500000,173.024994,177.600006,120.922394,7898996
2019-01-18,176.949997,178.850006,175.649994,177.100006,120.581970,5008314
2019-01-21,175.550003,177.850006,174.149994,175.774994,119.679787,3885636
2019-01-22,175.750000,178.800003,175.524994,176.899994,120.445770,4687940
2019-01-23,177.250000,179.324997,177.199997,178.574997,121.586220,3973026
2019-01-24,178.574997,180.125000,176.125000,176.975006,120.496849,3294118
2019-01-25,177.500000,180.175003,177.500000,178.725006,121.688393,3868832
2019-01-28,178.500000,178.949997,173.100006,174.350006,118.709541,2902748
2019-01-29,174.050003,176.725006,170.350006,172.449997,117.415894,6198614
2019-01-30,172.250000,172.399994,168.250000,171.350006,116.666969,5565262
2019-01-31,170.375000,175.500000,169.050003,172.725006,117.603157,15638906
2019-02-01,173.600006,174.350006,169.199997,170.500000,116.088211,5444740
2019-02-04,170.000000,170.975006,168.024994,169.274994,115.254143,4309536
2019-02-05,169.250000,170.149994,168.300003,168.975006,115.049904,2584132
2019-02-06,168.975006,170.699997,168.350006,169.649994,115.509468,4190822
2019-02-07,169.875000,171.024994,168.949997,169.699997,115.543503,3048046
2019-02-08,170.149994,173.399994,167.524994,168.699997,114.862640,6682742
2019-02-11,166.500000,168.750000,164.000000,166.800003,113.568993,6629896
2019-02-12,167.000000,171.750000,167.000000,169.649994,115.509468,6080496
2019-02-14,163.050003,164.100006,156.024994,157.824997,107.458183,21289140
2019-02-15,159.000000,164.500000,159.000000,163.925003,111.611473,13414256
2019-02-18,161.274994,165.050003,161.274994,163.875000,111.577461,7905264
2019-02-19,163.000000,169.399994,162.774994,167.625000,114.130722,7666336
2019-02-20,169.000000,172.375000,168.050003,170.550003,116.122269,12565482
2019-02-21,164.000000,168.824997,163.125000,167.649994,117.951515,9353768
2019-02-22,168.500000,173.500000,167.850006,172.100006,121.082359,9709800
2019-02-25,172.500000,172.625000,167.125000,168.024994,118.215332,14031192
2019-02-26,168.024994,168.975006,164.625000,168.324997,118.426422,9058794
2019-02-27,169.000000,170.800003,164.925003,165.350006,116.333328,9000098
2019-02-28,167.000000,170.000000,165.000000,168.774994,118.743004,17938838
2019-03-01,169.125000,173.774994,168.574997,173.024994,121.733124,5744496
2019-03-05,173.024994,182.725006,172.725006,181.250000,127.519875,12761902
2019-03-06,182.399994,186.899994,181.675003,186.350006,131.108047,12197224
2019-03-07,186.774994,188.475006,184.500000,185.350006,130.404465,11389848
2019-03-08,185.449997,185.699997,182.324997,183.675003,129.226044,5625148
2019-03-11,184.725006,194.250000,184.399994,193.524994,136.156052,18973830
2019-03-12,194.199997,197.199997,192.149994,195.100006,137.264175,12191846
2019-03-13,195.000000,196.250000,191.274994,194.524994,136.859604,9568180
2019-03-14,194.475006,195.675003,191.324997,195.149994,137.299347,4095730
2019-03-15,195.500000,199.149994,194.699997,198.149994,139.410019,17258182
2019-03-18,199.000000,204.449997,199.000000,202.774994,142.663986,14786442
2019-03-19,204.000000,204.949997,201.274994,203.899994,143.455490,8445352
2019-03-20,203.600006,203.750000,193.250000,194.574997,136.894821,10572670
2019-03-22,194.750000,197.350006,188.225006,189.475006,133.306671,11837696
2019-03-25,189.375000,192.625000,187.524994,191.850006,134.977615,8329530
2019-03-26,192.125000,194.199997,188.250000,191.949997,135.047989,8515642
2019-03-27,192.225006,193.000000,188.649994,189.475006,133.306671,6621912
2019-03-28,189.774994,194.524994,189.175003,192.925003,135.733948,11169948
2019-04-01,199.000000,199.750000,195.250000,195.949997,137.862213,5260852
2019-04-02,193.949997,195.675003,189.024994,190.250000,133.851898,10816790
2019-04-03,191.000000,191.000000,181.074997,181.600006,127.766151,16579908
2019-04-04,181.500000,181.500000,176.750000,177.149994,124.635262,20399592
2019-04-05,176.800003,179.750000,176.800003,179.050003,125.972092,9088048
2019-04-08,177.425003,177.425003,174.500000,175.500000,123.474449,7918214
2019-04-09,173.250000,178.699997,172.524994,178.149994,125.338860,9893784
2019-04-10,178.000000,180.000000,176.550003,178.875000,125.848953,8233760
2019-04-11,179.250000,182.000000,178.000000,180.850006,127.238464,12602810
2019-04-12,181.949997,183.899994,179.074997,180.574997,127.044983,10236092
2019-04-15,180.949997,181.500000,178.350006,179.199997,126.077591,4478062
2019-04-16,180.050003,180.975006,177.625000,178.750000,125.761017,8531892
2019-04-18,179.000000,182.500000,176.899994,181.449997,127.660591,9575132
2019-04-22,176.899994,177.199997,169.500000,170.050003,119.640060,13842844
2019-04-23,169.000000,171.175003,166.725006,168.175003,118.320885,16697164
2019-04-24,170.050003,174.949997,170.050003,174.500000,122.770897,13873428
2019-04-25,174.475006,179.725006,173.800003,179.125000,126.024834,19560314
2019-04-26,178.899994,186.149994,178.899994,185.524994,130.527618,18568212
2019-04-30,186.675003,191.899994,184.774994,189.925003,133.623245,19629858
2019-05-02,190.050003,191.449997,188.000000,189.225006,133.130753,7697948
2019-05-03,192.475006,193.250000,189.274994,190.375000,133.939865,10739028
2019-05-06,190.250000,196.000000,190.050003,195.175003,137.316940,18541980
2019-05-07,194.225006,194.225006,186.050003,189.425003,133.271484,14994644
2019-05-08,189.024994,191.699997,186.550003,189.899994,133.605652,7602616
2019-05-09,189.800003,189.800003,183.274994,184.024994,129.472244,9027084
2019-05-10,183.524994,183.750000,179.899994,181.475006,127.678185,8232720
2019-05-13,181.000000,183.975006,176.425003,177.550003,124.916733,7620290
2019-05-14,177.050003,180.399994,174.000000,179.300003,126.147972,9998950
2019-05-15,179.500000,184.125000,178.425003,179.774994,126.482140,12644948
2019-05-16,178.000000,189.425003,175.750000,187.774994,132.110611,13210048
2019-05-17,186.000000,189.425003,183.274994,188.100006,132.339264,12851786
2019-05-20,195.000000,198.324997,191.750000,195.899994,137.827011,10395734
2019-05-21,197.750000,198.675003,184.149994,187.225006,131.723663,16756886
2019-05-22,189.000000,194.449997,188.000000,192.125000,135.171097,15525660
2019-05-23,194.949997,205.725006,191.000000,192.175003,135.206299,25917602
2019-05-24,197.500000,199.449997,193.399994,197.725006,139.111023,19806268
2019-05-27,196.500000,201.925003,194.425003,201.000000,141.415176,10222742
2019-05-28,201.000000,204.675003,198.550003,200.975006,141.397598,39821192
2019-05-29,201.000000,201.475006,196.774994,199.574997,140.412598,8503056
2019-05-30,200.500000,204.850006,200.024994,203.824997,143.402725,14101926
2019-05-31,207.074997,210.850006,203.100006,204.675003,144.000763,27635592
2019-06-03,208.750000,209.949997,205.574997,208.550003,146.727051,14043966
2019-06-04,207.699997,207.949997,203.375000,204.175003,143.648972,7454624
2019-06-06,207.000000,207.100006,197.750000,198.524994,139.673859,15270900
2019-06-07,197.000000,202.324997,194.800003,201.500000,141.766968,11055246
2019-06-10,199.625000,200.875000,193.149994,194.824997,137.070709,10884088
2019-06-11,194.274994,196.750000,189.574997,193.500000,136.138504,12654378
2019-06-12,194.000000,195.250000,189.725006,190.500000,134.027802,10407070
2019-06-13,192.449997,195.250000,191.500000,194.399994,136.771683,13827442
2019-06-14,193.125000,195.300003,192.074997,193.250000,135.962585,6075586
2019-06-17,192.574997,192.750000,188.100006,189.074997,133.025223,7936522
2019-06-18,189.475006,193.449997,188.149994,192.774994,135.628387,6221722
2019-06-19,192.824997,193.375000,188.050003,189.675003,133.447388,8241572
2019-06-20,189.050003,193.225006,188.500000,192.600006,135.505264,8612672
2019-06-21,188.500000,193.675003,188.500000,190.000000,133.676025,10787948
2019-06-24,189.500000,191.324997,186.550003,190.425003,133.975021,6543204
2019-06-25,189.500000,197.300003,189.500000,196.550003,138.284348,12409938
2019-06-26,193.750000,196.800003,193.050003,195.699997,137.686295,6532534
2019-06-27,194.000000,199.000000,193.300003,196.100006,137.967758,14063226
2019-06-28,195.324997,198.300003,195.250000,196.225006,138.055679,6986386
2019-07-01,195.500000,196.425003,187.250000,188.100006,132.339264,10267468
2019-07-02,189.774994,191.000000,188.375000,189.250000,133.148361,10836020
2019-07-03,191.500000,192.699997,189.475006,190.600006,134.098160,10199616
2019-07-04,192.000000,192.000000,189.225006,190.000000,133.676025,4168848
2019-07-05,190.125000,190.225006,180.375000,185.024994,130.175827,17903966
2019-07-08,183.425003,183.800003,178.074997,180.425003,126.939438,7431476
2019-07-09,181.000000,183.925003,179.300003,180.050003,126.675629,7555928
2019-07-10,180.074997,181.699997,173.000000,174.800003,122.981941,7914012
2019-07-11,174.449997,177.750000,173.500000,175.274994,123.316132,12277678
2019-07-12,176.375000,177.399994,172.500000,172.875000,121.627594,9083694
2019-07-15,173.100006,174.149994,171.350006,173.699997,122.208031,6301116
2019-07-16,174.500000,178.149994,174.300003,177.225006,124.688065,10593218
2019-07-17,179.500000,179.500000,175.199997,176.399994,124.107651,9661402
2019-07-18,177.000000,177.675003,173.925003,174.625000,122.858826,9032900
2019-07-19,175.649994,176.699997,173.350006,175.500000,123.474449,7205646
2019-07-22,174.699997,177.449997,170.100006,176.750000,124.353882,7729488
2019-07-23,176.750000,180.000000,175.800003,179.524994,126.306259,7010734
2019-07-24,179.050003,179.100006,172.350006,174.550003,122.806076,8405494
2019-07-25,175.500000,175.750000,169.699997,170.149994,119.710396,7031300
2019-07-26,169.699997,172.750000,167.500000,171.899994,120.941605,9319712
2019-07-29,171.500000,173.600006,169.375000,171.100006,120.378769,4835106
2019-07-30,171.750000,171.750000,167.175003,167.750000,118.021873,4263936
2019-07-31,165.750000,173.324997,164.100006,172.750000,121.539665,8266802
2019-08-01,172.500000,173.074997,169.600006,171.824997,120.888840,6126716
2019-08-02,172.500000,173.475006,168.725006,171.225006,120.466728,7131364
2019-08-05,170.000000,172.699997,165.774994,169.500000,119.253098,5443194
2019-08-06,169.975006,173.750000,168.300003,172.649994,121.469284,6630268
2019-08-07,173.475006,173.475006,164.625000,165.550003,116.474030,7087110
2019-08-08,166.600006,172.524994,165.149994,171.750000,120.836067,8306696
2019-08-09,171.750000,175.449997,170.500000,173.225006,121.873856,7708548
2019-08-13,173.000000,178.925003,171.000000,171.550003,120.695358,11053004
2019-08-14,170.500000,178.399994,170.500000,177.225006,124.688065,6025432
2019-08-16,177.750000,177.949997,173.175003,175.600006,123.544785,5180670
2019-08-19,176.000000,177.050003,173.000000,173.500000,122.067314,3454752
2019-08-20,174.449997,174.449997,169.550003,171.125000,120.396370,4697534
2019-08-21,167.875000,169.725006,163.175003,163.899994,118.073105,8004410
2019-08-22,164.000000,164.925003,154.774994,156.500000,118.527512,11576938
2019-08-23,156.050003,165.399994,154.175003,164.675003,124.718964,9339236
2019-08-26,165.550003,168.350006,160.550003,167.699997,127.009979,7892084
2019-08-27,168.500000,173.000000,167.125000,171.149994,129.622894,8821812
2019-08-28,171.000000,176.250000,168.750000,175.274994,132.747009,10035400
2019-08-29,175.399994,178.699997,173.250000,177.024994,134.072403,9832932
2019-08-30,176.875000,178.399994,172.574997,177.625000,134.526825,8897562
2019-09-03,177.500000,181.600006,171.149994,178.100006,134.886581,15730198
2019-09-04,176.750000,183.199997,174.500000,181.774994,137.669891,14584568
2019-09-05,181.500000,192.500000,180.524994,190.399994,144.202148,29854604
2019-09-06,188.500000,191.175003,186.750000,189.500000,143.520523,14843534
2019-09-09,188.000000,192.000000,187.324997,191.000000,144.656570,7140042
2019-09-11,190.000000,193.949997,189.250000,193.050003,146.209183,9387752
2019-09-12,193.524994,197.175003,190.824997,192.100006,145.489685,11277332
2019-09-13,192.750000,206.000000,188.699997,204.274994,154.710587,25553156
2019-09-16,194.000000,195.725006,189.250000,190.000000,143.899216,49680268
2019-09-17,189.949997,189.949997,183.824997,184.375000,139.639053,30489784
2019-09-18,189.850006,194.375000,184.524994,191.050003,144.694458,48256504
2019-09-19,191.524994,193.250000,187.824997,189.925003,143.842392,25760746
2019-09-20,188.774994,227.899994,186.225006,201.925003,152.930786,57665806
2019-09-23,206.500000,231.500000,206.024994,225.425003,170.728851,62012634
2019-09-24,227.000000,237.375000,221.000000,230.649994,174.686066,62666152
2019-09-25,229.000000,236.699997,224.225006,232.600006,176.162918,66318294
2019-09-26,232.600006,241.024994,231.649994,240.024994,181.786362,41339080
2019-09-27,237.500000,240.899994,232.750000,234.899994,177.904861,21898254
2019-09-30,236.375000,239.750000,233.024994,235.050003,178.018494,26279222
2019-10-01,249.000000,255.774994,239.375000,246.949997,187.031097,68201818
2019-10-03,248.100006,269.950012,247.199997,265.799988,201.307404,51969202
2019-10-04,272.500000,272.500000,255.800003,257.774994,195.229568,55031842
2019-10-07,251.024994,253.725006,237.725006,245.324997,185.800400,54898474
2019-10-09,245.000000,247.875000,240.824997,246.425003,186.633499,21716066
2019-10-10,245.000000,247.000000,242.050003,244.949997,185.516373,9259080
2019-10-11,244.074997,246.274994,239.300003,244.000000,184.796875,14742088
2019-10-14,245.274994,249.500000,241.600006,242.975006,184.020599,23112252
2019-10-15,244.975006,247.250000,243.975006,245.149994,185.667831,11684324
2019-10-16,252.449997,260.000000,250.649994,256.200012,194.036743,40761516
2019-10-17,256.200012,257.649994,252.050003,256.649994,194.377548,16703674
2019-10-18,255.000000,267.450012,253.375000,260.149994,197.028305,28373482
2019-10-22,266.000000,269.299988,261.174988,267.049988,202.254150,27148144
2019-10-23,265.750000,268.399994,262.299988,263.549988,199.603348,10594102
2019-10-24,262.950012,262.950012,250.324997,256.524994,194.282867,28158152
2019-10-25,258.375000,266.600006,254.875000,262.075012,198.486267,26762366
2019-10-27,264.450012,264.500000,260.500000,263.399994,199.489746,2076306
2019-10-29,267.000000,267.000000,259.000000,261.450012,198.012909,16633944
2019-10-30,263.500000,267.299988,259.225006,262.549988,198.846008,15046050
2019-10-31,263.500000,265.424988,260.274994,263.299988,199.414017,14271838
2019-11-01,260.024994,262.899994,258.000000,259.700012,196.687531,10122286
2019-11-04,260.000000,263.725006,257.149994,261.100006,197.747818,9362690
2019-11-05,259.500000,261.100006,256.700012,258.750000,195.968002,6563058
2019-11-06,259.000000,262.625000,258.049988,261.950012,198.391586,7611862
2019-11-07,262.149994,263.274994,255.149994,256.600006,194.339661,8203706
2019-11-08,257.500000,257.850006,250.250000,251.375000,190.382431,19724600
2019-11-11,253.324997,259.750000,249.500000,258.799988,196.005875,17530142
2019-11-13,257.000000,261.500000,253.699997,255.050003,193.165756,14465586
2019-11-14,253.500000,260.024994,251.899994,257.325012,194.888794,10832162
2019-11-15,256.975006,256.975006,252.000000,253.274994,191.821457,8330994
2019-11-18,260.000000,264.000000,258.625000,260.875000,197.577408,34144672
2019-11-19,260.325012,260.950012,256.750000,259.475006,196.517090,7099862
2019-11-20,264.450012,274.000000,261.024994,272.299988,206.230270,37688996
2019-11-21,274.500000,274.500000,255.500000,257.049988,194.680481,44625320
2019-11-22,256.899994,257.725006,252.750000,254.699997,192.900681,23624890
2019-11-25,254.000000,257.399994,251.649994,253.699997,192.143326,15397928
2019-11-26,254.500000,255.199997,247.199997,248.324997,188.072449,24838188
2019-11-27,246.500000,254.625000,244.000000,252.949997,191.575302,24415850
2019-11-28,253.250000,257.125000,251.050003,255.000000,193.127899,15665952
2019-11-29,255.500000,259.225006,252.600006,255.774994,193.714844,15058900
2019-12-02,254.024994,254.750000,249.375000,250.024994,189.360001,8820042
2019-12-03,251.000000,251.199997,246.649994,247.250000,187.258331,7580674
2019-12-04,247.000000,252.125000,246.100006,250.600006,189.795486,8570876
2019-12-05,247.500000,249.949997,245.149994,245.925003,186.254837,6266430
2019-12-06,245.500000,248.250000,241.750000,244.250000,184.986221,9387226
2019-12-09,243.725006,250.899994,242.774994,249.824997,189.208527,10948226
2019-12-10,247.949997,251.850006,242.100006,243.149994,184.153107,14342168
2019-12-11,242.500000,245.925003,238.100006,241.324997,182.770935,13760958
2019-12-12,243.375000,249.149994,243.000000,245.875000,186.216934,12828956
2019-12-13,246.250000,250.399994,243.100006,248.375000,188.110352,15259514
2019-12-16,247.500000,249.699997,245.550003,246.000000,186.311630,6012620
2019-12-17,246.000000,251.750000,245.550003,248.024994,187.845276,12287138
2019-12-18,248.250000,249.125000,244.050003,244.625000,185.270248,9314170
2019-12-19,244.500000,246.250000,242.774994,244.975006,185.535324,9325412
2019-12-20,244.975006,246.199997,243.250000,243.899994,184.721146,7468454
2019-12-23,244.000000,249.725006,244.000000,246.500000,186.690292,14857646
2019-12-24,246.000000,247.225006,235.824997,238.899994,180.934326,14856636
2019-12-26,238.000000,242.274994,237.125000,238.600006,180.707108,20743272
2019-12-27,239.750000,246.050003,238.500000,245.475006,185.913986,16908756
2019-12-30,245.475006,247.399994,240.824997,246.524994,186.709213,16373046
2019-12-31,246.000000,248.000000,243.175003,245.774994,186.141205,11589904
2020-01-01,246.000000,246.949997,244.250000,245.824997,186.179077,4766592
2020-01-02,245.600006,245.850006,243.225006,243.774994,184.626480,6424966
2020-01-03,241.949997,243.375000,236.425003,241.750000,183.092804,22655540
2020-01-06,237.500000,240.000000,232.574997,234.574997,177.658707,15332634
2020-01-07,233.949997,237.375000,229.925003,230.500000,174.572495,23454588
2020-01-08,225.000000,232.199997,224.274994,229.949997,174.155930,24743076
2020-01-09,236.074997,237.199997,232.725006,235.274994,178.188904,12999312
2020-01-10,236.899994,237.350006,233.199997,235.125000,178.075272,8708498
2020-01-13,235.500000,238.125000,234.500000,235.375000,178.264603,7338838
2020-01-14,236.949997,239.375000,236.050003,236.675003,179.249176,7216716
2020-01-15,236.250000,236.475006,231.600006,233.975006,177.204315,9956518
2020-01-16,234.000000,234.750000,230.074997,230.899994,174.875397,6370550
2020-01-17,231.000000,232.625000,226.000000,226.949997,171.883820,11132598
2020-01-20,227.475006,233.350006,225.800003,228.574997,173.114532,11681302
2020-01-21,228.800003,233.250000,227.524994,231.925003,175.651688,8398840
2020-01-22,232.600006,233.225006,227.050003,227.725006,172.470795,7460864
2020-01-23,229.750000,235.899994,228.500000,234.500000,177.601913,11131352
2020-01-24,234.625000,236.600006,232.350006,233.050003,176.503754,7871260
2020-01-27,233.250000,235.899994,231.500000,233.875000,177.128586,8828966
2020-01-28,234.550003,241.125000,233.800003,240.475006,182.127182,15217662
2020-01-29,241.975006,243.449997,238.324997,239.524994,181.407684,14264654
2020-01-30,240.024994,242.250000,232.574997,234.824997,177.848083,10891876
2020-01-31,235.000000,236.300003,228.024994,228.475006,173.038803,13892950
2020-02-03,223.125000,231.750000,221.225006,230.149994,174.307373,18802900
2020-02-04,232.500000,240.550003,231.000000,239.250000,181.199387,15683820
2020-02-05,240.000000,253.975006,239.000000,250.850006,189.984833,30234094
2020-02-06,251.649994,255.000000,246.100006,247.524994,187.466583,22467954
2020-02-07,247.399994,247.800003,243.000000,245.699997,186.084396,9022030
2020-02-10,246.000000,247.774994,241.675003,242.725006,183.831253,8848392
2020-02-11,245.399994,246.975006,240.024994,240.500000,182.146118,7943310
2020-02-12,241.500000,242.850006,236.949997,237.375000,179.779343,7549204
2020-02-13,238.850006,239.250000,234.000000,234.500000,177.601913,8083000
2020-02-14,235.500000,242.250000,234.949997,238.225006,180.423126,23043576
2020-02-17,239.225006,239.225006,230.000000,230.824997,174.818604,9025984
2020-02-18,230.875000,236.250000,228.000000,235.375000,178.264603,11940592
2020-02-19,236.750000,240.500000,234.750000,237.774994,180.082291,10786834
2020-02-20,237.425003,240.000000,235.274994,235.875000,178.643295,8752120
2020-02-24,235.500000,237.850006,231.500000,232.324997,175.954666,12382886
2020-02-25,234.899994,235.274994,227.449997,228.375000,172.963074,11044046
2020-02-26,228.800003,229.774994,221.600006,224.399994,169.952545,14491090
2020-02-27,223.425003,224.824997,219.250000,222.024994,168.153793,12178324
2020-02-28,219.449997,219.449997,210.250000,213.175003,161.451141,12199026
2020-03-02,216.000000,220.925003,203.250000,206.175003,156.149597,15624380
2020-03-03,207.550003,213.574997,206.750000,212.500000,160.939911,11415592
2020-03-04,211.050003,214.350006,202.699997,209.350006,158.554214,15457514
2020-03-05,209.324997,214.574997,208.524994,209.199997,158.440613,11450828
2020-03-06,200.100006,204.925003,199.000000,201.550003,152.646759,15762914
2020-03-09,206.949997,227.199997,202.899994,211.925003,160.504425,79590744
2020-03-11,211.675003,211.675003,200.524994,202.199997,153.139053,29496116
2020-03-12,195.649994,196.274994,165.274994,172.149994,130.380234,35196480
2020-03-13,168.899994,198.350006,137.725006,188.024994,142.403397,50824080
2020-03-16,175.000000,193.625000,174.850006,182.324997,138.086441,33314334
2020-03-17,182.500000,192.824997,177.000000,178.600006,135.265259,19649626
2020-03-18,181.975006,183.024994,164.100006,166.274994,125.930748,20417518
2020-03-19,155.500000,160.000000,142.699997,150.125000,113.699303,27434876
2020-03-20,152.500000,161.500000,149.300003,158.925003,120.364120,20390122
2020-03-23,142.500000,149.000000,131.149994,134.675003,107.582794,18697444
2020-03-24,138.850006,141.500000,126.000000,131.425003,104.986588,19533962
2020-03-25,126.300003,138.475006,126.300003,136.875000,109.340225,14919242
2020-03-26,137.500000,143.199997,134.250000,141.149994,112.755219,12626898
2020-03-27,145.000000,152.000000,137.100006,139.375000,111.337311,12155778
2020-03-30,134.500000,144.750000,134.500000,137.375000,109.739639,13666176
2020-03-31,142.000000,164.850006,140.000000,158.449997,126.575012,33090992
2020-04-01,156.000000,157.949997,146.750000,151.475006,121.003189,25195590
2020-04-03,150.500000,163.000000,143.574997,158.574997,126.674904,28641760
2020-04-07,163.500000,179.649994,159.750000,175.550003,140.235092,21185186
2020-04-08,175.000000,182.100006,170.125000,171.149994,136.720215,18356498
2020-04-09,172.574997,178.324997,169.625000,172.449997,137.758698,15853988
2020-04-13,172.500000,177.274994,168.100006,175.050003,139.835693,9908612
2020-04-15,177.250000,185.175003,175.550003,176.925003,141.333481,12598234
2020-04-16,177.250000,182.500000,174.774994,177.699997,141.952560,11831216
2020-04-17,183.000000,183.000000,177.100006,180.050003,143.829834,8840986
2020-04-20,181.074997,186.449997,180.600006,184.199997,147.144989,12420738
2020-04-21,183.375000,184.725006,176.550003,177.625000,141.892654,10283406
2020-04-22,178.600006,180.000000,168.574997,178.350006,142.471817,14252248
2020-04-23,178.425003,181.449997,176.250000,177.574997,141.852722,8341956
2020-04-24,176.000000,178.324997,173.500000,175.225006,139.975464,6912420
2020-04-27,176.600006,182.800003,176.149994,177.699997,141.952560,9902396
2020-04-28,179.899994,187.425003,177.100006,179.550003,143.430420,22200402
2020-04-29,180.000000,182.500000,177.524994,180.375000,144.089462,11648158
2020-04-30,182.125000,186.699997,179.000000,185.000000,147.784042,16016718
2020-05-04,181.000000,181.000000,170.774994,173.949997,138.956940,14509120
2020-05-05,177.000000,182.100006,172.625000,173.524994,138.617432,26356086
2020-05-06,160.625000,173.225006,156.175003,171.899994,137.319321,41361302
2020-05-07,171.000000,171.000000,164.100006,164.774994,131.627655,17100430
2020-05-08,166.500000,168.149994,160.600006,162.375000,129.710464,16997368
2020-05-11,163.000000,165.175003,155.649994,157.399994,125.736282,21372716
2020-05-12,155.250000,159.899994,154.300003,156.250000,124.817589,16622240
2020-05-13,162.000000,162.199997,156.375000,158.274994,126.435249,15241920
2020-05-14,156.725006,158.175003,153.625000,154.850006,123.699249,9664168
2020-05-15,156.500000,162.175003,155.550003,159.100006,127.094307,27767190
2020-05-18,160.274994,160.750000,145.925003,147.024994,117.448372,20378694
2020-05-19,150.750000,152.199997,145.899994,146.649994,117.148819,12045836
2020-05-20,147.000000,155.699997,146.024994,154.449997,123.379700,17342228
2020-05-21,155.000000,158.000000,150.800003,156.600006,125.097198,14931316
2020-05-22,155.500000,162.000000,153.625000,157.600006,125.896027,17078040
2020-05-26,157.500000,160.449997,156.024994,156.574997,125.077232,12212502
2020-05-27,158.399994,165.699997,156.375000,164.725006,131.587738,18130652
2020-05-28,166.949997,167.175003,160.149994,163.225006,130.389465,18552604
2020-05-29,164.000000,173.574997,163.000000,171.399994,136.919922,26722320
2020-06-01,172.149994,178.350006,170.050003,173.149994,138.317902,20423126
2020-06-02,174.000000,174.000000,168.649994,170.800003,136.440628,12639442
2020-06-03,172.000000,176.975006,169.600006,174.524994,139.416275,20167782
2020-06-04,171.000000,179.699997,169.500000,178.625000,142.691498,32779676
2020-06-05,178.324997,186.250000,176.100006,184.800003,147.624298,21970108
2020-06-08,189.800003,199.250000,188.300003,197.050003,157.409988,29583292
2020-06-09,200.000000,201.024994,189.725006,190.750000,152.377335,19643304
2020-06-10,192.175003,192.175003,186.475006,189.475006,151.358826,14983264
2020-06-11,189.000000,193.250000,184.000000,185.024994,147.804016,16965850
2020-06-12,177.625000,188.449997,177.625000,186.949997,149.341782,15636964
2020-06-15,186.949997,186.975006,178.250000,180.500000,144.189301,13054104
2020-06-16,184.899994,186.074997,178.324997,179.875000,143.690033,11469976
2020-06-17,179.875000,183.250000,178.375000,182.300003,145.627197,10041494
2020-06-18,182.050003,188.225006,179.875000,185.125000,147.883911,12301976
2020-06-19,186.000000,192.250000,185.500000,190.274994,151.997894,13271548
2020-06-22,191.500000,194.699997,189.824997,192.574997,153.835236,20792714
2020-06-23,193.000000,196.449997,191.125000,196.000000,156.571213,8346306
2020-06-24,196.000000,197.199997,187.500000,189.274994,151.199066,8117432
2020-06-25,189.000000,192.149994,183.649994,185.125000,147.883911,13394304
2020-06-26,188.199997,198.475006,186.500000,196.824997,157.230240,24376122
2020-06-29,196.449997,197.800003,189.175003,191.675003,153.116257,12024496
2020-06-30,193.449997,194.625000,186.100006,187.000000,149.381714,9018244
2020-07-01,188.500000,191.699997,187.050003,190.074997,151.838135,10365588
2020-07-02,191.475006,195.675003,189.375000,191.750000,153.176163,13185606
2020-07-03,193.500000,195.274994,191.649994,192.699997,153.935043,6962106
2020-07-06,194.000000,198.375000,192.699997,195.100006,155.852264,9926808
2020-07-07,195.125000,195.625000,188.899994,189.925003,151.718292,9853948
2020-07-08,191.199997,193.725006,188.074997,189.074997,151.039291,8446692
2020-07-09,190.750000,190.899994,186.550003,188.375000,150.480087,5702054
2020-07-10,188.925003,190.250000,185.175003,188.175003,150.320358,11766114
2020-07-13,189.000000,192.100006,187.725006,189.975006,151.758240,10277456
2020-07-14,189.750000,192.949997,186.050003,186.875000,149.281876,9482614
2020-07-15,188.925003,191.175003,184.100006,184.800003,147.624298,9807552
2020-07-16,186.375000,198.125000,180.149994,196.949997,157.330109,26616036
2020-07-17,202.250000,223.699997,196.000000,221.899994,177.260986,107684344
2020-07-20,220.500000,224.000000,217.550003,218.649994,174.664780,28745778
2020-07-21,218.500000,240.500000,217.699997,232.100006,185.409073,98290940
2020-07-22,232.399994,232.475006,223.850006,225.300003,179.977020,25364622
2020-07-23,223.000000,238.699997,221.524994,228.774994,182.752945,72915804
2020-07-24,226.000000,231.750000,222.649994,224.199997,179.098297,22294340
2020-07-27,227.000000,233.300003,222.000000,228.850006,182.812881,40099526
2020-07-28,230.550003,236.850006,228.500000,230.750000,184.330643,30188154
2020-07-29,232.000000,233.824997,223.399994,226.899994,181.255127,20079062
2020-07-30,217.875000,219.949997,208.074997,209.550003,167.395401,49057034
2020-07-31,210.550003,214.000000,205.449997,206.899994,165.278473,22379048
2020-08-03,207.000000,214.125000,204.074997,208.899994,166.876160,28463794
2020-08-04,209.024994,211.500000,195.500000,204.274994,163.181549,51231218
2020-08-05,204.949997,207.475006,202.550003,205.225006,163.940445,22069412
2020-08-06,206.000000,211.750000,203.125000,204.774994,163.580963,25134282
2020-08-07,206.250000,210.699997,205.524994,209.875000,167.655029,18237588
2020-08-10,210.500000,212.199997,206.750000,207.574997,165.817688,16504844
2020-08-11,208.500000,216.500000,207.800003,214.625000,171.449463,25534582
2020-08-12,215.000000,217.050003,210.225006,210.899994,168.473801,18101040
2020-08-13,210.000000,213.100006,208.250000,210.574997,168.214188,11681234
2020-08-14,213.000000,213.000000,204.324997,206.625000,165.058823,28445040
2020-08-17,209.399994,209.399994,201.550003,203.949997,162.921921,22849152
2020-08-18,205.000000,205.675003,200.500000,201.149994,160.685181,27093554
2020-08-19,202.449997,205.475006,198.824997,201.850006,161.244400,33242206
2020-08-20,201.850006,209.925003,200.050003,206.225006,164.739258,36899472
2020-08-21,209.500000,209.500000,204.125000,205.050003,163.800659,17126912
2020-08-24,206.699997,208.149994,204.300003,204.875000,163.660843,13081806
2020-08-25,205.000000,209.750000,204.175003,206.449997,164.919022,25017896
2020-08-26,207.000000,207.899994,204.500000,205.050003,163.800659,10814154
2020-08-27,205.800003,209.225006,204.750000,206.475006,164.938995,15646796
2020-08-28,207.250000,211.000000,206.750000,207.524994,165.777756,17487384
2020-08-31,208.750000,213.199997,201.600006,203.899994,162.881989,37997902
2020-09-01,203.975006,205.875000,200.250000,203.625000,162.662308,12040094
2020-09-02,204.375000,207.750000,203.199997,206.975006,165.338409,10307040
2020-09-03,208.000000,209.300003,205.149994,206.699997,165.118729,8794738
2020-09-04,204.500000,205.500000,200.300003,201.675003,161.104599,9733000
2020-09-07,205.500000,205.500000,198.100006,200.100006,159.846436,16616944
2020-09-08,200.250000,209.975006,199.750000,206.050003,164.599487,37280122
2020-09-09,203.000000,204.750000,199.500000,202.975006,162.143082,13471164
2020-09-10,204.250000,216.750000,202.750000,215.149994,171.868851,50834954
2020-09-11,215.500000,218.000000,211.175003,214.375000,171.249771,25168858
2020-09-14,212.949997,214.750000,207.074997,208.574997,166.616531,12050202
2020-09-15,208.750000,212.750000,206.225006,207.199997,165.518143,16667382
2020-09-16,207.500000,210.250000,205.699997,206.524994,164.978943,10001736
2020-09-17,206.500000,209.500000,205.774994,207.800003,165.997437,13708168
2020-09-18,210.000000,211.449997,204.800003,206.024994,164.579529,19110716
2020-09-21,206.750000,207.850006,199.524994,200.725006,160.345688,11706332
2020-09-22,201.524994,201.899994,191.100006,196.074997,156.631119,15913160
2020-09-23,198.449997,198.600006,190.625000,193.824997,154.833771,11588706
2020-09-24,189.100006,193.074997,187.675003,188.625000,150.679810,9254902
2020-09-25,189.500000,190.750000,182.649994,187.875000,150.080673,26544582
2020-09-28,188.500000,195.274994,187.850006,192.574997,153.835236,14260844
2020-09-29,197.000000,197.000000,189.074997,193.274994,154.394379,17532748
2020-09-30,193.750000,197.250000,174.399994,176.524994,141.013962,87189586
2020-10-01,179.000000,180.774994,173.750000,176.649994,141.113800,32424524
2020-10-05,176.649994,179.225006,175.500000,177.074997,141.453308,13176802
2020-10-06,178.350006,180.199997,175.100006,176.024994,140.614532,13773544
2020-10-07,176.500000,176.850006,170.500000,171.125000,136.700241,20549154
2020-10-08,172.449997,172.500000,168.800003,170.024994,135.821518,19178934
2020-10-09,170.250000,175.100006,169.800003,172.500000,137.798645,26861436
2020-10-12,173.500000,174.899994,170.225006,170.800003,136.440628,9593558
2020-10-13,171.199997,171.850006,169.000000,169.550003,135.442108,10558800
2020-10-14,168.875000,169.449997,164.250000,166.449997,132.965698,16178274
2020-10-15,167.000000,169.350006,162.500000,163.324997,130.469360,10821450
2020-10-16,164.449997,171.699997,163.750000,169.975006,135.781601,26906266
2020-10-19,172.000000,173.899994,170.524994,173.324997,138.457672,14750554
2020-10-20,172.975006,174.875000,170.824997,171.675003,137.139603,10486228
2020-10-21,180.250000,181.524994,172.550003,174.774994,139.615967,34108526
2020-10-22,174.350006,175.399994,172.000000,174.675003,139.536102,11658856
2020-10-23,174.949997,177.675003,174.750000,175.774994,140.414810,10095206
2020-10-26,175.774994,176.850006,171.274994,173.050003,138.238007,10164184
2020-10-27,173.000000,174.949997,171.024994,174.324997,139.256531,8717246
2020-10-28,174.125000,174.800003,171.225006,172.725006,137.978394,7743220
2020-10-29,172.000000,173.750000,169.100006,170.899994,136.520508,14722436
2020-10-30,172.425003,179.725006,171.750000,177.225006,141.573120,33648648
2020-11-02,176.899994,177.324997,172.375000,173.199997,138.357834,8690720
2020-11-03,174.250000,178.250000,174.250000,175.425003,140.135239,13322292
2020-11-04,175.250000,176.475006,172.100006,174.425003,139.336380,8101954
2020-11-05,177.350006,184.375000,175.350006,183.149994,146.306213,27315846
2020-11-06,184.000000,185.024994,180.649994,181.225006,144.768463,11623324
2020-11-09,184.125000,190.000000,182.750000,187.774994,150.000809,23414854
2020-11-10,188.000000,192.475006,186.074997,191.399994,152.896591,16074814
2020-11-11,191.399994,199.199997,190.800003,197.000000,157.370041,22991936
2020-11-12,197.500000,197.949997,193.550003,197.324997,157.629669,13222638
2020-11-13,195.899994,200.199997,191.600006,197.000000,157.370041,19115708
2020-11-14,198.774994,207.475006,197.625000,206.425003,164.899048,16811038
2020-11-17,207.500000,207.500000,196.050003,197.324997,157.629669,44296492
2020-11-18,197.225006,197.225006,188.675003,191.524994,152.996429,42174930
2020-11-19,191.524994,197.750000,191.024994,191.850006,153.256058,33181436
2020-11-20,193.850006,194.949997,189.274994,191.649994,153.096298,18928924
2020-11-23,193.000000,197.774994,191.500000,197.225006,157.549789,18370378
2020-11-24,199.000000,199.750000,194.175003,194.875000,155.672531,14237058
2020-11-25,195.500000,196.699997,190.600006,191.024994,152.597015,14976356
2020-11-26,191.850006,192.399994,187.524994,189.000000,150.979370,16774012
2020-11-27,190.199997,191.949997,185.500000,186.500000,148.982315,27707056
2020-12-01,187.449997,190.725006,185.500000,189.649994,151.498627,9807172
2020-12-02,190.649994,195.000000,188.925003,192.250000,153.575592,19302512
2020-12-03,193.500000,198.899994,191.324997,196.949997,157.330109,37347498
2020-12-04,198.149994,199.399994,194.399994,196.149994,156.691025,14825638
2020-12-07,196.074997,202.500000,195.725006,197.500000,157.769455,20185302
2020-12-08,199.500000,199.500000,194.524994,195.225006,155.952118,11461924
2020-12-09,196.074997,199.399994,195.500000,197.574997,157.829376,16825160
2020-12-10,197.550003,200.750000,193.550003,199.649994,159.486954,14788112
2020-12-11,200.500000,203.699997,196.000000,198.699997,158.728043,29170228
2020-12-14,200.750000,203.000000,199.300003,202.725006,161.943390,22254470
2020-12-15,204.149994,204.625000,198.550003,199.300003,159.207367,17578662
2020-12-16,201.399994,202.975006,199.149994,199.800003,159.606781,14206982
2020-12-17,201.250000,201.274994,197.149994,197.699997,157.929214,12233988
2020-12-18,199.000000,199.500000,194.625000,196.925003,157.310135,13147766
2020-12-21,196.500000,196.500000,178.824997,183.675003,146.725616,25446600
2020-12-22,183.675003,187.300003,178.500000,186.250000,148.782593,20183368
2020-12-23,186.500000,188.600006,184.699997,187.199997,149.541473,11965506
2020-12-24,188.199997,190.625000,187.774994,188.774994,150.799637,12131772
2020-12-28,190.000000,192.250000,189.250000,191.375000,152.876602,9806128
2020-12-29,192.250000,192.800003,188.824997,190.750000,152.377335,8034014
2020-12-30,191.000000,192.100006,189.399994,191.425003,152.916565,6183434
2020-12-31,191.000000,192.274994,189.774994,190.550003,152.217590,8594440
2021-01-01,190.550003,192.000000,190.199997,190.975006,152.557098,5723498
2021-01-04,192.449997,198.449997,192.250000,197.675003,157.909256,16477784
2021-01-05,197.350006,197.375000,194.500000,196.000000,156.571213,9064136
2021-01-06,196.300003,198.475006,191.274994,193.649994,154.693939,16144720
2021-01-07,195.500000,197.500000,193.800003,196.100006,156.651108,13121606
2021-01-08,197.500000,203.000000,197.125000,200.074997,159.826447,24755912
2021-01-11,202.000000,202.375000,197.675003,200.875000,160.465515,13668006
2021-01-12,200.750000,204.500000,198.725006,201.274994,160.785080,16662142
2021-01-13,203.000000,212.500000,202.324997,205.949997,164.519608,42362294
2021-01-14,206.000000,215.000000,205.500000,213.350006,170.430969,25200192
2021-01-15,214.699997,214.750000,205.649994,207.300003,165.598022,17655902
2021-01-18,207.000000,208.449997,201.000000,204.774994,163.580963,16787164
2021-01-19,206.500000,209.000000,204.125000,206.725006,165.138687,11094214
2021-01-20,207.500000,208.449997,204.625000,206.925003,165.298477,9874786
2021-01-21,207.500000,211.500000,202.550003,204.149994,163.081696,17536476
2021-01-22,204.500000,206.475006,197.475006,198.024994,158.188828,15404838
2021-01-25,200.000000,201.425003,192.350006,193.649994,154.693939,12060426
2021-01-27,192.774994,195.125000,189.875000,190.300003,152.017883,12066876
2021-01-28,188.500000,194.850006,188.125000,192.149994,153.495697,16311766
2021-01-29,194.949997,198.274994,190.675003,191.800003,153.216110,16517910
2021-02-01,194.000000,198.949997,190.300003,196.500000,156.970642,27876736
2021-02-02,198.375000,205.500000,196.625000,204.000000,162.961884,17753676
2021-02-03,202.500000,208.500000,201.175003,207.449997,165.717850,17018506
2021-02-04,206.800003,211.250000,205.274994,209.274994,167.175720,15198682
2021-02-05,210.250000,211.149994,206.550003,207.500000,165.757797,7722568
2021-02-08,210.000000,212.199997,208.000000,210.024994,167.774826,12645654
2021-02-09,215.500000,219.024994,208.324997,209.675003,167.495239,45154044
2021-02-10,211.100006,212.475006,204.524994,207.899994,166.077316,19160592
2021-02-11,207.500000,211.425003,207.149994,210.975006,168.533737,11459318
2021-02-12,211.500000,212.925003,207.300003,209.050003,166.996002,10941890
2021-02-15,211.399994,212.449997,208.500000,209.500000,167.355453,11037552
2021-02-16,208.899994,211.300003,208.100006,208.975006,166.936081,10795324
2021-02-17,202.250000,206.949997,200.774994,205.850006,170.985413,17178862
2021-02-18,207.675003,217.175003,205.350006,216.100006,179.499374,41510988
2021-02-19,218.500000,222.399994,211.750000,215.000000,178.585678,48892610
2021-02-22,214.649994,217.625000,209.000000,211.274994,175.491577,19380682
2021-02-23,214.000000,221.350006,212.899994,217.625000,180.766083,28795656
2021-02-24,220.000000,222.500000,218.050003,219.350006,182.198898,11981366
2021-02-25,220.975006,233.899994,220.925003,230.774994,191.688873,37621658
2021-02-26,227.475006,233.175003,220.125000,224.925003,186.829681,36883078
2021-03-01,228.000000,231.925003,225.050003,227.625000,189.072372,12185500
2021-03-02,237.250000,241.199997,231.000000,234.500000,194.782959,53200666
2021-03-03,240.000000,240.000000,231.149994,233.175003,193.682388,17675284
2021-03-04,231.000000,236.324997,229.625000,231.949997,192.664856,12556622
2021-03-05,231.500000,237.225006,229.050003,230.899994,191.792694,17793026
2021-03-08,231.000000,236.475006,230.899994,233.350006,193.827744,11349538
2021-03-09,223.100006,227.000000,218.675003,222.949997,185.189194,399581906
2021-03-10,225.500000,225.949997,221.024994,222.750000,185.023071,23491604
2021-03-12,228.500000,232.000000,225.500000,228.774994,190.027618,52792772
2021-03-15,232.225006,232.500000,225.649994,230.274994,191.273575,33839076
2021-03-16,232.274994,232.800003,226.024994,226.925003,188.490952,30782874
2021-03-17,221.000000,223.350006,215.050003,216.024994,179.437057,57699598
2021-03-18,217.500000,219.250000,211.899994,213.449997,177.298172,26361962
2021-03-19,213.000000,219.199997,209.600006,216.475006,179.810822,26622950
2021-03-22,219.125000,221.000000,217.175003,219.675003,182.468872,27343862
2021-03-23,220.949997,221.100006,217.550003,218.250000,181.285217,17089478
2021-03-24,217.475006,218.250000,214.324997,214.975006,178.564926,10317086
2021-03-25,213.225006,213.600006,207.550003,209.475006,176.043701,20898974
2021-03-26,212.949997,215.899994,210.699997,212.100006,178.249771,19204862
2021-03-30,214.449997,216.949997,210.750000,215.399994,181.023087,17153798
2021-03-31,215.250000,215.574997,212.750000,213.975006,179.825516,10018670
2021-04-01,215.300003,219.975006,214.024994,218.699997,183.796417,9156394
2021-04-05,217.050003,218.500000,210.550003,214.024994,179.867523,11510442
2021-04-06,215.000000,216.850006,212.149994,214.050003,179.888565,9190874
2021-04-07,214.500000,215.750000,213.750000,214.100006,179.930557,7430944
2021-04-08,214.774994,218.000000,214.649994,215.274994,180.918015,6708234
2021-04-09,215.000000,216.125000,212.250000,212.800003,178.838043,8179184
2021-04-12,208.975006,209.699997,201.000000,201.975006,169.740662,12368094
2021-04-13,202.500000,206.250000,201.100006,204.699997,172.030762,8064312
2021-04-15,204.500000,208.199997,201.649994,202.425003,170.118851,14440358
2021-04-16,202.500000,211.475006,202.149994,206.899994,173.879639,22292626
2021-04-19,202.500000,206.199997,200.000000,204.375000,171.757645,11256462
2021-04-20,205.949997,207.225006,203.050003,204.050003,171.484482,7026888
2021-04-22,202.500000,210.649994,201.750000,209.175003,175.791580,15611348
2021-04-23,208.649994,212.475006,208.000000,211.524994,177.766525,47680532
2021-04-26,213.000000,214.175003,208.774994,209.449997,176.022675,12888196
2021-04-27,208.750000,211.550003,208.274994,210.175003,176.631989,10816330
2021-04-28,211.000000,212.175003,207.449997,208.750000,175.434402,19805066
2021-04-29,211.000000,211.500000,208.500000,209.774994,176.295792,13265608
2021-04-30,208.750000,218.750000,207.324997,210.899994,177.241272,33702940
2021-05-03,209.500000,214.524994,207.699997,208.000000,174.804092,16118782
2021-05-04,210.449997,214.725006,209.250000,210.725006,177.094208,19987878
2021-05-05,211.024994,215.800003,210.500000,212.399994,178.501892,13778662
2021-05-06,214.000000,217.500000,212.074997,217.000000,182.367752,12787288
2021-05-07,217.524994,223.500000,214.000000,221.574997,186.212585,24054728
2021-05-10,224.500000,227.500000,222.500000,226.850006,190.645737,19405820
2021-05-11,224.800003,232.000000,223.449997,231.125000,194.238449,21695878
2021-05-12,232.000000,234.000000,223.250000,224.625000,188.775818,15235594
2021-05-14,226.750000,226.750000,219.550003,221.125000,185.834396,9799430
2021-05-17,222.500000,223.274994,219.050003,221.824997,186.422684,6063462
2021-05-18,223.600006,226.199997,221.350006,224.225006,188.439651,9934246
2021-05-19,225.000000,227.149994,221.125000,223.225006,187.599274,16215214
2021-05-20,224.000000,228.925003,220.750000,227.399994,191.107956,18799814
2021-05-21,231.500000,234.000000,229.524994,230.524994,193.734192,23987738
2021-05-24,233.475006,237.274994,230.300003,236.425003,198.692596,22941220
2021-05-25,238.399994,239.500000,234.500000,237.199997,199.343903,21199352
2021-05-26,239.324997,240.350006,234.250000,236.100006,198.419479,25944614
2021-05-27,242.500000,244.000000,233.000000,233.925003,196.591568,102988808
2021-05-28,237.500000,239.949997,234.250000,235.750000,198.125320,29313704
2021-05-31,236.725006,236.725006,234.149994,236.000000,198.335419,13495562
2021-06-01,236.699997,238.350006,235.050003,235.425003,197.852188,8869530
2021-06-02,235.000000,237.725006,234.500000,237.324997,199.448959,12676710
2021-06-03,237.250000,239.199997,236.550003,236.949997,199.133804,12184524
2021-06-04,237.399994,241.399994,237.024994,239.125000,200.961685,17759466
2021-06-07,240.399994,242.699997,239.375000,240.699997,202.285309,12523390
2021-06-08,241.899994,244.850006,238.125000,243.725006,204.827560,15198964
2021-06-09,246.000000,246.949997,240.750000,242.524994,203.819061,18980362
2021-06-10,243.125000,243.750000,241.375000,241.774994,203.188751,7388634
2021-06-11,242.850006,244.750000,240.850006,241.800003,203.209763,7438508
2021-06-14,241.975006,242.500000,238.000000,241.850006,203.251785,7237652
2021-06-15,242.500000,243.625000,240.399994,240.949997,202.495422,6507360
2021-06-16,241.725006,242.449997,239.524994,240.625000,202.222275,7994924
2021-06-17,238.975006,241.449997,238.149994,238.449997,200.394409,6651076
2021-06-18,240.000000,240.050003,233.375000,236.175003,198.482498,10583776
2021-06-21,235.850006,237.899994,234.250000,237.524994,199.617035,5397088
2021-06-22,238.750000,239.375000,236.399994,236.824997,199.028748,5553420
2021-06-23,237.000000,237.500000,234.574997,234.800003,197.326950,4927558
2021-06-24,234.750000,235.250000,232.550003,233.050003,195.856216,8462210
2021-06-25,234.199997,236.050003,233.100006,235.024994,197.516037,5904240
2021-06-28,235.500000,236.000000,233.274994,233.574997,196.297424,4334320
2021-06-29,234.500000,234.750000,232.500000,233.125000,195.919250,5921594
2021-06-30,233.500000,235.324997,233.000000,234.050003,196.696609,5924634
2021-07-01,234.050003,234.449997,231.000000,231.375000,194.448547,5757026
2021-07-02,231.500000,232.800003,230.524994,231.375000,194.448547,4769492
2021-07-05,232.475006,233.750000,229.250000,229.850006,193.166931,11190174
2021-07-06,230.000000,231.500000,228.800003,229.024994,192.473602,7749392
2021-07-07,229.024994,230.699997,226.225006,230.250000,193.503113,6000580
2021-07-08,230.074997,232.699997,228.274994,229.100006,192.536636,6426778
2021-07-09,228.050003,229.250000,226.649994,228.449997,191.990356,7058662
2021-07-12,228.800003,229.649994,225.024994,225.500000,189.511169,7393710
2021-07-13,226.375000,227.500000,224.875000,225.125000,189.196014,7409874
2021-07-14,225.500000,226.550003,224.100006,224.350006,188.544724,4936524
2021-07-15,224.649994,225.375000,222.524994,223.524994,187.851364,6617550
2021-07-16,224.524994,225.524994,222.899994,224.000000,188.250565,6726604
2021-07-19,223.000000,229.500000,222.600006,226.949997,190.729752,14737948
2021-07-20,228.399994,229.000000,224.500000,226.899994,190.687729,7689016
2021-07-22,227.475006,231.975006,226.500000,230.449997,193.671173,13532496
2021-07-23,232.399994,232.899994,229.649994,230.675003,193.860275,6954808
2021-07-26,230.949997,231.274994,227.550003,228.000000,191.612183,5177476
2021-07-27,228.000000,230.199997,226.125000,226.649994,190.477631,4635256
2021-07-28,226.800003,227.750000,225.149994,226.725006,190.540680,4411220
2021-07-29,226.000000,227.074997,224.250000,224.550003,188.712769,5979220
2021-07-30,224.600006,227.100006,222.449997,222.750000,187.200073,13531870
2021-08-02,224.024994,229.949997,223.250000,228.899994,192.368561,9965680
2021-08-03,230.350006,232.475006,228.250000,231.699997,194.721680,7855132
2021-08-04,231.500000,232.500000,228.050003,228.574997,192.095413,5192276
2021-08-05,228.050003,229.300003,225.574997,226.750000,190.561691,7099910
2021-08-06,227.000000,231.500000,227.000000,227.800003,191.444107,8118604
2021-08-09,228.750000,229.500000,225.350006,226.250000,190.141479,4555246
2021-08-10,227.250000,227.449997,221.375000,222.350006,186.863892,7098198
2021-08-11,223.000000,225.774994,220.274994,225.000000,189.090973,10635072
2021-08-12,226.000000,227.699997,221.050003,224.074997,188.313583,12567714
2021-08-13,225.000000,229.425003,224.149994,227.449997,191.149948,14232032
2021-08-16,229.250000,233.800003,227.524994,232.000000,194.973801,17964436
2021-08-17,232.925003,234.875000,230.500000,232.500000,195.393997,14363500
2021-08-18,233.475006,233.475006,230.524994,231.750000,194.763702,7947234
2021-08-20,230.899994,232.750000,226.500000,227.600006,191.276031,12114818
2021-08-23,229.350006,229.824997,224.050003,225.850006,189.805328,7925892
2021-08-24,226.500000,229.625000,226.425003,228.199997,191.780258,7248688
2021-08-25,229.000000,232.199997,228.625000,230.350006,193.587158,9704266
2021-08-26,230.300003,235.699997,229.300003,233.375000,196.129364,14847298
2021-08-27,234.524994,236.850006,233.074997,235.649994,198.041275,12536762
2021-08-30,237.449997,237.449997,235.800003,236.274994,198.566544,9029840
2021-08-31,236.500000,237.925003,234.175003,235.824997,198.188339,18002472
2021-09-01,236.625000,239.699997,236.100006,238.500000,200.436417,10439002
2021-09-02,239.000000,240.774994,238.500000,239.899994,201.612976,8362628
2021-09-03,241.500000,247.000000,240.100006,245.649994,206.445313,16372070
2021-09-06,247.975006,248.250000,245.000000,245.399994,206.235214,13979558
2021-09-07,245.350006,246.750000,240.500000,240.975006,202.516434,13420280
2021-09-08,242.000000,246.500000,240.949997,244.774994,205.709976,13609662
2021-09-09,244.949997,246.000000,243.875000,245.574997,206.382294,9084984
2021-09-13,247.000000,249.625000,245.750000,249.050003,209.302704,21460684
2021-09-14,250.500000,251.500000,245.250000,246.550003,207.201691,24182782
2021-09-15,247.000000,247.475006,244.050003,244.975006,205.878052,22748506
2021-09-16,218.750000,221.024994,217.774994,219.524994,198.682846,34750954
2021-09-17,220.500000,221.000000,216.050003,218.125000,197.415771,24016408
2021-09-20,215.524994,216.824997,209.475006,210.199997,190.243164,14744276
2021-09-21,209.949997,211.949997,206.399994,206.899994,187.256470,22963476
2021-09-22,207.250000,210.750000,207.250000,210.074997,190.130035,9640070
2021-09-23,211.574997,212.149994,208.574997,209.975006,190.039536,11769116
2021-09-24,210.500000,211.625000,206.024994,207.399994,187.709000,12674828
2021-09-27,209.225006,211.250000,208.274994,210.300003,190.333694,9778866
2021-09-28,212.149994,215.125000,211.500000,214.800003,194.406433,18266942
2021-09-29,214.750000,219.000000,213.000000,218.449997,197.709900,15251714
2021-09-30,219.899994,220.199997,215.500000,216.100006,195.583008,8934732
2021-10-01,215.949997,218.800003,214.500000,216.524994,195.967667,5489980
2021-10-04,217.000000,219.000000,216.750000,217.925003,197.234756,5362228
2021-10-05,217.925003,222.750000,217.850006,221.925003,200.854980,18020292
2021-10-06,223.500000,225.975006,222.574997,223.600006,202.370956,16248822
2021-10-07,225.750000,226.000000,224.000000,224.600006,203.276016,7445114
2021-10-08,225.750000,226.000000,222.300003,224.725006,203.389160,6019304
2021-10-11,225.000000,227.574997,224.750000,227.199997,205.629150,11833332
2021-10-12,227.175003,228.600006,225.550003,227.625000,206.013794,10923204
2021-10-13,228.500000,230.199997,226.649994,229.324997,207.552414,14072722
2021-10-14,230.000000,231.100006,229.000000,229.649994,207.846558,7894780
2021-10-18,235.000000,235.000000,230.524994,231.250000,209.294632,8784646
2021-10-19,231.949997,232.500000,224.975006,226.524994,205.018250,10805314
2021-10-20,226.000000,226.449997,218.175003,220.550003,199.610535,13086926
2021-10-21,222.625000,227.000000,221.524994,225.524994,204.113190,19775152
2021-10-22,225.500000,226.500000,221.250000,223.625000,202.393585,7829992
2021-10-25,223.500000,224.199997,214.925003,215.850006,195.356750,14550354
2021-10-26,215.500000,218.475006,214.024994,215.524994,195.062592,9945226
2021-10-27,216.725006,217.250000,213.500000,213.850006,193.546631,6737796
2021-10-28,214.500000,215.500000,209.524994,210.399994,190.424179,7242482
2021-10-29,209.500000,212.500000,206.800003,208.850006,189.021362,12075018
2021-11-01,214.000000,214.000000,209.949997,210.824997,190.808838,11652400
2021-11-02,211.500000,211.949997,207.800003,208.074997,188.319931,8099346
2021-11-03,209.000000,210.774994,207.100006,207.449997,187.754257,10516486
2021-11-04,209.925003,210.125000,209.050003,209.875000,189.949020,1975024
2021-11-08,212.000000,216.375000,210.725006,215.875000,195.379364,11870418
2021-11-09,216.350006,216.375000,213.500000,215.250000,194.813705,5867180
2021-11-10,216.000000,217.000000,215.074997,215.625000,195.153107,6565108
2021-11-11,212.975006,213.625000,211.024994,212.649994,194.718155,6633538
2021-11-12,214.000000,215.000000,213.175003,213.850006,195.816986,4288924
2021-11-15,213.949997,215.024994,212.324997,213.175003,195.198883,3839888
2021-11-16,213.000000,213.274994,209.074997,209.949997,192.245834,5533442
2021-11-17,210.250000,210.375000,206.100006,206.899994,189.453033,7538798
2021-11-18,206.750000,207.824997,202.500000,202.649994,185.561417,9990796
2021-11-22,203.000000,203.949997,196.550003,197.800003,181.120392,10565788
2021-11-23,197.500000,200.649994,197.024994,198.800003,182.036087,6765412
2021-11-24,200.550003,204.649994,199.399994,201.675003,184.668625,8482816
2021-11-25,202.000000,202.199997,199.000000,200.050003,183.180679,6323818
2021-11-26,198.574997,198.600006,187.500000,188.425003,172.535965,20046662
2021-11-29,189.500000,190.000000,183.500000,183.725006,168.232269,15037552
2021-11-30,185.000000,189.750000,184.000000,185.000000,169.399780,18393470
2021-12-01,186.375000,187.975006,182.899994,184.375000,168.827484,13057566
2021-12-02,185.000000,189.975006,184.524994,189.425003,173.451614,12449776
2021-12-03,191.250000,194.199997,190.649994,192.949997,176.679367,17313246
2021-12-06,193.675003,194.699997,190.500000,191.725006,175.557693,8919812
2021-12-07,192.949997,194.375000,192.625000,193.899994,177.549271,7275406
2021-12-08,194.750000,196.125000,194.574997,195.574997,179.083023,7187328
2021-12-09,197.125000,200.750000,196.149994,196.875000,180.273392,12970082
2021-12-10,196.750000,198.949997,195.500000,198.475006,181.738495,4565918
2021-12-13,199.475006,200.250000,195.524994,196.175003,179.632416,5199416
2021-12-14,196.475006,196.475006,194.550003,195.824997,179.311935,6582798
2021-12-15,195.500000,196.199997,191.550003,192.149994,175.946838,11115184
2021-12-16,193.250000,196.000000,192.225006,195.524994,179.037231,7909366
2021-12-17,196.500000,197.274994,191.050003,192.350006,176.129990,16049722
2021-12-20,190.425003,190.425003,179.500000,180.000000,164.821396,22510560
2021-12-21,182.199997,182.949997,178.699997,182.100006,166.744324,12855558
2021-12-22,183.000000,186.899994,182.600006,186.225006,170.521484,10045244
2021-12-23,187.399994,189.125000,186.000000,188.675003,172.764862,10693866
2021-12-24,189.600006,189.600006,185.149994,186.074997,170.384109,6287570
2021-12-27,185.475006,187.574997,183.750000,187.199997,171.414261,4632660
2021-12-28,187.899994,190.699997,187.500000,190.199997,174.161285,6449486
2021-12-29,190.500000,191.425003,188.574997,190.550003,174.481750,8260658
2021-12-30,192.000000,192.649994,188.000000,188.975006,173.039566,12171414
2021-12-31,188.250000,193.699997,188.250000,192.725006,176.473343,7780656
2022-01-03,192.000000,193.500000,192.000000,193.050003,176.770935,6468384
2022-01-04,194.000000,196.875000,192.375000,192.975006,176.702286,11799296
2022-01-05,192.475006,198.250000,191.725006,197.350006,180.708359,13483996
2022-01-06,198.000000,198.324997,195.300003,197.899994,181.211960,8237148
2022-01-07,199.000000,201.449997,197.500000,198.100006,181.395111,11914426
2022-01-10,199.500000,199.850006,197.800003,198.774994,182.013184,4179728
2022-01-11,199.399994,199.399994,195.074997,195.574997,179.083023,6854016
2022-01-12,197.250000,197.975006,193.274994,194.350006,177.961334,9246820
2022-01-13,195.100006,198.774994,193.625000,197.250000,180.616776,8491424
2022-01-14,197.500000,199.975006,196.250000,199.225006,182.425247,6915504
2022-01-17,200.500000,202.199997,199.300003,200.274994,183.386703,9671610
2022-01-18,200.899994,203.449997,198.175003,199.050003,182.264984,13220496
2022-01-19,198.000000,200.750000,196.500000,197.175003,180.548096,10347976
2022-01-20,197.500000,198.774994,195.100006,196.524994,179.952927,6495234
2022-01-21,196.899994,198.024994,190.000000,190.850006,174.756454,10310538
2022-01-24,190.699997,191.925003,185.050003,186.550003,170.819061,10668074
2022-01-25,186.050003,191.899994,184.000000,191.274994,175.145615,9905300
2022-01-27,192.500000,192.625000,187.500000,191.100006,174.985382,11474790
2022-01-28,192.475006,196.750000,190.675003,191.250000,175.122742,8089918
2022-01-31,195.000000,199.899994,193.975006,198.524994,181.784256,13928184
2022-02-01,197.500000,197.500000,188.000000,189.425003,173.451614,25515398
2022-02-02,192.500000,192.800003,189.675003,191.050003,174.939590,11701576
2022-02-03,192.000000,192.449997,188.250000,188.524994,172.627518,10658294
2022-02-04,188.574997,190.000000,187.024994,187.824997,171.986557,8957710
2022-02-07,189.000000,189.199997,185.050003,186.225006,170.521484,8189026
2022-02-08,187.199997,189.250000,185.324997,188.699997,172.787750,6909612
2022-02-09,190.000000,191.000000,187.350006,187.800003,171.963669,9292356
2022-02-10,186.350006,186.750000,184.250000,184.824997,171.522842,12283058
2022-02-11,184.824997,187.250000,182.500000,184.774994,171.476440,11262552
2022-02-14,182.500000,182.925003,180.274994,180.850006,167.833939,10196386
2022-02-15,181.024994,184.875000,178.300003,184.449997,171.174820,11049572
2022-02-16,185.500000,189.199997,185.149994,187.050003,173.587708,10889816
2022-02-17,187.975006,188.625000,185.500000,186.500000,173.077286,5224320
2022-02-18,185.725006,187.975006,185.725006,186.574997,173.146881,4420434
2022-02-21,186.500000,186.500000,182.524994,184.375000,171.105240,6207542
2022-02-22,180.000000,182.225006,174.649994,177.649994,164.864227,14106162
2022-02-23,179.250000,180.399994,178.100006,178.550003,165.699478,5636142
2022-02-24,174.500000,176.000000,165.550003,166.524994,154.539917,14094970
2022-02-25,170.000000,170.750000,166.074997,168.175003,156.071167,11679020
2022-02-28,167.675003,175.649994,166.000000,174.899994,162.312149,19146282
2022-03-02,173.250000,178.350006,169.899994,171.050003,158.739243,15469204
2022-03-03,173.699997,177.000000,171.675003,173.199997,160.734512,12825706
2022-03-04,173.975006,175.750000,171.500000,174.175003,161.639343,15557860
2022-03-07,173.500000,173.500000,165.899994,169.000000,156.836792,19936000
2022-03-08,168.899994,171.500000,166.350006,170.800003,158.507263,12880560
2022-03-09,172.250000,173.824997,168.850006,171.324997,158.994461,13563906
2022-03-10,176.000000,177.000000,172.750000,174.500000,161.940933,18109208
2022-03-11,175.500000,181.850006,175.125000,181.000000,167.973129,16557604
2022-03-14,179.899994,180.500000,176.175003,179.824997,166.882706,16449824
2022-03-15,180.524994,180.750000,174.050003,175.149994,162.544159,12130866
2022-03-16,176.750000,178.850006,175.074997,178.149994,165.328247,9444984
2022-03-17,179.800003,183.100006,178.925003,182.100006,168.993973,22827672
2022-03-21,180.000000,183.649994,178.149994,178.600006,165.745865,12369650
2022-03-22,179.425003,184.850006,178.350006,184.199997,170.942825,14934378
2022-03-23,185.449997,185.800003,182.500000,183.300003,170.107605,12475458
2022-03-24,183.000000,183.899994,180.399994,181.300003,168.251541,9696758
2022-03-25,181.000000,182.274994,179.050003,180.149994,167.184311,7259104
2022-03-28,180.000000,181.425003,178.149994,179.850006,166.905914,11624382
2022-03-29,181.000000,181.199997,178.975006,179.225006,166.325897,11417328
2022-03-30,180.250000,181.199997,179.600006,180.024994,167.068298,8247132
2022-03-31,180.500000,182.250000,179.399994,179.675003,166.743500,11007364
2022-04-01,180.774994,187.500000,180.774994,187.199997,173.726913,12772330
2022-04-04,187.199997,190.625000,186.100006,190.100006,176.418198,14714720
2022-04-05,190.500000,191.000000,188.274994,190.000000,176.325394,6622344
2022-04-06,189.500000,193.225006,188.725006,192.899994,179.016663,11686350
2022-04-07,192.425003,193.649994,189.750000,190.399994,176.696594,6693770
2022-04-08,191.399994,193.399994,190.550003,192.274994,178.436646,8380548
2022-04-11,192.574997,195.074997,192.399994,194.175003,180.199905,4778320
2022-04-12,193.475006,193.800003,188.625000,190.300003,176.603806,4891948
2022-04-13,190.000000,191.975006,188.850006,189.500000,175.861374,6523924
2022-04-18,189.500000,189.500000,185.524994,185.875000,172.497269,5585346
2022-04-19,186.949997,191.925003,186.500000,187.925003,174.399734,11592654
2022-04-20,189.899994,196.149994,188.175003,194.975006,180.942337,17136378
2022-04-21,197.500000,199.399994,195.000000,198.850006,184.538437,15955692
2022-04-22,197.500000,198.625000,195.750000,196.699997,182.543182,8821478
2022-04-25,192.500000,192.975006,184.399994,184.850006,171.546051,20815928
2022-04-26,186.699997,187.699997,184.574997,186.425003,173.007675,6278956
2022-04-27,184.000000,185.800003,182.149994,183.250000,170.061188,6163612
2022-04-28,185.850006,185.850006,182.574997,184.675003,171.383652,6573278
2022-04-29,185.000000,186.350006,180.574997,181.300003,168.251541,6718850
2022-05-02,180.050003,183.975006,178.824997,183.225006,170.038010,6400476
2022-05-04,183.225006,185.699997,179.750000,181.725006,168.645950,5737094
2022-05-05,183.024994,184.375000,180.050003,180.500000,167.509109,3695092
2022-05-06,178.500000,179.899994,176.500000,178.649994,165.792252,4697742
2022-05-09,177.850006,179.149994,174.899994,176.699997,163.982620,5048780
2022-05-10,176.750000,179.000000,175.699997,176.725006,164.005814,5909904
2022-05-11,177.500000,179.725006,172.375000,173.550003,161.059326,7774130
2022-05-12,172.500000,173.225006,168.100006,169.975006,157.741623,7716626
2022-05-13,170.699997,172.649994,168.000000,168.475006,156.349579,4515592
2022-05-16,169.574997,169.824997,166.850006,168.050003,155.955154,3884304
2022-05-17,168.000000,171.475006,167.074997,171.225006,158.901657,9596420
2022-05-18,168.225006,173.600006,165.500000,165.949997,154.006302,15314616
2022-05-19,164.899994,164.975006,162.000000,163.324997,151.570236,10187938
2022-05-20,166.000000,167.425003,164.000000,166.399994,154.423904,6393394
2022-05-23,166.399994,168.074997,163.500000,166.050003,154.099106,8792862
2022-05-24,166.050003,167.274994,164.250000,165.050003,153.171066,5891438
2022-05-25,166.199997,166.750000,162.574997,163.074997,151.338211,8163646
2022-05-26,162.500000,162.750000,156.100006,162.175003,150.503006,16061314
2022-05-27,162.300003,164.500000,159.100006,161.175003,149.574982,9751704
2022-05-30,162.250000,165.399994,161.000000,164.574997,152.730270,7101016
2022-05-31,165.000000,165.350006,162.500000,163.100006,151.361435,20841502
2022-06-01,164.000000,165.925003,162.050003,163.000000,151.268631,13381064
2022-06-02,163.500000,167.125000,161.274994,164.675003,152.823074,16113808
2022-06-03,165.300003,166.000000,163.550003,164.074997,152.266251,9938986
2022-06-06,163.750000,163.949997,159.149994,159.675003,148.182938,9345428
2022-06-07,158.774994,161.300003,158.500000,160.125000,148.600555,7910152
2022-06-08,160.500000,162.449997,159.600006,161.949997,150.294189,5381610
2022-06-09,161.500000,167.274994,159.750000,166.425003,154.447128,13918892
2022-06-10,165.375000,166.100006,163.300003,165.500000,153.588699,5453434
2022-06-13,163.949997,163.949997,158.649994,158.975006,147.533325,7503680
2022-06-14,158.649994,160.375000,155.824997,157.149994,145.839645,10098392
2022-06-15,158.425003,158.425003,154.000000,157.000000,145.700455,9987308
2022-06-16,159.000000,159.899994,155.149994,155.824997,144.610016,8720718
2022-06-17,154.500000,155.750000,149.875000,150.500000,139.668274,13905510
2022-06-20,152.000000,152.250000,147.000000,148.024994,137.371384,7456818
2022-06-21,148.324997,151.225006,146.675003,150.600006,139.761078,5603658
2022-06-22,151.574997,153.699997,148.375000,152.949997,141.941940,13204868
2022-06-23,154.225006,155.250000,151.774994,153.949997,142.869965,8697024
2022-06-24,154.100006,155.225006,152.699997,153.774994,142.707550,6549900
2022-06-27,155.000000,157.824997,154.175003,157.500000,146.164474,5569614
2022-06-28,156.000000,159.750000,156.000000,159.300003,147.834915,6481036
2022-06-29,156.800003,159.925003,156.800003,158.199997,146.814087,4503176
2022-06-30,158.000000,158.875000,153.574997,154.199997,143.101974,9158568
2022-07-01,154.250000,159.625000,152.850006,159.175003,147.718918,8833390
2022-07-04,158.050003,159.225006,156.324997,158.175003,146.790894,4431040
2022-07-05,158.899994,160.675003,156.074997,156.550003,145.282837,6138608
2022-07-06,158.300003,161.000000,157.750000,160.649994,149.087753,8353864
2022-07-07,162.449997,165.000000,161.550003,164.699997,152.846268,9279814
2022-07-08,165.000000,166.125000,162.250000,162.649994,150.943802,5034654
2022-07-11,163.175003,163.175003,157.750000,157.949997,146.582077,11830842
2022-07-12,157.500000,157.750000,154.024994,154.324997,143.217972,10690702
2022-07-13,156.000000,157.699997,154.750000,155.250000,144.076401,9645842
2022-07-14,155.500000,156.350006,152.074997,153.074997,142.057938,11835382
2022-07-15,154.000000,156.574997,153.050003,156.050003,144.818832,10024354
2022-07-18,156.750000,158.125000,154.824997,157.899994,146.535675,7029760
2022-07-19,157.449997,158.899994,156.250000,158.274994,146.883682,5009030
2022-07-20,159.699997,160.425003,158.125000,158.550003,147.138901,6723570
2022-07-21,158.975006,162.000000,158.000000,161.350006,149.737396,7298344
2022-07-22,162.600006,162.699997,159.274994,160.149994,148.623734,6293178
2022-07-25,160.149994,160.449997,157.774994,158.574997,147.162094,6529228
2022-07-26,158.425003,159.574997,157.074997,159.225006,147.765320,4397264
2022-07-27,159.000000,162.524994,158.774994,162.300003,150.619003,6514864
2022-07-28,160.925003,164.449997,160.925003,163.024994,151.291824,6933530
2022-07-29,163.524994,165.574997,162.600006,165.149994,153.263870,9605766
2022-08-01,165.500000,167.600006,163.899994,167.074997,155.050339,6221584
2022-08-02,167.750000,170.750000,166.149994,167.574997,155.514359,7663472
2022-08-03,167.574997,168.675003,165.149994,166.949997,154.934341,4079330
2022-08-04,168.449997,168.875000,164.850006,166.975006,154.957535,5023836
2022-08-05,167.500000,168.625000,166.100006,168.199997,156.094360,5115246
2022-08-08,164.750000,165.000000,160.100006,162.824997,151.106216,18945812
2022-08-10,163.649994,165.125000,163.000000,164.149994,152.335846,5743378
2022-08-11,164.975006,165.800003,163.600006,164.175003,152.359055,3377190
2022-08-12,164.175003,167.225006,163.899994,166.949997,154.934341,5285940
2022-08-16,167.225006,173.625000,166.524994,172.949997,160.502518,10721280
2022-08-17,173.800003,177.625000,173.500000,176.574997,163.866592,14146800
2022-08-18,176.774994,176.774994,172.725006,173.524994,161.036118,7118970
2022-08-19,171.225006,171.625000,168.500000,169.125000,159.714020,7463376
2022-08-22,168.574997,168.725006,165.899994,166.824997,157.542007,4227956
2022-08-23,165.475006,167.475006,165.300003,166.850006,157.565628,3118316
2022-08-24,166.500000,167.100006,164.024994,164.774994,155.606064,5188148
2022-08-25,165.000000,167.500000,164.149994,164.899994,155.724121,6420988
2022-08-26,166.949997,166.949997,164.149994,164.550003,155.393600,4127464
2022-08-29,162.500000,163.850006,161.524994,163.100006,154.024292,3250026
2022-08-30,163.125000,164.949997,163.100006,164.324997,155.181122,6339262
2022-09-01,162.750000,166.500000,162.100006,165.675003,156.456009,6741662
2022-09-02,166.250000,167.050003,160.250000,160.975006,152.017532,9679250
2022-09-05,161.000000,162.550003,160.625000,162.375000,153.339615,4784578
2022-09-06,163.000000,163.225006,160.524994,162.125000,153.103531,5099528
2022-09-07,161.675003,164.000000,160.925003,163.425003,154.331192,5529460
2022-09-08,165.000000,170.425003,164.824997,169.925003,160.469513,17335416
2022-09-09,170.750000,170.774994,168.024994,169.250000,159.832077,6934262
2022-09-12,169.250000,172.500000,169.100006,171.300003,161.768005,5406378
2022-09-13,171.524994,172.800003,170.024994,170.524994,161.036118,10351084
2022-09-14,167.850006,170.399994,167.675003,168.074997,158.722443,6863114
2022-09-15,168.375000,169.500000,165.175003,165.699997,156.479599,4993238
2022-09-16,165.699997,165.800003,160.074997,160.649994,151.710602,11937446
2022-09-19,161.475006,162.350006,159.524994,160.449997,151.521744,5473706
2022-09-20,161.274994,163.449997,160.925003,161.449997,152.466095,5591400
2022-09-21,161.750000,162.000000,159.149994,160.024994,151.120392,4507332
2022-09-22,159.500000,159.975006,156.600006,157.925003,149.137253,5353540
2022-09-23,157.750000,158.399994,155.500000,155.975006,147.295761,5516760
2022-09-26,156.000000,157.975006,151.449997,152.449997,143.966904,10934478
2022-09-27,153.500000,156.000000,152.649994,155.324997,146.681915,6266672
2022-09-28,155.000000,155.000000,152.600006,153.000000,144.486298,4451088
2022-09-29,153.774994,154.375000,151.250000,151.625000,143.187805,6532502
2022-09-30,151.800003,154.449997,150.425003,152.399994,143.919678,11182546
2022-10-03,153.175003,155.625000,152.399994,154.399994,145.808395,7084402
2022-10-04,155.500000,157.100006,155.125000,155.725006,147.059662,4266520
2022-10-06,156.524994,157.399994,154.699997,156.074997,147.390182,6973606
2022-10-07,155.100006,155.449997,153.100006,153.699997,145.147339,6436838
2022-10-10,153.000000,153.300003,151.050003,152.324997,143.848862,4731232
2022-10-11,153.100006,153.100006,149.574997,149.875000,141.535187,5305338
2022-10-12,150.524994,154.625000,149.675003,151.250000,142.833679,14791710
2022-10-13,152.024994,152.625000,149.750000,150.149994,141.794876,6058154
2022-10-14,151.500000,152.500000,148.550003,148.925003,140.638062,5155460
2022-10-17,148.949997,149.675003,145.774994,148.274994,140.024216,5344642
2022-10-18,149.024994,149.149994,147.024994,147.875000,139.646484,6574926
2022-10-19,148.574997,149.475006,145.875000,146.074997,137.946640,6029504
2022-10-20,146.050003,149.500000,144.024994,148.550003,140.283920,10261122
2022-10-21,149.300003,150.324997,148.675003,149.175003,140.874146,4378164
2022-10-24,150.000000,150.875000,149.774994,150.375000,142.007370,785990
2022-10-25,150.850006,152.500000,148.675003,151.300003,142.880905,5684662
2022-10-27,151.300003,153.300003,151.274994,152.800003,144.297440,6769606
2022-10-28,153.250000,154.250000,151.050003,151.649994,143.211411,4980844
2022-10-31,152.425003,153.000000,150.699997,151.824997,143.376678,8168120
2022-11-01,151.824997,152.899994,151.100006,152.175003,143.707199,6729148
2022-11-02,152.250000,152.949997,151.750000,152.600006,144.108566,4907332
2022-11-03,152.600006,153.850006,151.750000,152.550003,144.061340,4588148
2022-11-04,152.774994,152.774994,149.399994,150.675003,142.290680,7678230
2022-11-07,151.250000,155.074997,151.000000,154.875000,146.256973,7732442
2022-11-09,155.550003,155.925003,152.975006,153.425003,144.887650,5580594
2022-11-10,153.000000,153.975006,152.100006,152.750000,144.250214,2795742
2022-11-11,153.524994,155.274994,152.725006,154.449997,145.855606,4580064
2022-11-14,154.750000,155.000000,153.524994,153.824997,145.265396,2600014
2022-11-15,153.899994,154.800003,152.850006,154.449997,145.855606,4035358
2022-11-16,154.449997,154.850006,152.899994,153.225006,144.698776,2926810
2022-11-17,153.500000,153.899994,152.274994,152.600006,144.108566,3816246
2022-11-18,153.375000,153.375000,151.199997,152.050003,143.589172,4065720
2022-11-21,152.824997,155.475006,152.149994,155.149994,146.516663,7671706
2022-11-22,155.125000,155.675003,152.875000,153.425003,144.887650,7471030
2022-11-23,153.050003,155.375000,153.050003,155.074997,146.445831,5713460
2022-11-24,155.725006,161.000000,155.274994,160.500000,151.568970,16914922
2022-11-25,160.500000,163.125000,158.199997,162.225006,153.197983,8593556
2022-11-28,163.500000,170.949997,163.500000,170.375000,160.894455,26418498
2022-11-29,170.750000,171.175003,168.100006,169.524994,160.091766,10055668
2022-11-30,169.524994,171.875000,167.899994,170.574997,161.083328,10029732
2022-12-01,171.000000,171.875000,168.524994,169.300003,159.879288,4289334
2022-12-02,169.750000,171.675003,169.149994,170.550003,161.059738,5595618
2022-12-05,170.449997,170.899994,168.750000,169.199997,159.784851,4976546
2022-12-06,169.949997,170.550003,164.050003,164.274994,155.133896,10051146
2022-12-07,165.375000,168.500000,165.250000,167.175003,157.872543,14328596
2022-12-08,168.375000,168.649994,166.274994,167.875000,158.533585,5220452
2022-12-09,170.000000,170.000000,167.425003,169.225006,159.808472,10392346
2022-12-12,168.975006,174.925003,167.300003,174.500000,164.789932,13477930
2022-12-13,174.500000,174.500000,172.550003,173.074997,163.444229,7750970
2022-12-14,173.350006,175.399994,172.850006,174.375000,164.671890,9635850
2022-12-15,174.375000,175.725006,173.000000,174.574997,164.860764,5908812
2022-12-16,174.574997,175.500000,170.399994,170.875000,161.366638,9481326
2022-12-19,171.225006,171.975006,167.850006,170.649994,161.154160,5444230
2022-12-20,170.824997,171.050003,167.125000,170.125000,160.658371,5614312
2022-12-21,170.500000,171.475006,166.050003,167.050003,157.754486,5170900
2022-12-22,167.000000,167.949997,162.350006,163.949997,154.826981,6135896
2022-12-23,162.500000,164.449997,161.074997,162.550003,153.504898,5802076
2022-12-26,161.500000,164.199997,161.074997,162.550003,153.504898,3377562
2022-12-27,162.699997,164.149994,161.350006,163.000000,153.929855,2819074
2022-12-28,163.000000,163.300003,161.074997,162.050003,153.032715,9481554
2022-12-29,162.050003,164.000000,160.074997,163.600006,154.496475,6195112
2022-12-30,164.000000,166.500000,163.774994,165.250000,156.054642,4199128
2023-01-02,165.024994,167.350006,163.774994,166.925003,157.636444,4405586
2023-01-03,166.925003,169.000000,165.800003,168.425003,159.052979,5264652
2023-01-04,169.274994,170.399994,167.074997,168.149994,158.793274,5848474
2023-01-05,168.500000,171.475006,167.800003,171.175003,161.649948,7428290
2023-01-06,171.000000,173.274994,170.125000,172.350006,162.759583,7364410
2023-01-09,173.925003,174.675003,172.550003,173.375000,163.727539,4519436
2023-01-10,174.000000,174.500000,171.600006,173.675003,164.010834,4762962
2023-01-11,174.425003,179.000000,172.925003,176.250000,166.442551,14348024
2023-01-12,176.975006,176.975006,171.699997,172.524994,162.924820,5863672
2023-01-13,172.699997,175.574997,171.024994,175.050003,165.309326,5433700
2023-01-16,176.000000,176.199997,172.050003,174.475006,164.766327,5698298
2023-01-17,175.350006,175.675003,172.725006,174.199997,164.506622,3477566
2023-01-18,174.399994,174.649994,171.449997,173.024994,163.397003,4099580
2023-01-19,172.975006,174.949997,172.000000,174.824997,165.096848,3279112
2023-01-20,174.600006,175.500000,172.774994,173.175003,163.538666,3993550
2023-01-23,173.500000,175.000000,172.975006,174.800003,165.073242,3362750
2023-01-24,175.000000,176.225006,173.925003,174.475006,164.766327,4752342
2023-01-25,174.350006,175.250000,172.850006,173.375000,163.727539,3866394
2023-01-27,173.449997,174.774994,165.750000,168.274994,158.911316,5251902
2023-01-30,168.449997,169.625000,166.149994,167.550003,158.226669,6395210
2023-01-31,171.475006,175.750000,170.625000,171.625000,162.074905,17988324
2023-02-01,171.625000,172.350006,165.000000,167.350006,158.037796,8358226
2023-02-02,167.250000,168.000000,164.750000,166.100006,156.857361,9029328
2023-02-03,165.975006,166.375000,161.100006,163.350006,154.260391,5653818
2023-02-06,162.024994,167.324997,162.024994,166.875000,157.589218,6611800
2023-02-07,167.000000,168.100006,165.774994,166.074997,156.833740,3480708
2023-02-08,165.899994,167.899994,164.524994,167.100006,157.801712,2499180
2023-02-09,166.050003,168.850006,165.675003,166.850006,157.565628,4275406
2023-02-10,167.050003,167.899994,165.774994,167.000000,157.707260,2551682
2023-02-13,167.000000,168.850006,166.024994,167.449997,158.132233,3587566
2023-02-14,166.500000,167.375000,165.250000,165.574997,156.361557,2385346
2023-02-15,165.574997,166.324997,164.250000,165.574997,156.361557,3529300
2023-02-16,165.574997,166.574997,161.899994,162.850006,153.788208,7507670
2023-02-17,162.850006,166.500000,162.774994,165.850006,156.621262,6702378
2023-02-20,166.425003,166.725006,162.975006,163.074997,154.000671,3546252
2023-02-21,163.475006,164.274994,161.074997,161.625000,152.631348,2962498
2023-02-22,161.250000,161.500000,158.100006,160.225006,151.309265,8178548
2023-02-23,161.000000,161.824997,159.000000,160.274994,151.356476,5490782
2023-02-24,160.399994,161.074997,158.300003,158.774994,149.939957,3794754
2023-02-27,159.100006,160.574997,157.324997,160.225006,151.309265,3962002
2023-02-28,158.574997,160.824997,157.024994,158.675003,149.845520,7852658
2023-03-01,158.399994,160.500000,157.774994,157.949997,149.160858,6991434
2023-03-02,158.350006,160.925003,157.250000,160.524994,151.592575,6768720
2023-03-03,161.350006,161.949997,160.125000,160.699997,151.757828,4226202
2023-03-06,161.199997,163.250000,160.574997,162.274994,153.245193,3629924
2023-03-08,161.975006,163.725006,161.399994,163.050003,153.977066,4785062
2023-03-09,163.050003,163.449997,161.774994,162.425003,153.386841,3895532
2023-03-10,162.500000,163.949997,160.274994,163.024994,153.953445,3517038
2023-03-13,163.000000,163.300003,160.625000,161.300003,152.324448,3910894
2023-03-14,162.100006,164.449997,160.925003,163.100006,154.024292,5894652
2023-03-15,164.500000,166.699997,163.675003,165.149994,155.960205,5511946
2023-03-16,167.500000,176.375000,167.074997,175.449997,165.687057,36574630
2023-03-17,175.500000,177.475006,172.725006,175.699997,165.923141,23389012
2023-03-20,177.425003,180.500000,175.250000,179.824997,169.818619,18492346
2023-03-21,180.100006,180.800003,177.875000,179.274994,169.299225,10250562
2023-03-22,179.149994,179.500000,175.375000,175.899994,166.112030,11934054
2023-03-23,175.000000,175.824997,173.750000,174.175003,164.483017,5146176
2023-03-24,173.949997,174.875000,172.000000,172.699997,163.090088,5875488
2023-03-27,172.050003,173.449997,171.350006,172.425003,162.830399,4245926
2023-03-28,171.000000,171.449997,167.675003,169.925003,160.469513,6854316
2023-03-29,170.000000,171.199997,168.149994,169.925003,160.469513,5971840
2023-03-31,172.449997,173.199997,170.475006,172.149994,162.570679,10137510
2023-04-03,169.000000,169.000000,164.574997,164.975006,155.794952,18864744
2023-04-05,165.949997,166.449997,163.500000,164.024994,154.897812,8249158
2023-04-06,164.649994,166.750000,164.524994,166.000000,156.762909,4767830
2023-04-10,166.000000,168.399994,165.800003,167.899994,158.557190,4930618
2023-04-11,168.074997,169.750000,167.574997,169.550003,160.115372,2729894
2023-04-12,169.550003,169.625000,167.550003,168.649994,159.265442,4260174
2023-04-13,169.449997,169.449997,165.324997,166.125000,156.880966,8347294
2023-04-17,166.125000,168.000000,165.149994,167.850006,158.509979,2905562
2023-04-18,167.850006,169.024994,166.399994,167.399994,158.085007,5806422
2023-04-19,167.475006,171.649994,166.850006,171.000000,161.484695,9852864
2023-04-20,171.975006,172.500000,170.675003,171.850006,162.287384,4865018
2023-04-21,171.899994,174.449997,171.300003,173.100006,163.467850,6552688
2023-04-24,173.100006,173.899994,171.375000,173.600006,163.940018,4245824
2023-04-25,172.625000,174.274994,172.625000,173.750000,164.081665,3084392
2023-04-26,173.399994,174.750000,172.550003,174.500000,164.789932,2639794
2023-04-27,175.000000,178.250000,174.425003,177.824997,167.929901,7271052
2023-04-28,178.000000,179.149994,176.225006,178.800003,168.850647,6742936
2023-05-02,179.149994,182.449997,179.000000,180.550003,170.503281,6425960
2023-05-03,181.625000,183.899994,179.925003,180.399994,170.361618,8712958
2023-05-04,181.899994,184.574997,180.574997,184.175003,173.926559,8282286
2023-05-05,183.550003,184.824997,182.024994,182.725006,172.557251,3300230
2023-05-08,182.725006,184.350006,181.225006,183.850006,173.619659,2400728
2023-05-09,182.925003,185.000000,182.350006,183.524994,173.312729,4179678
2023-05-10,184.000000,186.500000,182.699997,186.074997,175.720840,5561956
2023-05-11,186.574997,187.449997,185.750000,186.274994,175.909698,3387368
2023-05-12,185.949997,185.949997,179.500000,180.949997,170.881012,7791814
2023-05-15,181.000000,181.925003,178.175003,178.500000,168.567352,4809530
2023-05-16,179.125000,183.149994,178.500000,181.149994,171.069885,7572742
2023-05-17,183.375000,184.750000,181.975006,182.375000,172.226715,7759756
2023-05-18,183.000000,183.000000,180.050003,180.350006,170.314407,3426890
2023-05-19,180.050003,181.250000,178.800003,180.149994,170.125534,2315526
2023-05-22,180.975006,181.375000,179.274994,180.800003,170.739380,3206888
2023-05-23,183.500000,185.500000,182.500000,183.300003,173.100266,11943178
2023-05-24,183.274994,184.550003,180.925003,181.649994,171.542053,3750960
2023-05-25,181.500000,182.100006,180.175003,181.649994,171.542053,3352570
2023-05-26,182.500000,183.500000,181.550003,182.149994,172.014236,2185592
2023-05-29,182.149994,183.649994,180.500000,180.850006,170.786591,2341038
2023-05-30,181.500000,182.000000,180.000000,180.199997,170.172745,2722688
2023-05-31,180.199997,183.225006,180.100006,181.750000,171.636505,23214480
2023-06-01,182.649994,184.449997,182.050003,182.274994,172.132294,3537282
2023-06-02,182.300003,183.399994,179.550003,180.024994,170.007492,6932474
2023-06-05,180.050003,181.000000,177.500000,178.399994,168.472916,5858136
2023-06-06,178.524994,179.500000,177.300003,178.074997,168.166000,4213074
2023-06-07,178.500000,184.750000,178.375000,184.050003,173.808517,12830856
2023-06-08,183.800003,183.800003,180.149994,180.550003,170.503281,7164382
2023-06-09,180.550003,182.000000,179.399994,179.725006,169.724197,3085970
2023-06-12,180.250000,186.250000,180.100006,185.824997,175.484741,9434298
2023-06-13,187.250000,188.449997,186.199997,186.800003,176.405502,7974634
2023-06-14,186.750000,189.250000,185.449997,186.774994,176.381882,6714368
2023-06-15,187.550003,190.225006,186.500000,189.449997,178.908035,12210880
2023-06-16,188.500000,189.350006,187.199997,188.399994,177.916458,4278588
2023-06-19,188.500000,189.350006,187.074997,187.375000,176.948502,3034770
2023-06-20,187.500000,187.524994,185.750000,186.225006,175.862488,2415876
2023-06-21,186.225006,187.375000,185.675003,186.399994,176.027756,2680298
2023-06-22,185.699997,189.350006,185.574997,186.699997,176.311066,4024128
2023-06-23,185.100006,185.500000,179.149994,179.800003,169.795013,10934896
2023-06-26,180.925003,181.425003,177.824997,179.149994,169.181168,5281280
2023-06-27,180.500000,181.850006,179.000000,180.175003,170.149155,6784532
2023-06-28,180.274994,183.399994,179.600006,182.699997,172.533630,7166772
2023-06-30,182.925003,184.399994,180.625000,182.350006,172.203125,8391660
2023-07-03,182.600006,189.975006,181.699997,187.649994,177.208191,12429962
2023-07-04,187.649994,189.175003,186.574997,188.324997,177.845627,5390328
2023-07-05,188.324997,193.550003,187.500000,193.274994,182.520187,12565366
2023-07-06,193.274994,198.574997,192.500000,196.649994,185.707382,13080534
2023-07-07,196.500000,198.949997,194.649994,195.824997,184.928299,6527978
2023-07-10,196.000000,196.574997,192.050003,193.100006,182.354950,7264538
2023-07-11,194.000000,195.875000,192.699997,195.449997,184.574158,6249314
2023-07-12,195.250000,196.375000,192.524994,193.100006,182.354950,3379704
2023-07-13,193.350006,193.824997,189.324997,189.774994,179.214951,4556112
2023-07-14,190.000000,190.875000,187.800003,189.774994,179.214951,6358916
2023-07-17,190.000000,191.899994,189.500000,190.875000,180.253738,3944706
2023-07-18,191.975006,193.850006,189.199997,189.475006,178.931656,4545860
2023-07-19,190.000000,192.750000,189.274994,192.274994,181.575836,4894862
2023-07-20,192.975006,194.550003,191.625000,193.975006,183.181244,5790108
2023-07-21,193.975006,196.500000,193.000000,195.324997,184.456116,4677570
2023-07-24,195.199997,195.949997,193.824997,194.774994,183.936722,2997768
2023-07-25,193.899994,195.449997,192.149994,193.199997,182.449356,4256186
2023-07-26,193.949997,197.500000,191.875000,193.600006,182.827118,12787834
2023-07-27,195.000000,195.824997,181.574997,189.625000,179.073303,16459384
2023-07-28,189.899994,189.899994,186.050003,186.725006,176.334671,7259444
2023-07-31,186.850006,189.225006,185.824997,188.750000,178.246994,10035348
2023-08-01,188.750000,189.899994,187.125000,188.750000,178.246994,9122844
2023-08-02,188.899994,189.350006,183.750000,184.550003,174.280701,9528240
2023-08-03,184.725006,185.875000,182.149994,184.000000,173.761307,6404888
2023-08-04,184.074997,185.425003,180.024994,180.199997,170.172745,6557502
2023-08-07,181.500000,181.725006,179.050003,180.324997,170.290787,4002256
2023-08-08,181.250000,181.925003,178.199997,178.925003,168.968704,6307980
2023-08-09,180.000000,180.850006,179.024994,180.175003,170.149155,6443716
2023-08-10,180.925003,182.500000,179.774994,181.324997,171.235153,8137376
2023-08-11,179.649994,180.750000,178.449997,178.774994,170.709961,5578802
2023-08-14,179.000000,179.449997,175.649994,178.274994,170.232513,5111068
2023-08-16,178.375000,180.750000,177.074997,178.949997,170.877060,3864088
2023-08-17,179.500000,180.149994,177.175003,178.475006,170.423508,4778606
2023-08-18,178.475006,179.175003,176.024994,176.449997,168.489853,4777304
2023-08-21,176.449997,177.449997,175.324997,176.024994,168.084015,5180764
2023-08-22,176.050003,177.350006,173.250000,173.449997,165.625183,8015338
2023-08-23,174.574997,174.725006,172.125000,172.399994,164.622543,6414210
2023-08-24,173.725006,176.425003,173.074997,175.625000,167.702072,8741756
2023-08-25,175.649994,177.074997,174.500000,175.125000,167.224625,5113762
2023-08-28,177.625000,178.949997,176.149994,177.649994,169.635712,10985570
2023-08-29,178.000000,179.300003,177.399994,178.399994,170.351868,6253738
2023-08-30,176.600006,177.399994,175.100006,175.975006,168.036285,9709432
2023-08-31,175.500000,176.000000,169.550003,170.274994,162.593414,13575650
2023-09-01,170.524994,172.449997,170.274994,172.100006,164.336090,9980752
2023-09-04,172.324997,174.375000,171.399994,172.350006,164.574814,6898572
2023-09-05,172.949997,176.300003,172.625000,175.100006,167.200760,8363178
2023-09-06,174.975006,176.925003,174.024994,176.574997,168.609207,6751054
2023-09-07,177.000000,178.125000,176.574997,177.300003,169.301498,7249346
2023-09-08,177.375000,182.250000,177.024994,180.975006,172.810715,10344130
2023-09-11,182.600006,184.375000,180.350006,181.875000,173.670105,10452850
2023-09-12,182.500000,182.750000,173.524994,174.199997,166.341354,18168222
2023-09-13,175.300003,178.074997,173.600006,177.800003,169.778946,9713718
2023-09-14,179.000000,181.125000,178.050003,179.375000,171.282898,10116738
2023-09-15,178.975006,179.274994,175.625000,176.125000,168.179504,12383408
2023-09-18,176.125000,180.550003,175.324997,180.175003,172.046799,10007488
2023-09-20,177.000000,178.399994,175.600006,176.274994,168.322739,18292152
2023-09-21,176.500000,179.250000,175.899994,177.625000,169.611847,9879542
2023-09-22,177.750000,178.750000,175.675003,175.975006,168.036285,3982102
2023-09-25,176.699997,176.750000,174.024994,175.949997,168.012405,4959752
2023-09-26,175.949997,177.425003,175.449997,175.824997,167.893036,3788360
2023-09-27,175.824997,176.600006,173.300003,174.500000,166.627823,5969046
2023-09-28,173.524994,175.000000,171.000000,171.975006,164.216736,9701978
2023-09-29,172.875000,174.074997,172.500000,173.300003,165.481964,2669870
2023-10-03,174.250000,174.600006,170.425003,170.675003,162.975372,10514554
2023-10-04,170.675003,172.475006,169.774994,170.675003,162.975372,6049760
2023-10-05,172.750000,173.875000,171.399994,172.225006,164.455460,7115506
2023-10-06,172.500000,174.500000,172.000000,173.600006,165.768433,3717076
2023-10-09,170.500000,170.824997,168.074997,170.000000,162.330826,8740080
2023-10-10,170.024994,171.300003,169.600006,170.199997,162.521805,3572978
2023-10-11,171.100006,172.649994,170.750000,171.274994,163.548294,4799512
2023-10-12,172.449997,175.175003,172.024994,174.350006,166.484589,7703802
2023-10-13,173.550003,175.300003,173.524994,173.850006,166.007141,3981804
2023-10-16,172.500000,174.225006,171.000000,173.625000,165.792297,3262470
2023-10-17,174.449997,178.850006,173.350006,177.350006,169.349258,10443728
2023-10-18,177.500000,178.250000,174.425003,175.100006,167.200760,9162228
2023-10-19,174.750000,177.274994,174.574997,176.850006,168.871811,5743188
2023-10-20,175.300003,176.399994,172.274994,173.199997,165.386459,4400690
2023-10-23,172.774994,173.649994,170.824997,171.399994,163.667664,7813800
2023-10-25,171.274994,173.250000,169.250000,169.975006,162.306961,5429774
2023-10-26,168.800003,169.475006,165.725006,167.500000,159.943604,7743878
2023-10-27,167.500000,169.125000,167.000000,167.475006,159.919739,2996088
2023-10-30,169.000000,174.449997,168.550003,173.449997,165.625183,21873188
2023-10-31,174.175003,176.975006,172.324997,174.625000,166.747177,10673186
2023-11-01,175.274994,179.375000,175.274994,178.449997,170.399612,13929780
2023-11-02,180.475006,181.000000,178.625000,180.274994,172.142288,10130432
2023-11-03,180.574997,181.850006,180.100006,180.750000,172.595871,5627900
2023-11-06,181.399994,184.574997,180.675003,183.125000,174.863724,9072020
2023-11-07,183.399994,186.824997,183.100006,186.399994,177.990967,10702176
2023-11-08,187.725006,193.949997,187.024994,192.100006,183.433838,24020912
2023-11-09,192.550003,195.324997,191.399994,191.774994,183.123489,12843896
2023-11-10,190.899994,193.050003,190.250000,192.024994,183.362213,4932486
2023-11-13,191.750000,194.350006,191.750000,193.550003,184.818420,4838906
2023-11-15,194.000000,196.699997,193.574997,196.274994,187.420486,11266250
2023-11-16,197.000000,200.649994,196.500000,199.324997,190.332886,15416172
2023-11-17,200.000000,203.550003,194.625000,195.125000,186.322372,16380696
2023-11-20,195.324997,196.699997,193.725006,196.000000,187.157898,4506882
2023-11-21,196.000000,196.600006,193.300003,194.000000,185.248123,4477214
2023-11-22,196.000000,201.399994,195.550003,201.050003,191.980072,25730664
2023-11-23,201.774994,206.750000,200.324997,205.649994,196.372543,16239092
2023-11-24,206.500000,206.500000,203.500000,205.300003,196.038345,10975546
2023-11-28,207.024994,212.949997,206.550003,212.250000,202.674805,23186856
2023-11-29,213.000000,217.225006,209.350006,214.324997,204.656204,25208812
2023-11-30,217.250000,219.375000,214.524994,217.850006,208.022186,32721308
2023-12-01,220.000000,221.199997,216.699997,219.000000,209.120300,19278842
2023-12-04,222.500000,232.399994,222.000000,230.750000,220.340225,41482794
2023-12-05,235.024994,238.225006,232.500000,236.100006,225.448883,38376064
2023-12-06,240.500000,241.250000,234.149994,236.425003,225.759216,27408826
2023-12-07,238.500000,239.500000,235.750000,237.350006,226.642487,23850564
2023-12-08,238.449997,238.725006,232.899994,235.225006,224.613358,18940478
2023-12-11,237.425003,237.425003,228.274994,232.750000,222.250000,27693108
2023-12-12,222.750000,225.725006,222.750000,223.774994,223.774994,19940320
2023-12-13,224.750000,227.175003,222.975006,223.750000,223.750000,26664018
2023-12-14,224.975006,224.975006,221.024994,222.850006,222.850006,12555568
2023-12-15,222.500000,226.725006,221.100006,224.500000,224.500000,22079148
2023-12-18,224.500000,225.125000,222.050003,223.625000,223.625000,16831064
2023-12-19,223.625000,225.750000,222.524994,224.875000,224.875000,12644672
2023-12-20,226.699997,227.675003,219.175003,219.725006,219.725006,17347978
2023-12-21,217.449997,225.225006,216.225006,224.774994,224.774994,18554414
2023-12-22,224.850006,226.675003,222.524994,223.324997,223.324997,11559264
2023-12-26,224.000000,228.250000,222.250000,225.800003,225.800003,22976450
2023-12-27,226.975006,228.199997,224.149994,227.350006,227.350006,12398088
2023-12-28,228.000000,235.425003,227.375000,232.899994,232.899994,45183336
2023-12-29,227.250000,229.000000,224.324997,225.324997,225.324997,17088440
2024-01-01,229.699997,229.699997,225.350006,226.024994,226.024994,7006288
2024-01-02,226.024994,229.699997,224.050003,228.125000,228.125000,9458818
2024-01-03,229.975006,232.649994,227.524994,230.524994,230.524994,15058884
2024-01-04,228.399994,228.750000,225.500000,226.324997,226.324997,17904916
2024-01-05,227.949997,229.824997,225.625000,226.550003,226.550003,8080468
2024-01-08,228.475006,232.149994,225.725006,227.500000,227.500000,18232610
2024-01-09,230.000000,231.875000,227.824997,229.975006,229.975006,12301290
2024-01-10,227.600006,228.074997,222.550003,225.625000,225.625000,15261992
2024-01-11,226.949997,230.600006,226.600006,229.350006,229.350006,15751252
2024-01-12,229.500000,230.550003,227.550003,229.125000,229.125000,11990812
2024-01-15,230.000000,231.750000,227.824997,229.975006,229.975006,10408382
2024-01-16,230.500000,239.899994,230.250000,236.425003,236.425003,42369500
2024-01-17,236.000000,238.574997,233.074997,235.824997,235.824997,22429284
2024-01-18,233.500000,240.449997,230.500000,236.600006,236.600006,19802302
2024-01-19,238.000000,242.500000,237.024994,240.475006,240.475006,12973856
2024-01-23,244.250000,244.250000,230.050003,231.524994,231.524994,18419550
2024-01-24,232.500000,239.250000,231.649994,238.574997,238.574997,15161312
2024-01-25,238.600006,244.175003,235.500000,237.199997,237.199997,21346674
2024-01-29,237.000000,250.699997,234.699997,246.324997,246.324997,27869484
2024-01-30,248.425003,258.924988,246.574997,252.100006,252.100006,44271876
2024-01-31,252.975006,256.274994,249.274994,251.175003,251.175003,20707736
2024-02-01,252.274994,257.649994,249.550003,254.225006,254.225006,14008198
2024-02-02,258.674988,286.200012,258.000000,279.174988,279.174988,77556082
2024-02-05,283.000000,294.399994,278.524994,287.375000,287.375000,45025890
2024-02-06,289.975006,307.350006,285.350006,304.649994,304.649994,45260656
2024-02-07,308.399994,310.000000,299.649994,301.024994,301.024994,28791718
2024-02-08,304.000000,317.674988,303.200012,310.250000,310.250000,37522588
2024-02-09,311.500000,311.850006,296.149994,307.149994,307.149994,29524266
2024-02-12,307.399994,309.299988,291.875000,295.225006,295.225006,17042236
2024-02-13,295.975006,298.274994,290.174988,292.149994,292.149994,12659942
2024-02-14,291.000000,314.674988,291.000000,311.825012,311.825012,47987362
2024-02-15,315.000000,328.475006,311.549988,326.375000,326.375000,51245018
2024-02-16,333.000000,343.975006,325.950012,327.299988,327.299988,55744810
2024-02-19,329.950012,333.350006,325.424988,326.274994,326.274994,24997270
2024-02-20,326.274994,332.000000,318.625000,328.799988,328.799988,20913510
2024-02-21,331.799988,333.924988,315.000000,316.600006,316.600006,17722264
2024-02-22,314.500000,315.424988,305.424988,312.950012,312.950012,27653580
2024-02-23,311.024994,314.750000,307.625000,308.975006,308.975006,12564690
2024-02-26,308.500000,316.799988,302.049988,313.575012,313.575012,23264196
2024-02-27,313.549988,316.350006,308.149994,312.524994,312.524994,14881202
2024-02-28,312.424988,312.774994,303.049988,304.649994,304.649994,12645922
2024-02-29,304.500000,305.899994,297.225006,301.924988,301.924988,20515464
2024-03-01,305.500000,313.625000,304.500000,311.649994,311.649994,15763236
2024-03-04,312.600006,321.625000,310.424988,320.225006,320.225006,14804172
2024-03-05,320.524994,324.750000,316.049988,322.549988,322.549988,12317936
2024-03-06,321.500000,326.500000,312.625000,319.174988,319.174988,18258188
2024-03-07,318.500000,320.575012,311.000000,312.350006,312.350006,11968574
2024-03-11,308.500000,319.350006,306.024994,313.200012,313.200012,15353008
2024-03-12,313.500000,317.674988,308.325012,312.725006,312.725006,14074364
2024-03-13,314.000000,314.000000,297.100006,298.875000,298.875000,14910184
2024-03-14,298.875000,307.000000,296.200012,304.375000,304.375000,19372474
2024-03-15,294.125000,300.000000,279.500000,293.225006,293.225006,57039318
2024-03-18,293.225006,296.399994,290.149994,291.149994,291.149994,10980494
2024-03-19,290.000000,290.424988,278.200012,278.850006,278.850006,21665634
2024-03-20,280.500000,286.200012,280.149994,283.325012,283.325012,17528566
2024-03-21,287.000000,294.850006,286.274994,293.899994,293.899994,16625332
2024-03-22,294.500000,302.225006,292.274994,296.399994,296.399994,21445540
2024-03-26,293.200012,301.899994,292.674988,299.924988,299.924988,13567050
2024-03-27,302.500000,305.875000,296.649994,297.600006,297.600006,10893576
2024-03-28,300.450012,305.625000,298.799988,301.200012,301.200012,12168632
2024-04-01,301.500000,304.475006,299.075012,300.350006,300.350006,6260114
2024-04-02,302.500000,310.149994,300.000000,307.899994,307.899994,18944588
2024-04-03,306.500000,309.674988,304.399994,305.475006,305.475006,12456516
2024-04-04,307.000000,308.049988,297.725006,299.250000,299.250000,15187270
2024-04-05,296.774994,297.149994,290.125000,295.225006,295.225006,17546990
2024-04-08,297.975006,301.799988,295.299988,295.975006,295.975006,11628512
2024-04-09,298.600006,298.600006,291.750000,292.875000,292.875000,9089852
2024-04-10,294.649994,304.350006,292.500000,302.375000,302.375000,22286674
2024-04-12,302.375000,306.424988,299.500000,300.600006,300.600006,13419366
2024-04-15,295.100006,299.899994,287.200012,294.774994,294.774994,16619074
2024-04-16,292.500000,300.000000,289.274994,296.149994,296.149994,11546770
2024-04-18,302.250000,308.799988,292.774994,294.799988,294.799988,25834400
2024-04-19,289.000000,294.950012,282.100006,292.899994,292.899994,20996084
2024-04-22,297.424988,304.399994,296.500000,301.725006,301.725006,17525618
2024-04-23,304.149994,304.750000,295.875000,296.500000,296.500000,11440602
2024-04-24,299.000000,299.424988,296.000000,296.674988,296.674988,9778936
2024-04-25,296.674988,302.899994,294.024994,301.700012,301.700012,14346756
2024-04-26,301.149994,307.350006,299.549988,304.725006,304.725006,9905056
2024-04-29,307.475006,312.250000,303.600006,309.399994,309.399994,15908852
2024-04-30,312.000000,312.274994,301.700012,303.674988,303.674988,12520696
2024-05-02,309.000000,318.524994,307.250000,317.325012,317.325012,31766132
2024-05-03,320.000000,320.850006,312.549988,314.924988,314.924988,8997336
2024-05-06,317.500000,317.600006,303.075012,305.125000,305.125000,9472036
2024-05-07,311.250000,314.225006,301.000000,302.149994,302.149994,19902238
2024-05-08,304.000000,312.149994,301.725006,310.149994,310.149994,13939168
2024-05-09,312.500000,312.500000,295.024994,296.075012,296.075012,19938848
2024-05-10,307.500000,310.975006,300.774994,309.325012,309.325012,44164342
2024-05-13,312.475006,312.475006,295.899994,303.450012,303.450012,22898652
2024-05-14,306.200012,308.850006,301.075012,302.975006,302.975006,12813314
2024-05-15,304.500000,314.000000,303.524994,312.524994,312.524994,18835012
2024-05-16,316.000000,316.674988,305.524994,309.375000,309.375000,26886936
2024-05-17,309.850006,314.750000,309.174988,314.149994,314.149994,10203386
2024-05-21,315.000000,324.500000,312.500000,322.000000,322.000000,21247760
2024-05-22,324.950012,325.350006,315.524994,320.250000,320.250000,14673810
2024-05-23,322.500000,327.049988,320.299988,323.725006,323.725006,14982550
2024-05-24,323.500000,331.674988,320.799988,327.049988,327.049988,16208524
2024-05-27,328.399994,330.875000,323.250000,328.024994,328.024994,12493582
2024-05-28,328.975006,329.500000,321.299988,323.250000,323.250000,8950082
2024-05-29,320.000000,321.475006,316.200012,316.774994,316.774994,10753416
2024-05-30,317.024994,318.399994,311.750000,312.875000,312.875000,9645688
2024-05-31,315.000000,317.200012,308.799988,313.899994,313.899994,18484104
2024-06-03,332.500000,343.500000,325.850006,333.075012,333.075012,33828234
2024-06-04,335.000000,335.000000,283.350006,290.100006,290.100006,45748526
2024-06-05,301.024994,301.024994,267.100006,290.549988,290.549988,47388174
2024-06-06,295.524994,303.725006,290.125000,292.075012,292.075012,37934232
2024-06-07,292.500000,301.000000,290.600006,299.899994,299.899994,21620630
2024-06-10,302.649994,304.924988,300.125000,301.299988,301.299988,14828594
2024-06-11,303.149994,306.350006,296.799988,303.600006,303.600006,27027544
2024-06-12,310.750000,311.924988,306.225006,306.674988,306.674988,23479388
2024-06-13,309.500000,310.750000,306.750000,309.674988,309.674988,12050324
2024-06-14,311.149994,314.649994,309.125000,313.325012,313.325012,14628644
2024-06-18,317.500000,317.500000,313.200012,315.450012,315.450012,15884950
2024-06-19,317.100006,317.100006,307.500000,307.899994,307.899994,19648006
2024-06-20,310.000000,314.399994,306.399994,313.125000,313.125000,18076646
2024-06-21,318.000000,319.000000,305.100006,307.600006,307.600006,30004484
2024-06-24,309.700012,309.700012,303.299988,305.250000,305.250000,7557297
2024-06-25,305.250000,306.450012,294.799988,296.299988,296.299988,15630568
2024-06-26,298.000000,300.850006,296.250000,298.399994,298.399994,7973173
2024-06-27,298.799988,307.000000,296.049988,304.850006,304.850006,12487595
2024-06-28,305.850006,306.600006,301.549988,303.950012,303.950012,9077880
2024-07-01,305.700012,306.850006,303.299988,304.549988,304.549988,4793023
2024-07-02,304.000000,308.250000,302.200012,304.399994,304.399994,5553786
2024-07-03,305.500000,307.450012,303.000000,306.600006,306.600006,4355165
2024-07-04,306.600006,308.500000,301.950012,303.000000,303.000000,6607472
2024-07-05,303.000000,307.200012,302.000000,306.649994,306.649994,7684768
2024-07-08,304.600006,307.950012,298.799988,299.500000,299.500000,11488688
2024-07-09,301.250000,302.149994,296.399994,300.200012,300.200012,18094862
2024-07-10,300.799988,301.799988,293.399994,300.350006,300.350006,12134270
2024-07-11,302.000000,308.000000,299.600006,306.600006,306.600006,19246022
2024-07-12,309.700012,310.950012,303.750000,304.549988,304.549988,10426157
2024-07-15,306.000000,309.000000,304.149994,307.750000,307.750000,8687357
2024-07-16,308.000000,319.250000,308.000000,315.950012,315.950012,28132502
2024-07-18,318.500000,319.000000,312.700012,318.149994,318.149994,19588548
2024-07-19,318.149994,318.149994,301.799988,303.799988,303.799988,19823046
2024-07-22,304.549988,317.149994,300.100006,308.250000,308.250000,27102699
2024-07-23,311.450012,312.299988,296.100006,306.000000,306.000000,24287234
2024-07-24,306.399994,315.850006,304.850006,314.950012,314.950012,16934157
2024-07-25,312.950012,327.149994,310.799988,326.149994,326.149994,30554549
2024-07-26,327.950012,329.399994,323.399994,328.799988,328.799988,21839106
2024-07-29,333.399994,337.950012,331.049988,336.399994,336.399994,10372874