Date,Open,High,Low,Close,Adj Close,Volume
2019-01-01,3120.000000,3128.899902,3080.000000,3103.050049,2828.768555,140863
2019-01-02,3100.000000,3131.000000,3081.199951,3116.850098,2841.348633,152324
2019-01-03,3116.850098,3177.000000,3097.399902,3135.899902,2858.714844,311498
2019-01-04,3137.949951,3159.199951,3105.550049,3122.699951,2846.681641,170818
2019-01-07,3137.100098,3155.000000,3125.000000,3143.800049,2865.916504,152966
2019-01-08,3155.000000,3155.000000,3080.000000,3089.550049,2816.462158,217274
2019-01-09,3114.000000,3119.850098,3081.000000,3092.649902,2819.287598,257227
2019-01-10,3100.000000,3100.000000,3073.000000,3088.949951,2815.914795,229690
2019-01-11,3090.000000,3116.750000,3079.600098,3096.850098,2823.116455,353709
2019-01-14,3102.000000,3124.000000,3063.000000,3113.649902,2838.431641,154975
2019-01-15,3120.149902,3199.899902,3095.000000,3183.899902,2902.472168,278642
2019-01-16,3184.000000,3204.899902,3145.000000,3175.750000,2895.042480,182044
2019-01-17,3181.000000,3212.000000,3175.050049,3207.100098,2923.621582,154540
2019-01-18,3214.850098,3217.350098,3134.250000,3171.350098,2891.031494,161433
2019-01-21,3170.000000,3198.550049,3136.500000,3148.399902,2870.109863,174710
2019-01-22,3150.000000,3174.949951,3130.149902,3153.649902,2874.895752,156085
2019-01-23,3177.000000,3229.000000,3161.050049,3203.850098,2920.658936,286992
2019-01-24,3217.000000,3225.000000,3190.550049,3216.850098,2932.509766,148520
2019-01-25,3221.000000,3270.000000,3193.050049,3206.649902,2923.211182,325166
2019-01-28,3210.500000,3222.000000,3131.000000,3203.449951,2920.294189,216799
2019-01-29,3197.000000,3197.000000,3152.500000,3180.050049,2898.962646,179979
2019-01-30,3197.000000,3222.000000,3180.100098,3208.800049,2925.171143,116521
2019-01-31,3231.949951,3231.949951,3189.199951,3197.699951,2915.052002,255273
2019-02-01,3201.000000,3286.000000,3201.000000,3251.000000,2963.641113,387188
2019-02-04,3251.350098,3280.399902,3228.199951,3266.000000,2977.315186,140277
2019-02-05,3278.000000,3316.000000,3150.100098,3167.050049,2887.111816,503959
2019-02-06,3188.500000,3199.949951,3105.050049,3181.399902,2900.193359,313476
2019-02-07,3210.000000,3230.000000,3174.100098,3214.100098,2930.002686,374133
2019-02-08,3138.500000,3210.000000,3095.000000,3110.000000,2835.104248,640983
2019-02-11,3120.000000,3132.300049,3055.300049,3107.550049,2832.870850,265355
2019-02-12,3105.000000,3107.000000,3001.000000,3008.600098,2742.667236,515301
2019-02-14,2915.000000,2949.000000,2900.000000,2924.600098,2666.091797,288540
2019-02-15,2945.000000,2945.000000,2846.000000,2858.350098,2605.697998,374811
2019-02-18,2860.000000,2939.000000,2759.000000,2911.699951,2654.332031,700981
2019-02-19,2910.199951,2975.949951,2851.000000,2873.550049,2619.554199,484180
2019-02-20,2884.000000,2930.000000,2884.000000,2922.300049,2663.995117,271061
2019-02-21,2943.949951,3018.000000,2935.000000,3001.600098,2736.285889,724297
2019-02-22,3008.000000,3057.300049,2972.699951,3012.800049,2746.495605,313430
2019-02-25,3013.199951,3077.000000,2982.000000,3048.199951,2778.766602,336072
2019-02-26,3056.000000,3092.949951,3018.250000,3073.500000,2801.830566,568492
2019-02-27,3080.000000,3108.949951,3023.350098,3058.600098,2788.247803,393442
2019-02-28,3071.000000,3098.600098,3032.899902,3056.899902,2786.697510,447041
2019-03-01,3083.000000,3090.350098,3062.300049,3077.250000,2805.249023,217420
2019-03-05,3065.199951,3100.250000,3060.000000,3068.850098,2797.591553,246280
2019-03-06,3086.949951,3086.949951,3009.000000,3026.850098,2759.304199,383038
2019-03-07,3045.000000,3069.000000,3028.699951,3043.850098,2774.801758,254411
2019-03-08,3041.000000,3079.500000,3021.000000,3071.199951,2799.733643,190651
2019-03-11,3086.000000,3139.500000,3066.500000,3133.449951,2856.481689,336189
2019-03-12,3165.899902,3178.800049,3120.899902,3135.149902,2858.031250,413123
2019-03-13,3136.000000,3150.000000,3093.899902,3126.949951,2850.555908,298030
2019-03-14,3135.000000,3170.000000,3116.000000,3149.399902,2871.021729,293230
2019-03-15,3160.000000,3169.000000,3054.699951,3066.550049,2795.495117,403251
2019-03-18,3090.000000,3134.899902,3060.100098,3123.350098,2847.274658,238905
2019-03-19,3128.000000,3138.850098,3084.000000,3125.399902,2849.143311,184380
2019-03-20,3126.800049,3135.000000,3079.399902,3088.100098,2815.139648,257001
2019-03-22,3094.000000,3117.899902,3088.000000,3098.600098,2824.711914,197654
2019-03-25,3074.750000,3099.000000,3061.100098,3090.750000,2817.555664,224948
2019-03-26,3100.000000,3132.000000,3060.000000,3099.149902,2825.213135,340645
2019-03-27,3117.000000,3117.000000,3078.000000,3096.899902,2823.161865,360838
2019-03-28,3092.000000,3118.500000,3028.000000,3096.550049,2822.843262,3470524
2019-04-01,3104.949951,3109.000000,3044.000000,3049.850098,2780.270996,497409
2019-04-02,3056.000000,3059.600098,2980.399902,2994.199951,2729.539795,378147
2019-04-03,2990.000000,3013.500000,2955.199951,2990.100098,2725.802490,439719
2019-04-04,3001.949951,3055.000000,2984.149902,3041.800049,2772.932617,464430
2019-04-05,3048.000000,3051.050049,2985.750000,2994.050049,2729.403076,387504
2019-04-08,3000.000000,3013.949951,2964.500000,2971.500000,2708.846191,293053
2019-04-09,2973.100098,2988.750000,2942.500000,2962.899902,2701.006592,350181
2019-04-10,2969.899902,2995.000000,2951.300049,2958.800049,2697.269043,377556
2019-04-11,2964.000000,2974.050049,2940.000000,2946.050049,2685.645996,276801
2019-04-12,2952.000000,2990.000000,2944.000000,2984.300049,2720.514893,261483
2019-04-15,2998.000000,3008.000000,2972.000000,2998.449951,2733.414063,221766
2019-04-16,3000.000000,3030.000000,2998.000000,3020.500000,2753.515137,258557
2019-04-18,3029.850098,3029.850098,2988.149902,2997.750000,2732.775879,155314
2019-04-22,2989.000000,3014.000000,2971.000000,3000.149902,2734.964111,150447
2019-04-23,3002.000000,3013.949951,2986.350098,2991.000000,2726.623047,138140
2019-04-24,2988.000000,2997.550049,2952.050049,2978.199951,2714.954102,222279
2019-04-25,2988.000000,2999.000000,2962.649902,2969.250000,2706.795410,163138
2019-04-26,2990.000000,2990.000000,2955.000000,2967.699951,2705.381836,121340
2019-04-30,2970.000000,2974.899902,2876.050049,2896.050049,2640.065430,458803
2019-05-02,2927.000000,2959.949951,2772.000000,2783.050049,2537.053711,1439763
2019-05-03,2782.949951,2803.850098,2690.000000,2696.149902,2457.834717,1857697
2019-05-06,2699.000000,2699.000000,2654.449951,2666.000000,2430.349609,764919
2019-05-07,2683.000000,2720.500000,2644.699951,2650.550049,2416.265625,1182277
2019-05-08,2656.600098,2667.100098,2615.850098,2649.500000,2415.308350,723429
2019-05-09,2637.000000,2689.800049,2637.000000,2672.399902,2436.184082,457843
2019-05-10,2680.000000,2725.000000,2673.000000,2688.550049,2450.906738,471289
2019-05-13,2695.000000,2707.600098,2668.550049,2676.550049,2439.967285,332869
2019-05-14,2675.899902,2723.000000,2658.050049,2697.600098,2459.156738,403041
2019-05-15,2700.000000,2709.949951,2660.000000,2687.750000,2450.177246,322361
2019-05-16,2699.800049,2737.000000,2677.800049,2716.199951,2476.112793,307180
2019-05-17,2719.850098,2785.100098,2710.000000,2779.250000,2533.589844,533790
2019-05-20,2839.000000,2840.000000,2781.000000,2801.199951,2553.599365,442704
2019-05-21,2800.000000,2867.399902,2794.100098,2848.699951,2596.900635,490607
2019-05-22,2861.000000,2878.000000,2817.500000,2852.649902,2600.501221,393507
2019-05-23,2874.000000,2890.000000,2827.100098,2838.699951,2587.784912,262582
2019-05-24,2845.000000,2867.000000,2808.199951,2851.050049,2599.042969,227827
2019-05-27,2870.000000,2905.000000,2858.050049,2896.550049,2640.521240,267259
2019-05-28,2910.000000,2925.000000,2880.000000,2887.000000,2631.815430,441693
2019-05-29,2887.500000,2930.000000,2871.000000,2917.000000,2659.163818,248043
2019-05-30,2921.000000,2937.050049,2874.600098,2887.149902,2631.951904,225789
2019-05-31,2895.000000,2970.000000,2889.600098,2921.949951,2663.676270,577546
2019-06-03,2936.000000,3000.000000,2935.899902,2970.199951,2707.660889,535064
2019-06-04,2970.199951,2985.000000,2951.000000,2963.100098,2701.188965,211082
2019-06-06,2965.300049,2977.949951,2881.800049,2901.350098,2644.897217,333116
2019-06-07,2905.000000,2919.300049,2860.000000,2899.300049,2643.028564,285268
2019-06-10,2909.699951,3005.000000,2909.699951,2994.300049,2729.631104,477974
2019-06-11,3005.000000,3010.000000,2970.000000,2980.300049,2716.868652,282227
2019-06-12,2979.949951,3005.000000,2960.949951,2996.899902,2732.000977,203661
2019-06-13,2989.300049,2994.600098,2952.000000,2984.550049,2720.742920,213532
2019-06-14,2972.000000,2986.149902,2954.449951,2964.100098,2702.100586,117529
2019-06-17,2964.100098,2977.899902,2891.100098,2899.199951,2642.936768,234062
2019-06-18,2905.000000,2905.000000,2860.000000,2867.250000,2613.811035,302729
2019-06-19,2872.000000,2904.500000,2850.000000,2875.699951,2621.514160,258721
2019-06-20,2850.000000,2870.850098,2796.550049,2834.050049,2583.545654,425859
2019-06-21,2835.000000,2874.449951,2805.000000,2826.699951,2576.845459,363700
2019-06-24,2830.000000,2865.000000,2771.050049,2780.500000,2534.729248,369267
2019-06-25,2776.000000,2818.350098,2753.600098,2807.699951,2559.524658,304799
2019-06-26,2805.000000,2813.449951,2700.000000,2732.899902,2491.336182,1387720
2019-06-27,2740.000000,2764.600098,2720.000000,2725.899902,2484.955322,964520
2019-06-28,2735.000000,2768.000000,2732.000000,2743.699951,2501.181641,363938
2019-07-01,2750.100098,2771.000000,2732.000000,2737.550049,2495.575439,282998
2019-07-02,2741.050049,2777.000000,2734.300049,2769.250000,2524.473145,242283
2019-07-03,2779.000000,2819.000000,2765.449951,2794.699951,2547.674072,454114
2019-07-04,2790.000000,2850.000000,2789.000000,2841.350098,2590.200439,346395
2019-07-05,2858.000000,2862.899902,2811.899902,2824.850098,2575.158691,361520
2019-07-08,2829.899902,2834.949951,2771.050049,2781.149902,2535.321289,302972
2019-07-09,2770.000000,2778.399902,2730.149902,2762.649902,2518.456787,314268
2019-07-10,2762.000000,2805.000000,2742.899902,2769.550049,2524.746826,356987
2019-07-11,2780.000000,2790.899902,2757.000000,2765.149902,2520.735596,206136
2019-07-12,2763.000000,2800.000000,2750.750000,2780.600098,2534.820068,186082
2019-07-15,2795.000000,2795.000000,2755.000000,2773.600098,2528.439209,150530
2019-07-16,2770.000000,2777.000000,2737.600098,2747.149902,2504.326660,221663
2019-07-17,2753.949951,2809.949951,2748.000000,2797.800049,2550.499756,306989
2019-07-18,2800.000000,2844.000000,2787.550049,2820.850098,2571.512451,477907
2019-07-19,2836.350098,2836.649902,2712.100098,2749.149902,2506.150146,403725
2019-07-22,2755.000000,2773.300049,2718.000000,2734.500000,2492.795166,209576
2019-07-23,2739.000000,2749.949951,2701.000000,2730.199951,2488.875244,242451
2019-07-24,2729.000000,2740.000000,2620.050049,2641.449951,2407.969971,525583
2019-07-25,2635.649902,2685.000000,2631.100098,2671.550049,2435.409180,771878
2019-07-26,2665.000000,2684.850098,2616.550049,2668.449951,2432.583008,393941
2019-07-29,2661.750000,2689.300049,2652.600098,2672.300049,2436.092773,245049
2019-07-30,2675.000000,2696.949951,2592.500000,2617.050049,2385.726563,354859
2019-07-31,2621.000000,2632.000000,2540.300049,2605.000000,2374.741455,487675
2019-08-01,2590.000000,2620.600098,2575.050049,2600.899902,2384.735840,332895
2019-08-02,2588.899902,2625.000000,2555.000000,2594.399902,2378.775635,347132
2019-08-05,2585.949951,2597.000000,2542.850098,2578.350098,2364.059814,211393
2019-08-06,2563.000000,2611.750000,2538.300049,2550.550049,2338.570557,404564
2019-08-07,2551.000000,2565.050049,2530.000000,2540.550049,2329.401611,308676
2019-08-08,2558.800049,2590.000000,2536.850098,2577.600098,2363.372559,286738
2019-08-09,2590.899902,2644.350098,2522.300049,2588.149902,2373.045166,1430286
2019-08-13,2565.000000,2565.000000,2491.000000,2511.899902,2303.132568,731080
2019-08-14,2549.699951,2549.699951,2470.000000,2478.899902,2272.875244,466208
2019-08-16,2500.000000,2505.000000,2442.000000,2499.449951,2291.717041,734216
2019-08-19,2520.000000,2520.000000,2471.100098,2478.399902,2272.416992,586547
2019-08-20,2470.000000,2470.000000,2371.000000,2393.500000,2194.572998,1174827
2019-08-21,2389.000000,2405.000000,2300.000000,2384.500000,2186.321289,1700962
2019-08-22,2393.500000,2477.000000,2393.000000,2440.750000,2237.895996,1252406
2019-08-23,2425.399902,2502.000000,2402.199951,2466.649902,2261.643066,629497
2019-08-26,2500.000000,2547.800049,2483.550049,2533.850098,2323.258545,748623
2019-08-27,2535.350098,2724.300049,2530.000000,2685.899902,2462.671143,2211174
2019-08-28,2700.000000,2743.250000,2672.050049,2703.100098,2478.441650,1149926
2019-08-29,2703.199951,2737.000000,2651.500000,2676.850098,2454.373291,535368
2019-08-30,2690.000000,2726.449951,2687.500000,2701.649902,2477.112061,507782
2019-09-03,2699.000000,2763.149902,2683.100098,2707.850098,2482.796875,716548
2019-09-04,2710.000000,2747.550049,2626.000000,2635.449951,2416.413818,752108
2019-09-05,2651.000000,2705.000000,2640.000000,2678.649902,2456.023682,931162
2019-09-06,2695.399902,2721.300049,2646.199951,2668.000000,2446.258789,478053
2019-09-09,2669.899902,2694.800049,2650.199951,2682.699951,2459.737061,298664
2019-09-11,2696.000000,2704.000000,2660.000000,2666.399902,2444.791748,334013
2019-09-12,2666.399902,2683.149902,2647.649902,2677.000000,2454.510742,310751
2019-09-13,2681.000000,2682.000000,2642.000000,2674.600098,2452.310303,245991
2019-09-16,2660.000000,2730.000000,2646.100098,2715.050049,2489.398926,428246
2019-09-17,2720.000000,2740.949951,2678.800049,2692.449951,2468.676758,604927
2019-09-18,2668.699951,2668.699951,2588.199951,2613.850098,2396.609375,832018
2019-09-19,2618.000000,2653.199951,2590.000000,2621.800049,2403.898682,499689
2019-09-20,2633.000000,2883.000000,2602.550049,2867.000000,2628.719727,1324910
2019-09-23,2960.000000,3583.750000,2951.000000,3053.649902,2799.857178,1743589
2019-09-24,3100.000000,3115.000000,3055.000000,3080.199951,2824.200439,809417
2019-09-25,3079.949951,3090.300049,3001.000000,3036.000000,2783.674072,582998
2019-09-26,3058.000000,3105.000000,3050.000000,3092.800049,2835.753418,514054
2019-09-27,3100.050049,3109.699951,3005.949951,3015.100098,2764.510986,432428
2019-09-30,3010.000000,3023.949951,2930.100098,2944.149902,2699.457764,553451
2019-10-01,2952.000000,2987.399902,2900.149902,2919.550049,2676.902588,474514
2019-10-03,2914.800049,2919.000000,2850.000000,2902.949951,2661.682129,285265
2019-10-04,2915.000000,2931.350098,2835.100098,2845.149902,2608.685791,313496
2019-10-07,2857.850098,2968.750000,2851.449951,2953.350098,2707.893066,969709
2019-10-09,2971.800049,3074.649902,2926.899902,3058.500000,2804.303955,1037068
2019-10-10,3060.100098,3061.000000,3001.000000,3037.750000,2785.278564,422209
2019-10-11,3048.899902,3096.949951,3043.300049,3081.949951,2825.804932,510119
2019-10-14,3093.949951,3124.000000,3068.949951,3109.649902,2851.202881,350920
2019-10-15,3129.100098,3193.649902,3112.350098,3181.100098,2916.714844,583008
2019-10-16,3185.000000,3185.000000,3155.000000,3176.750000,2912.726074,271629
2019-10-17,3176.000000,3266.350098,3160.000000,3247.850098,2977.916992,673820
2019-10-18,3227.850098,3259.199951,3222.550049,3252.350098,2982.042969,230815
2019-10-22,3220.100098,3291.899902,3220.100098,3248.050049,2978.100342,435837
2019-10-23,3260.000000,3344.500000,3253.000000,3294.699951,3020.873291,591914
2019-10-24,3312.000000,3342.000000,3260.250000,3283.800049,3010.879150,401741
2019-10-25,3298.850098,3298.850098,3247.000000,3267.100098,2995.566895,213353
2019-10-27,3292.000000,3305.050049,3237.350098,3259.100098,2988.231934,39581
2019-10-29,3273.000000,3367.000000,3259.000000,3352.500000,3073.869385,458464
2019-10-30,3373.000000,3399.000000,3276.000000,3290.100098,3016.655518,496662
2019-10-31,3298.600098,3343.550049,3255.000000,3266.600098,2995.108643,488894
2019-11-01,3295.000000,3295.000000,3236.699951,3268.550049,2996.896484,320106
2019-11-04,3290.000000,3299.000000,3227.000000,3239.850098,2970.581543,283144
2019-11-05,3255.000000,3280.000000,3202.300049,3231.750000,2963.155029,330794
2019-11-06,3239.850098,3257.850098,3191.000000,3227.850098,2959.579102,347320
2019-11-07,3249.000000,3256.600098,3204.899902,3223.800049,2955.865723,288996
2019-11-08,3228.000000,3245.449951,3143.000000,3158.000000,2895.534668,376182
2019-11-11,3157.000000,3195.000000,3110.000000,3119.550049,2860.280273,464906
2019-11-13,3271.000000,3299.000000,3200.000000,3269.750000,2997.996582,1853222
2019-11-14,3274.899902,3274.899902,3200.000000,3230.800049,2962.283691,515326
2019-11-15,3230.199951,3260.000000,3185.149902,3195.550049,2929.963623,261412
2019-11-18,3203.000000,3217.149902,3126.000000,3140.899902,2879.855469,429862
2019-11-19,3140.899902,3158.350098,3110.000000,3120.350098,2861.013428,261351
2019-11-20,3120.000000,3135.000000,3060.000000,3116.300049,2857.300293,504339
2019-11-21,3113.000000,3113.000000,3061.649902,3072.649902,2817.277832,295648
2019-11-22,3062.250000,3072.000000,3016.149902,3022.649902,2771.433594,349622
2019-11-25,3025.500000,3045.000000,3004.300049,3040.600098,2787.891602,437144
2019-11-26,3048.000000,3083.000000,3041.000000,3055.250000,2801.324219,620959
2019-11-27,3060.000000,3100.000000,3060.000000,3091.100098,2834.194580,235618
2019-11-28,3110.399902,3110.399902,3060.000000,3098.250000,2840.750244,234706
2019-11-29,3085.000000,3095.000000,3050.000000,3057.699951,2803.570313,221117
2019-12-02,3057.699951,3089.949951,3051.550049,3077.000000,2821.266602,387666
2019-12-03,3069.699951,3116.000000,3027.149902,3048.300049,2794.951416,522267
2019-12-04,3039.899902,3067.350098,3023.550049,3049.250000,2795.822754,263755
2019-12-05,3064.399902,3094.649902,3041.000000,3082.899902,2826.676025,278358
2019-12-06,3090.050049,3098.199951,3059.699951,3069.600098,2814.481445,206989
2019-12-09,3084.800049,3084.800049,3047.449951,3058.399902,2804.212158,206624
2019-12-10,3066.050049,3079.000000,3042.100098,3059.350098,2805.083496,185130
2019-12-11,3052.100098,3064.000000,3030.300049,3041.000000,2788.258301,315341
2019-12-12,3048.600098,3080.000000,3030.199951,3073.550049,2818.103271,254614
2019-12-13,3095.000000,3096.000000,3035.000000,3054.399902,2800.544678,249099
2019-12-16,3059.899902,3087.850098,3042.750000,3050.899902,2797.335693,369764
2019-12-17,3060.000000,3075.500000,3050.000000,3071.949951,2816.635986,212811
2019-12-18,3070.000000,3121.149902,3053.350098,3099.199951,2841.621094,405982
2019-12-19,3097.899902,3123.000000,3090.050049,3112.750000,2854.045166,259885
2019-12-20,3095.000000,3155.949951,3062.449951,3122.250000,2862.755859,766343
2019-12-23,3100.000000,3129.699951,3077.800049,3091.800049,2834.836182,259919
2019-12-24,3096.000000,3114.449951,3084.000000,3091.050049,2834.148926,166800
2019-12-26,3090.000000,3118.000000,3054.149902,3062.300049,2807.787842,189043
2019-12-27,3079.000000,3082.000000,3021.000000,3042.100098,2789.267090,407653
2019-12-30,3050.000000,3065.000000,3035.100098,3047.350098,2794.080566,182858
2019-12-31,3046.000000,3066.800049,3020.000000,3027.800049,2776.155518,190885
2020-01-01,3044.699951,3053.000000,3027.399902,3039.649902,2787.020752,110561
2020-01-02,3047.000000,3065.000000,3043.050049,3053.399902,2799.627930,138428
2020-01-03,3045.000000,3060.000000,3025.649902,3038.800049,2786.241211,168305
2020-01-06,3030.000000,3032.149902,2995.050049,3022.050049,2770.883545,181158
2020-01-07,3033.899902,3054.000000,3028.000000,3036.600098,2784.224121,159307
2020-01-08,3020.000000,3038.699951,2995.000000,3023.600098,2772.304443,194024
2020-01-09,3047.199951,3049.000000,2995.100098,3001.100098,2751.674561,434270
2020-01-10,3014.949951,3015.000000,2978.050049,2989.750000,2741.268066,526254
2020-01-13,2995.000000,3056.250000,2987.300049,3045.100098,2792.017578,420792
2020-01-14,3058.000000,3119.000000,3037.149902,3105.149902,2847.076904,653300
2020-01-15,3120.000000,3133.949951,3092.899902,3114.199951,2855.374512,438959
2020-01-16,3116.000000,3160.000000,3115.000000,3150.250000,2888.428711,768872
2020-01-17,3155.000000,3169.000000,3114.350098,3124.449951,2864.772705,294064
2020-01-20,3143.000000,3143.000000,3104.399902,3110.449951,2851.936279,203111
2020-01-21,3100.000000,3130.000000,3077.250000,3111.250000,2852.669922,220943
2020-01-22,3125.500000,3138.699951,3088.899902,3106.350098,2848.177002,248578
2020-01-23,3103.850098,3122.899902,3068.100098,3112.949951,2854.228516,203032
2020-01-24,3113.149902,3212.949951,3112.050049,3192.500000,2927.166992,580192
2020-01-27,3187.000000,3210.000000,3155.000000,3174.199951,2910.388184,322446
2020-01-28,3182.899902,3209.899902,3136.500000,3181.250000,2916.852051,292577
2020-01-29,3200.000000,3245.500000,3190.050049,3214.199951,2947.063477,434882
2020-01-30,3208.949951,3234.699951,3192.449951,3210.699951,2943.854492,337850
2020-01-31,3242.699951,3274.600098,3186.850098,3200.699951,2934.685303,468850
2020-02-03,3097.600098,3249.000000,3092.350098,3230.050049,2961.596436,657504
2020-02-04,3235.000000,3300.000000,3188.000000,3232.500000,2963.842773,511585
2020-02-05,3269.800049,3318.000000,3243.699951,3255.949951,2985.343262,423733
2020-02-06,3260.350098,3293.000000,3236.350098,3252.199951,2981.905273,410631
2020-02-07,3256.000000,3296.000000,3237.100098,3251.399902,2981.171875,450061
2020-02-10,3270.000000,3280.000000,3125.000000,3155.600098,2893.333984,969115
2020-02-11,3179.949951,3198.800049,3124.199951,3134.699951,2874.170898,507516
2020-02-12,3124.199951,3209.000000,3124.199951,3136.800049,2876.096191,669153
2020-02-13,3132.000000,3143.649902,3105.199951,3135.199951,2874.629150,319421
2020-02-14,3116.000000,3159.000000,3090.300049,3096.649902,2839.283203,270506
2020-02-17,3095.000000,3112.300049,3072.050049,3084.100098,2827.776367,224912
2020-02-18,3080.000000,3080.000000,3020.000000,3066.449951,2811.593262,453173
2020-02-19,3082.100098,3111.000000,3040.000000,3082.250000,2826.080078,462922
2020-02-20,3079.800049,3123.449951,3052.250000,3059.399902,2805.129395,270720
2020-02-24,3059.000000,3065.000000,3005.000000,3036.199951,2783.857178,427352
2020-02-25,3040.000000,3078.000000,3018.000000,3033.550049,2781.427734,350415
2020-02-26,3025.100098,3069.899902,3016.699951,3041.350098,2788.579590,366302
2020-02-27,3036.949951,3100.000000,2960.000000,3026.050049,2774.551025,652385
2020-02-28,2983.000000,3020.000000,2917.000000,2970.199951,2723.342529,619510
2020-03-02,2995.000000,3053.949951,2925.000000,2949.100098,2703.996338,348147
2020-03-03,2970.000000,3045.500000,2965.000000,3026.500000,2774.963379,399770
2020-03-04,3048.000000,3080.000000,3028.000000,3063.050049,2808.476318,368498
2020-03-05,3082.600098,3165.000000,3076.100098,3127.149902,2867.248291,720100
2020-03-06,3084.899902,3100.000000,3013.250000,3081.399902,2825.300537,593374
2020-03-09,3045.000000,3061.800049,2968.500000,2996.500000,2747.456787,607257
2020-03-11,2982.199951,3065.899902,2944.100098,3048.300049,2794.951416,534597
2020-03-12,2945.000000,2968.949951,2785.050049,2810.649902,2577.053223,774263
2020-03-13,2700.000000,3049.899902,2410.000000,2763.600098,2533.913574,1108162
2020-03-16,2704.800049,2744.649902,2602.050049,2709.000000,2483.851318,791034
2020-03-17,2720.000000,2795.750000,2669.050049,2686.000000,2462.762939,567266
2020-03-18,2728.000000,2744.949951,2480.000000,2501.949951,2294.009521,649481
2020-03-19,2389.000000,2404.000000,2260.000000,2318.149902,2125.485352,786857
2020-03-20,2341.300049,2500.899902,2294.250000,2467.800049,2262.697510,742455
2020-03-23,2300.000000,2422.399902,2100.000000,2137.850098,1960.170532,613493
2020-03-24,2117.000000,2450.000000,2111.899902,2364.699951,2168.166260,929170
2020-03-25,2364.600098,2511.600098,2317.100098,2451.399902,2247.660645,1249005
2020-03-26,2471.550049,2668.800049,2417.300049,2588.449951,2373.320557,944116
2020-03-27,2690.000000,2708.949951,2505.000000,2529.250000,2319.040771,472582
2020-03-30,2465.250000,2579.350098,2442.750000,2473.750000,2268.153320,701815
2020-03-31,2579.949951,2710.000000,2490.000000,2688.949951,2465.467773,734769
2020-04-01,2700.000000,2780.000000,2505.000000,2564.850098,2351.681885,1167150
2020-04-03,2588.949951,2610.000000,2475.000000,2563.250000,2350.214600,726903
2020-04-07,2640.149902,2878.699951,2640.149902,2834.500000,2598.920898,1062855
2020-04-08,2829.000000,2990.000000,2759.000000,2775.550049,2544.870361,1037961
2020-04-09,2850.000000,2850.000000,2732.899902,2801.699951,2568.846924,893108
2020-04-13,2800.000000,2800.000000,2697.350098,2706.149902,2481.238281,501533
2020-04-15,2772.000000,2908.500000,2754.699951,2837.350098,2601.533936,1011691
2020-04-16,2837.500000,2893.949951,2815.000000,2836.800049,2601.030029,675907
2020-04-17,2884.000000,2895.000000,2802.199951,2832.149902,2596.766357,705271
2020-04-20,2860.100098,2864.800049,2801.000000,2833.000000,2597.545654,667917
2020-04-21,2779.899902,2906.350098,2733.149902,2863.250000,2625.281494,1129799
2020-04-22,2863.000000,2969.699951,2827.449951,2952.649902,2707.251221,737395
2020-04-23,2960.000000,3245.000000,2918.000000,2947.399902,2702.437500,3426363
2020-04-24,2980.000000,3122.899902,2956.000000,3062.149902,2807.650635,2613797
2020-04-27,3075.850098,3290.000000,3070.000000,3242.050049,2972.598633,1993378
2020-04-28,3277.000000,3289.850098,3160.000000,3193.949951,2928.496338,1379063
2020-04-29,3187.800049,3238.750000,3150.000000,3156.800049,2926.503418,1177520
2020-04-30,3195.000000,3205.000000,3150.000000,3165.750000,2934.800537,1021592
2020-05-04,3109.000000,3160.000000,3056.000000,3092.949951,2867.311279,591353
2020-05-05,3107.000000,3126.000000,2970.500000,2978.750000,2761.442627,905266
2020-05-06,2950.000000,3065.000000,2907.649902,2987.699951,2769.739746,995972
2020-05-07,2977.699951,2980.000000,2867.000000,2915.350098,2702.667725,994651
2020-05-08,2945.000000,3037.000000,2923.449951,2994.649902,2776.182617,1102857
2020-05-11,3029.000000,3083.399902,2991.850098,3053.949951,2831.156250,1095855
2020-05-12,3048.949951,3123.199951,3031.300049,3107.300049,2880.614502,1329390
2020-05-13,3180.000000,3188.000000,3057.500000,3079.550049,2854.889404,850975
2020-05-14,3065.000000,3138.000000,3031.699951,3118.699951,2891.182617,777257
2020-05-15,3146.899902,3196.000000,3115.000000,3125.649902,2897.625732,870248
2020-05-18,3110.000000,3165.000000,3098.100098,3109.550049,2882.700439,730350
2020-05-19,3130.199951,3147.899902,3086.050049,3104.000000,2877.555176,537217
2020-05-20,3110.600098,3159.000000,3106.850098,3127.850098,2899.665527,439150
2020-05-21,3120.100098,3157.000000,3099.000000,3110.949951,2883.998047,574325
2020-05-22,3104.000000,3184.199951,3080.000000,3167.100098,2936.051758,630580
2020-05-26,3200.000000,3244.000000,3141.000000,3163.850098,2933.039063,718134
2020-05-27,3170.000000,3238.949951,3141.000000,3220.300049,2985.371094,739328
2020-05-28,3217.500000,3363.250000,3189.350098,3323.250000,3080.810547,1453514
2020-05-29,3289.899902,3417.000000,3289.899902,3378.850098,3132.354248,1658714
2020-06-01,3416.000000,3470.000000,3401.000000,3434.850098,3184.269043,883460
2020-06-02,3434.899902,3480.000000,3400.000000,3451.000000,3199.240723,786444
2020-06-03,3601.000000,3708.000000,3471.199951,3510.300049,3254.214600,3415126
2020-06-04,3510.000000,3555.000000,3422.000000,3450.350098,3198.638184,1309771
2020-06-05,3475.000000,3497.949951,3402.199951,3466.699951,3213.795166,1200548
2020-06-08,3486.000000,3513.250000,3410.000000,3426.800049,3176.806152,768759
2020-06-09,3434.899902,3469.899902,3409.000000,3415.699951,3166.515869,567611
2020-06-10,3420.899902,3447.600098,3357.399902,3377.000000,3130.639404,628261
2020-06-11,3389.899902,3403.449951,3330.000000,3370.350098,3124.474365,673105
2020-06-12,3333.000000,3443.000000,3305.750000,3366.050049,3120.488037,1373475
2020-06-15,3351.000000,3406.500000,3343.449951,3357.199951,3112.283691,609721
2020-06-16,3381.050049,3399.949951,3330.000000,3345.350098,3101.298340,701355
2020-06-17,3357.850098,3435.000000,3355.050049,3401.449951,3153.305420,1100079
2020-06-18,3415.000000,3457.000000,3381.550049,3404.250000,3155.901123,898020
2020-06-19,3417.899902,3450.000000,3382.000000,3438.550049,3187.698975,782740
2020-06-22,3450.000000,3475.000000,3416.000000,3421.199951,3171.614990,735172
2020-06-23,3429.949951,3504.899902,3426.300049,3467.050049,3214.119873,765553
2020-06-24,3487.000000,3504.899902,3440.000000,3446.399902,3194.976074,573266
2020-06-25,3424.899902,3474.399902,3420.000000,3450.399902,3198.684326,546489
2020-06-26,3457.300049,3499.899902,3444.300049,3456.399902,3204.246826,448352
2020-06-29,3452.800049,3544.850098,3445.800049,3519.250000,3262.511719,940186
2020-06-30,3542.000000,3615.000000,3540.000000,3603.800049,3340.893555,1236537
2020-07-01,3605.000000,3611.000000,3536.000000,3545.949951,3287.263672,586225
2020-07-02,3553.000000,3567.649902,3512.050049,3535.100098,3277.205566,422319
2020-07-03,3549.500000,3579.949951,3515.000000,3538.350098,3280.218262,323231
2020-07-06,3560.000000,3646.000000,3541.000000,3624.449951,3360.037109,538078
2020-07-07,3636.000000,3685.449951,3580.000000,3678.449951,3410.097656,664348
2020-07-08,3675.550049,3712.500000,3630.000000,3685.000000,3416.169922,531417
2020-07-09,3690.000000,3699.000000,3650.000000,3673.600098,3405.601563,397351
2020-07-10,3669.600098,3753.600098,3655.350098,3726.649902,3454.781494,706136
2020-07-13,3760.000000,3835.000000,3750.250000,3796.800049,3519.813965,1108644
2020-07-14,3795.550049,3795.949951,3729.000000,3735.250000,3462.753662,399210
2020-07-15,3742.000000,3778.300049,3711.699951,3723.250000,3451.629150,506574
2020-07-16,3729.000000,3880.250000,3689.550049,3854.750000,3573.536133,987220
2020-07-17,3900.000000,3938.000000,3766.800049,3785.000000,3508.874512,4503046
2020-07-20,3859.000000,3993.000000,3807.199951,3982.649902,3692.105469,3785159
2020-07-21,3999.000000,4010.000000,3875.000000,3880.399902,3597.314941,1880670
2020-07-22,3914.800049,3924.399902,3791.050049,3805.050049,3527.461914,1019300
2020-07-23,3825.000000,3879.750000,3820.000000,3827.600098,3548.367188,791770
2020-07-24,3824.949951,3849.899902,3768.000000,3818.449951,3539.884277,665233
2020-07-27,3845.000000,3846.600098,3762.399902,3777.350098,3501.782715,523512
2020-07-28,3780.300049,3830.000000,3763.350098,3774.750000,3499.372070,599914
2020-07-29,3797.699951,3853.000000,3780.000000,3794.699951,3517.866943,785425
2020-07-30,3818.399902,3874.399902,3790.500000,3805.949951,3528.296143,855542
2020-07-31,3811.000000,3860.000000,3801.100098,3823.600098,3544.658691,681895
2020-08-03,3827.000000,3849.899902,3768.100098,3776.199951,3500.716309,369180
2020-08-04,3800.000000,3855.000000,3785.000000,3817.600098,3539.096436,642559
2020-08-05,3839.899902,3873.550049,3827.949951,3849.949951,3569.086182,569216
2020-08-06,3865.000000,3912.000000,3845.000000,3857.649902,3576.224609,786063
2020-08-07,3865.000000,3945.000000,3850.000000,3934.800049,3647.746338,1061884
2020-08-10,3959.949951,4005.000000,3929.000000,3942.800049,3655.162598,826722
2020-08-11,3950.000000,3970.000000,3865.000000,3879.550049,3596.526611,422055
2020-08-12,3880.550049,3885.000000,3800.000000,3809.750000,3531.819092,619436
2020-08-13,3823.800049,3857.850098,3792.050049,3808.250000,3530.428467,513264
2020-08-14,3828.000000,3840.000000,3752.000000,3801.350098,3524.031738,537499
2020-08-17,3830.000000,3895.000000,3802.000000,3868.649902,3586.421875,987819
2020-08-18,3880.000000,3940.000000,3875.000000,3914.300049,3628.741943,768897
2020-08-19,3943.649902,3949.000000,3865.649902,3875.399902,3592.679443,505661
2020-08-20,3880.000000,3910.199951,3837.250000,3868.100098,3585.912109,523854
2020-08-21,3896.000000,3912.000000,3865.050049,3882.750000,3599.493652,401007
2020-08-24,3912.000000,3926.000000,3894.199951,3908.350098,3623.226074,444407
2020-08-25,3918.000000,3929.949951,3875.000000,3896.850098,3612.564697,358587
2020-08-26,3845.000000,3857.350098,3799.100098,3829.250000,3627.152100,608530
2020-08-27,3840.000000,3853.350098,3810.000000,3816.600098,3615.169678,385945
2020-08-28,3819.000000,3827.600098,3787.000000,3793.850098,3593.620361,512488
2020-08-31,3806.399902,3811.000000,3684.000000,3726.050049,3529.398682,600226
2020-09-01,3735.000000,3787.750000,3718.300049,3771.000000,3571.976563,387446
2020-09-02,3787.899902,3813.600098,3752.000000,3799.199951,3598.687988,305952
2020-09-03,3798.000000,3808.750000,3740.000000,3746.850098,3549.100830,414160
2020-09-04,3730.000000,3809.000000,3698.550049,3705.850098,3510.264893,759852
2020-09-07,3732.899902,3750.000000,3655.000000,3724.050049,3527.504150,437318
2020-09-08,3726.899902,3762.449951,3711.250000,3731.600098,3534.655762,379275
2020-09-09,3690.000000,3749.000000,3686.100098,3738.300049,3541.002197,332884
2020-09-10,3765.500000,3765.500000,3700.050049,3719.250000,3522.957520,357927
2020-09-11,3724.000000,3828.000000,3720.000000,3772.250000,3573.160156,829715
2020-09-14,3788.899902,3796.000000,3711.000000,3719.500000,3523.194092,397741
2020-09-15,3720.050049,3766.500000,3715.000000,3734.100098,3537.023682,366110
2020-09-16,3742.000000,3860.000000,3737.149902,3844.500000,3641.597168,917526
2020-09-17,3848.000000,3890.949951,3768.750000,3815.649902,3614.269775,741010
2020-09-18,3837.699951,3839.750000,3774.850098,3797.500000,3597.077637,947698
2020-09-21,3790.000000,3795.000000,3613.500000,3629.300049,3437.754883,604282
2020-09-22,3660.000000,3678.000000,3540.050049,3588.000000,3398.634766,670648
2020-09-23,3618.899902,3652.899902,3562.800049,3624.899902,3433.586914,405856
2020-09-24,3590.000000,3655.000000,3560.199951,3612.750000,3422.078369,517316
2020-09-25,3640.000000,3716.949951,3615.000000,3686.399902,3491.841064,507368
2020-09-28,3710.899902,3778.000000,3689.000000,3737.350098,3540.102539,390640
2020-09-29,3769.000000,3796.000000,3701.649902,3736.850098,3539.628418,449330
2020-09-30,3734.000000,3825.000000,3714.050049,3798.149902,3597.693359,535771
2020-10-01,3820.000000,3827.949951,3762.000000,3808.600098,3607.592041,336322
2020-10-05,3815.000000,3857.800049,3785.050049,3830.449951,3628.288574,460889
2020-10-06,3870.000000,3879.949951,3752.000000,3765.850098,3567.097900,666856
2020-10-07,3780.000000,3838.000000,3768.000000,3785.949951,3586.136963,590795
2020-10-08,3798.899902,3825.000000,3771.500000,3794.699951,3594.425293,371495
2020-10-09,3807.000000,3818.649902,3735.000000,3745.100098,3547.443115,347685
2020-10-12,3769.100098,3774.300049,3722.300049,3731.500000,3534.561035,286506
2020-10-13,3732.000000,3786.300049,3702.649902,3745.649902,3547.964111,368886
2020-10-14,3743.000000,3801.800049,3740.000000,3789.800049,3589.784180,545911
2020-10-15,3790.000000,3835.949951,3715.000000,3731.000000,3534.087158,526411
2020-10-16,3748.949951,3779.000000,3721.250000,3747.199951,3549.432373,263967
2020-10-19,3766.000000,3795.000000,3740.000000,3772.449951,3573.349609,473267
2020-10-20,3681.000000,3694.000000,3543.100098,3553.149902,3365.623779,3187477
2020-10-21,3580.000000,3580.000000,3382.000000,3397.250000,3217.951904,3538724
2020-10-22,3410.000000,3493.350098,3410.000000,3458.350098,3275.827148,2266246
2020-10-23,3480.000000,3502.899902,3442.050049,3469.750000,3286.625244,1022334
2020-10-26,3482.000000,3505.550049,3466.000000,3485.399902,3301.449463,893740
2020-10-27,3480.000000,3588.000000,3480.000000,3572.250000,3383.715820,1753963
2020-10-28,3572.199951,3599.800049,3524.949951,3541.699951,3354.778076,667035
2020-10-29,3538.000000,3556.000000,3498.000000,3532.649902,3346.205566,654253
2020-10-30,3540.000000,3549.850098,3460.649902,3473.250000,3289.940918,475859
2020-11-02,3483.000000,3485.949951,3391.149902,3420.300049,3239.785400,764391
2020-11-03,3445.000000,3457.250000,3390.000000,3403.649902,3224.014160,623300
2020-11-04,3423.000000,3506.000000,3411.899902,3470.699951,3287.525391,714800
2020-11-05,3512.000000,3530.000000,3465.449951,3499.250000,3314.568848,999876
2020-11-06,3510.000000,3555.000000,3489.649902,3513.550049,3328.114014,582470
2020-11-09,3548.000000,3570.000000,3513.550049,3548.300049,3361.029785,566460
2020-11-10,3572.000000,3572.000000,3445.850098,3508.350098,3323.188232,976298
2020-11-11,3509.000000,3541.600098,3453.050049,3492.750000,3308.411377,1141508
2020-11-12,3499.699951,3525.949951,3481.350098,3515.300049,3329.771484,615256
2020-11-13,3517.000000,3541.449951,3505.000000,3514.449951,3328.966309,473523
2020-11-14,3535.000000,3536.500000,3515.000000,3527.350098,3341.185303,56492
2020-11-17,3541.000000,3550.000000,3504.399902,3509.800049,3324.561768,694643
2020-11-18,3507.800049,3521.949951,3445.000000,3500.350098,3315.610596,914389
2020-11-19,3489.000000,3549.000000,3480.000000,3511.350098,3326.029785,739067
2020-11-20,3524.949951,3577.750000,3521.149902,3552.100098,3364.629395,1197247
2020-11-23,3575.000000,3599.000000,3552.000000,3557.399902,3369.649414,952758
2020-11-24,3575.000000,3593.000000,3531.699951,3562.250000,3374.243652,752974
2020-11-25,3570.600098,3579.850098,3531.500000,3555.800049,3368.133789,385590
2020-11-26,3569.800049,3572.899902,3490.000000,3548.750000,3361.456055,741800
2020-11-27,3563.850098,3684.899902,3503.100098,3637.949951,3445.948242,5383773
2020-12-01,3702.500000,3702.500000,3595.550049,3629.350098,3437.802246,1042234
2020-12-02,3637.000000,3648.000000,3560.000000,3597.000000,3407.159180,680870
2020-12-03,3647.000000,3653.899902,3608.050049,3635.949951,3444.053711,450558
2020-12-04,3637.000000,3672.000000,3612.000000,3648.199951,3455.657227,482933
2020-12-07,3650.000000,3670.000000,3612.100098,3628.949951,3437.423340,492080
2020-12-08,3639.399902,3654.899902,3617.649902,3645.399902,3453.004883,413743
2020-12-09,3648.899902,3666.000000,3619.100098,3627.100098,3435.670898,434686
2020-12-10,3627.100098,3747.000000,3624.000000,3739.750000,3542.375488,1443681
2020-12-11,3746.850098,3777.000000,3701.500000,3732.750000,3535.745117,695958
2020-12-14,3745.000000,3792.000000,3737.050049,3776.949951,3577.612305,685712
2020-12-15,3775.000000,3797.699951,3725.699951,3765.550049,3566.814209,648902
2020-12-16,3766.199951,3786.000000,3745.000000,3752.600098,3554.547607,466183
2020-12-17,3740.100098,3767.000000,3721.000000,3729.750000,3532.903320,488772
2020-12-18,3738.000000,3759.800049,3690.000000,3720.500000,3524.141357,1043126
2020-12-21,3719.000000,3727.050049,3534.850098,3624.050049,3432.782227,670146
2020-12-22,3620.000000,3662.399902,3541.100098,3630.399902,3438.796631,662139
2020-12-23,3641.600098,3668.350098,3605.250000,3625.350098,3434.013428,451656
2020-12-24,3655.000000,3683.899902,3590.050049,3618.250000,3427.287842,579767
2020-12-28,3635.000000,3646.149902,3598.000000,3603.550049,3413.364014,463358
2020-12-29,3614.000000,3623.250000,3575.100098,3593.300049,3403.655029,414932
2020-12-30,3602.250000,3605.850098,3564.000000,3583.899902,3394.750977,407808
2020-12-31,3580.649902,3601.750000,3562.100098,3576.350098,3387.599365,459383
2021-01-01,3575.000000,3605.000000,3563.050049,3567.800049,3379.500488,453083
2021-01-04,3589.000000,3593.899902,3537.000000,3552.899902,3365.386963,698402
2021-01-05,3549.000000,3563.949951,3540.000000,3551.100098,3363.682129,725278
2021-01-06,3568.000000,3602.000000,3510.000000,3539.699951,3352.883789,1099588
2021-01-07,3560.000000,3567.949951,3516.449951,3552.800049,3365.292236,621487
2021-01-08,3574.000000,3589.949951,3532.850098,3575.250000,3386.557373,961239
2021-01-11,3603.800049,3625.000000,3547.649902,3612.850098,3422.173096,1043630
2021-01-12,3624.000000,3648.800049,3586.300049,3631.649902,3439.980469,893653
2021-01-13,3640.000000,3648.000000,3600.000000,3621.149902,3430.034912,798273
2021-01-14,3623.000000,3704.899902,3619.600098,3665.449951,3471.996826,1192074
2021-01-15,3680.000000,3685.000000,3571.000000,3609.050049,3418.573486,597621
2021-01-18,3609.050049,3665.000000,3575.000000,3607.850098,3417.437012,826497
2021-01-19,3628.750000,3649.850098,3587.000000,3601.250000,3411.185303,594091
2021-01-20,3605.000000,3641.000000,3585.000000,3592.300049,3402.707520,607449
2021-01-21,3604.699951,3666.550049,3602.600098,3630.800049,3439.175781,834432
2021-01-22,3649.000000,3690.000000,3591.000000,3608.000000,3417.579102,791205
2021-01-25,3633.850098,3639.850098,3576.250000,3613.550049,3422.836182,467367
2021-01-27,3613.550049,3649.899902,3593.800049,3610.750000,3420.183838,646880
2021-01-28,3588.699951,3650.000000,3559.250000,3603.750000,3413.553223,643832
2021-01-29,3605.199951,3620.800049,3480.199951,3501.100098,3316.321045,733173
2021-02-01,3539.000000,3557.899902,3483.000000,3520.750000,3334.933594,544282
2021-02-02,3547.899902,3554.000000,3483.750000,3501.250000,3316.462891,869950
2021-02-03,3526.050049,3544.000000,3501.000000,3516.500000,3330.908203,786972
2021-02-04,3521.949951,3608.050049,3511.050049,3580.000000,3391.056885,958717
2021-02-05,3616.000000,3616.000000,3530.449951,3541.649902,3354.730469,1159183
2021-02-08,3601.000000,3616.899902,3464.100098,3473.699951,3290.366943,2388271
2021-02-09,3505.000000,3505.000000,3455.000000,3462.399902,3279.663330,951124
2021-02-10,3467.899902,3485.100098,3417.050049,3424.850098,3244.095215,893690
2021-02-11,3430.750000,3470.000000,3420.000000,3462.750000,3279.995117,873772
2021-02-12,3480.000000,3489.000000,3409.050049,3421.250000,3240.685303,618874
2021-02-15,3429.000000,3445.000000,3403.000000,3417.000000,3236.659668,513578
2021-02-16,3432.000000,3432.350098,3385.050049,3389.449951,3210.563477,693631
2021-02-17,3370.000000,3404.850098,3360.000000,3364.000000,3186.456543,866571
2021-02-18,3368.000000,3390.949951,3340.100098,3359.449951,3182.146729,616156
2021-02-19,3359.000000,3383.000000,3320.000000,3331.199951,3155.387939,765676
2021-02-22,3350.000000,3373.750000,3317.300049,3341.199951,3164.859863,666371
2021-02-23,3349.800049,3368.000000,3325.300049,3335.949951,3159.886963,484686
2021-02-24,3360.000000,3415.000000,3341.000000,3405.550049,3225.813721,512568
2021-02-25,3420.000000,3425.699951,3374.600098,3405.000000,3225.292725,586357
2021-02-26,3389.000000,3408.949951,3343.000000,3363.750000,3186.219971,748717
2021-03-01,3371.500000,3420.000000,3367.050049,3411.800049,3231.733887,377869
2021-03-02,3411.800049,3450.000000,3395.000000,3447.949951,3265.976074,383968
2021-03-03,3460.000000,3487.149902,3435.000000,3481.149902,3297.423584,409493
2021-03-04,3450.000000,3514.800049,3450.000000,3501.899902,3317.078857,537283
2021-03-05,3486.000000,3506.649902,3460.750000,3491.750000,3307.464355,612423
2021-03-08,3493.600098,3508.949951,3451.000000,3463.199951,3280.421143,463984
2021-03-09,3473.500000,3489.149902,3397.350098,3426.750000,3245.895020,589556
2021-03-10,3451.899902,3489.000000,3438.500000,3480.350098,3296.666016,270942
2021-03-12,3491.899902,3493.850098,3425.000000,3434.250000,3252.999023,344205
2021-03-15,3443.600098,3456.550049,3399.000000,3450.399902,3268.296387,311078
2021-03-16,3462.600098,3500.000000,3456.050049,3489.100098,3304.954346,383099
2021-03-17,3488.000000,3499.000000,3446.300049,3467.899902,3284.873047,378136
2021-03-18,3480.000000,3487.899902,3427.399902,3439.649902,3258.113770,430166
2021-03-19,3424.600098,3494.850098,3379.000000,3466.600098,3283.641846,1312375
2021-03-22,3440.100098,3570.000000,3440.100098,3564.399902,3376.280029,820046
2021-03-23,3570.000000,3578.000000,3525.000000,3568.399902,3380.068848,461046
2021-03-24,3536.000000,3568.199951,3522.000000,3537.750000,3351.036377,480657
2021-03-25,3535.000000,3564.800049,3429.000000,3443.850098,3262.092529,486516
2021-03-26,3455.350098,3515.000000,3455.350098,3504.600098,3319.636230,273033
2021-03-30,3514.000000,3625.000000,3510.050049,3616.000000,3425.156738,567450
2021-03-31,3616.000000,3655.000000,3592.500000,3625.050049,3433.729248,441583
2021-04-01,3635.000000,3670.000000,3610.250000,3618.500000,3427.524658,460658
2021-04-05,3635.000000,3720.000000,3630.000000,3700.350098,3505.055176,807938
2021-04-06,3708.000000,3736.399902,3680.000000,3730.600098,3533.708496,462351
2021-04-07,3732.000000,3820.000000,3711.550049,3808.550049,3607.544434,633677
2021-04-08,3780.000000,3834.000000,3761.050049,3816.750000,3675.139893,613388
2021-04-09,3816.750000,3843.699951,3790.000000,3797.699951,3656.796631,526934
2021-04-12,3777.949951,3850.000000,3750.000000,3812.750000,3671.288330,1108910
2021-04-13,3814.100098,3847.000000,3729.050049,3746.000000,3607.014893,411660
2021-04-15,3751.000000,3799.899902,3673.000000,3692.699951,3555.692383,494464
2021-04-16,3695.500000,3733.949951,3676.550049,3696.500000,3559.351318,251741
2021-04-19,3685.000000,3755.000000,3653.050049,3742.800049,3603.933838,560398
2021-04-20,3731.899902,3752.750000,3690.100098,3729.899902,3591.512207,331477
2021-04-22,3725.100098,3766.000000,3692.149902,3752.000000,3612.792236,424370
2021-04-23,3755.000000,3760.899902,3640.500000,3650.300049,3514.865723,491834
2021-04-26,3661.100098,3662.000000,3531.000000,3539.199951,3407.887695,1031406
2021-04-27,3572.699951,3574.600098,3517.000000,3541.199951,3409.813477,813608
2021-04-28,3488.000000,3527.000000,3469.000000,3478.750000,3349.680420,1498181
2021-04-29,3496.750000,3505.899902,3447.000000,3468.899902,3340.195801,611087
2021-04-30,3460.000000,3468.350098,3437.000000,3449.000000,3321.034180,436187
2021-05-03,3439.100098,3478.699951,3431.600098,3439.250000,3311.645752,570022
2021-05-04,3432.000000,3462.000000,3420.000000,3435.850098,3308.372314,337838
2021-05-05,3441.100098,3458.899902,3436.250000,3451.600098,3323.537842,234116
2021-05-06,3452.000000,3491.500000,3439.699951,3452.050049,3323.971191,384450
2021-05-07,3484.699951,3484.699951,3452.250000,3461.250000,3332.829834,189156
2021-05-10,3478.000000,3478.000000,3403.500000,3413.800049,3287.140381,694001
2021-05-11,3413.800049,3434.699951,3396.050049,3418.399902,3291.569580,455412
2021-05-12,3404.000000,3445.000000,3401.149902,3439.550049,3311.935059,252497
2021-05-14,3450.000000,3524.500000,3438.199951,3501.449951,3371.538330,677498
2021-05-17,3518.949951,3533.899902,3496.050049,3507.250000,3377.122803,338003
2021-05-18,3525.199951,3533.899902,3480.000000,3525.449951,3394.647705,474368
2021-05-19,3535.000000,3555.000000,3516.050049,3534.399902,3403.265625,688416
2021-05-20,3500.000000,3517.699951,3415.000000,3422.550049,3295.565430,1046540
2021-05-21,3449.000000,3449.000000,3418.000000,3435.750000,3308.275879,521688
2021-05-24,3459.000000,3459.000000,3371.399902,3379.100098,3253.727539,1643611
2021-05-25,3385.000000,3447.000000,3385.000000,3439.500000,3324.183594,1318946
2021-05-26,3441.050049,3453.850098,3413.050049,3416.000000,3301.471436,373186
2021-05-27,3430.000000,3437.500000,3400.050049,3414.649902,3300.166504,444547
2021-05-28,3417.000000,3449.000000,3410.000000,3423.449951,3308.671631,249529
2021-05-31,3428.750000,3458.399902,3427.250000,3447.850098,3332.253418,352802
2021-06-01,3458.000000,3469.100098,3442.000000,3446.750000,3331.190430,236580
2021-06-02,3446.750000,3486.000000,3446.050049,3475.250000,3358.734863,420074
2021-06-03,3480.000000,3499.500000,3467.399902,3496.250000,3379.031006,380896
2021-06-04,3500.000000,3512.000000,3480.000000,3489.300049,3372.313965,312826
2021-06-07,3506.500000,3555.000000,3478.500000,3542.600098,3423.826904,357312
2021-06-08,3544.500000,3622.000000,3542.600098,3601.750000,3480.993652,787313
2021-06-09,3598.000000,3608.350098,3557.100098,3574.699951,3454.850586,546202
2021-06-10,3571.000000,3611.600098,3555.000000,3576.300049,3456.397217,355092
2021-06-11,3575.000000,3595.000000,3551.000000,3557.899902,3438.613770,301375
2021-06-14,3557.899902,3598.000000,3510.449951,3591.250000,3470.845703,312420
2021-06-15,3593.350098,3640.500000,3593.000000,3631.850098,3510.084717,451019
2021-06-16,3631.050049,3644.800049,3605.050049,3639.449951,3517.429688,232534
2021-06-17,3625.899902,3663.000000,3609.500000,3658.149902,3535.502686,300185
2021-06-18,3661.399902,3679.000000,3595.000000,3619.199951,3497.858643,731807
2021-06-21,3600.000000,3653.949951,3581.100098,3648.850098,3526.514648,231475
2021-06-22,3650.000000,3665.000000,3616.000000,3650.899902,3528.495850,235555
2021-06-23,3652.000000,3684.300049,3631.000000,3659.300049,3536.614258,378997
2021-06-24,3659.300049,3704.850098,3651.000000,3689.100098,3565.415039,385390
2021-06-25,3709.899902,3709.899902,3644.899902,3670.050049,3547.003906,176772
2021-06-28,3670.050049,3685.000000,3643.000000,3667.250000,3544.297607,181793
2021-06-29,3655.000000,3667.100098,3610.050049,3657.149902,3534.536133,357263
2021-06-30,3675.000000,3690.000000,3632.949951,3649.649902,3527.287598,428387
2021-07-01,3640.000000,3661.000000,3580.649902,3595.800049,3475.243164,612678
2021-07-02,3609.000000,3609.000000,3535.000000,3545.300049,3426.436279,292855
2021-07-05,3564.000000,3584.500000,3512.399902,3523.550049,3405.415527,519061
2021-07-06,3526.000000,3533.850098,3508.649902,3519.000000,3401.018066,282115
2021-07-07,3521.000000,3542.000000,3506.000000,3521.350098,3403.289551,524482
2021-07-08,3499.000000,3525.899902,3473.250000,3491.399902,3374.343506,627227
2021-07-09,3491.000000,3518.000000,3468.000000,3475.949951,3359.411377,595359
2021-07-12,3482.199951,3500.000000,3464.100098,3470.399902,3354.047607,146119
2021-07-13,3488.750000,3489.449951,3465.100098,3485.500000,3368.641357,182918
2021-07-14,3474.000000,3488.149902,3454.149902,3485.750000,3368.883057,458955
2021-07-15,3503.000000,3503.000000,3455.500000,3460.850098,3344.817871,264604
2021-07-16,3460.000000,3472.699951,3437.100098,3441.000000,3325.633057,399006
2021-07-19,3440.399902,3457.500000,3426.100098,3450.149902,3334.476318,226731
2021-07-20,3455.000000,3466.949951,3426.500000,3433.550049,3318.433105,152954
2021-07-22,3449.500000,3449.500000,3415.000000,3425.300049,3310.459473,389457
2021-07-23,3427.000000,3452.500000,3425.300049,3439.800049,3324.473389,247778
2021-07-26,3439.949951,3498.000000,3431.000000,3482.000000,3365.258789,433827
2021-07-27,3496.000000,3504.850098,3435.149902,3450.750000,3335.056152,210607
2021-07-28,3469.000000,3469.000000,3410.000000,3424.100098,3309.299805,352127
2021-07-29,3424.199951,3428.949951,3402.000000,3405.600098,3291.420166,321411
2021-07-30,3424.000000,3440.000000,3378.000000,3423.399902,3308.623291,988317
2021-08-02,3446.699951,3542.000000,3440.050049,3504.649902,3387.149170,1887580
2021-08-03,3550.000000,3579.000000,3531.000000,3573.199951,3453.400879,1326045
2021-08-04,3579.000000,3599.000000,3540.000000,3578.300049,3458.330078,478788
2021-08-05,3578.300049,3617.699951,3547.600098,3611.149902,3490.078369,497146
2021-08-06,3611.149902,3620.000000,3590.100098,3604.000000,3483.168213,258380
2021-08-09,3619.899902,3649.000000,3606.250000,3636.100098,3514.192139,444706
2021-08-10,3636.100098,3644.000000,3611.500000,3637.199951,3515.255127,249493
2021-08-11,3637.199951,3648.949951,3571.100098,3625.500000,3503.947510,233115
2021-08-12,3634.399902,3642.949951,3607.500000,3620.800049,3499.405029,232971
2021-08-13,3620.800049,3644.100098,3575.100098,3579.550049,3459.538086,323144
2021-08-16,3570.000000,3673.949951,3553.050049,3655.300049,3532.748291,348972
2021-08-17,3670.000000,3707.600098,3668.000000,3696.500000,3572.566895,579154
2021-08-18,3708.800049,3730.000000,3686.949951,3720.750000,3596.003906,426843
2021-08-20,3640.000000,3967.500000,3635.300049,3895.949951,3765.329834,1567252
2021-08-23,3910.000000,3964.649902,3850.600098,3866.250000,3736.625732,645088
2021-08-24,3874.850098,3892.000000,3795.500000,3812.199951,3684.387939,437167
2021-08-25,3812.199951,3898.000000,3797.000000,3842.800049,3713.961914,360778
2021-08-26,3825.199951,3946.949951,3825.199951,3930.899902,3799.108154,1114234
2021-08-27,3944.699951,3972.949951,3911.750000,3941.550049,3809.401367,475524
2021-08-30,3960.000000,3993.550049,3932.199951,3986.350098,3852.699219,466524
2021-08-31,3995.000000,4027.300049,3960.000000,3997.500000,3863.475342,688613
2021-09-01,3984.600098,4025.899902,3963.850098,4015.350098,3880.726807,352460
2021-09-02,4015.000000,4104.000000,4002.050049,4086.100098,3949.104980,525680
2021-09-03,4105.000000,4134.700195,4073.149902,4124.200195,3985.927734,426377
2021-09-06,4144.399902,4149.299805,4061.000000,4079.050049,3942.291260,312608
2021-09-07,4096.899902,4129.600098,4080.000000,4095.449951,3958.141357,259534
2021-09-08,4079.800049,4087.899902,4015.699951,4061.399902,3925.232910,236283
2021-09-09,4058.800049,4118.799805,4050.100098,4070.800049,3934.317871,295134
2021-09-13,4070.800049,4103.000000,4058.800049,4093.850098,3956.594971,171201
2021-09-14,4097.000000,4153.000000,4082.399902,4101.500000,3963.988525,419441
2021-09-15,4105.200195,4135.000000,4071.050049,4086.350098,3949.346436,218163
2021-09-16,4086.350098,4120.000000,4039.800049,4073.050049,3936.492432,243636
2021-09-17,4077.399902,4115.000000,4041.000000,4051.850098,3916.003174,621517
2021-09-20,4035.000000,4115.000000,4000.000000,4084.500000,3947.558594,291097
2021-09-21,4062.199951,4111.549805,4053.000000,4075.550049,3938.908691,424258
2021-09-22,4082.000000,4105.000000,4049.100098,4058.500000,3922.430176,259937
2021-09-23,4060.000000,4075.449951,4017.500000,4042.350098,3906.821777,322858
2021-09-24,4040.000000,4098.950195,4030.000000,4042.899902,3907.353027,373614
2021-09-27,4049.899902,4064.600098,4000.000000,4009.600098,3875.169678,248898
2021-09-28,4005.199951,4068.949951,3990.050049,4003.649902,3869.418945,354948
2021-09-29,3982.000000,4019.899902,3959.149902,3972.750000,3839.555176,332446
2021-09-30,3972.000000,3993.000000,3940.300049,3948.949951,3816.552979,217501
2021-10-01,3958.800049,3958.800049,3885.000000,3921.100098,3789.636963,181917
2021-10-04,3910.000000,3967.250000,3881.000000,3892.899902,3762.382080,372752
2021-10-05,3894.000000,3905.250000,3865.500000,3882.199951,3752.041016,131731
2021-10-06,3893.000000,3993.149902,3882.250000,3938.600098,3806.550293,409840
2021-10-07,3959.800049,3963.649902,3877.449951,3900.600098,3769.824219,187556
2021-10-08,3915.000000,3929.000000,3846.850098,3883.300049,3753.104248,316870
2021-10-11,3880.000000,3900.750000,3831.199951,3840.600098,3711.835938,253051
2021-10-12,3821.000000,3874.750000,3815.000000,3867.949951,3738.268799,253262
2021-10-13,3871.399902,3894.100098,3854.500000,3883.699951,3753.490723,174222
2021-10-14,3912.000000,3925.000000,3881.000000,3894.850098,3764.266846,299078
2021-10-18,3960.000000,3960.000000,3825.000000,3837.350098,3708.694824,256837
2021-10-19,3860.350098,3868.350098,3780.000000,3795.899902,3668.634277,282932
2021-10-20,3800.000000,3917.350098,3740.000000,3762.000000,3635.871094,523002
2021-10-21,3798.500000,3798.500000,3680.000000,3714.350098,3589.818604,335589
2021-10-22,3734.000000,3760.000000,3650.000000,3690.000000,3566.284912,192033
2021-10-25,3690.000000,3696.550049,3617.699951,3631.050049,3509.311279,289025
2021-10-26,3649.000000,3705.050049,3605.850098,3692.800049,3568.991211,326825
2021-10-27,3700.899902,3731.199951,3681.449951,3697.850098,3573.871826,441016
2021-10-28,3725.000000,3728.699951,3654.000000,3681.899902,3558.456543,193658
2021-10-29,3681.000000,3708.949951,3641.050049,3675.750000,3552.512695,283538
2021-11-01,3694.000000,3700.000000,3651.100098,3678.149902,3554.832031,139766
2021-11-02,3680.199951,3707.600098,3667.050049,3682.899902,3559.422852,151547
2021-11-03,3695.000000,3699.800049,3618.050049,3629.850098,3508.151611,185296
2021-11-04,3629.850098,3629.850098,3629.850098,3629.850098,3508.151611,0
2021-11-08,3666.000000,3728.850098,3620.000000,3717.699951,3593.056152,336938
2021-11-09,3590.000000,3639.000000,3535.149902,3621.600098,3500.178223,1399094
2021-11-10,3629.449951,3720.000000,3600.000000,3698.500000,3574.500000,706755
2021-11-11,3699.100098,3718.000000,3633.300049,3643.399902,3521.247314,298625
2021-11-12,3668.600098,3701.949951,3641.250000,3687.949951,3564.303711,275060
2021-11-15,3700.000000,3747.600098,3674.000000,3742.600098,3617.121338,320669
2021-11-16,3751.000000,3760.000000,3681.000000,3690.750000,3567.009766,199179
2021-11-17,3690.750000,3699.949951,3607.800049,3615.050049,3493.847900,250996
2021-11-18,3644.800049,3644.800049,3555.000000,3571.600098,3451.854736,248828
2021-11-22,3589.000000,3628.500000,3570.000000,3581.600098,3461.519531,364653
2021-11-23,3577.800049,3670.000000,3574.000000,3662.149902,3539.368652,365672
2021-11-24,3660.000000,3674.000000,3610.000000,3623.350098,3501.869629,149025
2021-11-25,3610.500000,3633.800049,3566.000000,3573.399902,3453.594238,232784
2021-11-26,3560.000000,3635.100098,3533.949951,3555.300049,3436.101318,372530
2021-11-29,3550.000000,3550.000000,3469.100098,3528.600098,3410.296387,281082
2021-11-30,3514.000000,3565.000000,3501.100098,3545.500000,3426.629639,633377
2021-12-01,3550.500000,3606.699951,3528.000000,3535.250000,3416.723389,312855
2021-12-02,3540.000000,3607.300049,3530.000000,3578.500000,3458.523193,377041
2021-12-03,3557.000000,3593.449951,3550.000000,3553.750000,3434.603027,313990
2021-12-06,3556.000000,3581.100098,3490.000000,3496.199951,3378.982422,165986
2021-12-07,3502.050049,3529.000000,3467.000000,3474.199951,3357.719971,254445
2021-12-08,3489.949951,3582.449951,3483.000000,3575.750000,3455.865479,326189
2021-12-09,3565.000000,3634.449951,3564.000000,3623.899902,3502.400879,284117
2021-12-10,3623.899902,3642.000000,3604.399902,3632.449951,3510.664551,190379
2021-12-13,3641.000000,3658.350098,3576.949951,3588.750000,3468.429443,311904
2021-12-14,3580.000000,3597.449951,3543.050049,3579.649902,3459.634521,297867
2021-12-15,3571.000000,3579.600098,3521.500000,3541.600098,3422.860352,152079
2021-12-16,3550.000000,3571.649902,3536.649902,3560.600098,3441.223633,121782
2021-12-17,3546.000000,3556.000000,3500.000000,3536.149902,3417.593018,307396
2021-12-20,3522.000000,3530.000000,3430.100098,3471.899902,3355.497070,382144
2021-12-21,3473.899902,3541.350098,3461.050049,3505.750000,3388.212402,222991
2021-12-22,3522.000000,3538.600098,3484.600098,3497.000000,3379.755615,257611
2021-12-23,3503.100098,3560.000000,3502.000000,3554.600098,3435.424561,163291
2021-12-24,3560.000000,3565.000000,3519.000000,3541.300049,3422.570313,136780
2021-12-27,3540.000000,3544.550049,3506.699951,3513.199951,3395.412354,94111
2021-12-28,3531.000000,3562.000000,3511.100098,3550.649902,3431.606934,99497
2021-12-29,3550.649902,3569.800049,3525.199951,3559.600098,3440.257080,163737
2021-12-30,3570.000000,3586.000000,3526.050049,3573.899902,3454.077148,167005
2021-12-31,3586.000000,3623.199951,3569.050049,3606.000000,3485.101318,244207
2022-01-03,3610.000000,3626.000000,3582.199951,3617.550049,3496.264160,149689
2022-01-04,3623.000000,3643.850098,3610.000000,3638.449951,3516.463379,317247
2022-01-05,3638.000000,3689.000000,3633.050049,3659.699951,3537.000732,245395
2022-01-06,3659.699951,3686.949951,3625.800049,3675.100098,3551.884521,340345
2022-01-07,3685.000000,3742.000000,3682.850098,3737.350098,3612.047607,241905
2022-01-10,3737.350098,3778.000000,3727.899902,3768.300049,3641.959717,351447
2022-01-11,3768.300049,3800.949951,3738.100098,3743.350098,3617.846436,206008
2022-01-12,3750.000000,3759.750000,3691.000000,3700.199951,3576.142822,311095
2022-01-13,3700.199951,3759.949951,3691.300049,3749.050049,3623.355225,129143
2022-01-14,3749.050049,3754.899902,3695.300049,3712.050049,3587.595703,97013
2022-01-17,3697.000000,3712.800049,3642.350098,3665.149902,3542.268066,170221
2022-01-18,3668.000000,3694.699951,3611.100098,3621.899902,3500.468018,168104
2022-01-19,3620.000000,3627.550049,3565.000000,3575.649902,3455.768799,129227
2022-01-20,3590.000000,3624.000000,3576.500000,3605.149902,3484.279785,173547
2022-01-21,3606.000000,3629.000000,3575.699951,3618.300049,3496.989014,162594
2022-01-24,3610.000000,3626.550049,3505.000000,3523.850098,3405.705566,240598
2022-01-25,3502.000000,3565.449951,3430.250000,3539.300049,3420.637451,306411
2022-01-27,3535.000000,3535.000000,3435.649902,3494.149902,3377.001221,353612
2022-01-28,3494.149902,3595.000000,3494.149902,3509.649902,3391.981445,249034
2022-01-31,3510.000000,3636.000000,3510.000000,3535.300049,3416.771484,462842
2022-02-01,3560.000000,3710.000000,3545.050049,3656.600098,3534.004883,631482
2022-02-02,3670.000000,3670.000000,3604.800049,3621.050049,3499.646729,209928
2022-02-03,3622.000000,3652.000000,3555.000000,3562.399902,3442.962891,203975
2022-02-04,3583.449951,3593.699951,3540.000000,3562.000000,3442.576416,162672
2022-02-07,3561.949951,3579.800049,3440.000000,3448.600098,3332.978516,279194
2022-02-08,3441.000000,3490.000000,3418.399902,3473.449951,3356.995117,363856
2022-02-09,3509.000000,3540.699951,3473.449951,3517.350098,3399.423584,172750
2022-02-10,3522.000000,3543.850098,3485.000000,3534.550049,3416.046631,172088
2022-02-11,3499.000000,3509.350098,3429.000000,3480.550049,3363.857422,340217
2022-02-14,3428.000000,3455.000000,3388.050049,3398.000000,3284.074707,209831
2022-02-15,3425.000000,3490.000000,3400.000000,3477.899902,3361.296143,209065
2022-02-16,3480.000000,3498.800049,3435.000000,3462.000000,3345.928955,190567
2022-02-17,3482.600098,3483.000000,3430.000000,3464.100098,3347.958740,173362
2022-02-18,3450.000000,3495.000000,3444.149902,3481.649902,3364.920410,121161
2022-02-21,3431.100098,3500.000000,3430.000000,3475.250000,3358.734863,138287
2022-02-22,3405.000000,3498.000000,3405.000000,3489.750000,3372.748535,246372
2022-02-23,3497.750000,3530.000000,3470.000000,3511.149902,3393.431152,326853
2022-02-24,3439.500000,3504.000000,3414.000000,3446.000000,3330.465576,529995
2022-02-25,3435.000000,3444.000000,3350.399902,3422.750000,3307.994873,722637
2022-02-28,3405.000000,3440.000000,3327.350098,3427.449951,3312.537354,426929
2022-03-02,3420.949951,3420.949951,3371.750000,3391.750000,3278.034424,416582
2022-03-03,3405.000000,3439.550049,3350.000000,3366.399902,3253.534180,429892
2022-03-04,3350.000000,3394.850098,3275.000000,3371.350098,3258.318359,331936
2022-03-07,3300.000000,3300.550049,3138.550049,3153.449951,3047.723877,711477
2022-03-08,3115.000000,3180.000000,3050.000000,3113.750000,3009.354980,541966
2022-03-09,3144.000000,3170.000000,3093.699951,3123.850098,3019.116455,483468
2022-03-10,3225.000000,3248.000000,3144.800049,3222.949951,3114.893799,490457
2022-03-11,3250.000000,3256.600098,3192.800049,3199.899902,3092.616455,362091
2022-03-14,3199.899902,3215.000000,3145.100098,3185.850098,3079.037598,335292
2022-03-15,3186.000000,3249.000000,3181.649902,3222.850098,3114.797363,258636
2022-03-16,3244.000000,3318.350098,3232.250000,3313.649902,3202.552734,239522
2022-03-17,3322.000000,3362.000000,3300.550049,3355.949951,3243.434814,436218
2022-03-21,3350.000000,3350.000000,3230.000000,3237.550049,3129.004395,354460
2022-03-22,3230.000000,3250.000000,3132.250000,3158.399902,3052.508057,583821
2022-03-23,3167.399902,3173.850098,3092.000000,3102.250000,2998.240479,1044283
2022-03-24,3087.000000,3130.000000,3080.550049,3103.850098,2999.786865,459226
2022-03-25,3110.000000,3122.750000,3074.100098,3094.500000,2990.750244,339040
2022-03-28,3094.500000,3118.949951,3060.050049,3094.800049,2991.040283,310240
2022-03-29,3112.000000,3134.000000,3090.199951,3103.800049,2999.738525,359318
2022-03-30,3123.649902,3160.000000,3114.649902,3148.399902,3042.843262,450273
2022-03-31,3149.300049,3218.500000,3147.300049,3206.399902,3098.898438,413897
2022-04-01,3210.000000,3237.899902,3191.649902,3230.649902,3122.335449,260712
2022-04-04,3230.000000,3276.399902,3215.000000,3270.000000,3160.366211,275388
2022-04-05,3280.000000,3314.949951,3271.899902,3303.399902,3192.646484,236853
2022-04-06,3282.000000,3295.000000,3254.649902,3282.500000,3172.447266,245111
2022-04-07,3275.000000,3322.000000,3265.649902,3294.100098,3183.658447,302703
2022-04-08,3287.000000,3354.300049,3287.000000,3347.899902,3235.654541,168952
2022-04-11,3347.899902,3370.000000,3297.050049,3350.649902,3238.312256,186130
2022-04-12,3340.000000,3364.899902,3302.300049,3344.100098,3231.982178,238043
2022-04-13,3340.000000,3388.000000,3340.000000,3349.649902,3237.345947,205852
2022-04-18,3345.000000,3367.899902,3306.050049,3343.899902,3231.788574,197878
2022-04-19,3343.899902,3388.000000,3245.300049,3267.899902,3158.336670,296680
2022-04-20,3266.000000,3335.000000,3242.000000,3304.199951,3193.419678,235572
2022-04-21,3297.000000,3369.949951,3274.399902,3359.899902,3247.252197,152205
2022-04-22,3341.300049,3377.500000,3325.000000,3364.100098,3251.311523,148494
2022-04-25,3280.000000,3347.050049,3132.050049,3295.899902,3185.397949,630312
2022-04-26,3308.300049,3402.000000,3301.300049,3372.699951,3259.623047,398545
2022-04-27,3350.000000,3384.699951,3312.149902,3338.250000,3226.328125,248769
2022-04-28,3270.000000,3391.550049,3263.100098,3357.899902,3245.319092,322548
2022-04-29,3360.100098,3370.899902,3266.500000,3279.250000,3169.306152,259398
2022-05-02,3242.000000,3284.899902,3203.000000,3271.300049,3161.622803,215783
2022-05-04,3340.000000,3596.000000,3328.149902,3385.449951,3271.945557,2871830
2022-05-05,3410.000000,3423.550049,3260.000000,3277.000000,3167.131592,623098
2022-05-06,3245.000000,3323.850098,3187.100098,3307.800049,3196.898926,560373
2022-05-09,3282.500000,3338.300049,3225.000000,3252.050049,3143.018066,403409
2022-05-10,3261.000000,3320.600098,3235.000000,3246.550049,3137.702637,285192
2022-05-11,3240.000000,3283.800049,3195.000000,3259.850098,3150.556641,269579
2022-05-12,3225.500000,3239.949951,3156.899902,3216.850098,3108.998535,310942
2022-05-13,3225.000000,3321.000000,3225.000000,3278.500000,3168.581299,326757
2022-05-16,3337.000000,3337.949951,3253.399902,3284.899902,3174.766602,270772
2022-05-17,3289.000000,3382.899902,3285.449951,3368.850098,3255.902344,277190
2022-05-18,3350.000000,3432.649902,3350.000000,3394.350098,3280.547363,435712
2022-05-19,3365.000000,3388.600098,3308.050049,3332.050049,3220.336182,394058
2022-05-20,3360.000000,3463.800049,3352.000000,3450.250000,3334.573242,525530
2022-05-23,3451.250000,3538.000000,3451.250000,3487.050049,3370.139404,524978
2022-05-24,3515.000000,3518.000000,3440.000000,3470.449951,3354.095703,230532
2022-05-25,3491.699951,3525.000000,3472.149902,3516.500000,3398.602051,286553
2022-05-26,3550.000000,3577.850098,3513.500000,3560.949951,3441.561523,545260
2022-05-27,3583.000000,3583.350098,3510.250000,3557.600098,3438.323975,165721
2022-05-30,3561.399902,3617.649902,3541.600098,3576.250000,3456.348633,213495
2022-05-31,3576.600098,3700.000000,3555.250000,3647.800049,3525.499756,562987
2022-06-01,3649.100098,3669.750000,3533.000000,3551.300049,3432.235352,241386
2022-06-02,3570.000000,3583.800049,3505.750000,3577.050049,3457.121826,213099
2022-06-03,3575.000000,3597.100098,3493.000000,3530.000000,3411.649170,271462
2022-06-06,3530.000000,3535.000000,3450.050049,3491.949951,3374.875000,153889
2022-06-07,3465.000000,3478.899902,3354.000000,3383.449951,3270.012695,338018
2022-06-08,3385.000000,3402.600098,3310.000000,3361.500000,3248.798584,320103
2022-06-09,3361.149902,3382.050049,3306.000000,3347.250000,3235.026367,347351
2022-06-10,3316.000000,3372.250000,3301.100098,3360.850098,3248.170410,503822
2022-06-13,3339.000000,3375.000000,3310.949951,3359.000000,3246.382324,463899
2022-06-14,3359.550049,3393.000000,3330.050049,3382.850098,3269.432861,224645
2022-06-15,3388.000000,3402.899902,3352.050049,3385.399902,3271.897217,245702
2022-06-16,3400.100098,3431.899902,3372.050049,3390.399902,3276.729492,481507
2022-06-17,3390.399902,3390.399902,3300.300049,3332.100098,3220.384277,527370
2022-06-20,3300.000000,3399.899902,3270.949951,3378.600098,3321.648193,364703
2022-06-21,3378.600098,3472.850098,3375.050049,3429.300049,3371.493408,223641
2022-06-22,3412.000000,3454.899902,3386.199951,3403.649902,3346.275635,170854
2022-06-23,3414.949951,3447.850098,3390.500000,3411.449951,3353.944336,351311
2022-06-24,3429.000000,3504.949951,3429.000000,3469.350098,3410.868408,301133
2022-06-27,3502.000000,3505.949951,3447.250000,3459.100098,3400.791260,419730
2022-06-28,3455.000000,3469.899902,3388.050049,3434.699951,3376.802246,182574
2022-06-29,3434.699951,3455.600098,3360.000000,3404.149902,3346.767334,374478
2022-06-30,3380.000000,3483.149902,3380.000000,3466.399902,3407.968018,479308
2022-07-01,3412.000000,3600.000000,3412.000000,3584.350098,3523.929932,292487
2022-07-04,3575.000000,3713.449951,3575.000000,3700.449951,3638.072754,614359
2022-07-05,3709.000000,3714.000000,3636.000000,3656.600098,3594.961914,612519
2022-07-06,3650.149902,3840.899902,3642.250000,3830.800049,3766.225586,1043070
2022-07-07,3828.000000,3882.100098,3799.850098,3810.250000,3746.021973,519620
2022-07-08,3830.000000,3850.949951,3792.500000,3816.949951,3752.608887,379513
2022-07-11,3829.199951,3840.399902,3780.000000,3795.399902,3731.422119,208602
2022-07-12,3783.000000,3787.850098,3716.149902,3725.500000,3662.700439,283587
2022-07-13,3731.050049,3762.100098,3712.100098,3726.000000,3663.192139,164377
2022-07-14,3726.000000,3789.000000,3713.050049,3774.149902,3710.530273,265732
2022-07-15,3785.000000,3862.800049,3779.100098,3848.899902,3784.020264,660790
2022-07-18,3860.000000,3880.000000,3759.000000,3774.949951,3711.316895,455399
2022-07-19,3774.949951,3797.100098,3742.300049,3787.449951,3723.606201,228968
2022-07-20,3805.000000,3849.000000,3793.850098,3828.300049,3763.767578,440495
2022-07-21,3844.000000,3865.750000,3821.000000,3855.500000,3790.509033,282104
2022-07-22,3860.000000,3929.000000,3843.649902,3871.449951,3806.190186,433423
2022-07-25,3871.449951,3915.000000,3850.000000,3885.899902,3820.396484,290157
2022-07-26,3900.000000,3900.000000,3795.500000,3807.149902,3742.974121,267527
2022-07-27,3800.000000,3863.899902,3781.149902,3854.550049,3789.575195,200264
2022-07-28,3863.500000,3882.000000,3836.399902,3869.350098,3804.125732,316008
2022-07-29,3883.000000,3949.350098,3876.899902,3900.399902,3834.652100,418970
2022-08-01,3900.399902,3916.000000,3838.199951,3855.649902,3790.656494,323129
2022-08-02,3875.000000,3909.000000,3758.100098,3788.149902,3724.294189,355859
2022-08-03,3780.000000,3793.350098,3726.050049,3770.000000,3706.450439,428088
2022-08-04,3762.750000,3792.000000,3726.000000,3775.050049,3711.415283,506667
2022-08-05,3745.000000,3835.899902,3678.850098,3688.100098,3625.930908,798850
2022-08-08,3688.100098,3701.899902,3612.800049,3631.399902,3570.186523,310094
2022-08-10,3640.000000,3674.800049,3624.050049,3647.750000,3586.260986,191222
2022-08-11,3666.000000,3682.800049,3632.199951,3640.300049,3578.936768,167070
2022-08-12,3650.000000,3667.300049,3607.649902,3659.750000,3598.058838,228587
2022-08-16,3678.050049,3723.949951,3675.000000,3690.449951,3628.241211,239514
2022-08-17,3693.000000,3714.949951,3681.149902,3705.199951,3642.742676,353941
2022-08-18,3712.000000,3726.949951,3681.050049,3693.050049,3630.797607,232262
2022-08-19,3693.050049,3709.449951,3642.449951,3662.550049,3600.811768,177955
2022-08-22,3662.550049,3733.000000,3635.050049,3676.449951,3614.477295,366371
2022-08-23,3650.000000,3704.949951,3638.000000,3678.699951,3616.689209,189150
2022-08-24,3677.000000,3688.000000,3636.449951,3659.149902,3597.468750,187721
2022-08-25,3677.449951,3678.199951,3640.000000,3646.600098,3585.130615,208578
2022-08-26,3664.850098,3668.000000,3627.100098,3650.149902,3588.620605,220796
2022-08-29,3618.000000,3730.000000,3585.250000,3707.649902,3645.151367,525684
2022-08-30,3717.000000,3766.149902,3717.000000,3747.750000,3684.575439,467342
2022-09-01,3730.000000,3745.399902,3672.100098,3718.149902,3655.474365,314888
2022-09-02,3736.750000,3758.899902,3700.000000,3704.250000,3641.808594,202152
2022-09-05,3681.000000,3715.000000,3658.100098,3662.600098,3600.860840,234232
2022-09-06,3672.000000,3692.600098,3595.000000,3608.800049,3547.967773,390746
2022-09-07,3600.000000,3674.800049,3588.000000,3667.899902,3606.071289,287734
2022-09-08,3683.000000,3687.000000,3632.899902,3672.649902,3610.741211,384831
2022-09-09,3685.500000,3700.000000,3641.850098,3649.500000,3587.981689,134487
2022-09-12,3649.500000,3649.500000,3649.500000,3649.500000,3587.981689,0
2022-09-13,3665.000000,3765.000000,3665.000000,3757.699951,3694.357666,398871
2022-09-14,3708.000000,3761.699951,3708.000000,3747.000000,3683.838135,389253
2022-09-15,3765.000000,3789.000000,3713.050049,3721.550049,3658.817139,311462
2022-09-16,3703.550049,3741.399902,3621.100098,3639.550049,3578.199463,559137
2022-09-19,3635.000000,3642.149902,3564.100098,3592.350098,3531.794922,211795
2022-09-20,3610.350098,3665.000000,3602.000000,3650.600098,3589.063232,346604
2022-09-21,3646.000000,3789.000000,3637.000000,3765.649902,3702.173584,773841
2022-09-22,3764.000000,3835.449951,3751.000000,3825.949951,3761.457275,687172
2022-09-23,3825.949951,3842.800049,3782.350098,3796.699951,3732.700195,326581
2022-09-26,3796.699951,3827.850098,3775.500000,3787.500000,3723.655273,626882
2022-09-27,3806.449951,3889.800049,3800.000000,3824.149902,3759.687500,584760
2022-09-28,3817.899902,3868.000000,3795.600098,3853.199951,3788.247803,364917
2022-09-29,3871.449951,3873.000000,3810.000000,3864.500000,3799.357422,450207
2022-09-30,3870.000000,3887.649902,3820.050049,3843.050049,3778.269043,309896
2022-10-03,3862.000000,3878.199951,3753.800049,3768.949951,3705.417969,251830
2022-10-04,3807.000000,3826.649902,3775.550049,3818.149902,3753.788574,153835
2022-10-06,3837.250000,3847.649902,3760.699951,3767.550049,3704.041748,308216
2022-10-07,3776.000000,3795.000000,3732.250000,3785.649902,3721.836426,318472
2022-10-10,3750.000000,3812.000000,3717.000000,3797.850098,3733.831055,185199
2022-10-11,3816.850098,3820.699951,3718.000000,3727.899902,3665.059814,202644
2022-10-12,3746.550049,3774.399902,3726.350098,3763.000000,3699.568359,271156
2022-10-13,3771.500000,3794.000000,3748.899902,3784.600098,3720.804443,156770
2022-10-14,3800.100098,3814.899902,3769.250000,3796.250000,3732.257813,350141
2022-10-17,3801.899902,3801.899902,3752.550049,3777.699951,3714.020508,93315
2022-10-18,3796.600098,3804.949951,3748.600098,3766.850098,3703.353516,189866
2022-10-19,3770.000000,3789.500000,3742.000000,3768.500000,3704.975586,182278
2022-10-20,3763.000000,3802.899902,3747.649902,3790.149902,3726.260498,230082
2022-10-21,3793.000000,3814.550049,3761.600098,3792.699951,3728.767578,404955
2022-10-24,3792.699951,3792.699951,3792.699951,3792.699951,3728.767578,0
2022-10-25,3804.000000,3804.899902,3690.000000,3713.100098,3650.509521,228569
2022-10-27,3714.000000,3769.899902,3701.300049,3755.300049,3691.998291,317971
2022-10-28,3767.000000,3792.000000,3732.000000,3777.699951,3714.020508,215005
2022-10-31,3788.000000,3800.000000,3739.350098,3766.550049,3703.058594,198318
2022-11-01,3780.000000,3808.600098,3755.050049,3788.000000,3724.146973,338873
2022-11-02,3788.000000,3794.399902,3714.300049,3723.949951,3661.176514,185469
2022-11-03,3707.000000,3760.550049,3705.449951,3754.050049,3690.769287,140994
2022-11-04,3748.050049,3814.949951,3746.149902,3804.199951,3740.073730,258490
2022-11-07,3930.050049,4190.000000,3930.050049,4139.250000,4069.476074,3142443
2022-11-09,4140.000000,4237.000000,4140.000000,4175.350098,4104.967773,1198458
2022-11-10,4152.600098,4189.649902,4108.299805,4134.649902,4064.953369,417581
2022-11-11,4155.350098,4177.000000,4085.000000,4098.649902,4029.560303,344558
2022-11-14,4100.000000,4153.500000,4074.600098,4103.950195,4034.771240,336120
2022-11-15,4124.500000,4153.600098,4083.250000,4139.350098,4069.574463,325881
2022-11-16,4126.750000,4145.000000,4093.750000,4131.500000,4061.856689,149924
2022-11-17,4120.000000,4150.000000,4105.149902,4125.200195,4055.663086,238478
2022-11-18,4138.000000,4138.000000,4061.100098,4106.049805,4036.835449,281217
2022-11-21,4118.000000,4149.000000,4095.100098,4120.049805,4050.599365,288522
2022-11-22,4133.950195,4164.250000,4107.600098,4157.600098,4087.516846,319387
2022-11-23,4160.000000,4194.049805,4139.500000,4155.149902,4085.107910,247440
2022-11-24,4172.000000,4209.549805,4155.149902,4191.200195,4120.550293,231515
2022-11-25,4212.000000,4212.000000,4148.299805,4183.700195,4113.176758,244021
2022-11-28,4168.850098,4229.299805,4161.000000,4213.049805,4142.031738,222792
2022-11-29,4225.000000,4302.000000,4225.000000,4285.350098,4213.113281,598884
2022-11-30,4297.950195,4387.899902,4290.049805,4362.299805,4288.766113,1101544
2022-12-01,4364.549805,4410.500000,4335.350098,4401.250000,4327.059570,501703
2022-12-02,4400.000000,4444.049805,4380.299805,4432.899902,4358.175781,530333
2022-12-05,4422.850098,4427.649902,4370.000000,4403.350098,4329.124512,212913
2022-12-06,4398.899902,4451.649902,4382.049805,4424.350098,4349.770508,349352
2022-12-07,4424.350098,4435.000000,4383.350098,4393.549805,4319.489258,252294
2022-12-08,4393.549805,4442.649902,4384.200195,4394.899902,4320.816406,282421
2022-12-09,4402.000000,4426.399902,4384.200195,4410.299805,4335.957031,233437
2022-12-12,4419.049805,4439.049805,4384.000000,4432.549805,4357.831543,233360
2022-12-13,4452.000000,4452.000000,4410.000000,4426.549805,4351.933105,158169
2022-12-14,4440.000000,4446.000000,4390.100098,4409.700195,4335.367188,195654
2022-12-15,4428.299805,4485.000000,4412.000000,4465.450195,4390.177734,370501
2022-12-16,4459.500000,4477.149902,4416.700195,4444.700195,4369.777344,346508
2022-12-19,4455.000000,4537.000000,4423.500000,4526.500000,4450.198242,330662
2022-12-20,4529.000000,4533.950195,4467.049805,4509.049805,4433.042480,206833
2022-12-21,4509.049805,4530.000000,4406.149902,4418.850098,4344.362793,303234
2022-12-22,4444.000000,4446.350098,4377.000000,4391.450195,4317.424805,243325
2022-12-23,4375.149902,4398.950195,4324.100098,4331.899902,4258.878418,224215
2022-12-26,4315.500000,4399.899902,4313.799805,4375.350098,4301.596191,166686
2022-12-27,4380.700195,4400.000000,4350.000000,4369.250000,4295.599121,138087
2022-12-28,4362.000000,4407.450195,4362.000000,4385.950195,4312.017578,159245
2022-12-29,4375.000000,4389.750000,4296.549805,4348.299805,4275.001953,244626
2022-12-30,4355.200195,4374.950195,4298.549805,4307.450195,4234.840820,117753
2023-01-02,4379.950195,4379.950195,4275.100098,4292.149902,4219.798340,255314
2023-01-03,4255.100098,4295.649902,4206.299805,4241.850098,4170.346680,496975
2023-01-04,4254.950195,4276.000000,4216.350098,4235.000000,4163.611816,216319
2023-01-05,4235.000000,4387.000000,4235.000000,4313.200195,4240.494141,686633
2023-01-06,4313.200195,4369.000000,4310.000000,4359.049805,4285.570801,297438
2023-01-09,4380.000000,4387.899902,4336.200195,4364.299805,4290.732422,170110
2023-01-10,4360.000000,4363.000000,4317.299805,4326.850098,4253.913574,235445
2023-01-11,4326.000000,4358.649902,4298.000000,4314.299805,4241.575195,224668
2023-01-12,4319.299805,4340.899902,4284.000000,4299.250000,4226.778809,248083
2023-01-13,4304.000000,4370.700195,4287.450195,4336.100098,4263.007813,183772
2023-01-16,4336.100098,4346.450195,4300.000000,4309.600098,4236.954590,84814
2023-01-17,4309.000000,4372.950195,4291.750000,4362.049805,4288.520020,169798
2023-01-18,4360.000000,4422.000000,4355.549805,4393.700195,4319.637207,192855
2023-01-19,4379.799805,4399.950195,4357.100098,4372.399902,4298.695801,139431
2023-01-20,4362.000000,4362.000000,4312.850098,4318.950195,4246.146973,154486
2023-01-23,4330.000000,4357.450195,4319.149902,4337.850098,4264.728516,119143
2023-01-24,4350.799805,4408.950195,4323.200195,4396.049805,4321.947266,135586
2023-01-25,4384.000000,4444.000000,4360.000000,4388.149902,4314.180176,288089
2023-01-27,4435.000000,4439.000000,4353.799805,4380.399902,4306.561035,340484
2023-01-30,4396.500000,4418.000000,4320.000000,4406.750000,4332.466797,218721
2023-01-31,4418.000000,4418.000000,4264.000000,4317.600098,4244.819824,605699
2023-02-01,4329.899902,4444.500000,4326.850098,4370.950195,4297.270508,622541
2023-02-02,4518.950195,4596.000000,4370.000000,4573.049805,4495.963379,1669243
2023-02-03,4590.000000,4659.750000,4570.100098,4628.850098,4550.823242,517467
2023-02-06,4605.000000,4635.299805,4600.000000,4625.649902,4547.676758,315190
2023-02-07,4639.000000,4664.000000,4596.700195,4606.850098,4529.193848,327040
2023-02-08,4604.950195,4640.250000,4578.000000,4594.799805,4517.346680,252710
2023-02-09,4594.850098,4656.100098,4575.149902,4637.350098,4559.179688,284415
2023-02-10,4660.000000,4669.200195,4597.049805,4622.700195,4544.776855,207919
2023-02-13,4600.000000,4636.000000,4579.000000,4588.000000,4510.661621,185536
2023-02-14,4590.299805,4624.000000,4581.000000,4599.850098,4522.312012,245495
2023-02-15,4599.850098,4599.850098,4530.200195,4588.450195,4511.104004,197822
2023-02-16,4597.000000,4617.899902,4567.000000,4572.000000,4494.931152,160313
2023-02-17,4570.000000,4588.000000,4514.799805,4533.250000,4456.834473,203456
2023-02-20,4535.250000,4545.000000,4444.000000,4453.799805,4378.723633,308681
2023-02-21,4454.950195,4527.850098,4450.600098,4503.350098,4427.438477,229380
2023-02-22,4505.000000,4540.899902,4477.700195,4484.500000,4408.906250,262918
2023-02-23,4490.000000,4496.000000,4424.799805,4451.500000,4376.462402,210031
2023-02-24,4460.000000,4495.549805,4419.649902,4442.549805,4367.663086,234456
2023-02-27,4428.549805,4470.000000,4375.000000,4388.250000,4314.278809,162723
2023-02-28,4390.000000,4475.250000,4380.000000,4461.750000,4386.539551,349283
2023-03-01,4439.000000,4454.549805,4355.149902,4379.799805,4305.971191,331092
2023-03-02,4390.000000,4405.000000,4343.049805,4394.200195,4320.128418,147032
2023-03-03,4400.000000,4444.750000,4380.399902,4411.950195,4337.579590,212204
2023-03-06,4389.000000,4389.000000,4279.899902,4319.850098,4247.031738,681562
2023-03-08,4319.850098,4370.000000,4305.750000,4339.649902,4266.498047,228626
2023-03-09,4339.649902,4350.000000,4275.200195,4291.700195,4219.356445,242653
2023-03-10,4307.399902,4361.750000,4282.750000,4311.000000,4238.331055,367075
2023-03-13,4309.000000,4346.049805,4290.000000,4307.600098,4234.988281,282671
2023-03-14,4315.000000,4343.899902,4277.000000,4292.950195,4220.585449,197998
2023-03-15,4315.000000,4323.649902,4237.600098,4243.100098,4171.575684,195193
2023-03-16,4263.950195,4320.000000,4250.000000,4311.200195,4238.527832,260044
2023-03-17,4325.950195,4370.000000,4305.600098,4362.549805,4289.011719,294948
2023-03-20,4364.600098,4366.600098,4262.500000,4331.850098,4258.829590,176552
2023-03-21,4355.000000,4386.000000,4260.000000,4264.700195,4192.811523,231876
2023-03-22,4279.000000,4279.000000,4230.000000,4244.450195,4172.902832,146015
2023-03-23,4250.000000,4255.500000,4196.750000,4242.700195,4171.182617,197372
2023-03-24,4242.000000,4242.000000,4189.850098,4199.950195,4129.152832,198393
2023-03-27,4224.049805,4245.299805,4198.799805,4214.799805,4143.752441,283791
2023-03-28,4229.500000,4229.500000,4153.000000,4200.000000,4129.202148,224554
2023-03-29,4205.000000,4297.950195,4198.950195,4276.200195,4204.117676,316461
2023-03-31,4277.450195,4333.799805,4257.049805,4322.149902,4249.292969,244995
2023-04-03,4344.000000,4346.000000,4282.350098,4324.049805,4251.160645,365323
2023-04-05,4334.000000,4358.899902,4295.000000,4327.549805,4254.601563,390846
2023-04-06,4327.799805,4327.799805,4288.299805,4299.799805,4227.319336,208718
2023-04-10,4299.799805,4299.799805,4243.000000,4266.399902,4194.482422,253654
2023-04-11,4266.399902,4305.299805,4258.250000,4277.350098,4205.248047,248398
2023-04-12,4277.350098,4298.799805,4263.000000,4271.299805,4199.299805,325329
2023-04-13,4239.000000,4350.000000,4222.549805,4264.200195,4264.200195,454438
2023-04-17,4278.000000,4405.000000,4259.700195,4338.600098,4338.600098,631457
2023-04-18,4350.950195,4374.899902,4290.000000,4301.850098,4301.850098,190132
2023-04-19,4326.000000,4326.000000,4270.450195,4293.850098,4293.850098,347248
2023-04-20,4295.000000,4318.500000,4246.299805,4256.399902,4256.399902,164008
2023-04-21,4259.000000,4335.000000,4248.299805,4327.799805,4327.799805,273401
2023-04-24,4327.799805,4339.450195,4297.000000,4311.000000,4311.000000,182843
2023-04-25,4313.000000,4411.000000,4311.000000,4402.549805,4402.549805,353719
2023-04-26,4400.000000,4422.850098,4370.799805,4405.000000,4405.000000,306037
2023-04-27,4407.000000,4429.350098,4397.000000,4415.850098,4415.850098,179769
2023-04-28,4415.950195,4564.850098,4408.649902,4553.549805,4553.549805,482939
2023-05-02,4565.250000,4605.750000,4500.000000,4511.049805,4511.049805,261449
2023-05-03,4490.000000,4548.000000,4443.350098,4527.100098,4527.100098,525015
2023-05-04,4527.049805,4596.000000,4510.000000,4587.049805,4587.049805,244670
2023-05-05,4594.649902,4636.950195,4584.399902,4626.000000,4626.000000,332347
2023-05-08,4640.000000,4700.000000,4573.549805,4598.399902,4598.399902,831450
2023-05-09,4624.000000,4633.250000,4582.549805,4595.149902,4595.149902,367650
2023-05-10,4629.700195,4667.799805,4586.500000,4604.950195,4604.950195,368807
2023-05-11,4610.200195,4652.000000,4605.000000,4635.149902,4635.149902,282060
2023-05-12,4634.000000,4675.000000,4601.850098,4616.500000,4616.500000,311033
2023-05-15,4647.850098,4679.000000,4621.450195,4630.850098,4630.850098,276965
2023-05-16,4632.000000,4660.200195,4565.000000,4606.899902,4606.899902,263119
2023-05-17,4610.000000,4639.200195,4583.649902,4631.899902,4631.899902,268353
2023-05-18,4650.000000,4655.500000,4558.000000,4564.350098,4564.350098,155214
2023-05-19,4588.000000,4593.100098,4484.149902,4499.850098,4499.850098,367664
2023-05-22,4500.000000,4540.250000,4485.000000,4498.950195,4498.950195,172174
2023-05-23,4487.000000,4581.549805,4486.000000,4521.649902,4521.649902,297514
2023-05-24,4538.200195,4569.899902,4501.350098,4519.799805,4519.799805,302733
2023-05-25,4580.000000,4705.450195,4533.250000,4563.299805,4563.299805,861989
2023-05-26,4582.000000,4624.200195,4563.149902,4596.200195,4596.200195,231911
2023-05-29,4611.450195,4625.100098,4566.000000,4575.250000,4575.250000,194968
2023-05-30,4583.000000,4623.500000,4563.000000,4573.250000,4573.250000,199772
2023-05-31,4571.000000,4683.299805,4565.250000,4657.049805,4657.049805,1536463
2023-06-01,4655.000000,4655.000000,4587.549805,4635.250000,4635.250000,188427
2023-06-02,4637.000000,4718.700195,4635.350098,4654.149902,4654.149902,359550
2023-06-05,4659.899902,4712.500000,4657.049805,4682.600098,4682.600098,349558
2023-06-06,4682.600098,4717.700195,4673.049805,4705.399902,4705.399902,185910
2023-06-07,4715.000000,4907.950195,4715.000000,4893.149902,4893.149902,1390193
2023-06-08,4901.899902,4914.750000,4856.500000,4875.049805,4875.049805,381452
2023-06-09,4886.299805,4980.000000,4836.100098,4878.750000,4878.750000,820375
2023-06-12,4899.000000,4910.000000,4865.000000,4900.250000,4900.250000,233763
2023-06-13,4904.950195,4951.649902,4892.299805,4940.100098,4940.100098,326814
2023-06-14,4947.000000,4977.000000,4922.000000,4941.649902,4941.649902,234174
2023-06-15,4950.000000,5019.899902,4914.299805,4975.450195,4975.450195,452909
2023-06-16,4975.450195,5058.600098,4970.000000,5044.700195,5044.700195,407485
2023-06-19,5050.000000,5064.399902,5002.299805,5021.049805,5021.049805,197576
2023-06-20,5021.049805,5062.500000,5008.049805,5056.450195,5056.450195,251372
2023-06-21,5070.600098,5085.250000,5045.649902,5069.549805,5069.549805,272200
2023-06-22,5065.000000,5071.899902,4975.000000,4987.049805,4987.049805,145196
2023-06-23,4972.049805,4986.950195,4945.299805,4970.799805,4970.799805,191942
2023-06-26,4978.950195,5022.000000,4952.299805,5009.200195,5009.200195,179192
2023-06-27,5000.549805,5037.799805,4949.149902,4954.250000,4954.250000,175475
2023-06-28,4989.000000,5019.950195,4959.899902,4992.149902,4992.149902,253814
2023-06-30,4990.200195,5032.350098,4955.049805,5024.549805,5024.549805,196106
2023-07-03,5035.000000,5048.600098,4990.100098,5008.299805,5008.299805,139105
2023-07-04,5008.299805,5024.899902,4972.549805,5010.149902,5010.149902,121493
2023-07-05,5024.799805,5115.399902,4960.500000,5096.100098,5096.100098,186513
2023-07-06,5199.000000,5270.350098,5121.000000,5173.549805,5173.549805,966410
2023-07-07,5173.549805,5189.549805,5042.899902,5054.500000,5054.500000,224712
2023-07-10,5073.000000,5099.450195,4991.500000,5031.850098,5031.850098,308544
2023-07-11,5050.000000,5157.200195,5050.000000,5083.899902,5083.899902,385742
2023-07-12,5083.899902,5114.850098,5042.350098,5073.899902,5073.899902,180640
2023-07-13,5089.899902,5148.000000,5071.450195,5090.350098,5090.350098,232034
2023-07-14,5118.000000,5150.000000,5085.100098,5133.200195,5133.200195,220335
2023-07-17,5149.950195,5199.000000,5121.100098,5143.450195,5143.450195,272290
2023-07-18,5150.000000,5160.549805,5052.000000,5064.149902,5064.149902,189358
2023-07-19,5081.950195,5144.000000,5050.100098,5065.899902,5065.899902,353528
2023-07-20,5070.000000,5094.000000,5016.049805,5052.549805,5052.549805,327126
2023-07-21,5061.549805,5108.950195,5000.000000,5047.000000,5047.000000,438176
2023-07-24,5047.000000,5048.000000,4944.200195,4968.899902,4968.899902,224646
2023-07-25,5007.000000,5007.000000,4875.000000,4885.600098,4885.600098,396810
2023-07-26,4900.000000,4994.950195,4880.000000,4983.600098,4983.600098,231869
2023-07-27,4965.000000,5016.000000,4763.799805,4873.399902,4873.399902,558492
2023-07-28,4904.000000,4959.399902,4851.000000,4903.350098,4903.350098,357681
2023-07-31,4905.100098,4910.399902,4765.250000,4793.950195,4793.950195,800189
2023-08-01,4825.100098,4843.500000,4750.100098,4817.350098,4817.350098,413904
2023-08-02,4839.000000,4839.000000,4770.000000,4809.450195,4809.450195,395487
2023-08-03,4809.950195,4818.600098,4770.000000,4798.950195,4798.950195,239070
2023-08-04,4790.000000,4832.000000,4766.649902,4798.500000,4798.500000,401478
2023-08-07,4751.000000,4815.000000,4618.200195,4659.750000,4659.750000,1079453
2023-08-08,4632.750000,4677.450195,4596.049805,4605.350098,4605.350098,533341
2023-08-09,4619.899902,4633.350098,4575.000000,4600.899902,4600.899902,912658
2023-08-10,4601.000000,4618.649902,4531.299805,4540.450195,4540.450195,587011
2023-08-11,4540.000000,4561.000000,4489.649902,4510.299805,4510.299805,1112908
2023-08-14,4519.700195,4525.000000,4455.000000,4499.600098,4499.600098,557851
2023-08-16,4488.600098,4512.549805,4421.399902,4498.500000,4498.500000,518358
2023-08-17,4498.500000,4525.000000,4472.299805,4501.600098,4501.600098,394002
2023-08-18,4499.000000,4554.799805,4461.000000,4535.049805,4535.049805,423415
2023-08-21,4555.950195,4560.000000,4498.500000,4510.500000,4510.500000,244783
2023-08-22,4524.799805,4524.950195,4490.000000,4511.649902,4511.649902,217446
2023-08-23,4555.000000,4555.000000,4484.700195,4512.450195,4512.450195,346764
2023-08-24,4538.299805,4559.500000,4515.450195,4542.799805,4542.799805,357303
2023-08-25,4544.600098,4560.049805,4506.200195,4525.799805,4525.799805,333873
2023-08-28,4525.000000,4525.799805,4485.600098,4510.950195,4510.950195,343698
2023-08-29,4510.950195,4540.000000,4486.100098,4530.750000,4530.750000,340257
2023-08-30,4552.950195,4558.549805,4511.700195,4550.799805,4550.799805,367571
2023-08-31,4564.899902,4575.000000,4442.000000,4467.750000,4467.750000,874564
2023-09-01,4475.000000,4491.950195,4426.000000,4484.350098,4484.350098,383124
2023-09-04,4484.350098,4511.000000,4449.750000,4507.200195,4507.200195,394391
2023-09-05,4507.200195,4539.000000,4485.000000,4514.950195,4514.950195,453349
2023-09-06,4520.000000,4590.000000,4503.049805,4569.149902,4569.149902,300673
2023-09-07,4590.000000,4590.399902,4521.000000,4530.700195,4530.700195,479124
2023-09-08,4540.700195,4548.600098,4513.799805,4540.500000,4540.500000,278293
2023-09-11,4540.899902,4574.000000,4540.000000,4568.549805,4568.549805,302448
2023-09-12,4568.549805,4574.399902,4508.899902,4567.149902,4567.149902,321129
2023-09-13,4567.149902,4630.450195,4549.100098,4608.250000,4608.250000,435792
2023-09-14,4619.000000,4631.950195,4552.649902,4574.350098,4574.350098,473085
2023-09-15,4583.000000,4589.250000,4518.600098,4532.850098,4532.850098,408326
2023-09-18,4540.000000,4603.000000,4520.000000,4596.200195,4596.200195,304844
2023-09-20,4596.200195,4597.000000,4507.700195,4527.399902,4527.399902,357295
2023-09-21,4520.000000,4565.700195,4478.000000,4558.549805,4558.549805,367638
2023-09-22,4558.549805,4572.000000,4510.000000,4564.649902,4564.649902,210753
2023-09-25,4574.049805,4585.000000,4510.549805,4570.049805,4570.049805,498354
2023-09-26,4570.250000,4609.000000,4549.450195,4600.149902,4600.149902,330231
2023-09-27,4601.200195,4634.049805,4569.000000,4627.350098,4627.350098,358156
2023-09-28,4627.350098,4634.299805,4505.049805,4524.549805,4524.549805,390490
2023-09-29,4555.000000,4560.450195,4501.549805,4537.149902,4537.149902,230125
2023-10-03,4524.799805,4553.250000,4486.600098,4495.450195,4495.450195,543482
2023-10-04,4490.000000,4540.000000,4466.750000,4532.500000,4532.500000,318564
2023-10-05,4540.250000,4548.200195,4500.000000,4533.899902,4533.899902,302015
2023-10-06,4533.850098,4549.450195,4515.000000,4538.450195,4538.450195,238131
2023-10-09,4511.000000,4535.000000,4493.500000,4522.500000,4522.500000,255764
2023-10-10,4522.200195,4541.950195,4503.000000,4529.950195,4529.950195,222750
2023-10-11,4522.000000,4568.950195,4520.649902,4554.950195,4554.950195,368192
2023-10-12,4582.000000,4591.600098,4531.000000,4560.750000,4560.750000,518582
2023-10-13,4550.000000,4582.000000,4515.000000,4574.700195,4574.700195,445822
2023-10-16,4559.950195,4591.450195,4555.000000,4586.049805,4586.049805,292118
2023-10-17,4586.200195,4609.899902,4562.200195,4600.350098,4600.350098,196669
2023-10-18,4605.000000,4623.000000,4586.250000,4607.700195,4607.700195,217179
2023-10-19,4600.049805,4616.000000,4561.700195,4602.450195,4602.450195,228881
2023-10-20,4603.000000,4608.000000,4558.750000,4580.000000,4580.000000,351045
2023-10-23,4572.700195,4600.000000,4516.350098,4530.600098,4530.600098,203004
2023-10-25,4470.000000,4585.600098,4470.000000,4533.750000,4533.750000,330082
2023-10-26,4517.600098,4524.799805,4476.750000,4507.799805,4507.799805,488909
2023-10-27,4512.000000,4544.000000,4491.000000,4514.299805,4514.299805,382794
2023-10-30,4500.000000,4508.700195,4441.000000,4461.600098,4461.600098,450526
2023-10-31,4460.100098,4479.750000,4401.899902,4426.500000,4426.500000,504625
2023-11-01,4442.600098,4456.000000,4347.700195,4397.299805,4397.299805,395359
2023-11-02,4512.100098,4568.799805,4454.250000,4527.250000,4527.250000,822845
2023-11-03,4528.000000,4582.399902,4524.149902,4539.549805,4539.549805,335012
2023-11-06,4554.899902,4628.149902,4546.049805,4623.600098,4623.600098,205763
2023-11-07,4610.100098,4670.000000,4590.850098,4655.200195,4655.200195,282612
2023-11-08,4670.950195,4686.500000,4650.500000,4670.600098,4670.600098,385727
2023-11-09,4670.600098,4685.500000,4630.500000,4652.100098,4652.100098,208210
2023-11-10,4657.450195,4685.850098,4621.000000,4681.950195,4681.950195,142336
2023-11-13,4662.299805,4703.149902,4644.000000,4696.350098,4696.350098,260394
2023-11-15,4723.000000,4725.000000,4667.399902,4710.799805,4710.799805,269650
2023-11-16,4710.000000,4729.000000,4679.600098,4702.100098,4702.100098,178375
2023-11-17,4703.000000,4745.600098,4690.100098,4718.299805,4718.299805,138652
2023-11-20,4691.250000,4739.450195,4690.899902,4712.000000,4712.000000,126069
2023-11-21,4730.000000,4730.000000,4665.000000,4699.750000,4699.750000,129602
2023-11-22,4709.899902,4712.850098,4662.750000,4694.200195,4694.200195,72533
2023-11-23,4699.000000,4710.950195,4678.950195,4705.799805,4705.799805,109775
2023-11-24,4705.799805,4715.000000,4640.500000,4644.149902,4644.149902,123628
2023-11-28,4632.250000,4722.899902,4626.000000,4713.450195,4713.450195,182790
2023-11-29,4715.950195,4832.100098,4701.399902,4803.649902,4803.649902,363702
2023-11-30,4815.000000,4875.950195,4797.500000,4852.649902,4852.649902,961054
2023-12-01,4873.000000,4984.000000,4860.049805,4970.750000,4970.750000,485597
2023-12-04,4990.000000,4994.950195,4915.000000,4937.750000,4937.750000,310152
2023-12-05,4937.750000,4975.000000,4933.000000,4948.399902,4948.399902,280497
2023-12-06,4953.000000,5022.700195,4952.299805,5003.149902,5003.149902,295686
2023-12-07,5003.149902,5025.000000,4963.149902,5016.000000,5016.000000,268095
2023-12-08,5024.000000,5060.000000,4931.000000,4942.200195,4942.200195,282713
2023-12-11,4959.899902,4974.500000,4900.049805,4944.149902,4944.149902,147976
2023-12-12,4968.000000,4971.450195,4875.000000,4903.049805,4903.049805,184238
2023-12-13,4910.000000,4928.000000,4860.000000,4919.299805,4919.299805,153558
2023-12-14,4932.200195,4965.000000,4897.000000,4946.649902,4946.649902,174503
2023-12-15,4938.000000,4969.850098,4880.500000,4913.899902,4913.899902,216579
2023-12-18,4913.850098,4925.500000,4837.049805,4879.500000,4879.500000,223278
2023-12-19,4891.350098,4927.450195,4858.700195,4911.250000,4911.250000,200718
2023-12-20,4920.000000,5051.950195,4916.000000,4954.950195,4954.950195,457942
2023-12-21,4930.000000,5113.299805,4877.549805,5059.600098,5059.600098,796081
2023-12-22,5075.000000,5183.700195,5050.049805,5161.100098,5161.100098,582688
2023-12-26,5155.000000,5244.500000,5146.000000,5235.950195,5235.950195,574310
2023-12-27,5242.000000,5245.000000,5160.000000,5216.799805,5216.799805,241944
2023-12-28,5224.950195,5338.649902,5186.750000,5282.000000,5282.000000,655367
2023-12-29,5260.549805,5386.049805,5238.649902,5338.450195,5338.450195,535691
2024-01-01,5339.000000,5349.899902,5290.000000,5319.799805,5319.799805,130032
2024-01-02,5319.799805,5334.950195,5224.100098,5288.850098,5288.850098,193517
2024-01-03,5288.850098,5333.899902,5240.000000,5253.799805,5253.799805,123303
2024-01-04,5253.799805,5375.000000,5221.000000,5361.299805,5361.299805,413391
2024-01-05,5361.299805,5363.350098,5256.000000,5272.350098,5272.350098,299017
2024-01-08,5305.000000,5305.000000,5171.049805,5177.350098,5177.350098,236628
2024-01-09,5199.000000,5210.200195,5111.000000,5122.399902,5122.399902,194434
2024-01-10,5111.000000,5143.649902,5051.500000,5086.649902,5086.649902,191450
2024-01-11,5102.899902,5186.399902,5076.549805,5136.700195,5136.700195,277823
2024-01-12,5149.000000,5250.399902,5100.049805,5151.100098,5151.100098,462298
2024-01-15,5159.950195,5228.000000,5119.000000,5177.350098,5177.350098,400069
2024-01-16,5168.399902,5218.000000,5107.250000,5130.600098,5130.600098,203028
2024-01-17,5115.049805,5135.250000,5055.000000,5061.700195,5061.700195,270672
2024-01-18,5061.000000,5077.950195,4974.200195,5015.149902,5015.149902,514119
2024-01-19,5029.000000,5169.649902,5012.299805,5138.649902,5138.649902,329252
2024-01-23,5166.399902,5189.850098,4925.899902,5048.100098,5048.100098,491135
2024-01-24,5048.100098,5173.649902,5030.000000,5142.250000,5142.250000,611741
2024-01-25,5150.000000,5236.549805,5106.100098,5141.899902,5141.899902,342129
2024-01-29,5142.000000,5219.500000,5111.200195,5136.899902,5136.899902,275710
2024-01-30,5163.299805,5192.899902,5081.000000,5091.750000,5091.750000,146422
2024-01-31,5091.750000,5220.000000,5031.750000,5198.399902,5198.399902,549238
2024-02-01,5196.049805,5201.950195,5127.100098,5148.600098,5148.600098,344394
2024-02-02,5166.750000,5209.000000,5131.450195,5148.850098,5148.850098,176167
2024-02-05,5169.899902,5239.750000,5078.500000,5124.500000,5124.500000,231620
2024-02-06,5124.500000,5125.000000,4992.549805,5007.049805,5007.049805,336609
2024-02-07,5140.000000,5183.899902,4925.000000,5078.250000,5078.250000,1258830
2024-02-08,5101.000000,5122.399902,4833.149902,4875.549805,4875.549805,623680
2024-02-09,4875.549805,4978.049805,4860.049805,4971.500000,4971.500000,411953
2024-02-12,4971.500000,4997.950195,4940.750000,4970.200195,4970.200195,158487
2024-02-13,4970.200195,5053.399902,4940.200195,4981.600098,4981.600098,262011
2024-02-14,4967.549805,5025.000000,4950.000000,5010.649902,5010.649902,277479
2024-02-15,5010.950195,5043.350098,4932.850098,4950.549805,4950.549805,189625
2024-02-16,4954.000000,4970.549805,4894.750000,4913.700195,4913.700195,352139
2024-02-19,4919.950195,4948.549805,4886.649902,4925.250000,4925.250000,182521
2024-02-20,4910.149902,4934.000000,4879.100098,4921.149902,4921.149902,129279
2024-02-21,4934.750000,4988.299805,4888.000000,4923.000000,4923.000000,235932
2024-02-22,4924.950195,4968.000000,4860.000000,4956.950195,4956.950195,255308
2024-02-23,4956.950195,4970.399902,4912.100098,4936.350098,4936.350098,115910
2024-02-26,4949.950195,4957.000000,4891.600098,4901.899902,4901.899902,78084
2024-02-27,4879.000000,4939.549805,4879.000000,4904.350098,4904.350098,434014
2024-02-28,4894.350098,4916.100098,4867.200195,4887.799805,4887.799805,96877
2024-02-29,4885.049805,4980.899902,4828.850098,4965.200195,4965.200195,447941
2024-03-01,4965.200195,4986.700195,4914.149902,4927.700195,4927.700195,316277
2024-03-04,4906.000000,4942.450195,4833.500000,4838.899902,4838.899902,307520
2024-03-05,4839.049805,4867.450195,4811.000000,4825.649902,4825.649902,156956
2024-03-06,4839.000000,4887.799805,4788.750000,4880.750000,4880.750000,190965
2024-03-07,4870.000000,4902.000000,4835.100098,4889.149902,4889.149902,216747
2024-03-11,4894.049805,4957.649902,4871.100098,4937.399902,4937.399902,295000
2024-03-12,4935.700195,4940.000000,4852.799805,4869.149902,4869.149902,140625
2024-03-13,4892.600098,4975.000000,4822.000000,4856.649902,4856.649902,410729
2024-03-14,4853.250000,4952.950195,4783.000000,4938.899902,4938.899902,240217
2024-03-15,4917.450195,5008.700195,4912.000000,4974.200195,4974.200195,491571
2024-03-18,4980.000000,5014.000000,4960.000000,4980.000000,4980.000000,143928
2024-03-19,4999.000000,4999.950195,4800.000000,4816.950195,4816.950195,265081
2024-03-20,4822.100098,4832.850098,4760.000000,4802.899902,4802.899902,300159
2024-03-21,4812.500000,4824.000000,4767.799805,4806.700195,4806.700195,449591
2024-03-22,4800.000000,4892.950195,4784.899902,4865.000000,4865.000000,264787
2024-03-26,4748.399902,4975.000000,4740.700195,4961.450195,4961.450195,554559
2024-03-27,4960.000000,4980.000000,4880.000000,4920.200195,4920.200195,327107
2024-03-28,4942.299805,4971.200195,4864.600098,4911.250000,4911.250000,648795
2024-04-01,4929.950195,4960.700195,4883.750000,4895.200195,4895.200195,181877
2024-04-02,4910.000000,4914.899902,4870.000000,4899.950195,4899.950195,93480
2024-04-03,4870.000000,4896.950195,4806.000000,4834.600098,4834.600098,246246
2024-04-04,4839.950195,4855.000000,4780.600098,4813.600098,4813.600098,372526
2024-04-05,4813.600098,4847.600098,4791.600098,4813.049805,4813.049805,189143
2024-04-08,4825.049805,4841.000000,4781.000000,4826.799805,4826.799805,235219
2024-04-09,4850.000000,4850.000000,4783.399902,4794.700195,4794.700195,180114
2024-04-10,4818.500000,4818.549805,4747.549805,4808.700195,4808.700195,509880
2024-04-12,4818.000000,4820.850098,4745.000000,4751.750000,4751.750000,620568
2024-04-15,4745.000000,4777.100098,4692.850098,4761.899902,4761.899902,421873
2024-04-16,4748.000000,4772.500000,4691.299805,4740.700195,4740.700195,516581
2024-04-18,4745.000000,4758.700195,4666.600098,4695.000000,4695.000000,670722
2024-04-19,4682.049805,4698.000000,4641.000000,4668.299805,4668.299805,424834
2024-04-22,4673.899902,4763.899902,4662.299805,4753.299805,4753.299805,321925
2024-04-23,4756.000000,4812.000000,4723.049805,4797.799805,4797.799805,279440
2024-04-24,4797.000000,4840.000000,4781.000000,4828.950195,4828.950195,412282
2024-04-25,4816.149902,4859.000000,4747.500000,4844.149902,4844.149902,509266
2024-04-26,4844.049805,4861.000000,4793.000000,4800.450195,4800.450195,205462
2024-04-29,4815.000000,4825.600098,4776.000000,4799.850098,4799.850098,147362
2024-04-30,4799.000000,4825.000000,4765.100098,4775.950195,4775.950195,489132
2024-05-02,4789.950195,4812.000000,4750.049805,4759.649902,4759.649902,356664
2024-05-03,4781.100098,4781.100098,4707.899902,4744.600098,4744.600098,262493
2024-05-06,4818.950195,5205.450195,4802.200195,5061.600098,5061.600098,2837757
2024-05-07,5057.950195,5219.899902,5048.799805,5173.850098,5173.850098,1156073
2024-05-08,5151.000000,5248.450195,5123.850098,5228.399902,5228.399902,323414
2024-05-09,5228.049805,5248.000000,5045.000000,5070.100098,5070.100098,379667
2024-05-10,5070.100098,5118.200195,4971.750000,5066.799805,5066.799805,223289
2024-05-13,5074.950195,5170.000000,5055.000000,5130.549805,5130.549805,323879
2024-05-14,5130.549805,5161.500000,5035.000000,5140.799805,5140.799805,205585
2024-05-15,5149.549805,5164.750000,5053.450195,5064.000000,5064.000000,166198
2024-05-16,5064.149902,5150.000000,5017.500000,5137.750000,5137.750000,312988
2024-05-17,5139.899902,5139.899902,5065.000000,5086.799805,5086.799805,116594
2024-05-21,5046.000000,5191.000000,5045.049805,5178.100098,5178.100098,376474
2024-05-22,5219.799805,5302.500000,5195.000000,5267.399902,5267.399902,748236
2024-05-23,5261.149902,5293.750000,5187.899902,5281.149902,5281.149902,423256
2024-05-24,5260.100098,5285.149902,5219.000000,5240.700195,5240.700195,268208
2024-05-27,5265.000000,5265.000000,5127.250000,5212.250000,5212.250000,329998
2024-05-28,5209.000000,5285.399902,5180.549805,5250.549805,5250.549805,259151
2024-05-29,5202.000000,5268.000000,5200.000000,5229.799805,5229.799805,286144
2024-05-30,5202.100098,5242.100098,5173.000000,5198.549805,5198.549805,357619
2024-05-31,5208.000000,5221.000000,5110.649902,5179.799805,5179.799805,651525
2024-06-03,5300.000000,5300.000000,5160.000000,5167.799805,5167.799805,199328
2024-06-04,5205.549805,5414.399902,5127.049805,5325.100098,5325.100098,989039
2024-06-05,5325.100098,5725.000000,5325.000000,5486.649902,5486.649902,1188965
2024-06-06,5465.000000,5514.100098,5311.450195,5440.450195,5440.450195,629293
2024-06-07,5431.649902,5470.000000,5395.000000,5463.549805,5463.549805,226777
2024-06-10,5465.000000,5560.750000,5406.100098,5488.399902,5488.399902,306665
2024-06-11,5500.000000,5606.750000,5500.000000,5517.750000,5517.750000,476899
2024-06-12,5550.549805,5568.000000,5431.000000,5439.299805,5439.299805,279376
2024-06-13,5439.600098,5449.950195,5341.700195,5379.450195,5379.450195,434594
2024-06-14,5397.549805,5450.000000,5375.600098,5393.649902,5393.649902,149569
2024-06-18,5419.799805,5435.000000,5375.299805,5395.850098,5395.850098,155277
2024-06-19,5416.000000,5422.850098,5350.000000,5360.649902,5360.649902,135179
2024-06-20,5360.649902,5400.000000,5319.000000,5378.450195,5378.450195,296418
2024-06-21,5369.100098,5389.850098,5317.500000,5330.299805,5330.299805,244120
2024-06-24,5315.000000,5330.000000,5250.000000,5297.750000,5297.750000,463385
2024-06-25,5297.799805,5370.000000,5289.200195,5352.049805,5352.049805,160890
2024-06-26,5352.049805,5434.549805,5319.049805,5421.700195,5421.700195,221391
2024-06-27,5388.799805,5450.000000,5382.149902,5430.299805,5430.299805,357573
2024-06-28,5435.000000,5490.000000,5416.250000,5475.549805,5475.549805,215576
2024-07-01,5475.049805,5489.149902,5431.049805,5476.500000,5476.500000,223560
2024-07-02,5500.000000,5500.000000,5384.299805,5401.649902,5401.649902,163333
2024-07-03,5421.750000,5498.000000,5389.799805,5449.100098,5449.100098,211361
2024-07-04,5454.950195,5487.350098,5397.549805,5426.250000,5426.250000,138170
2024-07-05,5445.950195,5554.500000,5433.950195,5546.799805,5546.799805,172330
2024-07-08,5555.000000,5615.950195,5534.049805,5568.549805,5568.549805,171210
2024-07-09,5700.000000,5705.000000,5583.049805,5668.850098,5668.850098,389812
2024-07-10,5670.049805,5800.000000,5670.049805,5755.549805,5755.549805,526095
2024-07-11,5800.000000,5805.000000,5720.000000,5761.299805,5761.299805,372798
2024-07-12,5780.000000,5805.000000,5713.200195,5787.049805,5787.049805,222315
2024-07-15,5807.000000,5847.750000,5788.000000,5809.700195,5809.700195,135373
2024-07-16,5812.000000,5880.000000,5770.100098,5862.350098,5862.350098,162459
2024-07-18,5846.549805,5920.000000,5820.000000,5871.500000,5871.500000,523157
2024-07-19,5850.000000,5978.000000,5846.649902,5877.950195,5877.950195,451294
2024-07-22,5877.950195,5933.700195,5842.000000,5887.850098,5887.850098,347520
2024-07-23,5887.850098,6005.000000,5840.600098,5944.750000,5944.750000,336696
2024-07-24,5949.399902,5974.399902,5815.000000,5829.500000,5829.500000,233649
2024-07-25,5824.899902,5865.000000,5801.700195,5829.600098,5829.600098,303638
2024-07-26,5830.000000,5882.649902,5813.100098,5872.799805,5872.799805,146736
2024-07-29,5898.000000,5899.600098,5840.049805,5878.200195,5878.200195,35697