Date,Open,High,Low,Close,Adj Close,Volume
2019-01-01,241.000000,242.449997,240.250000,241.500000,147.582092,2227003
2019-01-02,240.899994,241.449997,236.050003,236.699997,144.648727,3897893
2019-01-03,238.699997,238.699997,233.199997,235.000000,143.609894,5664136
2019-01-04,234.100006,237.699997,233.750000,236.500000,144.526520,2885669
2019-01-07,238.000000,238.000000,233.500000,234.500000,143.304321,7347326
2019-01-08,234.500000,235.149994,232.149994,233.300003,142.571014,4206563
2019-01-09,234.199997,234.850006,231.800003,232.649994,142.173767,2954253
2019-01-10,233.800003,233.949997,232.050003,233.000000,142.387650,2292058
2019-01-11,233.699997,233.750000,231.500000,232.250000,141.929337,2446815
2019-01-14,232.399994,232.500000,229.050003,230.899994,141.104370,2273231
2019-01-15,231.500000,233.600006,231.050003,232.649994,142.173767,2323323
2019-01-16,232.800003,233.399994,231.550003,232.050003,141.807114,2050899
2019-01-17,232.750000,232.750000,230.399994,232.050003,141.807114,3220136
2019-01-18,232.149994,232.550003,229.600006,230.000000,140.554352,2944908
2019-01-21,230.449997,231.250000,228.149994,229.000000,139.943268,1904575
2019-01-22,228.449997,230.350006,225.800003,227.750000,139.179367,4564028
2019-01-23,227.800003,228.000000,225.250000,225.550003,137.834930,2328748
2019-01-24,225.699997,226.250000,223.000000,223.850006,136.796051,2838220
2019-01-25,224.250000,226.199997,220.100006,220.949997,135.023865,3432012
2019-01-28,221.250000,227.500000,218.050003,225.199997,137.621048,3917992
2019-01-29,225.399994,225.850006,221.149994,222.550003,136.001617,3850399
2019-01-30,222.000000,228.000000,220.550003,225.199997,137.621048,7349253
2019-01-31,226.500000,227.500000,223.050003,224.649994,137.284958,15389786
2019-02-01,224.350006,226.699997,222.750000,223.199997,136.398834,2820146
2019-02-04,223.300003,224.199997,220.050003,222.100006,135.726639,3417620
2019-02-05,222.000000,223.399994,215.699997,216.399994,132.243332,5557034
2019-02-06,216.500000,220.699997,216.350006,219.949997,134.412735,3707342
2019-02-07,220.800003,224.649994,220.149994,224.199997,137.009918,3111207
2019-02-08,223.899994,225.649994,217.600006,218.649994,133.618317,2962142
2019-02-11,217.699997,220.350006,214.149994,218.800003,133.709976,4580373
2019-02-12,219.800003,223.899994,219.350006,223.050003,136.307190,7857592
2019-02-14,217.000000,219.699997,211.399994,217.199997,132.732178,14953813
2019-02-15,219.899994,221.500000,214.699997,219.949997,134.412735,11511255
2019-02-18,218.000000,218.000000,214.800003,215.149994,131.479431,3651021
2019-02-19,215.250000,218.949997,213.550003,214.250000,130.929459,5288764
2019-02-20,214.800003,216.399994,213.550003,214.949997,131.357208,6637981
2019-02-21,215.050003,215.699997,213.199997,213.699997,130.593323,4081685
2019-02-22,214.850006,216.899994,213.449997,214.949997,131.357208,5229408
2019-02-25,216.000000,216.699997,212.699997,214.350006,130.990570,9386982
2019-02-26,213.300003,222.000000,213.000000,220.149994,134.534958,11886116
2019-02-27,221.500000,224.399994,219.600006,221.449997,135.329407,8604781
2019-02-28,223.500000,229.899994,222.149994,228.300003,139.515488,32625237
2019-03-01,228.800003,233.000000,226.600006,232.649994,142.173767,9526492
2019-03-05,233.399994,242.000000,232.699997,241.149994,147.368179,9391114
2019-03-06,241.149994,246.199997,238.000000,242.750000,148.345963,9535153
2019-03-07,243.000000,243.000000,233.350006,235.000000,143.609894,7181084
2019-03-08,233.100006,237.500000,229.600006,234.899994,143.548752,12803612
2019-03-11,236.699997,245.000000,235.250000,243.399994,148.743149,19931174
2019-03-12,245.000000,246.899994,241.199997,242.949997,148.468170,9766818
2019-03-13,242.000000,242.000000,233.800003,238.649994,145.840408,17949230
2019-03-14,240.899994,244.100006,238.500000,243.199997,148.620926,13627811
2019-03-15,238.850006,246.149994,238.000000,244.350006,149.323746,16465364
2019-03-18,243.949997,245.600006,242.000000,244.199997,149.232086,5518089
2019-03-19,244.550003,247.899994,241.350006,242.899994,148.437607,10839789
2019-03-20,244.600006,244.600006,236.000000,237.000000,144.832092,20268896
2019-03-22,232.699997,233.800003,230.000000,231.949997,145.333359,14139706
2019-03-25,233.000000,239.449997,231.350006,237.199997,148.622864,7458064
2019-03-26,237.250000,242.750000,234.300003,236.449997,148.152924,7475564
2019-03-27,236.399994,238.100006,233.600006,234.449997,146.899796,4777913
2019-03-28,234.399994,237.649994,232.750000,236.100006,147.933640,20584925
2019-04-01,238.100006,238.100006,231.500000,236.399994,148.121582,13985622
2019-04-02,238.949997,239.500000,235.550003,236.399994,148.121582,7356923
2019-04-03,236.500000,236.949997,233.000000,234.100006,146.680466,5120392
2019-04-04,235.000000,235.550003,232.550003,234.800003,147.119095,3948463
2019-04-05,235.000000,236.199997,233.699997,234.699997,147.056427,3044309
2019-04-08,235.000000,236.199997,231.600006,232.949997,145.959915,4374595
2019-04-09,233.000000,239.500000,232.300003,238.399994,149.374741,9383394
2019-04-10,238.899994,242.899994,238.399994,240.050003,150.408615,8657560
2019-04-11,240.100006,241.600006,238.600006,240.949997,150.972504,3347291
2019-04-12,242.000000,242.000000,239.449997,240.800003,150.878510,3442878
2019-04-15,244.000000,251.949997,243.250000,250.000000,156.642975,15659370
2019-04-16,252.000000,256.700012,248.050003,251.600006,157.645477,71315879
2019-04-18,251.750000,252.899994,249.600006,251.449997,157.551498,7981706
2019-04-22,251.449997,252.500000,248.949997,252.050003,157.927444,4703770
2019-04-23,251.000000,256.100006,251.000000,255.500000,160.089127,7446838
2019-04-24,256.000000,258.299988,253.399994,254.000000,159.149261,14221692
2019-04-25,254.850006,255.199997,248.300003,251.649994,157.676819,20305140
2019-04-26,253.500000,255.500000,250.000000,250.500000,156.956253,2428140
2019-04-30,250.500000,253.500000,246.600006,252.149994,157.990112,6190464
2019-05-02,251.600006,254.899994,250.449997,252.350006,158.115402,5411707
2019-05-03,253.050003,256.000000,251.300003,252.100006,157.958786,5010129
2019-05-06,250.100006,253.199997,248.050003,251.350006,157.488861,3270067
2019-05-07,252.000000,255.250000,247.699997,248.800003,155.891083,4320204
2019-05-08,249.600006,252.100006,248.550003,249.100006,156.079056,4215463
2019-05-09,249.100006,250.649994,241.149994,242.300003,151.818375,6993406
2019-05-10,242.000000,244.949997,240.000000,241.250000,151.160461,5294698
2019-05-13,241.750000,242.899994,237.600006,242.100006,151.693054,3539800
2019-05-14,241.000000,243.000000,238.800003,241.800003,151.505096,3301180
2019-05-15,241.750000,242.399994,233.449997,235.100006,147.307068,5134147
2019-05-16,235.149994,236.699997,229.550003,232.149994,145.458664,4788978
2019-05-17,233.100006,238.000000,232.350006,236.149994,147.964966,7517604
2019-05-20,241.899994,242.899994,235.800003,237.699997,148.936142,6976701
2019-05-21,239.699997,241.449997,234.500000,237.199997,148.622864,5817365
2019-05-22,237.649994,242.000000,237.100006,241.250000,151.160461,3916767
2019-05-23,243.000000,245.000000,239.699997,244.149994,152.977524,4979182
2019-05-24,244.750000,245.949997,241.399994,244.899994,153.447464,2407824
2019-05-27,244.899994,246.449997,243.100006,244.100006,152.946213,1947123
2019-05-28,244.899994,251.800003,244.449997,250.699997,157.081573,13294021
2019-05-29,249.899994,251.600006,247.449997,250.699997,157.081573,3325742
2019-05-30,251.949997,255.250000,249.100006,252.949997,158.491364,16592348
2019-05-31,261.000000,262.950012,252.199997,253.500000,158.835983,22235393
2019-06-03,255.000000,261.899994,253.199997,260.899994,163.472595,6895062
2019-06-04,258.799988,264.149994,258.100006,263.399994,165.039032,6111033
2019-06-06,263.899994,271.450012,263.649994,269.149994,168.641830,11211307
2019-06-07,269.100006,269.700012,263.600006,265.549988,166.386154,4860923
2019-06-10,267.000000,268.000000,257.700012,259.299988,162.470078,4916941
2019-06-11,260.399994,262.450012,257.549988,258.750000,162.125488,4303321
2019-06-12,258.700012,258.899994,255.399994,257.000000,161.028976,3093642
2019-06-13,256.000000,258.700012,253.600006,255.600006,160.151779,3433631
2019-06-14,255.350006,256.899994,253.449997,255.149994,159.869827,2805760
2019-06-17,255.000000,257.649994,250.699997,255.300003,159.963821,5008880
2019-06-18,255.449997,260.899994,255.250000,260.350006,163.128006,4171426
2019-06-19,260.500000,262.600006,255.149994,257.049988,161.060303,2982858
2019-06-20,256.000000,261.000000,256.000000,260.350006,163.128006,3042607
2019-06-21,260.000000,265.350006,251.899994,254.250000,159.305908,20185830
2019-06-24,255.899994,258.250000,253.350006,256.750000,160.872345,2633348
2019-06-25,255.000000,259.000000,254.550003,258.350006,161.874847,2590646
2019-06-26,257.899994,263.250000,257.149994,260.299988,163.096634,4030718
2019-06-27,259.250000,261.700012,258.000000,259.399994,162.532730,13174124
2019-06-28,259.450012,260.799988,253.000000,253.800003,159.023956,4626498
2019-07-01,254.250000,256.399994,248.000000,249.250000,156.173065,4839632
2019-07-02,248.300003,253.000000,247.100006,252.699997,158.334732,3955456
2019-07-03,252.699997,254.149994,250.300003,250.949997,157.238220,2828456
2019-07-04,251.350006,252.850006,249.449997,251.100006,157.332214,2555817
2019-07-05,251.500000,253.199997,240.850006,241.899994,151.567719,4271783
2019-07-08,241.399994,241.449997,230.449997,232.399994,145.615326,4588708
2019-07-09,232.500000,235.199997,228.199997,229.600006,143.860916,9158261
2019-07-10,231.399994,234.500000,230.050003,233.350006,146.210541,5900374
2019-07-11,235.000000,235.750000,232.600006,234.899994,147.181717,4033341
2019-07-12,234.899994,236.350006,229.300003,231.250000,144.894760,6741721
2019-07-15,231.000000,231.699997,228.250000,230.399994,144.362152,3265924
2019-07-16,229.449997,233.649994,229.350006,232.800003,145.865921,3739400
2019-07-17,232.000000,234.149994,229.000000,230.000000,144.111526,5404435
2019-07-18,230.000000,230.899994,219.500000,220.300003,138.033798,8729774
2019-07-19,222.000000,224.050003,217.399994,221.899994,139.036301,19100281
2019-07-22,222.800003,223.149994,216.350006,221.399994,138.723038,5607789
2019-07-23,222.000000,222.899994,217.000000,218.050003,136.624008,4983571
2019-07-24,218.399994,219.449997,215.399994,216.850006,135.872131,4877895
2019-07-25,217.649994,217.649994,208.100006,209.050003,130.984863,19251346
2019-07-26,209.000000,212.949997,205.500000,210.649994,131.987366,10490177
2019-07-29,210.649994,212.600006,204.500000,205.399994,128.697876,11715160
2019-07-30,205.600006,206.800003,198.000000,199.550003,125.032425,10527314
2019-07-31,199.199997,206.000000,197.050003,204.449997,128.102615,10992207
2019-08-01,205.250000,205.250000,200.500000,202.449997,126.849480,6018424
2019-08-02,200.899994,201.050003,195.350006,197.199997,123.559959,6376599
2019-08-05,196.000000,202.899994,193.100006,200.600006,125.690315,8942376
2019-08-06,198.550003,207.750000,198.550003,205.100006,128.509903,12536563
2019-08-07,204.199997,209.100006,201.750000,206.100006,129.136475,9270695
2019-08-08,206.149994,213.300003,204.850006,211.850006,132.739273,8622272
2019-08-09,213.899994,214.000000,207.000000,207.600006,130.076294,7027377
2019-08-13,207.899994,211.449997,202.500000,203.750000,127.664024,6907370
2019-08-14,208.500000,208.500000,195.649994,200.500000,125.627670,16687905
2019-08-16,200.000000,202.850006,199.699997,201.949997,126.536209,12556891
2019-08-19,202.699997,203.100006,198.550003,198.949997,124.656487,5848151
2019-08-20,199.399994,199.500000,194.399994,195.300003,122.369499,7496337
2019-08-21,195.000000,195.449997,188.100006,188.800003,118.296776,10788976
2019-08-22,188.000000,188.449997,177.699997,180.850006,113.315536,13370852
2019-08-23,180.850006,189.399994,180.149994,188.000000,117.795540,11447263
2019-08-26,191.000000,191.899994,182.550003,188.750000,118.265450,8851543
2019-08-27,190.000000,194.250000,189.000000,191.850006,120.207825,11357212
2019-08-28,189.000000,192.600006,184.199997,185.050003,115.947128,10791130
2019-08-29,183.300003,190.300003,182.100006,189.000000,118.422104,31069292
2019-08-30,189.750000,190.449997,182.149994,184.750000,115.759163,11880019
2019-09-03,183.000000,185.699997,180.050003,181.050003,113.440857,7054535
2019-09-04,181.050003,183.399994,179.100006,182.149994,114.130058,6030798
2019-09-05,183.899994,196.399994,183.800003,194.850006,122.087524,29083353
2019-09-06,196.149994,199.500000,192.800003,198.600006,124.437210,16095238
2019-09-09,198.100006,200.100006,196.800003,199.350006,124.907127,5382211
2019-09-11,199.800003,203.000000,195.550003,196.699997,123.246704,8755389
2019-09-12,197.600006,199.199997,195.399994,197.699997,123.873245,6446408
2019-09-13,198.649994,199.600006,194.500000,198.199997,124.186562,6979583
2019-09-16,197.649994,201.199997,196.600006,200.550003,125.658974,3961273
2019-09-17,200.600006,200.600006,196.000000,197.600006,123.810623,5885854
2019-09-18,198.449997,199.199997,191.750000,192.350006,120.521118,5488038
2019-09-19,191.300003,194.500000,189.500000,193.449997,121.210342,7916117
2019-09-20,193.699997,202.399994,188.850006,200.050003,125.345703,30567231
2019-09-23,205.500000,208.399994,200.550003,202.699997,127.006119,9396444
2019-09-24,203.600006,205.699997,197.100006,198.149994,124.155220,9662821
2019-09-25,193.000000,198.699997,191.149994,192.600006,120.677757,6873148
2019-09-26,190.649994,204.850006,189.550003,203.300003,127.382095,20274950
2019-09-27,203.300003,204.800003,196.699997,199.350006,124.907127,10240429
2019-09-30,197.500000,200.750000,196.550003,199.850006,125.220413,7578946
2019-10-01,200.000000,200.600006,190.750000,194.100006,121.617622,10416295
2019-10-03,193.000000,193.000000,185.250000,186.750000,117.012299,12270678
2019-10-04,187.699997,189.350006,182.149994,185.800003,116.417061,12238072
2019-10-07,186.949997,188.199997,183.000000,184.399994,115.539841,6160378
2019-10-09,184.800003,186.699997,183.000000,185.350006,116.135117,5808768
2019-10-10,185.000000,185.899994,183.699997,184.550003,115.633850,4047661
2019-10-11,185.250000,190.250000,185.250000,189.050003,118.453423,7104915
2019-10-14,189.600006,190.800003,187.949997,190.100006,119.111320,6340044
2019-10-15,189.000000,192.699997,188.050003,191.149994,119.769196,5459056
2019-10-16,192.300003,196.199997,191.350006,194.550003,121.899582,7396404
2019-10-17,194.000000,199.949997,192.899994,199.399994,124.938431,6611768
2019-10-18,198.800003,206.500000,197.750000,205.949997,129.042480,12709671
2019-10-22,206.000000,209.949997,203.300003,208.800003,130.828201,9795154
2019-10-23,209.399994,211.699997,206.550003,208.800003,130.828201,7137614
2019-10-24,210.000000,210.000000,204.399994,205.199997,128.572571,8470734
2019-10-25,206.600006,206.949997,203.000000,205.850006,128.979858,5368529
2019-10-27,206.699997,208.800003,201.550003,202.850006,127.100105,755584
2019-10-29,204.000000,210.449997,199.600006,209.750000,131.423477,6925785
2019-10-30,210.750000,210.949997,205.600006,206.250000,129.230469,4487164
2019-10-31,207.000000,209.000000,206.000000,207.550003,130.044998,6655719
2019-11-01,205.000000,208.000000,201.850006,207.100006,129.763031,7118433
2019-11-04,206.000000,215.600006,205.800003,215.000000,134.712952,8489492
2019-11-05,217.000000,217.550003,209.600006,211.149994,132.300644,12681517
2019-11-06,211.399994,214.850006,211.149994,212.399994,133.083862,4344694
2019-11-07,213.500000,213.750000,210.899994,212.500000,133.146530,3529240
2019-11-08,212.600006,216.000000,208.100006,209.250000,131.110199,6324778
2019-11-11,208.949997,210.800003,205.750000,209.850006,131.486099,3485203
2019-11-13,215.899994,216.000000,206.199997,207.250000,129.857025,12228149
2019-11-14,208.500000,208.500000,201.750000,202.350006,126.786835,4889669
2019-11-15,202.949997,204.500000,200.500000,201.149994,126.034950,4544919
2019-11-18,202.000000,202.000000,198.250000,200.300003,125.502335,5894876
2019-11-19,200.949997,201.300003,198.250000,199.600006,125.063759,3836452
2019-11-20,199.899994,204.000000,199.449997,203.050003,127.225410,4456738
2019-11-21,203.000000,203.649994,195.800003,196.600006,123.184044,4650473
2019-11-22,196.949997,199.350006,196.300003,199.000000,124.687790,4335573
2019-11-25,199.100006,201.649994,198.449997,200.699997,125.752983,3884393
2019-11-26,201.000000,202.100006,196.199997,197.750000,123.904587,8027053
2019-11-27,197.500000,201.699997,196.199997,201.000000,125.940933,4378518
2019-11-28,200.550003,206.350006,199.800003,205.850006,128.979858,7855291
2019-11-29,206.399994,208.800003,203.850006,205.250000,128.603897,5422867
2019-12-02,205.199997,206.399994,202.250000,205.850006,128.979858,3284647
2019-12-03,206.500000,206.699997,204.000000,205.600006,128.823196,2619997
2019-12-04,204.600006,205.000000,201.149994,202.750000,127.037476,5343182
2019-12-05,202.500000,203.100006,195.649994,196.399994,123.058701,6745934
2019-12-06,196.399994,197.000000,190.899994,192.000000,120.301796,5644775
2019-12-09,191.949997,193.600006,191.000000,191.649994,120.082512,3992473
2019-12-10,192.000000,192.449997,186.550003,187.199997,117.294273,4431410
2019-12-11,188.300003,189.350006,185.000000,187.149994,117.262947,8520046
2019-12-12,188.300003,190.850006,186.250000,190.149994,119.142654,8081188
2019-12-13,191.699997,196.899994,191.300003,196.250000,122.964752,5851149
2019-12-16,197.000000,197.300003,192.000000,192.600006,120.677757,3154315
2019-12-17,193.449997,196.500000,192.050003,196.199997,122.933403,3652710
2019-12-18,195.850006,198.500000,194.800003,197.750000,123.904587,3623918
2019-12-19,197.399994,198.100006,195.250000,196.899994,123.372002,2015809
2019-12-20,196.850006,202.699997,196.149994,200.800003,125.815643,5806708
2019-12-23,200.600006,202.350006,196.300003,197.250000,123.591301,6665480
2019-12-24,197.800003,199.699997,197.399994,198.949997,124.656487,3113553
2019-12-26,198.399994,201.399994,195.199997,197.300003,123.622635,8630191
2019-12-27,198.500000,205.500000,197.649994,203.500000,127.507370,5046833
2019-12-30,203.550003,206.250000,201.199997,205.800003,128.948502,4696784
2019-12-31,205.000000,212.449997,204.449997,211.350006,132.425980,10534842
2020-01-01,211.350006,212.600006,208.399994,211.949997,132.801895,6447592
2020-01-02,212.500000,212.800003,208.300003,211.100006,132.269333,5958343
2020-01-03,210.000000,212.600006,207.699997,211.850006,132.739273,6452638
2020-01-06,209.949997,209.949997,203.449997,205.699997,128.885849,6853058
2020-01-07,206.500000,208.199997,204.350006,205.699997,128.885849,5243225
2020-01-08,203.000000,204.550003,198.199997,200.199997,125.439705,7295998
2020-01-09,203.250000,203.699997,197.350006,198.000000,124.061226,10321169
2020-01-10,199.149994,206.550003,198.949997,205.300003,128.635208,13533598
2020-01-13,205.300003,212.000000,205.000000,211.550003,132.551285,9863555
2020-01-14,211.149994,213.500000,209.750000,212.949997,133.428497,5417581
2020-01-15,212.600006,214.600006,211.300003,212.449997,133.115189,4863227
2020-01-16,212.449997,212.699997,207.100006,210.250000,131.736740,6937929
2020-01-17,210.000000,210.550003,206.100006,207.899994,130.264282,5985342
2020-01-20,208.000000,209.800003,200.500000,201.149994,126.034950,8110607
2020-01-21,201.149994,205.250000,201.149994,202.149994,126.661499,6347967
2020-01-22,199.100006,199.399994,190.949997,191.899994,120.239143,19096395
2020-01-23,192.050003,195.199997,189.850006,190.750000,119.518585,16369722
2020-01-24,193.000000,196.300003,192.149994,193.949997,121.523605,10626281
2020-01-27,193.949997,195.000000,192.000000,193.350006,121.147667,7195361
2020-01-28,193.899994,194.250000,188.399994,189.149994,118.516075,10274562
2020-01-29,191.000000,193.000000,188.000000,191.050003,119.706589,10602818
2020-01-30,191.399994,192.350006,187.500000,187.949997,117.764191,10859103
2020-01-31,188.800003,189.449997,180.000000,181.699997,113.848122,35281395
2020-02-03,174.899994,179.449997,172.149994,178.649994,111.937035,15284598
2020-02-04,180.750000,183.000000,179.750000,182.500000,114.349388,10043759
2020-02-05,184.000000,184.000000,178.500000,179.250000,112.313026,9468632
2020-02-06,180.199997,181.600006,178.250000,179.949997,112.751602,6917941
2020-02-07,180.300003,186.050003,178.100006,185.050003,115.947128,13470302
2020-02-10,184.899994,185.000000,177.649994,178.850006,112.062386,19665611
2020-02-11,180.000000,181.500000,176.250000,179.350006,112.375671,16397703
2020-02-12,181.000000,183.399994,178.199997,180.300003,112.970917,14669421
2020-02-13,180.300003,180.949997,175.850006,177.800003,111.404488,11781999
2020-02-14,178.000000,178.899994,174.199997,174.750000,109.493431,15392705
2020-02-17,174.750000,175.199997,166.800003,167.850006,105.170113,15997350
2020-02-18,168.100006,173.949997,165.000000,171.850006,107.676399,27643844
2020-02-19,176.350006,178.550003,174.250000,177.750000,111.373146,21092109
2020-02-20,177.750000,180.250000,175.199997,179.350006,112.375671,16776977
2020-02-24,178.750000,178.899994,173.300003,174.850006,109.556107,9952676
2020-02-25,176.100006,178.699997,174.199997,175.100006,109.712753,13534936
2020-02-26,174.199997,177.750000,172.649994,173.800003,108.898193,10925243
2020-02-27,173.750000,174.550003,169.600006,174.100006,109.086166,11500515
2020-02-28,171.550003,171.800003,166.750000,168.399994,105.514702,14694382
2020-03-02,172.649994,175.000000,168.300003,169.350006,106.109962,11962711
2020-03-03,171.350006,179.649994,170.899994,178.199997,111.655113,17015816
2020-03-04,178.250000,179.800003,174.100006,178.100006,111.592468,9858330
2020-03-05,180.000000,180.199997,172.199997,177.149994,110.997208,12349902
2020-03-06,166.699997,173.000000,166.500000,168.750000,105.734001,10629291
2020-03-09,165.800003,166.699997,156.949997,157.949997,98.967026,23967899
2020-03-11,158.100006,169.899994,157.050003,168.000000,105.264069,28399797
2020-03-12,161.000000,163.000000,150.100006,154.550003,96.836693,33250878
2020-03-13,146.250000,161.550003,123.650002,154.100006,96.554749,43328010
2020-03-16,150.949997,151.350006,143.100006,143.899994,90.163704,23542677
2020-03-17,145.199997,155.399994,142.300003,145.899994,91.416824,18989633
2020-03-18,151.600006,151.850006,143.000000,145.050003,90.884247,18737193
2020-03-19,128.000000,133.500000,122.000000,123.550003,84.394966,28547877
2020-03-20,124.500000,135.800003,122.650002,132.800003,90.713486,24022133
2020-03-23,122.500000,134.850006,120.050003,127.849998,87.332222,17884315
2020-03-24,129.250000,135.000000,125.449997,127.849998,87.332222,9991023
2020-03-25,126.000000,129.250000,123.699997,124.500000,85.043892,8339454
2020-03-26,126.000000,127.000000,119.199997,123.250000,84.190033,28364001
2020-03-27,125.900002,132.949997,125.000000,131.699997,89.962082,18332679
2020-03-30,127.550003,134.750000,127.199997,133.149994,90.952576,12357349
2020-03-31,135.100006,142.350006,134.250000,140.050003,95.665833,14997503
2020-04-01,138.750000,141.250000,137.050003,139.449997,95.255997,8833033
2020-04-03,138.600006,139.899994,131.800003,137.750000,94.094742,10936160
2020-04-07,140.300003,142.399994,137.149994,140.149994,95.734146,8203204
2020-04-08,140.000000,143.399994,137.000000,137.350006,93.821526,7070293
2020-04-09,139.199997,141.449997,138.000000,140.800003,96.178146,5078557
2020-04-13,140.800003,146.699997,138.350006,145.899994,99.661873,10691543
2020-04-15,147.399994,151.600006,146.000000,146.850006,100.310822,10487965
2020-04-16,144.600006,150.500000,144.399994,147.399994,100.686493,9736774
2020-04-17,151.500000,152.449997,148.300003,148.750000,101.608681,7093925
2020-04-20,149.899994,149.899994,143.000000,144.199997,98.500633,7139688
2020-04-21,141.000000,141.600006,137.800003,139.000000,94.948601,6501336
2020-04-22,138.199997,141.300003,135.000000,140.699997,96.109833,5604252
2020-04-23,140.800003,144.750000,140.100006,140.899994,96.246452,7553183
2020-04-24,140.600006,143.800003,135.800003,137.000000,93.582443,11701166
2020-04-27,139.000000,139.699997,137.500000,138.100006,94.333832,4238903
2020-04-28,138.600006,139.550003,134.449997,135.399994,92.489502,7064210
2020-04-29,135.500000,140.850006,135.350006,139.850006,95.529228,7399346
2020-04-30,141.500000,149.449997,141.350006,148.500000,101.437881,13145052
2020-05-04,144.699997,144.699997,140.350006,142.300003,97.202774,8356099
2020-05-05,143.899994,147.250000,137.350006,138.000000,94.265526,11879416
2020-05-06,139.350006,139.350006,133.149994,133.750000,91.362411,10427774
2020-05-07,130.000000,133.000000,130.000000,130.800003,89.347313,10860354
2020-05-08,132.850006,133.199997,128.550003,129.000000,88.117767,7096898
2020-05-11,130.149994,131.050003,128.050003,128.449997,87.742065,6657844
2020-05-12,128.199997,129.050003,125.300003,126.849998,86.649147,8128169
2020-05-13,132.500000,132.500000,128.500000,130.600006,89.210701,11135898
2020-05-14,129.850006,131.449997,128.050003,128.649994,87.878693,5663178
2020-05-15,129.699997,130.850006,127.750000,129.600006,88.527626,6296826
2020-05-18,127.000000,127.000000,121.050003,121.699997,83.131241,24334121
2020-05-19,123.099998,124.150002,121.800003,123.599998,84.429123,9537927
2020-05-20,123.000000,125.150002,121.849998,123.250000,84.190033,8087994
2020-05-21,123.900002,126.250000,122.800003,124.500000,85.043892,6187181
2020-05-22,124.000000,126.050003,121.900002,125.199997,85.522049,7128048
2020-05-26,125.849998,128.000000,125.000000,127.250000,86.922363,6182999
2020-05-27,127.250000,131.350006,126.000000,130.800003,89.347313,6084254
2020-05-28,130.850006,134.300003,129.300003,133.899994,91.464882,7882781
2020-05-29,133.500000,142.449997,132.250000,141.300003,96.519691,16208002
2020-06-01,142.100006,149.750000,141.550003,148.550003,101.472054,21204876
2020-06-02,149.149994,149.149994,143.000000,143.399994,97.954163,16679738
2020-06-03,145.000000,145.100006,141.100006,141.699997,96.792938,11560484
2020-06-04,141.000000,142.600006,139.350006,140.250000,95.802452,6295232
2020-06-05,141.000000,145.750000,140.500000,144.850006,98.944649,11872471
2020-06-08,148.000000,148.949997,144.750000,146.699997,100.208328,11258686
2020-06-09,147.949997,147.949997,143.649994,144.300003,98.568954,6957064
2020-06-10,144.000000,144.750000,140.199997,140.699997,96.109833,8914993
2020-06-11,140.850006,142.899994,137.500000,137.699997,94.060600,9259185
2020-06-12,133.100006,135.550003,132.699997,134.649994,91.977196,8424817
2020-06-15,134.699997,135.000000,130.500000,132.100006,90.235336,8217803
2020-06-16,134.500000,135.000000,129.550003,131.149994,89.586403,7130557
2020-06-17,131.149994,133.899994,129.100006,129.449997,88.425163,9071758
2020-06-18,129.000000,139.699997,128.149994,137.600006,93.992294,34586616
2020-06-19,140.000000,140.000000,135.199997,137.250000,93.753220,17468335
2020-06-22,137.250000,143.949997,137.100006,143.649994,98.124931,19716275
2020-06-23,144.949997,146.750000,143.199997,143.850006,98.261566,10955603
2020-06-24,145.699997,146.449997,140.750000,141.550003,96.690460,10639459
2020-06-25,140.350006,143.649994,138.350006,140.399994,95.904915,33546602
2020-06-26,140.899994,143.000000,139.600006,142.100006,97.066170,8095985
2020-06-29,140.550003,140.850006,134.149994,134.850006,92.113808,14575190
2020-06-30,136.350006,137.149994,132.350006,132.850006,90.747635,9576074
2020-07-01,132.850006,134.649994,131.399994,133.850006,91.430725,8412734
2020-07-02,134.050003,135.000000,132.800003,133.600006,91.259956,7744251
2020-07-03,134.399994,135.899994,133.050003,135.250000,92.387032,9092987
2020-07-06,136.300003,137.500000,135.250000,135.850006,92.796890,9489759
2020-07-07,136.500000,136.699997,132.600006,132.850006,90.747635,9903888
2020-07-08,132.949997,134.449997,131.600006,132.850006,90.747635,12308795
2020-07-09,133.500000,135.300003,129.100006,130.399994,89.074081,19347175
2020-07-10,129.500000,132.250000,128.199997,131.199997,89.620544,17079028
2020-07-13,131.800003,132.449997,130.300003,130.500000,89.142403,7748516
2020-07-14,130.399994,130.399994,128.000000,128.250000,87.605453,7234601
2020-07-15,128.850006,129.449997,127.550003,128.000000,87.434677,7037060
2020-07-16,127.750000,128.000000,124.599998,126.150002,86.170975,11776854
2020-07-17,126.599998,132.050003,126.599998,130.600006,89.210701,11331564
2020-07-20,133.500000,134.600006,131.699997,133.000000,90.850098,16601999
2020-07-21,133.500000,134.500000,132.000000,133.100006,90.918404,10375549
2020-07-22,133.699997,136.699997,132.750000,134.100006,91.601494,14123342
2020-07-23,134.899994,135.550003,133.199997,133.449997,91.157486,5534003
2020-07-24,132.899994,132.899994,130.000000,131.600006,89.893791,8426361
2020-07-27,131.600006,131.800003,129.350006,129.949997,88.766701,5361430
2020-07-28,130.100006,130.750000,128.550003,130.449997,89.108231,5274135
2020-07-29,130.000000,132.500000,129.699997,131.199997,89.620544,5729989
2020-07-30,131.300003,131.699997,128.300003,128.600006,87.844543,5755341
2020-07-31,128.949997,130.000000,127.550003,129.250000,88.288536,5309957
2020-08-03,129.899994,129.899994,128.100006,128.399994,87.707924,4101202
2020-08-04,129.600006,131.699997,128.500000,128.750000,87.946991,8225015
2020-08-05,129.149994,130.100006,128.199997,128.449997,87.742065,6357451
2020-08-06,129.000000,131.199997,128.300003,128.850006,88.015312,7904721
2020-08-07,129.500000,130.350006,128.550003,129.750000,88.630081,6553466
2020-08-10,130.300003,131.149994,129.000000,129.250000,88.288536,7123506
2020-08-11,130.149994,131.000000,129.699997,130.100006,88.869164,5667893
2020-08-12,130.000000,130.199997,128.500000,128.699997,87.912842,10656110
2020-08-13,128.750000,130.149994,128.300003,128.949997,88.083603,7332156
2020-08-14,129.350006,134.250000,129.100006,131.850006,90.064575,23946105
2020-08-17,133.500000,137.000000,132.350006,136.000000,92.899338,23263111
2020-08-18,136.649994,138.550003,135.649994,136.649994,93.343353,14886444
2020-08-19,137.500000,138.000000,134.449997,135.100006,92.284584,7439983
2020-08-20,134.100006,139.000000,133.350006,138.500000,94.607048,16864753
2020-08-21,139.500000,141.800003,139.000000,139.500000,95.290138,18104009
2020-08-24,140.699997,141.399994,138.750000,139.800003,95.495087,7621483
2020-08-25,140.850006,141.000000,139.199997,140.449997,95.939064,8785149
2020-08-26,140.550003,143.949997,139.949997,141.949997,96.963684,20083642
2020-08-27,142.699997,143.250000,140.000000,140.550003,96.007385,9356533
2020-08-28,141.100006,142.399994,138.649994,139.050003,94.982765,9056278
2020-08-31,139.250000,142.149994,133.899994,134.350006,91.772270,18667357
2020-09-01,135.100006,135.399994,130.699997,133.449997,91.157486,10566870
2020-09-02,135.500000,137.500000,134.750000,136.300003,93.104286,16748685
2020-09-03,137.500000,138.050003,133.850006,135.699997,92.694420,17375778
2020-09-04,134.100006,136.449997,131.350006,132.449997,90.474403,9952446
2020-09-07,133.000000,133.800003,130.750000,131.949997,90.132866,8781574
2020-09-08,132.100006,132.649994,129.350006,129.949997,88.766701,7292289
2020-09-09,128.949997,129.000000,124.750000,126.949997,86.717445,13115790
2020-09-10,128.000000,128.300003,125.500000,126.650002,86.512520,12007280
2020-09-11,126.900002,127.000000,124.650002,125.099998,85.453743,12588367
2020-09-14,126.000000,126.849998,124.099998,124.949997,85.351273,12397073
2020-09-15,125.650002,125.750000,123.800003,124.099998,84.770660,11537811
2020-09-16,124.599998,124.599998,123.099998,123.849998,84.599899,8007948
2020-09-17,123.849998,125.900002,123.550003,124.300003,84.907272,13049746
2020-09-18,125.250000,125.250000,122.900002,123.650002,84.463272,14611915
2020-09-21,123.650002,124.150002,121.099998,121.650002,83.097115,9573596
2020-09-22,122.000000,122.000000,118.849998,119.550003,81.662628,10042777
2020-09-23,119.750000,122.500000,118.949997,121.050003,82.687256,9281239
2020-09-24,121.050003,121.099998,115.199997,115.699997,79.032753,15979042
2020-09-25,116.000000,117.599998,113.900002,117.099998,79.989082,15988801
2020-09-28,117.900002,121.300003,117.900002,120.000000,81.970009,9441818
2020-09-29,121.150002,121.550003,117.150002,117.650002,80.364769,12065137
2020-09-30,117.000000,117.099998,114.650002,116.000000,79.237694,14036702
2020-10-01,117.099998,119.699997,116.349998,117.250000,80.091530,9963165
2020-10-05,117.949997,119.500000,117.550003,118.400002,80.877083,8141288
2020-10-06,119.349998,119.349998,116.300003,116.800003,79.784149,11221801
2020-10-07,117.099998,117.199997,114.250000,114.449997,78.178894,11939558
2020-10-08,114.699997,115.000000,112.650002,113.300003,77.393364,11663333
2020-10-09,113.349998,115.900002,112.300003,114.900002,78.486290,15958362
2020-10-12,115.300003,115.500000,112.800003,113.199997,77.325058,7949842
2020-10-13,113.300003,114.650002,112.349998,113.849998,77.769058,9702168
2020-10-14,113.199997,113.949997,109.599998,110.550003,75.514877,19663164
2020-10-15,110.849998,112.699997,109.550003,110.599998,75.549034,15481671
2020-10-16,111.300003,112.750000,109.599998,111.349998,76.061340,12231039
2020-10-19,112.500000,115.349998,111.250000,114.699997,78.349670,18111350
2020-10-20,115.099998,116.150002,113.099998,113.650002,77.632439,16554127
2020-10-21,113.650002,116.900002,113.550003,115.099998,78.622910,20421726
2020-10-22,115.000000,116.699997,114.099998,115.800003,79.101067,13653932
2020-10-23,116.800003,118.199997,116.199997,117.699997,80.398926,11876035
2020-10-26,117.900002,117.900002,114.199997,114.550003,78.247223,11243128
2020-10-27,114.199997,115.150002,112.849998,113.949997,77.837357,10985477
2020-10-28,113.949997,114.000000,112.400002,112.699997,76.983505,9366165
2020-10-29,112.000000,112.449997,110.550003,110.849998,75.719810,11414157
2020-10-30,111.599998,115.199997,111.050003,114.199997,78.008133,17773808
2020-11-02,114.599998,116.300003,113.550003,115.699997,79.032753,12785804
2020-11-03,115.599998,117.250000,115.599998,116.500000,79.579216,12319486
2020-11-04,116.500000,116.500000,113.699997,114.800003,78.417984,7382741
2020-11-05,116.349998,120.599998,115.250000,119.849998,81.867554,14904921
2020-11-06,120.250000,122.400002,118.300003,121.800003,83.199577,18908916
2020-11-09,122.900002,122.900002,120.650002,121.750000,83.165421,14950332
2020-11-10,122.250000,125.400002,121.000000,124.800003,85.248825,15808417
2020-11-11,126.000000,126.199997,123.550003,125.849998,85.966057,16757799
2020-11-12,126.050003,126.500000,121.000000,122.099998,83.404495,35738360
2020-11-13,122.500000,126.349998,121.199997,125.900002,86.000214,23377931
2020-11-14,127.349998,127.500000,126.550003,127.099998,86.819908,3308333
2020-11-17,128.300003,129.300003,127.199997,128.699997,87.912842,20369194
2020-11-18,128.750000,128.850006,125.849998,128.250000,87.605453,18943803
2020-11-19,121.750000,124.300003,120.849998,122.050003,88.548622,29186699
2020-11-20,123.300003,123.500000,120.150002,121.449997,88.113312,17573909
2020-11-23,121.250000,123.449997,119.750000,122.750000,89.056473,17269543
2020-11-24,123.750000,124.599998,122.800003,123.250000,89.419228,18199200
2020-11-25,123.949997,126.750000,123.250000,123.949997,89.927086,22813211
2020-11-26,124.599998,125.349998,123.349998,125.050003,90.725159,13694237
2020-11-27,125.449997,127.400002,125.000000,125.550003,91.087921,25297333
2020-12-01,126.000000,127.000000,124.699997,126.400002,91.704597,8927107
2020-12-02,127.000000,131.149994,126.400002,129.750000,94.135056,21081119
2020-12-03,131.350006,134.000000,129.250000,133.449997,96.819435,25834042
2020-12-04,134.199997,134.949997,131.100006,133.300003,96.710625,19371235
2020-12-07,133.300003,137.199997,133.000000,136.800003,99.249916,14127211
2020-12-08,137.449997,137.699997,133.000000,134.250000,97.399857,21479953
2020-12-09,135.399994,137.500000,134.399994,134.699997,97.726334,18755465
2020-12-10,135.199997,135.449997,132.800003,134.850006,97.835167,11912807
2020-12-11,134.699997,140.699997,134.500000,138.250000,100.301895,30559578
2020-12-14,139.649994,144.199997,139.100006,143.350006,104.002022,35605748
2020-12-15,143.649994,144.350006,140.800003,143.100006,103.820641,18775793
2020-12-16,144.350006,146.000000,143.500000,145.500000,105.561859,16119571
2020-12-17,145.250000,145.250000,142.500000,143.449997,104.074539,12374964
2020-12-18,143.449997,143.649994,139.449997,141.699997,102.804932,13628707
2020-12-21,141.399994,141.500000,129.350006,132.949997,96.456696,20132655
2020-12-22,132.500000,136.100006,129.800003,135.500000,98.306755,17257059
2020-12-23,135.500000,136.699997,134.100006,135.050003,97.980278,10091831
2020-12-24,136.350006,139.100006,135.600006,136.250000,98.850876,14518171
2020-12-28,139.899994,139.899994,137.199997,137.649994,99.866600,15223089
2020-12-29,138.899994,139.600006,134.600006,135.100006,98.016541,21146540
2020-12-30,136.750000,136.750000,134.199997,135.600006,98.379288,14180071
2020-12-31,135.600006,136.699997,134.750000,135.449997,98.270477,15237166
2021-01-01,135.399994,136.250000,135.050003,135.350006,98.197899,6995084
2021-01-04,136.850006,137.750000,135.800003,137.250000,99.576401,11669647
2021-01-05,136.750000,136.750000,134.399994,135.149994,98.052818,12371842
2021-01-06,135.399994,137.300003,133.800003,135.100006,98.016541,14133415
2021-01-07,136.500000,137.500000,135.500000,136.500000,99.032265,17298525
2021-01-08,137.100006,140.949997,137.100006,139.699997,101.353867,27964099
2021-01-11,140.500000,143.000000,140.300003,141.699997,102.804932,24790683
2021-01-12,142.500000,147.550003,141.699997,146.649994,106.396194,28433070
2021-01-13,148.500000,148.800003,143.500000,145.800003,105.779503,21154236
2021-01-14,146.600006,148.199997,144.850006,146.649994,106.396194,14755992
2021-01-15,146.800003,147.600006,142.350006,143.250000,103.929451,10647008
2021-01-18,143.300003,143.899994,136.600006,138.699997,100.628380,17085592
2021-01-19,140.850006,141.899994,139.600006,140.100006,101.644104,8951075
2021-01-20,140.500000,141.949997,138.649994,141.500000,102.659805,11820498
2021-01-21,142.000000,142.149994,136.550003,137.350006,99.648949,10828875
2021-01-22,137.350006,137.800003,132.500000,133.199997,96.638069,14810848
2021-01-25,134.899994,135.500000,130.850006,131.850006,95.658638,10157077
2021-01-27,132.000000,132.550003,128.699997,129.149994,93.699738,11638766
2021-01-28,128.000000,129.949997,127.800003,128.199997,93.010521,11970139
2021-01-29,129.250000,129.649994,125.250000,125.900002,91.341850,15268785
2021-02-01,126.400002,129.750000,125.849998,129.000000,93.590919,12808349
2021-02-02,131.000000,132.850006,129.649994,131.250000,95.223320,15485139
2021-02-03,131.250000,138.000000,131.250000,137.250000,99.576401,25483402
2021-02-04,137.899994,144.250000,136.800003,143.600006,104.183403,30751754
2021-02-05,144.100006,144.300003,139.350006,140.850006,102.188225,19930467
2021-02-08,141.050003,142.399994,140.300003,141.550003,102.696083,11810439
2021-02-09,141.500000,143.449997,138.699997,139.250000,101.027420,8579689
2021-02-10,139.899994,140.550003,136.800003,138.300003,100.338188,8709612
2021-02-11,138.300003,139.500000,136.000000,137.149994,99.503830,14150298
2021-02-12,136.500000,137.000000,132.750000,133.850006,97.109650,16453706
2021-02-15,134.500000,134.850006,132.000000,132.250000,95.948845,10557047
2021-02-16,132.300003,135.399994,132.300003,133.750000,97.037094,11735144
2021-02-17,133.300003,135.750000,132.899994,135.199997,98.089081,8950258
2021-02-18,135.000000,141.199997,134.050003,139.949997,101.535263,22069738
2021-02-19,139.949997,143.199997,137.250000,139.250000,101.027420,22944780
2021-02-22,138.850006,139.399994,135.100006,136.250000,98.850876,20401387
2021-02-23,137.600006,138.600006,136.199997,136.899994,99.322464,19178437
2021-02-24,139.949997,145.000000,139.500000,144.399994,104.763794,38775957
2021-02-25,146.899994,157.699997,145.750000,156.100006,113.252266,85580477
2021-02-26,156.149994,163.000000,150.500000,152.199997,110.422768,94115857
2021-03-01,155.500000,157.100006,153.699997,154.350006,111.982628,22306110
2021-03-02,154.350006,156.149994,152.500000,153.399994,111.293396,17565134
2021-03-03,155.000000,157.300003,153.800003,154.899994,112.381660,17610904
2021-03-04,154.000000,154.899994,151.699997,152.050003,110.313950,17162557
2021-03-05,152.000000,152.699997,149.699997,151.100006,109.624702,17323282
2021-03-08,153.899994,156.000000,152.350006,153.149994,111.112000,18727656
2021-03-09,154.949997,154.949997,148.500000,151.699997,110.060020,14621175
2021-03-10,153.050003,153.250000,149.399994,150.949997,109.515884,10788943
2021-03-12,152.000000,153.000000,149.000000,150.500000,109.189415,14835735
2021-03-15,146.449997,147.600006,144.750000,146.899994,110.240028,15783310
2021-03-16,147.000000,148.050003,144.600006,145.699997,109.339500,11857531
2021-03-17,145.050003,145.449997,139.500000,139.850006,104.949425,15554810
2021-03-18,141.500000,141.750000,136.199997,137.050003,102.848167,14401450
2021-03-19,136.000000,140.000000,133.500000,136.300003,102.285339,33294812
2021-03-22,137.600006,137.600006,135.300003,135.649994,101.797554,11414253
2021-03-23,135.600006,136.649994,134.100006,135.250000,101.497360,8887103
2021-03-24,133.899994,135.149994,132.050003,132.300003,99.283577,10865477
2021-03-25,132.000000,133.100006,127.050003,128.100006,96.131721,18629600
2021-03-26,129.100006,130.399994,128.699997,129.600006,97.257385,9505615
2021-03-30,131.000000,134.449997,130.149994,132.949997,99.771347,20582346
2021-03-31,133.000000,133.000000,130.000000,130.350006,97.820206,14900610
2021-04-01,131.449997,132.399994,130.600006,132.149994,99.171005,6226087
2021-04-05,131.899994,132.100006,128.050003,129.800003,97.407463,9012457
2021-04-06,130.850006,131.850006,129.300003,130.300003,97.782684,6689423
2021-04-07,130.300003,131.699997,129.750000,131.250000,98.495605,5657926
2021-04-08,131.300003,133.750000,131.199997,131.649994,98.795776,9330363
2021-04-09,131.649994,131.949997,128.949997,129.500000,97.182335,10149401
2021-04-12,128.000000,128.300003,123.599998,124.699997,93.580208,11334755
2021-04-13,124.800003,128.449997,124.800003,127.949997,96.019142,7809483
2021-04-15,127.949997,130.800003,126.949997,128.250000,96.244278,8924391
2021-04-16,128.850006,129.949997,127.099998,127.849998,95.944092,10358366
2021-04-19,125.599998,126.000000,123.400002,124.599998,93.505157,7131534
2021-04-20,125.000000,126.250000,124.050003,124.500000,93.430115,7738871
2021-04-22,124.650002,125.500000,124.000000,125.050003,93.842865,8514980
2021-04-23,124.949997,127.250000,124.250000,126.150002,94.668350,8992991
2021-04-26,127.750000,128.000000,126.500000,126.949997,95.268700,4967884
2021-04-27,127.000000,127.900002,126.599998,127.500000,95.681450,3982954
2021-04-28,128.000000,129.449997,127.500000,128.500000,96.431892,6206074
2021-04-29,129.750000,130.050003,127.650002,128.050003,96.094200,8345584
2021-04-30,127.400002,134.600006,127.000000,133.050003,99.846405,27396950
2021-05-03,133.000000,133.449997,131.199997,132.199997,99.208519,10262391
2021-05-04,132.550003,135.800003,132.250000,132.800003,99.658791,9926789
2021-05-05,133.000000,134.500000,132.500000,133.149994,99.921432,4877341
2021-05-06,134.199997,135.449997,133.750000,134.600006,101.009590,7632817
2021-05-07,135.399994,138.000000,135.000000,136.850006,102.698090,12644960
2021-05-10,137.100006,148.500000,137.100006,147.050003,110.352592,45098431
2021-05-11,146.449997,156.750000,145.149994,155.699997,116.843933,66582000
2021-05-12,155.899994,159.699997,151.800003,153.500000,115.192955,42959024
2021-05-14,155.949997,155.949997,146.100006,146.800003,110.165009,23140309
2021-05-17,147.000000,149.149994,144.000000,148.149994,111.178085,17076463
2021-05-18,149.100006,149.800003,146.100006,146.449997,109.902328,10295029
2021-05-19,146.449997,152.500000,145.100006,151.850006,113.954712,23999878
2021-05-20,152.399994,152.399994,146.050003,146.649994,110.052414,22983457
2021-05-21,147.000000,149.600006,146.850006,147.199997,110.465164,13009821
2021-05-24,148.100006,149.750000,145.649994,148.899994,111.740921,14192862
2021-05-25,149.800003,150.000000,147.100006,147.449997,110.652786,10434892
2021-05-26,147.800003,148.000000,145.199997,145.699997,109.339500,9948786
2021-05-27,145.750000,146.300003,144.100006,144.550003,108.476501,24064196
2021-05-28,145.600006,148.800003,144.750000,146.899994,110.240028,16465504
2021-05-31,147.050003,148.399994,145.050003,147.699997,110.840385,11767444
2021-06-01,148.550003,149.399994,146.899994,147.600006,110.765335,9307143
2021-06-02,147.500000,149.899994,147.000000,149.100006,111.891029,10714318
2021-06-03,150.000000,150.399994,148.600006,149.050003,111.853477,9282774
2021-06-04,149.000000,154.399994,148.199997,153.100006,114.892784,29422387
2021-06-07,156.000000,158.850006,155.449997,156.250000,117.256676,31071589
2021-06-08,157.399994,157.500000,152.800003,156.000000,117.069054,12874065
2021-06-09,157.000000,161.399994,155.199997,156.399994,117.369225,30443113
2021-06-10,157.100006,158.750000,155.750000,156.500000,117.444283,11459484
2021-06-11,157.000000,165.000000,156.649994,162.649994,122.059486,61728565
2021-06-14,164.000000,164.000000,155.550003,159.350006,119.583054,30836595
2021-06-15,161.100006,161.850006,156.750000,157.149994,117.932060,30153988
2021-06-16,157.300003,158.800003,154.850006,155.550003,116.731377,14098443
2021-06-17,155.000000,155.399994,151.399994,152.149994,114.179840,15784276
2021-06-18,153.000000,153.800003,145.100006,146.399994,109.864807,24823176
2021-06-21,146.000000,148.000000,143.500000,147.500000,110.690300,15038290
2021-06-22,148.899994,149.500000,147.800003,148.699997,111.590828,12494441
2021-06-23,149.850006,150.600006,148.149994,148.449997,111.403221,7983220
2021-06-24,148.449997,149.100006,146.000000,146.399994,109.864807,12929173
2021-06-25,146.750000,149.250000,146.750000,148.750000,111.628357,7400514
2021-06-28,147.100006,149.000000,147.000000,147.199997,110.465164,8217659
2021-06-29,147.100006,147.899994,143.949997,144.500000,108.438972,21576435
2021-06-30,145.600006,147.399994,145.100006,146.649994,110.052414,12919448
2021-07-01,146.600006,147.300003,145.500000,145.649994,109.301964,5668038
2021-07-02,147.000000,148.649994,146.050003,147.649994,110.802841,20805994
2021-07-05,148.000000,150.500000,147.600006,149.899994,112.491356,10401054
2021-07-06,150.050003,150.699997,146.899994,147.500000,110.690300,9579038
2021-07-07,147.500000,148.750000,146.550003,147.550003,110.727821,6067804
2021-07-08,147.000000,148.149994,145.300003,146.250000,109.752251,12349670
2021-07-09,146.250000,147.500000,145.649994,146.699997,110.089951,4963821
2021-07-12,146.800003,147.850006,146.100006,146.399994,109.864807,4010172
2021-07-13,147.000000,148.500000,146.649994,148.100006,111.140572,5717442
2021-07-14,147.949997,149.399994,147.250000,148.149994,111.178085,7216739
2021-07-15,148.000000,148.399994,145.649994,146.699997,110.089951,7257500
2021-07-16,146.750000,148.050003,145.300003,145.550003,109.226944,10819800
2021-07-19,145.000000,146.399994,144.000000,144.449997,108.401459,5158738
2021-07-20,144.500000,145.050003,141.699997,142.899994,107.238266,6271740
2021-07-22,144.000000,145.399994,143.250000,144.699997,108.589043,4772582
2021-07-23,144.699997,145.000000,143.350006,144.100006,108.138802,3419739
2021-07-26,144.000000,145.500000,143.250000,144.000000,108.063766,4423596
2021-07-27,144.500000,145.250000,142.100006,142.449997,106.900558,4245486
2021-07-28,143.449997,144.300003,141.050003,144.050003,108.101273,8834228
2021-07-29,144.050003,144.649994,141.899994,142.149994,106.675430,8237916
2021-07-30,142.300003,144.899994,141.250000,143.300003,107.538422,9526451
2021-08-02,144.300003,144.899994,143.100006,143.899994,107.988701,6164197
2021-08-03,143.899994,144.750000,143.000000,144.250000,108.251350,5648929
2021-08-04,144.149994,147.350006,144.149994,144.699997,108.589043,8839351
2021-08-05,145.000000,145.899994,142.199997,145.449997,109.151909,6237158
2021-08-06,145.600006,148.449997,145.250000,146.100006,109.639702,10812438
2021-08-09,147.500000,147.850006,142.350006,143.250000,107.500923,12986298
2021-08-10,143.699997,144.250000,140.750000,142.199997,106.712952,14022502
2021-08-11,142.899994,144.350006,141.149994,143.949997,108.026222,8356558
2021-08-12,144.050003,146.699997,143.699997,144.399994,108.363922,7685737
2021-08-13,145.050003,146.300003,143.199997,143.750000,107.876144,9455100
2021-08-16,143.800003,144.149994,141.750000,142.000000,106.562874,5259207
2021-08-17,142.100006,142.550003,137.199997,139.250000,104.499146,13714266
2021-08-18,139.250000,140.250000,138.000000,138.350006,103.823746,7654460
2021-08-20,137.500000,138.050003,135.000000,135.600006,101.760025,8877297
2021-08-23,136.300003,136.399994,132.750000,133.949997,100.521805,7768805
2021-08-24,134.350006,136.899994,134.000000,136.199997,102.210297,7452062
2021-08-25,136.500000,139.149994,136.500000,138.850006,104.198959,7817617
2021-08-26,138.850006,139.399994,136.350006,137.300003,103.035782,6845692
2021-08-27,137.899994,139.300003,137.050003,138.550003,103.973839,4418540
2021-08-30,138.600006,143.949997,138.600006,143.600006,107.763565,11333690
2021-08-31,143.600006,146.149994,143.250000,145.850006,109.452065,14301855
2021-09-01,146.600006,146.649994,143.899994,144.199997,108.213837,8415876
2021-09-02,143.800003,143.800003,141.199997,141.600006,108.906059,7787657
2021-09-03,141.899994,147.149994,141.750000,146.350006,112.559311,12734022
2021-09-06,147.800003,147.850006,144.300003,146.350006,112.559311,9712271
2021-09-07,147.000000,148.100006,145.550003,147.199997,113.213051,9475870
2021-09-08,147.350006,149.850006,146.300003,149.149994,114.712830,7873034
2021-09-09,149.149994,150.949997,148.000000,148.649994,114.328270,9519564
2021-09-13,149.600006,155.899994,149.300003,154.600006,118.904480,35672746
2021-09-14,155.350006,155.500000,153.350006,154.699997,118.981377,8804432
2021-09-15,155.500000,162.250000,154.250000,161.050003,123.865250,24591822
2021-09-16,162.149994,163.000000,157.550003,162.300003,124.826622,18440504
2021-09-17,162.699997,163.300003,155.399994,156.699997,120.519592,17317065
2021-09-20,155.899994,157.550003,152.800003,154.199997,118.596825,12541523
2021-09-21,155.699997,158.000000,153.449997,156.399994,120.288872,13645046
2021-09-22,157.250000,162.500000,155.000000,162.100006,124.672806,18861877
2021-09-23,163.750000,170.000000,163.100006,167.350006,128.710632,31399318
2021-09-24,168.100006,169.449997,162.899994,166.100006,127.749252,17259638
2021-09-27,167.000000,169.149994,165.350006,167.050003,128.479904,9099672
2021-09-28,168.500000,176.300003,168.149994,174.550003,134.248230,41551332
2021-09-29,174.500000,197.000000,172.800003,185.699997,142.823807,100988643
2021-09-30,187.600006,191.500000,184.100006,185.100006,142.362366,48957916
2021-10-01,185.399994,189.899994,182.399994,188.699997,145.131119,25492957
2021-10-04,192.500000,193.350006,188.300003,189.949997,146.092514,23341448
2021-10-05,191.000000,198.899994,190.399994,197.949997,152.245392,42359592
2021-10-06,200.000000,203.800003,191.699997,192.850006,148.322937,41926821
2021-10-07,194.750000,194.949997,189.250000,190.699997,146.669342,16517664
2021-10-08,191.100006,191.699997,184.100006,188.449997,144.938858,28978175
2021-10-11,192.000000,199.699997,191.649994,196.850006,151.399399,34952223
2021-10-12,199.199997,201.000000,191.250000,193.300003,148.669037,25216411
2021-10-13,194.000000,194.550003,189.350006,190.050003,146.169449,17378156
2021-10-14,190.000000,191.800003,182.300003,183.800003,141.362518,29542941
2021-10-18,184.800003,187.750000,183.399994,185.300003,142.516174,15468914
2021-10-19,187.300003,188.949997,183.600006,184.500000,141.900879,17403803
2021-10-20,182.699997,183.399994,177.399994,180.500000,138.824432,15921230
2021-10-21,182.000000,183.000000,178.899994,182.399994,140.285736,15586097
2021-10-22,183.399994,184.300003,175.300003,175.899994,135.286514,13603152
2021-10-25,176.250000,177.250000,173.000000,174.100006,133.902145,11744666
2021-10-26,173.000000,176.000000,171.750000,175.050003,134.632767,11602891
2021-10-27,175.699997,176.649994,172.800003,173.600006,133.517578,9535881
2021-10-28,173.000000,173.000000,165.949997,166.550003,128.095337,24509136
2021-10-29,165.000000,169.500000,163.300003,164.449997,126.480225,14826816
2021-11-01,165.000000,171.949997,163.800003,170.750000,131.325607,13585170
2021-11-02,171.449997,173.750000,168.350006,169.199997,130.133499,14278962
2021-11-03,168.199997,171.100006,167.350006,169.750000,130.556503,8974463
2021-11-04,171.199997,171.399994,169.750000,170.699997,131.287155,973260
2021-11-08,171.000000,174.199997,168.500000,171.699997,132.056259,8761953
2021-11-09,172.050003,172.399994,169.600006,170.500000,131.133331,5723308
2021-11-10,169.899994,170.850006,166.449997,166.699997,128.210709,9212143
2021-11-11,165.899994,167.649994,165.199997,167.000000,128.441437,6453205
2021-11-12,168.850006,168.850006,165.699997,166.949997,128.403000,7027513
2021-11-15,164.250000,167.600006,159.500000,159.750000,122.865410,19400018
2021-11-16,161.000000,161.649994,158.600006,159.050003,122.327034,8505431
2021-11-17,159.050003,159.250000,155.699997,156.100006,120.058151,7477627
2021-11-18,156.050003,157.750000,153.000000,153.399994,117.981529,12981172
2021-11-22,152.199997,152.899994,149.100006,150.550003,115.789589,11522286
2021-11-23,150.000000,156.750000,150.000000,156.199997,120.135040,13305061
2021-11-24,158.300003,161.649994,155.600006,159.100006,122.365486,18809310
2021-11-25,161.500000,162.800003,156.000000,158.550003,121.942467,22402592
2021-11-26,157.750000,159.399994,155.350006,155.899994,119.904327,11829847
2021-11-29,155.899994,156.649994,151.899994,154.250000,118.635292,18176163
2021-11-30,158.500000,158.500000,151.350006,152.000000,116.904793,56643275
2021-12-01,153.600006,156.250000,152.550003,155.550003,119.635132,16283427
2021-12-02,156.899994,159.550003,155.149994,159.300003,122.519302,15647910
2021-12-03,159.000000,160.699997,158.250000,159.750000,122.865410,20414051
2021-12-06,152.000000,152.449997,148.100006,148.550003,121.072342,24185368
2021-12-07,150.100006,150.949997,149.149994,150.649994,122.783890,7866368
2021-12-08,151.250000,151.750000,150.050003,150.899994,122.987656,7313306
2021-12-09,151.750000,153.500000,150.649994,152.649994,124.413933,9423435
2021-12-10,152.649994,153.750000,150.899994,151.300003,123.313660,7419042
2021-12-13,152.800003,152.800003,147.949997,149.000000,121.439087,9888293
2021-12-14,149.000000,149.750000,146.750000,148.899994,121.357590,8474759
2021-12-15,149.149994,150.600006,147.949997,148.100006,120.705589,5410912
2021-12-16,148.100006,150.100006,147.550003,149.750000,122.050354,7539061
2021-12-17,149.100006,149.399994,146.000000,146.449997,119.360771,8758284
2021-12-20,145.350006,145.649994,139.149994,140.699997,114.674370,8858645
2021-12-21,141.800003,146.000000,141.399994,144.649994,117.893707,8097050
2021-12-22,145.449997,149.399994,144.449997,145.350006,118.464241,6798820
2021-12-23,146.250000,147.949997,146.000000,147.699997,120.379555,4857807
2021-12-24,148.000000,148.149994,145.399994,145.899994,118.912491,4568316
2021-12-27,145.000000,146.500000,144.100006,146.050003,119.034767,3534825
2021-12-28,146.250000,149.250000,146.250000,148.850006,121.316849,4907497
2021-12-29,149.250000,149.250000,146.300003,146.750000,119.605293,4216568
2021-12-30,146.750000,149.000000,143.899994,146.199997,119.157021,24782255
2021-12-31,145.949997,147.550003,145.350006,146.050003,119.034767,5320232
2022-01-03,147.250000,155.949997,147.000000,155.300003,126.573761,29486720
2022-01-04,156.000000,156.649994,152.350006,153.000000,124.699211,13744440
2022-01-05,153.000000,154.300003,152.100006,153.699997,125.269714,8454060
2022-01-06,154.500000,155.250000,153.050003,154.649994,126.043991,12446900
2022-01-07,155.000000,157.449997,154.949997,156.949997,127.918579,11679683
2022-01-10,157.800003,161.000000,157.050003,160.699997,130.974899,14655298
2022-01-11,160.649994,160.649994,158.100006,158.550003,129.222610,7670386
2022-01-12,160.399994,160.750000,158.500000,159.350006,129.874634,6334581
2022-01-13,159.350006,166.449997,159.000000,164.750000,134.275772,20271714
2022-01-14,164.750000,166.149994,163.250000,164.750000,134.275772,10211720
2022-01-17,165.600006,166.100006,162.050003,163.699997,133.419998,8384625
2022-01-18,164.000000,165.500000,160.300003,160.800003,131.056427,6574122
2022-01-19,161.000000,164.850006,160.800003,163.899994,133.582977,11503199
2022-01-20,164.500000,168.250000,163.850006,165.050003,134.520279,17462235
2022-01-21,163.300003,163.300003,157.500000,158.750000,129.385620,14466758
2022-01-24,158.199997,160.399994,154.800003,156.300003,127.388794,10854431
2022-01-25,155.000000,161.600006,154.300003,161.149994,131.341675,7267866
2022-01-27,158.899994,161.300003,158.000000,160.550003,130.852676,9269062
2022-01-28,160.600006,165.000000,160.600006,161.649994,131.749176,10310726
2022-01-31,163.399994,163.399994,159.149994,159.800003,130.241394,5811200
2022-02-01,162.000000,163.449997,158.600006,163.050003,132.890228,7248713
2022-02-02,163.000000,164.600006,162.250000,163.850006,133.542267,5369074
2022-02-03,163.100006,164.149994,160.600006,161.300003,131.463928,4654885
2022-02-04,161.300003,162.800003,160.000000,160.399994,130.730392,6402287
2022-02-07,160.649994,163.000000,159.649994,160.949997,131.178665,5871041
2022-02-08,161.850006,162.500000,158.350006,159.949997,130.363617,14158927
2022-02-09,160.500000,169.350006,160.000000,168.600006,137.413635,35079516
2022-02-10,169.000000,170.300003,165.000000,168.050003,136.965363,17724098
2022-02-11,167.949997,169.300003,165.199997,166.500000,135.702057,10097767
2022-02-14,166.100006,166.250000,161.149994,161.649994,131.749176,9478670
2022-02-15,162.750000,164.850006,159.850006,163.649994,133.379242,16850616
2022-02-16,165.250000,166.000000,162.800003,163.850006,133.542267,10653203
2022-02-17,164.699997,165.500000,162.699997,163.050003,132.890228,6906440
2022-02-18,163.000000,168.250000,162.600006,167.300003,136.354095,23740696
2022-02-21,163.149994,163.500000,159.850006,161.199997,135.429932,14870901
2022-02-22,159.500000,160.649994,155.500000,159.899994,134.337753,11654816
2022-02-23,160.350006,162.300003,158.199997,158.500000,133.161575,7627472
2022-02-24,154.000000,156.800003,149.000000,150.000000,126.020424,12115340
2022-02-25,152.250000,164.899994,152.250000,163.449997,137.320251,17079977
2022-02-28,162.449997,169.949997,160.550003,169.550003,142.445099,20872239
2022-03-02,171.000000,185.649994,171.000000,184.800003,155.257156,72648396
2022-03-03,189.600006,197.750000,186.850006,188.949997,158.743729,74050073
2022-03-04,188.949997,191.000000,180.500000,181.000000,152.064636,36095156
2022-03-07,185.949997,192.000000,181.699997,188.699997,158.533676,41642776
2022-03-08,189.000000,191.699997,186.600006,189.149994,158.911743,22940456
2022-03-09,190.000000,190.600006,185.600006,186.649994,156.811417,13870658
2022-03-10,184.000000,184.000000,177.050003,178.949997,150.342346,30890343
2022-03-11,181.000000,182.500000,179.250000,181.750000,152.694733,14663558
2022-03-14,181.000000,182.149994,177.850006,180.350006,151.518539,8306420
2022-03-15,179.899994,180.000000,171.500000,172.899994,145.259521,14074860
2022-03-16,173.000000,177.800003,172.899994,176.899994,148.620087,11846738
2022-03-17,179.000000,180.000000,175.500000,176.550003,148.326035,20052773
2022-03-21,177.850006,186.350006,177.500000,182.300003,153.156815,20271556
2022-03-22,183.649994,185.800003,180.500000,183.350006,154.038971,12372751
2022-03-23,182.600006,184.250000,179.300003,183.050003,153.786926,13731315
2022-03-24,183.699997,188.500000,183.300003,187.399994,157.441513,16323203
2022-03-25,187.399994,188.899994,184.600006,186.100006,156.349335,10044811
2022-03-28,186.100006,193.699997,185.500000,191.250000,160.676041,19132062
2022-03-29,192.000000,192.199997,185.500000,186.000000,156.265335,10622472
2022-03-30,187.949997,187.949997,182.000000,182.899994,153.660889,10298319
2022-03-31,184.149994,184.899994,181.649994,183.050003,153.786926,9435203
2022-04-01,183.800003,187.250000,183.300003,186.149994,156.391342,13505929
2022-04-04,185.500000,189.000000,184.600006,187.750000,157.735565,9490374
2022-04-05,188.000000,188.949997,186.850006,187.899994,157.861588,7637664
2022-04-06,188.699997,197.000000,188.300003,193.850006,162.860397,46157039
2022-04-07,195.000000,197.050003,189.899994,190.750000,160.255966,21712301
2022-04-08,194.699997,198.800003,192.350006,194.550003,163.448486,20151959
2022-04-11,194.500000,198.000000,193.350006,196.399994,165.002716,12393619
2022-04-12,195.750000,195.750000,184.300003,186.000000,156.265335,18907630
2022-04-13,188.000000,191.300003,185.699997,186.600006,156.769409,14216953
2022-04-18,186.600006,190.899994,184.600006,189.449997,159.163788,13052104
2022-04-19,191.449997,203.250000,190.649994,197.750000,166.136917,59341710
2022-04-20,199.949997,205.550003,197.100006,199.100006,167.271118,38356653
2022-04-21,201.199997,207.899994,201.000000,206.899994,173.824173,43683145
2022-04-22,206.050003,209.000000,201.250000,202.149994,169.833511,24007670
2022-04-25,199.649994,202.199997,186.750000,188.449997,158.323654,26465084
2022-04-26,192.199997,192.300003,188.449997,191.399994,160.802063,20819291
2022-04-27,190.800003,191.800003,186.600006,187.500000,157.525513,12214126
2022-04-28,189.000000,192.500000,187.149994,190.250000,159.835892,12706800
2022-04-29,192.500000,193.000000,181.899994,182.850006,153.618912,21654415
2022-05-02,182.699997,188.899994,178.850006,187.649994,157.651535,21289439
2022-05-04,188.750000,190.699997,186.500000,187.350006,157.399506,18239949
2022-05-05,189.500000,191.949997,184.699997,185.850006,156.139313,12651103
2022-05-06,184.500000,188.949997,183.050003,187.399994,157.441513,14257553
2022-05-09,185.949997,185.949997,181.550003,183.050003,153.786926,10549451
2022-05-10,182.000000,183.850006,168.800003,170.050003,142.865143,19965511
2022-05-11,171.699997,173.699997,165.250000,169.850006,142.697113,20641617
2022-05-12,167.850006,170.199997,164.649994,167.050003,140.344757,10406343
2022-05-13,170.000000,173.649994,168.000000,168.699997,141.730972,11590435
2022-05-16,169.500000,172.800003,167.850006,171.699997,144.251373,7437937
2022-05-17,173.399994,185.000000,173.149994,184.550003,155.047119,28092052
2022-05-18,186.350006,187.500000,181.800003,185.550003,155.887253,15425248
2022-05-19,181.100006,183.500000,180.699997,181.199997,152.232666,9396007
2022-05-20,184.500000,186.850006,183.550003,185.949997,156.223312,6365038
2022-05-23,185.949997,186.750000,182.399994,184.300003,154.837097,7794071
2022-05-24,183.449997,186.750000,181.199997,182.350006,153.198837,8572565
2022-05-25,184.199997,185.550003,180.050003,180.699997,151.812592,7926434
2022-05-26,183.949997,186.000000,177.750000,183.250000,153.954941,23140556
2022-05-27,184.500000,188.649994,180.500000,181.850006,152.778763,16408080
2022-05-30,184.000000,187.899994,182.550003,187.199997,157.273499,10577525
2022-05-31,186.000000,195.250000,185.199997,192.899994,162.062256,21380248
2022-06-01,194.500000,197.300003,193.199997,196.050003,164.708694,30867456
2022-06-02,196.500000,199.199997,194.300003,198.199997,166.514954,17646759
2022-06-03,200.000000,201.000000,196.199997,197.000000,165.506836,25335178
2022-06-06,196.500000,196.800003,193.199997,194.850006,163.700516,22020642
2022-06-07,193.649994,199.949997,193.600006,197.550003,165.968903,12961285
2022-06-08,198.000000,201.949997,196.500000,197.649994,166.052887,13059792
2022-06-09,196.949997,200.399994,196.500000,198.750000,166.977066,10562238
2022-06-10,197.350006,199.300003,196.250000,198.500000,166.767014,6741014
2022-06-13,196.649994,197.399994,189.550003,191.050003,160.508026,8516696
2022-06-14,189.100006,194.500000,189.100006,192.199997,161.474182,6727598
2022-06-15,192.149994,193.850006,189.149994,190.050003,159.667877,5805589
2022-06-16,191.550003,192.800003,179.100006,179.899994,151.140488,14490962
2022-06-17,180.000000,184.850006,179.399994,182.649994,153.450851,15215695
2022-06-20,181.899994,181.899994,174.750000,176.850006,148.578079,23276003
2022-06-21,178.000000,185.649994,178.000000,184.800003,155.257156,7564329
2022-06-22,184.750000,184.750000,179.000000,179.350006,150.678421,6560404
2022-06-23,180.300003,182.000000,174.850006,177.149994,148.830124,9304799
2022-06-24,178.649994,180.399994,174.800003,176.550003,148.326035,8171322
2022-06-27,180.000000,182.800003,177.449997,182.050003,152.946793,7063839
2022-06-28,181.149994,186.949997,180.750000,186.399994,156.601379,9844211
2022-06-29,186.000000,190.250000,183.649994,188.750000,158.575699,16856241
2022-06-30,188.100006,189.000000,182.550003,185.600006,155.929260,8693744
2022-07-01,185.000000,186.149994,176.600006,183.250000,153.954941,17248729
2022-07-04,183.250000,185.699997,179.100006,182.050003,152.946793,8780396
2022-07-05,183.000000,185.199997,181.750000,182.449997,153.282822,5313753
2022-07-06,182.500000,182.850006,178.000000,181.699997,152.652740,9367397
2022-07-07,183.949997,186.600006,181.449997,186.000000,156.265335,6322630
2022-07-08,187.050003,191.899994,187.050003,189.800003,159.457840,14647592
2022-07-11,188.949997,194.300003,187.800003,193.350006,162.440323,9048841
2022-07-12,192.800003,195.300003,192.100006,193.899994,162.902390,6942704
2022-07-13,193.899994,196.149994,193.000000,193.449997,162.524338,7842930
2022-07-14,194.000000,195.449997,190.300003,192.000000,161.306122,6795141
2022-07-15,193.000000,193.899994,189.399994,193.399994,162.482330,5610793
2022-07-18,194.500000,196.899994,193.850006,195.600006,164.330627,7600779
2022-07-19,194.949997,199.600006,194.000000,198.250000,166.556992,9913955
2022-07-20,199.600006,200.399994,197.399994,197.850006,166.220932,5519522
2022-07-21,197.850006,199.449997,196.300003,198.600006,166.851059,6167419
2022-07-22,198.600006,199.850006,196.800003,197.100006,165.590851,4844223
2022-07-25,197.500000,201.699997,194.600006,200.899994,168.783356,10207034
2022-07-26,201.449997,203.300003,199.550003,202.300003,169.959549,12853314
2022-07-27,202.399994,204.699997,201.800003,203.449997,170.925690,7343180
2022-07-28,204.000000,205.000000,201.350006,202.850006,170.421600,5096403
2022-07-29,203.600006,212.449997,203.250000,211.250000,177.478760,12477455
2022-08-01,212.500000,213.699997,209.800003,212.750000,178.738953,7849924
2022-08-02,213.000000,217.250000,211.649994,215.250000,180.839294,12615631
2022-08-03,214.949997,214.949997,208.800003,212.100006,178.192886,9949919
2022-08-04,212.149994,213.449997,206.149994,207.149994,174.034210,8058280
2022-08-05,207.500000,210.250000,205.750000,208.449997,175.126389,31999040
2022-08-08,209.500000,216.149994,207.050003,215.399994,180.965317,16358151
2022-08-10,215.850006,220.449997,215.449997,219.850006,184.703949,14267910
2022-08-11,226.000000,226.800003,218.000000,218.600006,186.194504,28800337
2022-08-12,219.000000,222.250000,217.750000,221.649994,188.792358,8861089
2022-08-16,224.399994,224.399994,220.449997,222.899994,189.857056,7844356
2022-08-17,223.500000,223.500000,220.149994,221.449997,188.622025,6119157
2022-08-18,221.449997,222.649994,220.600006,221.750000,188.877548,4233196
2022-08-19,221.649994,221.649994,215.699997,217.149994,184.959442,8783707
2022-08-22,215.600006,220.949997,214.050003,218.300003,185.938980,10390480
2022-08-23,217.000000,223.699997,216.600006,222.850006,189.814484,9344364
2022-08-24,222.750000,226.000000,222.000000,223.649994,190.495880,10825973
2022-08-25,223.699997,227.149994,223.699997,224.899994,191.560577,13077805
2022-08-26,227.699997,232.000000,226.500000,229.949997,195.861969,12673156
2022-08-29,221.399994,231.600006,221.399994,230.600006,196.415604,8757016
2022-08-30,231.800003,235.500000,230.850006,234.800003,199.992981,12991363
2022-09-01,234.350006,236.800003,229.550003,230.300003,196.160080,9682321
2022-09-02,231.000000,232.449997,228.199997,229.300003,195.308319,4599518
2022-09-05,230.000000,232.350006,228.500000,231.600006,197.267380,4909470
2022-09-06,232.699997,234.649994,231.000000,232.699997,198.204300,5307321
2022-09-07,232.949997,239.300003,232.350006,238.850006,203.442627,12751679
2022-09-08,240.500000,240.500000,235.050003,236.449997,201.398392,7677716
2022-09-09,237.500000,238.000000,233.350006,237.600006,202.377930,8436280
2022-09-12,238.500000,239.050003,228.000000,231.500000,197.182190,19053188
2022-09-13,232.699997,235.300003,230.649994,231.300003,197.011856,9884429
2022-09-14,230.149994,233.800003,229.550003,231.949997,197.565506,7705022
2022-09-15,233.100006,234.949997,232.250000,234.250000,199.524536,5386854
2022-09-16,233.850006,234.000000,229.550003,231.050003,196.798920,8750965
2022-09-19,230.949997,232.649994,228.699997,229.899994,195.819382,4011597
2022-09-20,231.000000,233.800003,228.699997,229.850006,195.776779,6890375
2022-09-21,229.850006,232.699997,227.149994,231.550003,197.224777,5673523
2022-09-22,229.949997,231.300003,225.500000,227.050003,193.391876,7677219
2022-09-23,225.000000,226.949997,221.000000,222.850006,189.814484,5495315
2022-09-26,221.000000,222.100006,212.500000,215.500000,183.554062,7832594
2022-09-27,216.000000,219.699997,212.750000,213.899994,182.191238,5795048
2022-09-28,211.699997,213.399994,208.899994,210.800003,179.550781,6134706
2022-09-29,211.800003,215.149994,210.649994,213.899994,182.191238,8962595
2022-09-30,213.000000,216.000000,207.850006,212.250000,180.785828,12875386
2022-10-03,213.000000,218.000000,212.300003,214.949997,183.085571,11397506
2022-10-04,218.300003,224.000000,218.100006,223.250000,190.155197,10862095
2022-10-06,225.000000,234.100006,224.649994,233.500000,198.885696,12795784
2022-10-07,233.000000,233.550003,227.800003,229.699997,195.649017,14641624
2022-10-10,227.000000,232.000000,226.600006,229.850006,195.776779,10850668
2022-10-11,230.949997,230.949997,224.000000,225.449997,192.029053,19154740
2022-10-12,225.550003,233.000000,225.550003,232.100006,197.693268,9256951
2022-10-13,232.199997,235.600006,231.100006,234.550003,199.780075,7231841
2022-10-14,238.949997,238.949997,235.350006,236.350006,201.313232,6241886
2022-10-17,236.350006,238.550003,232.899994,238.000000,202.718628,5623812
2022-10-18,238.500000,242.149994,236.850006,241.699997,205.870132,6674374
2022-10-19,242.000000,243.000000,237.000000,238.199997,202.888992,13886387
2022-10-20,237.000000,242.500000,233.600006,241.000000,205.273895,10755972
2022-10-21,241.000000,241.350006,238.050003,238.699997,203.314850,3285505
2022-10-24,240.899994,241.699997,240.000000,240.500000,204.848022,730136
2022-10-25,240.500000,240.949997,237.949997,239.949997,204.379562,6976548
2022-10-27,240.949997,241.600006,239.000000,240.899994,205.188721,6422639
2022-10-28,242.000000,247.800003,240.550003,244.399994,208.169876,14076967
2022-10-31,246.000000,247.500000,243.550003,245.949997,209.490112,8365329
2022-11-01,247.000000,247.000000,243.250000,245.649994,209.234589,8813106
2022-11-02,245.649994,249.600006,242.149994,245.800003,209.362350,14974441
2022-11-03,244.000000,247.600006,241.000000,246.199997,209.703049,6754654
2022-11-04,246.699997,248.699997,245.500000,246.050003,209.575287,5511411
2022-11-07,247.300003,251.350006,246.750000,249.550003,212.556458,10513106
2022-11-09,255.500000,263.399994,254.550003,255.800003,217.879929,40391668
2022-11-10,257.950012,260.500000,252.100006,253.600006,216.006073,20832572
2022-11-11,258.799988,258.899994,252.399994,253.250000,215.707947,20165337
2022-11-14,254.550003,256.250000,246.250000,247.199997,210.554810,18762693
2022-11-15,234.399994,238.850006,230.600006,232.149994,210.509460,20225373
2022-11-16,233.350006,235.500000,230.399994,234.899994,213.003113,9764275
2022-11-17,234.750000,234.750000,231.000000,232.399994,210.736176,5737884
2022-11-18,232.449997,233.550003,228.199997,229.550003,208.151840,6413585
2022-11-21,229.000000,230.399994,226.699997,229.449997,208.061142,6430876
2022-11-22,228.550003,230.699997,227.649994,229.100006,207.743805,5885877
2022-11-23,230.000000,231.100006,229.000000,230.600006,209.103958,5693274
2022-11-24,230.750000,231.800003,227.350006,228.500000,207.199707,8198891
2022-11-25,229.649994,233.649994,227.800003,231.399994,209.829361,10046363
2022-11-28,230.550003,232.750000,228.399994,229.850006,208.423859,8146840
2022-11-29,230.199997,231.300003,226.350006,227.199997,206.020905,6628470
2022-11-30,227.199997,228.850006,226.550003,227.250000,206.066223,12154948
2022-12-01,228.399994,230.399994,224.899994,226.100006,205.023453,22435771
2022-12-02,226.100006,228.000000,225.300003,226.600006,205.476837,6325649
2022-12-05,226.600006,231.800003,226.500000,231.250000,209.693375,8732711
2022-12-06,232.000000,232.500000,229.500000,231.649994,210.056061,7394839
2022-12-07,232.149994,232.149994,228.699997,229.750000,208.333206,4519547
2022-12-08,229.649994,231.250000,229.000000,230.399994,208.922592,3135706
2022-12-09,230.550003,232.350006,227.800003,228.850006,207.517090,4197165
2022-12-12,228.350006,233.699997,228.100006,232.399994,210.736176,7881379
2022-12-13,233.399994,234.449997,231.100006,231.550003,209.965393,4878457
2022-12-14,231.750000,233.199997,231.350006,232.149994,210.509460,4730078
2022-12-15,231.899994,232.600006,227.699997,228.199997,206.927673,5221433
2022-12-16,228.000000,229.899994,223.300003,224.649994,203.708603,7757065
2022-12-19,224.649994,227.850006,224.500000,227.300003,206.111572,4073907
2022-12-20,226.899994,226.899994,223.350006,226.100006,205.023453,3784271
2022-12-21,226.500000,227.699997,222.050003,223.850006,202.983170,3675466
2022-12-22,224.100006,225.750000,219.100006,222.699997,201.940384,4755089
2022-12-23,220.000000,222.899994,214.199997,215.050003,195.003510,6561011
2022-12-26,215.050003,221.600006,214.250000,220.750000,200.172150,3116608
2022-12-27,222.000000,222.899994,219.649994,221.250000,200.625534,2961726
2022-12-28,221.250000,224.250000,220.550003,223.199997,202.393753,3015714
2022-12-29,220.800003,224.350006,220.449997,221.649994,200.988251,4784105
2022-12-30,222.250000,226.449997,222.250000,225.050003,204.071320,4102247
2023-01-02,226.750000,227.199997,224.149994,224.750000,203.799271,4210225
2023-01-03,225.000000,225.750000,223.000000,224.100006,203.209869,3643132
2023-01-04,224.350006,224.500000,216.250000,217.149994,196.907730,9550461
2023-01-05,216.800003,218.899994,215.199997,218.149994,197.814514,8815728
2023-01-06,219.000000,219.899994,212.000000,214.250000,194.278076,12237065
2023-01-09,215.350006,217.699997,214.000000,214.949997,194.912811,6967190
2023-01-10,215.000000,217.300003,214.199997,216.750000,196.545029,5400260
2023-01-11,217.300003,218.500000,212.199997,213.399994,193.507294,7637956
2023-01-12,215.500000,217.000000,212.800003,213.899994,193.960693,7161675
2023-01-13,214.199997,215.699997,213.550003,215.100006,195.048828,3671193
2023-01-16,215.500000,215.899994,212.449997,213.750000,193.824677,3987352
2023-01-17,213.750000,215.149994,211.100006,213.100006,193.235275,5871758
2023-01-18,213.850006,217.350006,213.199997,216.850006,196.635712,6441530
2023-01-19,216.750000,224.800003,215.149994,223.949997,203.073853,12938871
2023-01-20,224.850006,229.250000,222.750000,227.000000,205.839554,13444947
2023-01-23,228.500000,230.399994,227.199997,230.100006,208.650574,8736715
2023-01-24,230.199997,232.000000,227.199997,227.600006,206.383621,4252051
2023-01-25,227.800003,228.000000,223.750000,226.149994,205.068756,3855827
2023-01-27,227.000000,227.649994,219.300003,222.399994,201.668335,6171667
2023-01-30,222.399994,226.800003,220.750000,225.850006,204.796753,6172517
2023-01-31,225.000000,228.350006,223.899994,224.850006,203.889984,7424552
2023-02-01,228.000000,228.000000,214.149994,220.649994,200.081467,24008324
2023-02-02,221.000000,221.699997,217.000000,217.649994,197.361115,6806578
2023-02-03,218.000000,220.699997,214.600006,218.899994,198.494598,8776614
2023-02-06,219.199997,220.350006,215.649994,219.600006,199.129379,5742881
2023-02-07,219.600006,221.149994,217.000000,219.699997,199.220016,4907167
2023-02-08,214.750000,217.149994,214.149994,215.500000,200.195465,6316867
2023-02-09,216.000000,216.800003,213.199997,214.550003,199.312927,4383159
2023-02-10,214.000000,214.399994,210.949997,211.500000,196.479523,4954439
2023-02-13,211.500000,213.699997,209.149994,213.050003,197.919449,6142208
2023-02-14,213.050003,214.300003,211.100006,211.750000,196.711777,6758731
2023-02-15,211.000000,213.800003,210.300003,212.899994,197.780090,9612884
2023-02-16,213.500000,216.500000,213.100006,215.449997,200.149002,13093683
2023-02-17,214.850006,218.250000,214.199997,217.500000,202.053421,7243093
2023-02-20,217.850006,218.949997,215.949997,218.300003,202.796616,8479587
2023-02-21,218.800003,219.199997,213.350006,214.050003,198.848434,4655766
2023-02-22,214.550003,215.850006,211.600006,211.850006,196.804688,6003852
2023-02-23,212.949997,215.949997,212.449997,214.899994,199.638077,6219715
2023-02-24,216.000000,217.300003,214.699997,217.050003,201.635376,5154174
2023-02-27,217.000000,218.000000,215.100006,216.949997,201.542480,4841279
2023-02-28,216.600006,216.949997,212.000000,215.399994,200.102554,6054079
2023-03-01,215.399994,219.000000,214.500000,218.750000,203.214645,4510175
2023-03-02,218.750000,224.449997,217.350006,222.850006,207.023483,11354939
2023-03-03,223.899994,226.449997,222.399994,222.949997,207.116364,7089438
2023-03-06,222.949997,225.500000,221.750000,224.899994,208.927872,4771341
2023-03-08,224.850006,225.149994,222.649994,224.850006,208.881454,4271464
2023-03-09,224.850006,226.949997,223.649994,224.800003,208.834991,4263468
2023-03-10,222.949997,225.300003,221.449997,224.350006,208.416946,3670173
2023-03-13,224.199997,225.750000,219.350006,220.800003,205.119064,3877606
2023-03-14,220.800003,222.800003,218.850006,221.050003,205.351318,5723922
2023-03-15,221.949997,223.199997,219.600006,219.899994,204.282974,2992144
2023-03-16,218.550003,222.449997,216.350006,220.850006,205.165512,4988245
2023-03-17,222.000000,225.949997,220.100006,221.649994,205.908691,15720256
2023-03-20,220.000000,221.600006,215.699997,217.050003,201.635376,4244575
2023-03-21,218.149994,218.949997,215.949997,217.050003,201.635376,3998751
2023-03-22,216.899994,216.899994,213.100006,213.949997,198.755539,9675449
2023-03-23,213.149994,214.750000,212.399994,213.350006,198.198166,4730918
2023-03-24,213.250000,213.899994,208.000000,208.449997,193.646149,6611089
2023-03-27,208.500000,210.199997,207.600006,208.399994,193.599701,4002212
2023-03-28,209.399994,211.250000,208.449997,208.899994,194.064194,6157526
2023-03-29,209.949997,214.899994,208.399994,212.949997,197.826553,16734166
2023-03-31,212.199997,214.300003,211.149994,213.649994,198.476852,5139018
2023-04-03,214.100006,220.850006,213.800003,220.149994,204.515213,7754066
2023-04-05,220.300003,224.250000,220.300003,222.500000,206.698334,6491910
2023-04-06,222.449997,223.149994,220.300003,221.699997,205.955154,4589598
2023-04-10,221.449997,224.449997,221.149994,222.050003,206.280289,3498235
2023-04-11,222.750000,224.300003,222.000000,223.649994,207.766647,3995959
2023-04-12,224.000000,228.000000,223.649994,227.699997,211.529037,5136012
2023-04-13,227.899994,229.649994,224.449997,225.500000,209.485260,3478451
2023-04-17,225.500000,229.949997,225.399994,229.600006,213.294098,6265943
2023-04-18,229.600006,232.399994,229.250000,232.199997,215.709442,8004952
2023-04-19,233.600006,234.600006,229.000000,230.399994,214.037277,7424582
2023-04-20,229.899994,231.500000,229.100006,229.550003,213.247650,2589165
2023-04-21,230.000000,230.449997,227.449997,230.050003,213.712143,2459508
2023-04-24,229.550003,232.000000,229.550003,231.550003,215.105606,2587030
2023-04-25,231.149994,232.300003,229.899994,230.250000,213.897934,2570946
2023-04-26,230.000000,230.649994,228.000000,229.750000,213.433456,3439487
2023-04-27,229.750000,232.500000,229.149994,231.750000,215.291412,3349374
2023-04-28,232.500000,234.750000,231.600006,233.100006,216.545532,4771074
2023-05-02,233.199997,237.449997,233.100006,236.100006,219.332474,3773537
2023-05-03,236.050003,238.949997,234.600006,236.899994,220.075653,4523385
2023-05-04,236.850006,238.000000,234.149994,237.449997,220.586609,7248108
2023-05-05,237.850006,238.000000,236.000000,237.399994,220.540146,3043479
2023-05-08,232.500000,233.399994,230.000000,232.850006,216.313293,9711437
2023-05-09,234.800003,238.800003,233.500000,236.350006,219.564728,7318928
2023-05-10,236.949997,237.250000,234.550003,236.550003,219.750519,3650159
2023-05-11,236.550003,238.149994,235.699997,236.149994,219.378922,2675726
2023-05-12,236.149994,237.250000,234.250000,235.050003,218.357040,2348435
2023-05-15,234.600006,239.600006,233.850006,237.699997,220.818848,4217892
2023-05-16,238.750000,241.699997,237.449997,240.949997,223.838028,6016484
2023-05-17,240.949997,243.699997,240.750000,241.600006,224.441879,4968232
2023-05-18,242.000000,242.899994,238.949997,239.600006,222.583908,3512113
2023-05-19,240.000000,241.600006,236.300003,239.899994,222.862595,3810543
2023-05-22,239.399994,241.199997,237.449997,238.699997,221.747818,2891415
2023-05-23,238.949997,240.199997,236.800003,239.300003,222.305222,3213453
2023-05-24,238.300003,241.500000,238.000000,241.000000,223.884476,2422138
2023-05-25,241.250000,242.199997,237.899994,240.050003,223.001953,3810138
2023-05-26,239.800003,242.449997,239.100006,241.500000,224.348969,2646742
2023-05-29,241.550003,247.649994,240.800003,246.100006,228.622299,8069985
2023-05-30,246.250000,247.149994,243.300003,244.300003,226.950119,4657906
2023-05-31,247.899994,247.899994,239.300003,241.250000,224.116730,15727646
2023-06-01,230.399994,231.899994,229.149994,230.350006,213.990845,35509867
2023-06-02,228.500000,233.399994,228.100006,230.899994,214.501770,36400588
2023-06-05,230.500000,231.199997,229.449997,229.699997,213.386993,19807347
2023-06-06,229.800003,230.649994,226.750000,227.800003,211.621933,13495524
2023-06-07,228.750000,231.500000,228.100006,230.699997,214.315964,21853324
2023-06-08,231.399994,231.399994,227.649994,228.100006,211.900635,8538256
2023-06-09,228.949997,229.449997,227.350006,227.649994,211.482590,5137982
2023-06-12,228.250000,229.250000,226.649994,229.000000,212.736710,4261576
2023-06-13,230.000000,230.300003,228.000000,228.949997,212.690262,5574798
2023-06-14,229.899994,229.899994,227.550003,228.949997,212.690262,7034468
2023-06-15,229.199997,229.649994,227.899994,228.600006,212.365128,6363240
2023-06-16,228.500000,229.699997,228.000000,228.550003,212.318665,8518319
2023-06-19,228.500000,228.800003,226.600006,227.149994,211.018097,8210198
2023-06-20,227.750000,227.750000,225.500000,227.250000,211.110977,5024593
2023-06-21,227.800003,228.800003,226.449997,228.449997,212.225769,4705567
2023-06-22,228.399994,229.600006,226.600006,226.949997,210.832291,6566989
2023-06-23,227.100006,227.550003,224.800003,225.899994,209.856857,3881707
2023-06-26,226.000000,226.449997,223.250000,224.300003,208.370499,6145625
2023-06-27,226.350006,226.800003,223.899994,225.149994,209.160126,6282912
2023-06-28,225.149994,227.649994,224.149994,227.250000,211.110977,19512531
2023-06-30,227.899994,231.350006,226.750000,231.000000,214.594666,7850296
2023-07-03,231.500000,233.750000,229.850006,231.649994,215.198486,7860203
2023-07-04,232.250000,232.800003,230.300003,231.800003,215.337860,3662791
2023-07-05,231.800003,232.850006,230.100006,231.399994,214.966248,4859892
2023-07-06,231.399994,236.000000,231.000000,234.600006,217.939011,7254947
2023-07-07,232.000000,235.850006,231.699997,234.000000,217.381622,6393850
2023-07-10,235.000000,235.600006,232.850006,233.750000,217.149368,6223180
2023-07-11,233.800003,235.800003,233.500000,234.000000,217.381622,10775084
2023-07-12,235.000000,237.300003,233.649994,234.399994,217.753189,11313272
2023-07-13,235.000000,235.300003,229.000000,229.899994,213.572800,20205328
2023-07-14,230.000000,232.100006,229.750000,231.050003,214.641129,7390502
2023-07-17,231.000000,232.649994,229.699997,230.199997,213.851486,4963515
2023-07-18,229.699997,232.449997,227.550003,228.250000,212.039963,6168942
2023-07-19,229.199997,229.899994,228.199997,228.600006,212.365128,5247533
2023-07-20,228.649994,230.699997,227.750000,229.750000,213.433456,3195629
2023-07-21,229.600006,230.500000,228.550003,229.000000,212.736710,3903407
2023-07-24,229.000000,232.000000,228.550003,230.949997,214.548218,3456895
2023-07-25,232.300003,232.350006,228.850006,229.949997,213.619232,11024983
2023-07-26,230.550003,231.199997,228.899994,230.500000,214.130173,7574284
2023-07-27,231.000000,231.899994,228.149994,229.050003,212.783157,7837850
2023-07-28,229.600006,229.949997,226.850006,227.100006,210.971634,8817344
2023-07-31,228.500000,229.949997,226.850006,229.250000,212.968964,19422170
2023-08-01,230.000000,241.300003,228.949997,240.350006,223.280640,22409256
2023-08-02,241.149994,243.149994,232.300003,234.550003,217.892563,25003960
2023-08-03,234.550003,235.100006,229.449997,230.050003,213.712143,13949266
2023-08-04,232.800003,236.500000,230.500000,233.750000,217.149368,6725977
2023-08-07,234.750000,236.000000,232.300003,232.949997,216.406174,6744074
2023-08-08,233.000000,235.399994,229.300003,230.250000,213.897934,13828141
2023-08-09,233.250000,235.699997,230.600006,234.750000,218.078354,35271302
2023-08-10,234.750000,236.800003,234.449997,234.899994,218.217697,10749822
2023-08-11,234.000000,235.600006,233.750000,234.899994,218.217697,6132454
2023-08-14,236.000000,236.199997,230.699997,233.899994,217.288712,6092872
2023-08-16,234.000000,234.800003,232.100006,233.050003,216.499084,4576249
2023-08-17,233.699997,233.899994,231.100006,232.300003,215.802338,5602132
2023-08-18,228.500000,228.949997,227.000000,227.449997,214.998871,6904019
2023-08-21,227.449997,230.800003,227.000000,230.100006,217.503815,4955953
2023-08-22,230.399994,232.050003,229.699997,230.750000,218.118225,4280368
2023-08-23,231.250000,231.500000,230.300003,230.899994,218.260010,2524601
2023-08-24,231.850006,232.649994,228.500000,229.250000,216.700348,6378317
2023-08-25,229.000000,230.100006,227.500000,227.699997,215.235199,3890957
2023-08-28,228.500000,230.050003,227.500000,229.449997,216.889389,3360861
2023-08-29,229.449997,230.399994,228.750000,229.949997,217.362015,3112560
2023-08-30,230.100006,230.750000,228.500000,228.750000,216.227722,4086281
2023-08-31,229.000000,230.449997,228.399994,230.050003,217.456558,10403460
2023-09-01,230.699997,237.250000,230.649994,236.899994,223.931564,14869577
2023-09-04,238.750000,248.949997,238.149994,247.800003,234.234879,24785966
2023-09-05,249.350006,255.899994,247.500000,255.350006,241.371582,19654487
2023-09-06,255.949997,257.799988,252.550003,255.800003,241.796936,13346191
2023-09-07,256.000000,274.750000,254.800003,274.000000,259.000641,72255521
2023-09-08,274.600006,284.450012,270.899994,282.100006,266.657227,41855413
2023-09-11,284.000000,284.200012,277.250000,278.950012,263.679688,14505153
2023-09-12,280.000000,280.049988,269.000000,270.750000,255.928543,17547706
2023-09-13,271.500000,281.500000,269.000000,279.649994,264.341309,17607568
2023-09-14,281.299988,282.200012,276.700012,277.549988,262.356293,12033796
2023-09-15,278.500000,284.149994,277.549988,279.299988,264.010468,13288180
2023-09-18,279.299988,282.750000,274.450012,281.250000,265.853729,8754852
2023-09-20,279.500000,288.000000,279.100006,284.299988,268.736755,18615797
2023-09-21,284.899994,286.799988,278.600006,280.450012,265.097565,11071899
2023-09-22,280.000000,286.100006,279.200012,283.350006,267.838806,8691024
2023-09-25,284.299988,289.000000,281.149994,288.049988,272.281494,9118957
2023-09-26,288.450012,291.399994,286.149994,286.750000,271.052673,11256196
2023-09-27,288.000000,293.399994,284.500000,291.549988,275.589905,12805340
2023-09-28,291.549988,294.149994,289.000000,290.200012,274.313843,12432497
2023-09-29,292.799988,297.500000,291.399994,295.200012,279.040131,8640829
2023-10-03,297.049988,297.100006,290.100006,291.899994,275.920746,9348540
2023-10-04,290.799988,291.500000,285.899994,287.950012,272.186981,6338888
2023-10-05,288.799988,290.549988,283.899994,289.350006,273.510345,8687014
2023-10-06,290.950012,291.000000,287.000000,287.799988,272.045166,3741467
2023-10-09,286.049988,288.950012,283.049988,287.799988,272.045166,4647845
2023-10-10,288.250000,303.899994,287.799988,303.250000,286.649445,23283411
2023-10-11,304.549988,305.000000,299.450012,301.850006,285.326050,12321154
2023-10-12,302.549988,309.100006,301.899994,307.200012,290.383209,15375295
2023-10-13,305.000000,310.850006,304.450012,307.950012,291.092163,9516879
2023-10-16,307.850006,313.649994,306.549988,312.000000,294.920410,10535107
2023-10-17,313.000000,318.350006,312.100006,317.399994,300.024811,7760527
2023-10-18,317.350006,319.750000,315.250000,316.950012,299.599457,9662837
2023-10-19,315.299988,315.700012,308.850006,314.799988,297.567108,8977527
2023-10-20,312.500000,316.700012,309.600006,312.399994,295.298523,6009115
2023-10-23,312.549988,312.850006,305.000000,306.100006,289.343414,8086150
2023-10-25,306.100006,312.700012,305.000000,310.299988,293.313477,7253336
2023-10-26,309.149994,309.149994,302.899994,305.250000,288.539917,8329092
2023-10-27,306.000000,317.149994,306.000000,313.950012,296.763702,10503070
2023-10-30,315.000000,315.799988,311.950012,314.549988,297.330841,6229982
2023-10-31,316.750000,316.799988,310.750000,314.250000,297.047272,7446586
2023-11-01,313.200012,315.799988,305.850006,306.649994,289.863281,9593653
2023-11-02,308.950012,312.799988,307.299988,308.850006,291.942871,7071960
2023-11-03,310.600006,314.700012,310.299988,312.000000,294.920410,4658440
2023-11-06,313.200012,319.549988,313.000000,316.549988,299.221313,10340818
2023-11-07,316.500000,318.799988,313.649994,314.250000,297.047272,6826885
2023-11-08,316.000000,318.149994,314.549988,317.399994,300.024811,6424833
2023-11-09,318.450012,324.500000,315.700012,323.549988,305.838135,15503280
2023-11-10,324.450012,326.149994,321.549988,323.399994,305.696350,8445203
2023-11-13,333.000000,350.000000,330.299988,349.350006,330.225800,42178783
2023-11-15,359.000000,359.000000,348.600006,350.600006,331.407379,35092206
2023-11-16,353.000000,354.500000,344.850006,345.799988,326.870117,17617280
2023-11-17,348.000000,348.549988,342.299988,345.250000,326.350220,13542916
2023-11-20,348.000000,352.399994,343.950012,347.750000,328.713379,19032608
2023-11-21,335.000000,338.500000,328.850006,334.200012,330.394043,15148068
2023-11-22,335.799988,337.899994,330.000000,332.149994,328.367371,7599447
2023-11-23,332.500000,336.049988,330.000000,334.450012,330.641205,6186567
2023-11-24,335.350006,337.450012,332.100006,332.799988,329.009949,7054445
2023-11-28,334.799988,342.500000,333.299988,341.950012,338.055786,10791886
2023-11-29,343.000000,345.000000,338.100006,342.350006,338.451233,14149513
2023-11-30,345.000000,345.000000,338.049988,342.149994,338.253479,11959336
2023-12-01,343.799988,351.100006,342.450012,346.649994,342.702240,15105221
2023-12-04,351.100006,360.000000,350.649994,354.700012,350.660583,22705896
2023-12-05,355.700012,356.450012,350.000000,355.549988,351.500885,15782945
2023-12-06,355.799988,362.500000,349.450012,352.149994,348.139618,14817158
2023-12-07,353.799988,353.799988,348.399994,351.950012,347.941895,8507659
2023-12-08,352.000000,358.399994,346.899994,351.000000,347.002716,13444251
2023-12-11,351.000000,358.600006,351.000000,353.649994,349.622528,11420609
2023-12-12,354.149994,354.600006,345.149994,347.500000,343.542572,8789103
2023-12-13,349.399994,349.799988,343.700012,345.200012,341.268768,8091533
2023-12-14,349.200012,351.200012,345.799988,347.600006,343.641418,13142466
2023-12-15,350.000000,354.350006,348.450012,350.000000,346.014099,14331890
2023-12-18,351.000000,351.250000,342.299988,347.649994,343.690857,7959685
2023-12-19,346.500000,369.750000,346.500000,366.950012,362.771088,28937243
2023-12-20,369.000000,371.799988,350.000000,352.149994,348.139618,23224408
2023-12-21,351.100006,356.799988,346.100006,355.500000,351.451447,10028664
2023-12-22,359.000000,367.399994,356.399994,363.250000,359.113190,13916380
2023-12-26,363.799988,371.799988,362.500000,366.049988,361.881287,11910267
2023-12-27,367.000000,369.200012,362.399994,365.600006,361.436432,7890042
2023-12-28,366.799988,382.500000,365.799988,380.950012,376.611633,28310022
2023-12-29,381.500000,381.700012,374.250000,376.000000,371.717987,8859317
2024-01-01,377.799988,386.799988,377.450012,381.799988,377.451935,11124690
2024-01-02,387.399994,395.850006,384.250000,392.649994,388.178375,28363847
2024-01-03,394.799988,394.799988,383.850006,384.549988,380.170624,12903439
2024-01-04,387.799988,389.799988,383.899994,384.750000,380.368347,11039940
2024-01-05,386.799988,388.500000,382.500000,384.250000,379.874054,8369460
2024-01-08,386.450012,388.649994,379.250000,380.399994,376.067871,9424716
2024-01-09,383.649994,387.950012,382.100006,385.350006,380.961517,9473743
2024-01-10,385.850006,385.850006,375.850006,382.049988,377.699097,9670366
2024-01-11,385.500000,388.899994,383.299988,384.350006,379.972900,9163771
2024-01-12,385.799988,385.799988,379.549988,381.100006,376.759918,7471050
2024-01-15,382.500000,387.899994,381.399994,384.649994,380.269470,7490747
2024-01-16,385.399994,386.950012,377.049988,381.899994,377.550812,10165133
2024-01-17,381.799988,385.350006,377.200012,379.649994,375.326416,10996538
2024-01-18,380.799988,382.549988,368.000000,375.649994,371.371979,12493835
2024-01-19,380.649994,384.899994,379.100006,383.250000,378.885437,15893456
2024-01-23,403.500000,404.799988,373.649994,375.299988,371.025970,16406737
2024-01-24,379.799988,387.799988,374.250000,382.600006,378.242828,22938994
2024-01-25,386.799988,391.700012,385.350006,389.399994,384.965393,13440949
2024-01-29,392.899994,414.700012,391.500000,412.799988,408.098907,27149058
2024-01-30,415.750000,415.799988,401.600006,402.549988,397.965637,14159072
2024-01-31,405.049988,409.149994,400.399994,406.149994,401.524628,23750822
2024-02-01,408.799988,411.899994,402.500000,406.700012,402.068390,8862155
2024-02-02,410.799988,422.899994,409.649994,419.799988,415.019165,25177075
2024-02-05,423.250000,450.000000,417.100006,440.250000,435.236298,31418925
2024-02-06,444.799988,451.000000,437.250000,448.649994,443.540619,13386526
2024-02-07,454.000000,460.549988,447.799988,452.649994,447.495087,14430152
2024-02-08,454.799988,468.600006,450.000000,459.200012,453.970490,18790158
2024-02-09,462.200012,463.799988,435.649994,456.200012,451.004669,17472069
2024-02-12,457.000000,457.450012,430.049988,432.799988,427.871124,19472346
2024-02-13,443.799988,457.850006,434.000000,452.350006,447.198517,35665854
2024-02-14,451.649994,468.000000,443.000000,466.350006,461.039063,18592696
2024-02-15,469.000000,481.250000,467.549988,476.850006,471.419495,18501875
2024-02-16,482.399994,487.600006,477.500000,480.000000,474.533630,14513583
2024-02-19,482.799988,487.450012,455.450012,461.000000,455.750000,19798448
2024-02-20,457.950012,457.950012,441.000000,446.500000,446.500000,27899165
2024-02-21,450.950012,450.950012,431.000000,432.950012,432.950012,19032050
2024-02-22,438.000000,448.000000,427.950012,445.149994,445.149994,22083710
2024-02-23,448.000000,449.600006,441.649994,443.899994,443.899994,9625544
2024-02-26,443.899994,447.250000,440.549988,442.299988,442.299988,7570244
2024-02-27,442.299988,445.299988,435.049988,441.399994,441.399994,8343526
2024-02-28,440.299988,442.850006,430.350006,434.200012,434.200012,8893614
2024-02-29,444.000000,444.000000,429.649994,436.700012,436.700012,11711699
2024-03-01,438.000000,448.799988,438.000000,446.350006,446.350006,8411615
2024-03-04,451.850006,458.000000,448.049988,455.399994,455.399994,11977226
2024-03-05,456.000000,461.750000,453.549988,460.649994,460.649994,9605493
2024-03-06,462.450012,464.950012,444.549988,461.600006,461.600006,14061966
2024-03-07,461.600006,465.399994,456.049988,458.600006,458.600006,9680802
2024-03-11,461.000000,462.850006,452.399994,453.899994,453.899994,7824738
2024-03-12,453.899994,455.799988,446.700012,449.299988,449.299988,8409613
2024-03-13,449.299988,449.899994,410.000000,417.049988,417.049988,17803423
2024-03-14,419.000000,428.850006,412.200012,427.700012,427.700012,20478918
2024-03-15,427.700012,428.049988,401.200012,415.250000,415.250000,25435001
2024-03-18,416.000000,423.500000,413.549988,421.850006,421.850006,9803914
2024-03-19,417.000000,424.600006,414.000000,419.049988,419.049988,8373676
2024-03-20,419.799988,422.799988,412.700012,419.500000,419.500000,6950340
2024-03-21,424.000000,433.549988,423.149994,432.049988,432.049988,9911230
2024-03-22,430.899994,436.200012,428.299988,431.950012,431.950012,9172888
2024-03-26,433.799988,440.950012,430.899994,435.950012,435.950012,9389403
2024-03-27,439.799988,439.799988,426.049988,429.450012,429.450012,17985246
2024-03-28,430.000000,438.450012,430.000000,434.100006,434.100006,10332853
2024-04-01,436.700012,443.799988,434.799988,442.049988,442.049988,7256592
2024-04-02,442.049988,448.299988,436.049988,443.200012,443.200012,11530800
2024-04-03,443.200012,447.000000,440.899994,445.500000,445.500000,6972648
2024-04-04,450.000000,453.500000,442.549988,448.850006,448.850006,14743020
2024-04-05,448.750000,448.850006,444.000000,446.950012,446.950012,4820138
2024-04-08,449.000000,450.450012,444.549988,447.399994,447.399994,3980972
2024-04-09,448.700012,450.299988,437.250000,439.850006,439.850006,8005012
2024-04-10,442.549988,458.600006,442.100006,456.350006,456.350006,15825331
2024-04-12,455.000000,463.450012,452.549988,455.600006,455.600006,11259294
2024-04-15,448.950012,455.799988,441.100006,451.000000,451.000000,7680715
2024-04-16,449.000000,456.399994,446.350006,453.200012,453.200012,4996845
2024-04-18,454.950012,456.799988,435.149994,438.600006,438.600006,10945138
2024-04-19,436.000000,438.600006,428.049988,435.299988,435.299988,7628287
2024-04-22,440.899994,444.500000,438.000000,442.950012,442.950012,6396926
2024-04-23,445.750000,445.750000,439.250000,440.950012,440.950012,5390120
2024-04-24,441.549988,448.700012,441.149994,443.850006,443.850006,6538090
2024-04-25,443.000000,454.000000,441.750000,452.450012,452.450012,10858594
2024-04-26,454.000000,460.450012,452.200012,455.799988,455.799988,7209435
2024-04-29,458.700012,458.700012,450.549988,453.250000,453.250000,5305655
2024-04-30,456.399994,458.399994,452.049988,454.299988,454.299988,6021793
2024-05-02,457.549988,459.549988,449.399994,453.899994,453.899994,14980896
2024-05-03,457.899994,475.799988,449.399994,474.600006,474.600006,51071947
2024-05-06,479.000000,481.450012,444.049988,460.600006,460.600006,36408390
2024-05-07,463.000000,469.500000,452.850006,456.000000,456.000000,13728379
2024-05-08,456.700012,471.399994,455.100006,464.450012,464.450012,16978094
2024-05-09,465.350006,467.700012,441.350006,443.500000,443.500000,15601338
2024-05-10,447.200012,451.149994,440.250000,449.399994,449.399994,9190621
2024-05-13,451.250000,451.799988,434.700012,444.000000,444.000000,11107909
2024-05-14,446.700012,450.649994,445.100006,448.700012,448.700012,6592194
2024-05-15,450.000000,470.000000,449.500000,467.850006,467.850006,23543942
2024-05-16,468.649994,475.000000,457.850006,468.299988,468.299988,17232651
2024-05-17,469.049988,473.700012,466.799988,470.250000,470.250000,10625019
2024-05-21,469.700012,493.899994,469.700012,490.649994,490.649994,27356982
2024-05-22,494.500000,507.350006,491.600006,501.700012,501.700012,28346931
2024-05-23,503.399994,503.799988,492.100006,497.299988,497.299988,14378840
2024-05-24,495.950012,505.399994,489.149994,501.000000,501.000000,12190536
2024-05-27,502.950012,503.000000,490.750000,494.450012,494.450012,8811105
2024-05-28,496.000000,496.200012,484.100006,487.649994,487.649994,8165238
2024-05-29,482.100006,491.899994,482.100006,486.450012,486.450012,8014727
2024-05-30,486.000000,487.950012,479.500000,482.149994,482.149994,7725080
2024-05-31,484.399994,493.100006,479.000000,491.200012,491.200012,11223848
2024-06-03,515.000000,527.400024,505.549988,512.349976,512.349976,24416215
2024-06-04,512.349976,512.400024,410.799988,441.899994,441.899994,48046493
2024-06-05,452.000000,462.850006,425.100006,460.549988,460.549988,18966089
2024-06-06,470.000000,484.399994,464.649994,472.950012,472.950012,21757857
2024-06-07,473.000000,481.299988,467.600006,479.149994,479.149994,8317343
2024-06-10,485.000000,488.000000,475.500000,477.700012,477.700012,10958537
2024-06-11,482.000000,483.500000,475.200012,476.350006,476.350006,11169021
2024-06-12,481.000000,494.299988,479.350006,488.700012,488.700012,15412796
2024-06-13,493.899994,493.899994,483.500000,487.899994,487.899994,7438571
2024-06-14,487.899994,492.399994,485.250000,486.950012,486.950012,5974636
2024-06-18,492.000000,492.899994,485.200012,489.049988,489.049988,6946544
2024-06-19,489.399994,491.200012,476.500000,477.950012,477.950012,8962510
2024-06-20,481.049988,487.399994,471.549988,483.149994,483.149994,7864157
2024-06-21,483.149994,491.399994,479.000000,480.200012,480.200012,10340882
2024-06-24,480.000000,480.049988,472.000000,473.700012,473.700012,11124175
2024-06-25,475.899994,477.950012,465.299988,469.250000,469.250000,7951999
2024-06-26,470.250000,471.850006,465.049988,468.750000,468.750000,6655899
2024-06-27,468.750000,469.000000,461.500000,467.049988,467.049988,14857335
2024-06-28,470.000000,476.000000,468.000000,473.149994,473.149994,8302706
2024-07-01,473.350006,476.299988,471.250000,474.799988,474.799988,8579861
2024-07-02,478.000000,485.000000,473.350006,479.100006,479.100006,14629287
2024-07-03,481.899994,487.649994,479.399994,484.950012,484.950012,7244652
2024-07-04,488.750000,492.799988,485.299988,489.549988,489.549988,7796954
2024-07-05,489.500000,493.299988,486.899994,491.500000,491.500000,5754517
2024-07-08,492.700012,496.000000,487.200012,493.299988,493.299988,7477292
2024-07-09,496.950012,496.950012,491.100006,493.799988,493.799988,6444684
2024-07-10,493.799988,494.899994,480.549988,490.750000,490.750000,5981477
2024-07-11,492.000000,506.000000,488.549988,500.049988,500.049988,20146927
2024-07-12,504.000000,508.600006,495.500000,496.200012,496.200012,8198389
2024-07-15,500.000000,503.600006,492.549988,497.750000,497.750000,7106020
2024-07-16,498.000000,518.400024,498.000000,512.450012,512.450012,23169665
2024-07-18,515.349976,515.799988,501.250000,505.250000,505.250000,12540956
2024-07-19,505.299988,506.399994,486.750000,488.000000,488.000000,9971704
2024-07-22,488.000000,496.000000,483.549988,491.200012,491.200012,7281653
2024-07-23,494.000000,495.799988,464.549988,487.000000,487.000000,11311831
2024-07-24,486.700012,499.399994,485.100006,493.799988,493.799988,6823248
2024-07-25,491.000000,503.549988,484.000000,494.000000,494.000000,10281157
2024-07-26,498.250000,511.700012,498.250000,509.850006,509.850006,20437968
2024-07-29,514.500000,515.700012,509.549988,511.049988,511.049988,2626338