Date,Open,High,Low,Close,Adj Close,Volume
2019-01-01,481.000000,482.500000,476.424988,479.924988,405.282349,717468
2019-01-02,479.500000,481.000000,469.575012,473.174988,399.582153,2270096
2019-01-03,475.000000,480.000000,472.500000,474.174988,400.426575,2809224
2019-01-04,473.000000,475.274994,462.500000,466.174988,393.670898,3077278
2019-01-07,469.950012,475.000000,467.950012,470.774994,397.555420,2344752
2019-01-08,474.000000,474.000000,466.549988,472.575012,399.075500,3031576
2019-01-09,473.500000,474.274994,466.149994,469.200012,396.225433,2471720
2019-01-10,471.500000,471.500000,466.000000,467.924988,395.148651,1832096
2019-01-11,467.500000,470.500000,460.000000,470.024994,396.922058,4331368
2019-01-14,470.500000,472.000000,464.000000,468.600006,395.718689,1956808
2019-01-15,464.500000,477.950012,464.500000,473.850006,400.152161,3693892
2019-01-16,474.000000,477.100006,468.375000,469.125000,396.162079,1701242
2019-01-17,467.549988,478.500000,466.549988,477.350006,403.107819,3690234
2019-01-18,474.299988,484.375000,473.174988,483.149994,408.005707,4685056
2019-01-21,484.524994,490.750000,481.024994,482.875000,407.773529,3265418
2019-01-22,481.000000,482.274994,468.500000,470.375000,397.217682,4791592
2019-01-23,473.750000,474.975006,469.350006,472.225006,398.779907,5641586
2019-01-24,472.450012,476.850006,469.625000,473.225006,399.624329,2954782
2019-01-25,474.500000,487.850006,473.049988,484.700012,409.314667,4310008
2019-01-28,486.500000,490.000000,481.950012,488.899994,412.861389,3029930
2019-01-29,489.000000,497.424988,480.549988,494.225006,417.358246,4733138
2019-01-30,509.000000,517.500000,500.750000,509.200012,430.004120,14053348
2019-01-31,509.799988,511.575012,493.375000,502.600006,424.430725,9058428
2019-02-01,505.299988,525.000000,505.250000,521.924988,440.750000,6460222
2019-02-04,522.500000,528.900024,520.150024,522.400024,441.151123,4133944
2019-02-05,523.250000,527.500000,520.750000,523.875000,443.245239,2368564
2019-02-06,525.500000,532.474976,522.549988,527.599976,446.397003,2331000
2019-02-07,528.000000,538.900024,528.000000,531.450012,449.654327,3251088
2019-02-08,530.000000,538.000000,529.025024,534.224976,452.002258,3733802
2019-02-11,534.049988,542.000000,531.500000,539.674988,456.613525,3157886
2019-02-12,538.000000,539.200012,526.375000,529.400024,447.919952,2788882
2019-02-14,535.000000,535.000000,528.525024,530.650024,448.977631,1970720
2019-02-15,533.099976,533.674988,520.750000,528.625000,447.264191,2492120
2019-02-18,530.400024,536.000000,516.250000,523.150024,442.631836,2550698
2019-02-19,524.000000,525.599976,518.174988,519.525024,439.564819,1837440
2019-02-20,521.174988,530.750000,513.000000,528.974976,447.560425,2558354
2019-02-21,530.000000,530.750000,521.299988,526.700012,445.635406,2603154
2019-02-22,522.099976,535.250000,522.000000,533.075012,451.029358,2844492
2019-02-25,535.299988,542.500000,531.474976,541.125000,457.840271,2340940
2019-02-26,540.299988,547.974976,527.474976,529.424988,447.941071,3726370
2019-02-27,530.000000,533.000000,519.000000,530.174988,448.575562,3325110
2019-02-28,534.974976,534.974976,523.849976,526.950012,445.847046,6661660
2019-03-01,527.500000,530.700012,521.875000,526.299988,445.297028,2295910
2019-03-05,528.849976,529.900024,522.599976,526.275024,445.275909,2117558
2019-03-06,530.299988,531.000000,519.299988,521.625000,441.341553,2807252
2019-03-07,523.799988,525.250000,516.000000,517.275024,437.661102,2073614
2019-03-08,514.700012,514.974976,503.000000,504.524994,426.873383,3176094
2019-03-11,503.500000,510.875000,500.500000,502.200012,424.906250,4547588
2019-03-12,503.549988,509.750000,500.024994,506.674988,428.692535,4902188
2019-03-13,509.350006,521.500000,507.049988,514.174988,435.038208,6803340
2019-03-14,517.500000,520.275024,502.049988,503.375000,425.900452,3793832
2019-03-15,506.000000,516.924988,504.399994,514.650024,435.440125,5207688
2019-03-18,516.049988,519.974976,505.950012,506.625000,428.650208,1690728
2019-03-19,510.049988,521.000000,506.549988,518.099976,438.359131,3242552
2019-03-20,521.000000,527.250000,515.750000,518.974976,439.099426,4408802
2019-03-22,519.000000,524.000000,509.000000,512.424988,433.557495,5237090
2019-03-25,514.500000,514.500000,505.924988,508.825012,430.511566,3055910
2019-03-26,506.674988,521.900024,505.750000,517.299988,437.682190,3311446
2019-03-27,510.000000,528.174988,510.000000,521.575012,441.299316,2911690
2019-03-28,525.700012,544.174988,525.000000,541.450012,458.115265,8627614
2019-04-01,545.000000,560.000000,541.025024,555.375000,469.897156,4617730
2019-04-02,555.000000,560.000000,546.250000,551.299988,466.449310,2787844
2019-04-03,551.299988,566.650024,545.775024,560.299988,474.064087,5296628
2019-04-04,559.000000,559.025024,540.750000,549.025024,464.524261,8444208
2019-04-05,545.174988,552.325012,542.750000,546.400024,462.303467,3409044
2019-04-08,547.500000,550.500000,540.474976,548.174988,463.805237,4027848
2019-04-09,548.174988,564.424988,548.099976,559.075012,473.027649,6500982
2019-04-10,560.000000,562.650024,548.099976,549.349976,464.799438,4826866
2019-04-11,546.150024,550.549988,542.500000,544.424988,460.632416,3035580
2019-04-12,544.400024,550.424988,538.299988,541.724976,458.347992,2839484
2019-04-15,544.500000,554.000000,542.500000,551.625000,466.724182,3868302
2019-04-16,554.750000,558.125000,551.174988,553.525024,468.331909,2401182
2019-04-18,554.000000,561.950012,545.250000,551.325012,466.470490,4055238
2019-04-22,551.750000,557.150024,547.500000,550.549988,465.814758,2230516
2019-04-23,551.299988,555.974976,548.299988,551.000000,466.195465,2135528
2019-04-24,551.500000,571.049988,548.424988,569.474976,481.827057,5681646
2019-04-25,570.500000,575.700012,564.525024,566.849976,479.606018,5361098
2019-04-26,570.000000,584.924988,567.500000,569.875000,482.165405,3465934
2019-04-30,570.025024,593.799988,570.000000,591.674988,500.610321,8310400
2019-05-02,585.000000,590.250000,578.250000,580.025024,490.753235,4226194
2019-05-03,572.000000,574.575012,563.125000,571.525024,483.561401,5710316
2019-05-06,569.950012,572.200012,564.025024,568.025024,480.600098,2827130
2019-05-07,568.674988,575.000000,558.000000,565.875000,478.781097,4689204
2019-05-08,566.000000,570.000000,561.200012,566.299988,479.140594,2987822
2019-05-09,562.250000,572.500000,555.049988,568.299988,480.832733,4962690
2019-05-10,555.500000,555.500000,536.400024,543.325012,459.701721,15535450
2019-05-13,544.150024,550.375000,539.000000,541.825012,458.432587,3368062
2019-05-14,541.825012,541.825012,528.500000,533.924988,451.748413,4388014
2019-05-15,536.474976,543.250000,531.424988,533.724976,451.579285,3240598
2019-05-16,539.950012,540.224976,528.025024,536.125000,454.461395,2226902
2019-05-17,537.525024,538.500000,529.875000,531.349976,450.413727,2780046
2019-05-20,532.500000,541.900024,525.625000,536.775024,455.012329,2380474
2019-05-21,535.700012,537.000000,526.325012,528.049988,447.616364,1613426
2019-05-22,528.500000,537.500000,526.849976,530.500000,449.693176,3424864
2019-05-23,532.000000,535.500000,525.125000,533.200012,451.981873,3884200
2019-05-24,535.500000,537.000000,527.049988,532.974976,451.791077,4340468
2019-05-27,536.000000,540.500000,529.099976,532.099976,451.049377,3164414
2019-05-28,535.500000,544.974976,527.625000,535.650024,454.058716,10631688
2019-05-29,535.700012,547.500000,534.099976,542.500000,459.865356,4354812
2019-05-30,544.000000,549.174988,534.000000,539.099976,456.983185,4745448
2019-05-31,542.500000,549.700012,540.025024,546.275024,463.065308,4255094
2019-06-03,549.424988,559.500000,543.575012,557.599976,472.665253,3400394
2019-06-04,556.200012,556.700012,540.500000,542.924988,460.225494,4128970
2019-06-06,545.000000,550.575012,537.775024,539.599976,457.407043,4701806
2019-06-07,541.500000,543.599976,535.625000,539.799988,457.576569,3272806
2019-06-10,543.450012,550.900024,540.700012,545.599976,462.493042,2056008
2019-06-11,550.000000,558.474976,546.950012,553.950012,469.571259,6485078
2019-06-12,553.500000,555.000000,545.650024,554.049988,469.655823,3136202
2019-06-13,551.500000,553.049988,546.500000,550.450012,466.604492,3951850
2019-06-14,546.549988,551.174988,542.000000,543.500000,460.712921,3467872
2019-06-17,542.000000,543.849976,535.750000,537.450012,455.584534,2487348
2019-06-18,537.450012,547.075012,537.325012,544.799988,461.814941,1412162
2019-06-19,545.049988,548.299988,538.900024,542.049988,459.483826,2437878
2019-06-20,535.000000,545.500000,532.825012,543.674988,460.861298,1895088
2019-06-21,546.250000,546.325012,535.575012,538.125000,456.156769,4695110
2019-06-24,539.500000,542.025024,534.049988,538.950012,456.856110,1350104
2019-06-25,538.950012,540.549988,530.075012,539.500000,457.322296,2203934
2019-06-26,536.099976,546.325012,536.099976,539.375000,457.216278,3277734
2019-06-27,537.150024,542.025024,529.974976,531.375000,450.434875,2776050
2019-06-28,535.349976,537.974976,529.349976,532.325012,451.240173,2829874
2019-07-01,533.625000,534.950012,523.674988,524.549988,444.649506,2467696
2019-07-02,526.500000,532.325012,521.500000,530.000000,449.269257,2014050
2019-07-03,530.500000,532.375000,523.799988,525.599976,445.539490,1213340
2019-07-04,524.349976,525.599976,516.900024,520.375000,441.110413,2553038
2019-07-05,521.950012,524.500000,506.325012,508.200012,430.789948,2514352
2019-07-08,505.500000,522.900024,505.024994,519.525024,440.389862,4008224
2019-07-09,516.724976,523.900024,504.000000,510.375000,432.633698,3205934
2019-07-10,507.000000,517.500000,506.549988,509.450012,431.849579,1731600
2019-07-11,513.900024,513.900024,507.524994,510.399994,432.654816,1550706
2019-07-12,508.024994,514.849976,504.500000,511.950012,433.968750,2903286
2019-07-15,517.224976,519.000000,510.000000,513.750000,435.494507,2633206
2019-07-16,515.950012,516.075012,506.725006,509.825012,432.167480,3450502
2019-07-17,512.200012,521.500000,510.450012,520.375000,441.110413,2291110
2019-07-18,516.700012,518.500000,508.000000,509.274994,431.701202,2608300
2019-07-19,512.000000,515.400024,504.600006,507.799988,430.450836,2139624
2019-07-22,507.799988,513.625000,501.625000,509.475006,431.870728,1902156
2019-07-23,510.325012,512.974976,503.575012,505.475006,428.480042,2011658
2019-07-24,504.975006,512.424988,500.750000,510.649994,432.866791,2384560
2019-07-25,510.549988,513.825012,501.500000,505.649994,428.628326,6042040
2019-07-26,503.850006,506.049988,498.700012,500.725006,424.453552,2332384
2019-07-29,502.500000,512.000000,502.000000,507.725006,430.387238,1825826
2019-07-30,507.500000,513.674988,505.399994,511.799988,433.841583,2134474
2019-07-31,511.250000,518.950012,501.475006,517.275024,438.482635,3714036
2019-08-01,514.575012,521.224976,507.549988,510.774994,432.972626,3490012
2019-08-02,508.500000,508.950012,496.500000,505.250000,428.289276,3544858
2019-08-05,501.700012,508.500000,498.549988,505.549988,428.543610,2687280
2019-08-06,505.549988,518.500000,501.600006,512.099976,434.095886,3174832
2019-08-07,512.575012,522.950012,508.225006,511.325012,433.438904,3967844
2019-08-08,517.974976,547.500000,514.025024,544.125000,461.242737,12493298
2019-08-09,542.400024,551.224976,538.900024,543.150024,460.416321,5645698
2019-08-13,545.950012,545.950012,533.674988,536.250000,454.567291,2507610
2019-08-14,534.575012,541.700012,528.724976,538.075012,456.966492,2803920
2019-08-16,538.450012,538.450012,525.250000,531.375000,451.276459,3108220
2019-08-19,532.799988,538.974976,528.825012,532.025024,451.828491,1682212
2019-08-20,533.950012,545.400024,532.549988,542.000000,460.299805,4282308
2019-08-21,541.474976,541.775024,533.025024,535.075012,454.418671,2555246
2019-08-22,535.250000,543.174988,528.025024,539.450012,458.134125,2580980
2019-08-23,539.500000,548.724976,538.799988,543.500000,461.573700,3319154
2019-08-26,545.799988,548.000000,531.825012,546.424988,464.057831,2314884
2019-08-27,549.500000,550.000000,531.900024,546.549988,464.163971,6604388
2019-08-28,548.500000,565.000000,546.150024,561.974976,477.263824,6985284
2019-08-29,556.500000,562.849976,555.000000,558.875000,474.631165,2948038
2019-08-30,557.849976,557.900024,541.599976,550.174988,467.242615,6738070
2019-09-03,553.500000,565.299988,551.424988,554.174988,470.639465,4086894
2019-09-04,556.174988,564.250000,551.950012,562.825012,477.985626,2425690
2019-09-05,562.724976,562.724976,551.875000,555.974976,472.168152,2775294
2019-09-06,557.750000,560.575012,548.474976,550.200012,467.263763,2075686
2019-09-09,551.000000,551.000000,540.500000,542.200012,460.469635,3521728
2019-09-11,544.000000,547.000000,526.299988,528.849976,449.131897,5325506
2019-09-12,528.500000,532.224976,524.000000,527.450012,447.943085,4064734
2019-09-13,527.450012,535.000000,526.950012,534.250000,453.717987,3091588
2019-09-16,535.000000,539.474976,528.500000,534.950012,454.312531,3888868
2019-09-17,534.500000,534.500000,523.275024,527.924988,448.346436,3815108
2019-09-18,529.825012,533.474976,525.325012,529.224976,449.450439,2572672
2019-09-19,529.000000,529.000000,516.125000,524.775024,445.671326,3762272
2019-09-20,526.000000,531.775024,518.650024,524.549988,445.480255,5736082
2019-09-23,531.500000,531.500000,508.500000,516.450012,438.601166,4733492
2019-09-24,511.600006,525.849976,511.500000,523.700012,444.758331,5614452
2019-09-25,524.750000,531.000000,522.099976,526.924988,447.497131,4312820
2019-09-26,527.000000,527.775024,516.625000,522.575012,443.802856,6062076
2019-09-27,522.750000,526.799988,517.049988,520.525024,442.061859,4458334
2019-09-30,522.000000,548.250000,521.525024,540.299988,458.855988,8559586
2019-10-01,540.500000,540.500000,526.599976,529.775024,449.917603,4190696
2019-10-03,529.000000,545.000000,527.075012,538.400024,457.242523,3435302
2019-10-04,538.000000,540.900024,532.325012,539.549988,458.219177,2694188
2019-10-07,542.875000,545.500000,534.450012,537.200012,456.223389,1910498
2019-10-09,535.025024,536.974976,520.075012,525.549988,446.329376,3750540
2019-10-10,525.525024,533.049988,520.700012,531.750000,451.594940,2707552
2019-10-11,525.000000,545.000000,524.000000,539.750000,458.388947,4312780
2019-10-14,541.200012,549.900024,537.000000,543.400024,461.488861,2781204
2019-10-15,544.549988,549.575012,539.724976,542.250000,460.512207,3002070
2019-10-16,544.500000,553.500000,541.549988,550.450012,467.476196,3018788
2019-10-17,550.000000,551.099976,542.275024,546.525024,464.142761,1552278
2019-10-18,547.474976,552.724976,544.200012,547.750000,465.183044,1647630
2019-10-22,545.099976,547.950012,525.750000,532.224976,451.998352,5502486
2019-10-23,535.000000,551.974976,534.000000,547.575012,465.034393,7829074
2019-10-24,577.549988,579.500000,555.250000,559.525024,475.183197,13502160
2019-10-25,560.500000,568.625000,549.049988,567.025024,481.552582,4587220
2019-10-27,569.000000,569.825012,562.549988,565.250000,480.045166,303910
2019-10-29,565.450012,572.924988,563.974976,569.875000,483.973083,3218206
2019-10-30,575.000000,575.000000,569.099976,573.375000,486.945435,2441752
2019-10-31,572.875000,585.000000,569.275024,581.375000,494.601959,5848998
2019-11-01,579.450012,583.500000,571.700012,576.000000,490.029266,2131710
2019-11-04,580.025024,583.150024,576.025024,577.950012,491.688293,3022168
2019-11-05,578.049988,580.299988,571.674988,579.349976,492.879181,2878100
2019-11-06,580.000000,580.025024,570.599976,574.174988,488.476654,4576658
2019-11-07,574.500000,577.099976,568.049988,574.224976,488.519196,2538638
2019-11-08,574.174988,582.200012,573.049988,575.049988,489.221191,4026580
2019-11-11,575.000000,576.849976,565.099976,572.974976,487.455811,1906640
2019-11-13,575.000000,578.049988,567.349976,569.299988,484.329376,3378350
2019-11-14,570.750000,578.700012,567.549988,573.900024,488.242737,2540924
2019-11-15,575.474976,579.900024,570.000000,571.150024,485.903198,3061712
2019-11-18,574.000000,574.849976,569.400024,570.549988,485.392761,2484314
2019-11-19,569.500000,571.750000,564.325012,567.325012,482.649231,2365020
2019-11-20,567.500000,568.849976,562.750000,566.400024,481.862305,2225036
2019-11-21,569.299988,574.250000,565.775024,568.299988,483.478424,3876184
2019-11-22,565.224976,567.474976,554.474976,557.375000,474.184174,2597928
2019-11-25,558.500000,563.049988,553.025024,562.375000,478.437958,1693202
2019-11-26,563.250000,567.250000,549.224976,554.025024,471.334229,6459924
2019-11-27,554.500000,567.200012,554.500000,564.125000,479.926758,3354312
2019-11-28,569.500000,571.700012,562.750000,566.325012,481.798340,2413116
2019-11-29,568.000000,568.424988,562.549988,563.825012,479.671478,2387702
2019-12-02,569.500000,569.500000,561.750000,562.650024,478.671936,2995916
2019-12-03,564.974976,565.500000,560.500000,562.275024,478.352875,3567662
2019-12-04,563.500000,565.000000,558.224976,562.750000,478.756958,5903136
2019-12-05,563.799988,567.650024,557.150024,560.900024,477.183075,2683884
2019-12-06,563.900024,567.049988,558.650024,560.299988,476.672638,1659752
2019-12-09,562.549988,563.200012,547.000000,552.049988,469.654022,2192234
2019-12-10,552.049988,554.900024,541.799988,544.450012,463.188354,1628853
2019-12-11,545.000000,549.900024,539.450012,543.799988,462.635284,2387958
2019-12-12,547.299988,547.799988,535.049988,536.349976,456.297272,2061911
2019-12-13,538.000000,545.000000,536.799988,543.150024,462.082397,2889796
2019-12-16,546.000000,554.950012,545.049988,552.200012,469.781525,4590144
2019-12-17,555.500000,559.000000,552.500000,557.750000,474.503265,3852266
2019-12-18,560.000000,566.950012,559.000000,564.700012,480.415894,4618387
2019-12-19,565.500000,574.000000,564.750000,569.500000,484.499481,3465644
2019-12-20,573.500000,573.750000,565.500000,569.900024,484.839844,3135806
2019-12-23,567.500000,575.549988,566.549988,570.950012,485.733093,1591463
2019-12-24,572.000000,572.650024,559.299988,560.549988,476.885315,2354963
2019-12-26,561.650024,565.000000,559.549988,560.500000,476.842773,1848547
2019-12-27,562.950012,569.000000,557.000000,567.549988,482.840576,2786795
2019-12-30,567.000000,577.500000,564.250000,569.299988,484.329376,1800754
2019-12-31,569.099976,571.500000,565.049988,568.099976,483.308411,1838808
2020-01-01,569.400024,572.900024,566.849976,571.950012,486.583801,918373
2020-01-02,572.549988,575.000000,570.500000,573.549988,487.944977,1075642
2020-01-03,574.000000,588.500000,572.849976,585.049988,497.728577,3269446
2020-01-06,585.000000,592.200012,579.450012,582.000000,495.133911,3589985
2020-01-07,582.000000,587.750000,579.049988,584.250000,497.048096,3179728
2020-01-08,583.000000,593.000000,578.000000,585.750000,498.324097,3593096
2020-01-09,586.000000,588.150024,579.250000,580.299988,493.687622,2313648
2020-01-10,582.000000,589.799988,577.400024,580.349976,493.729980,2049636
2020-01-13,583.950012,590.000000,581.000000,586.500000,498.962158,4096054
2020-01-14,587.200012,597.400024,587.150024,594.299988,505.598022,3395378
2020-01-15,597.000000,598.299988,591.700012,595.750000,506.831604,2348102
2020-01-16,597.000000,598.299988,586.750000,593.250000,504.704712,2107442
2020-01-17,585.000000,602.000000,585.000000,598.799988,509.426392,4555694
2020-01-20,618.000000,618.000000,584.099976,589.250000,501.301697,10272118
2020-01-21,589.299988,593.250000,582.349976,584.049988,496.877838,2640668
2020-01-22,585.200012,595.000000,581.500000,590.650024,502.492889,4402650
2020-01-23,590.099976,599.950012,587.000000,598.950012,509.553986,6089397
2020-01-24,599.000000,609.000000,595.500000,607.700012,518.730164,3551260
2020-01-27,607.700012,608.000000,601.750000,604.349976,515.870483,2450421
2020-01-28,607.299988,607.349976,592.599976,601.450012,513.395081,5330709
2020-01-29,605.000000,611.500000,602.200012,608.849976,519.711731,4281329
2020-01-30,612.000000,613.849976,603.650024,607.849976,518.858032,3334901
2020-01-31,607.849976,608.900024,589.599976,591.400024,504.816528,3590768
2020-02-03,591.400024,593.650024,577.500000,579.099976,494.317230,4024193
2020-02-04,583.000000,589.250000,582.500000,586.500000,500.633850,3246094
2020-02-05,589.400024,598.500000,586.000000,595.599976,508.401489,3006324
2020-02-06,598.950012,613.000000,598.000000,599.700012,511.901337,4704968
2020-02-07,601.650024,609.200012,599.150024,607.700012,518.730164,2865379
2020-02-10,608.900024,611.549988,601.650024,604.900024,516.340210,2286213
2020-02-11,606.000000,613.750000,605.700012,610.650024,521.248291,2458748
2020-02-12,613.000000,620.500000,610.299988,614.099976,524.193115,4873027
2020-02-13,612.000000,613.950012,604.049988,612.450012,522.784729,2090363
2020-02-14,612.450012,623.250000,612.250000,621.650024,530.637756,3650630
2020-02-17,623.000000,623.500000,612.349976,613.450012,523.638245,2190578
2020-02-18,613.450012,615.799988,605.150024,607.049988,518.175293,5237465
2020-02-19,614.450012,618.250000,604.000000,605.750000,517.065552,3799862
2020-02-20,611.000000,612.950012,605.150024,608.049988,519.028809,4820313
2020-02-24,608.000000,609.000000,591.500000,595.150024,508.017548,4070143
2020-02-25,595.500000,595.700012,575.000000,582.450012,497.176849,5525575
2020-02-26,576.900024,589.049988,575.500000,583.599976,498.158569,5460070
2020-02-27,582.099976,582.400024,568.000000,573.049988,489.153015,4078174
2020-02-28,560.000000,564.000000,531.200012,534.349976,456.118835,7894806
2020-03-02,541.049988,565.849976,537.849976,549.700012,469.221588,8175982
2020-03-03,556.000000,568.750000,555.000000,565.049988,482.324280,4682284
2020-03-04,569.000000,575.400024,561.000000,563.099976,480.659698,5175180
2020-03-05,568.000000,581.900024,563.150024,576.400024,492.012604,6061347
2020-03-06,570.000000,573.950012,559.549988,566.200012,483.305847,3288548
2020-03-09,555.000000,558.000000,536.450012,540.450012,461.325836,3699776
2020-03-11,526.750000,542.650024,514.000000,536.799988,458.210205,4850031
2020-03-12,521.000000,527.799988,486.350006,493.350006,421.121490,5321388
2020-03-13,460.000000,517.250000,395.950012,492.899994,420.737305,6859998
2020-03-16,469.000000,479.799988,446.850006,450.700012,384.715576,5281571
2020-03-17,450.000000,478.600006,443.350006,450.649994,384.672882,5148153
2020-03-18,455.000000,464.799988,429.049988,434.250000,370.673920,4936397
2020-03-19,418.899994,434.600006,375.250000,413.450012,352.919098,9270044
2020-03-20,413.500000,461.950012,411.850006,444.899994,379.764740,11916337
2020-03-23,415.000000,444.000000,400.450012,417.149994,356.077484,9525470
2020-03-24,413.000000,458.850006,411.850006,442.049988,377.331940,9915953
2020-03-25,432.000000,468.000000,417.750000,457.600006,390.605316,11976272
2020-03-26,461.100006,466.750000,441.100006,447.700012,382.154785,9504717
2020-03-27,450.250000,457.450012,420.500000,430.649994,367.600983,9150873
2020-03-30,410.000000,438.649994,410.000000,419.000000,357.656586,6325701
2020-03-31,433.200012,449.399994,425.299988,436.399994,372.509216,6381806
2020-04-01,433.000000,433.200012,408.200012,413.549988,353.004486,8136746
2020-04-03,418.899994,428.600006,399.299988,405.799988,346.389130,8166356
2020-04-07,425.000000,457.950012,425.000000,451.149994,385.099701,5972948
2020-04-08,451.000000,476.799988,449.000000,463.100006,395.300140,7991061
2020-04-09,480.700012,481.000000,462.000000,469.049988,400.379059,5069225
2020-04-13,470.000000,471.000000,454.000000,458.250000,391.160248,2236731
2020-04-15,470.000000,482.000000,462.700012,478.750000,408.658997,6333188
2020-04-16,473.000000,476.000000,456.700012,459.750000,392.440613,10484842
2020-04-17,470.000000,475.000000,453.649994,455.250000,388.599487,4706460
2020-04-20,458.000000,473.600006,453.500000,470.000000,401.189911,4800719
2020-04-21,458.000000,464.950012,447.850006,455.700012,388.983551,3405204
2020-04-22,453.000000,469.450012,450.000000,462.399994,394.702637,3768051
2020-04-23,465.000000,480.750000,462.399994,477.700012,407.762726,3052968
2020-04-24,480.000000,496.899994,465.149994,468.100006,399.568146,6738184
2020-04-27,473.100006,485.700012,467.250000,483.100006,412.372070,2914569
2020-04-28,489.000000,489.000000,469.450012,471.100006,402.128906,4262237
2020-04-29,474.799988,501.000000,470.200012,491.750000,419.755737,3849090
2020-04-30,506.500000,565.500000,501.000000,543.549988,463.971893,8035267
2020-05-04,527.500000,527.500000,508.200012,514.250000,438.961548,7032527
2020-05-05,526.000000,529.900024,515.650024,520.400024,444.211182,4592828
2020-05-06,512.200012,526.700012,506.200012,519.099976,443.101532,6921533
2020-05-07,530.000000,541.799988,507.549988,511.750000,436.827576,19998641
2020-05-08,520.849976,522.500000,502.399994,518.400024,442.504028,10120968
2020-05-11,526.000000,534.900024,521.200012,527.549988,450.314392,4425540
2020-05-12,525.450012,540.000000,520.000000,527.400024,450.186371,6439945
2020-05-13,539.849976,539.849976,521.549988,528.750000,451.338745,3502017
2020-05-14,519.400024,527.549988,514.349976,517.450012,441.693115,3741672
2020-05-15,517.950012,517.950012,505.250000,511.250000,436.400787,4895121
2020-05-18,514.700012,518.650024,507.500000,510.750000,435.974030,5159655
2020-05-19,512.000000,520.500000,506.200012,518.250000,442.376007,3966934
2020-05-20,515.049988,528.650024,515.000000,526.750000,449.631561,3138708
2020-05-21,529.799988,537.500000,523.400024,534.849976,456.545563,4523685
2020-05-22,533.650024,535.000000,523.000000,530.400024,452.747192,6410434
2020-05-26,530.000000,536.500000,520.250000,524.000000,447.284210,4055691
2020-05-27,529.700012,533.900024,516.000000,530.950012,453.216583,4828798
2020-05-28,531.000000,546.000000,523.000000,542.650024,463.203735,4492767
2020-05-29,540.000000,555.000000,536.700012,550.250000,469.691010,7853755
2020-06-01,557.000000,573.400024,555.500000,559.750000,477.800262,4503261
2020-06-02,559.299988,567.750000,550.000000,560.200012,478.184387,2930058
2020-06-03,564.000000,568.400024,557.000000,562.799988,480.403656,4202273
2020-06-04,565.000000,583.700012,559.000000,578.950012,494.189178,5315353
2020-06-05,585.000000,587.150024,572.500000,575.950012,491.628418,3995824
2020-06-08,579.150024,583.500000,571.049988,578.250000,493.591766,3771973
2020-06-09,574.150024,583.599976,570.000000,572.849976,488.982208,3812291
2020-06-10,575.000000,587.500000,573.599976,578.700012,493.975861,6491708
2020-06-11,580.000000,584.900024,574.099976,578.049988,493.420990,4975680
2020-06-12,555.200012,578.700012,555.200012,570.750000,487.189606,6624056
2020-06-15,574.799988,581.000000,563.700012,578.950012,494.189178,3787100
2020-06-16,585.000000,593.500000,578.400024,580.900024,495.853729,4728405
2020-06-17,580.000000,581.849976,573.000000,575.849976,491.543060,3572351
2020-06-18,571.200012,583.799988,570.099976,578.950012,494.189178,1918229
2020-06-19,574.000000,578.000000,567.200012,569.599976,486.208160,6182627
2020-06-22,575.000000,576.650024,565.400024,569.599976,486.208160,2666273
2020-06-23,569.700012,583.500000,563.750000,580.250000,495.298859,4521803
2020-06-24,575.000000,579.799988,554.400024,559.599976,477.672150,5339893
2020-06-25,557.599976,560.700012,548.000000,550.049988,469.520264,6353371
2020-06-26,550.049988,573.900024,545.000000,562.400024,480.062164,7034875
2020-06-29,562.000000,565.900024,550.299988,553.700012,472.635956,3857610
2020-06-30,558.000000,560.799988,553.250000,556.849976,475.324768,3110587
2020-07-01,557.950012,559.599976,551.000000,551.750000,470.971466,3004648
2020-07-02,555.000000,572.400024,552.900024,569.200012,485.866760,5243652
2020-07-03,572.000000,580.549988,570.599976,579.150024,494.359955,3735570
2020-07-06,579.150024,589.000000,577.250000,578.700012,493.975861,3288417
2020-07-07,582.000000,594.450012,575.150024,592.049988,505.371246,7255475
2020-07-08,594.750000,594.750000,573.000000,574.900024,490.732208,4625011
2020-07-09,575.650024,591.599976,575.000000,588.250000,502.127594,4807930
2020-07-10,588.250000,588.549988,579.849976,582.250000,497.006165,2376881
2020-07-13,585.000000,605.000000,583.349976,602.599976,514.376709,5443990
2020-07-14,604.599976,613.750000,588.099976,591.349976,504.773743,6212718
2020-07-15,593.650024,627.950012,592.500000,615.200012,525.132141,9928037
2020-07-16,630.000000,652.200012,607.150024,627.750000,535.844788,20771204
2020-07-17,629.500000,644.650024,613.400024,623.150024,531.918213,26830157
2020-07-20,633.000000,652.000000,626.849976,648.599976,553.642029,10543170
2020-07-21,652.000000,662.349976,643.299988,652.349976,556.843140,8801061
2020-07-22,657.000000,658.000000,643.099976,650.150024,554.965271,3837958
2020-07-23,650.000000,656.950012,643.549988,652.849976,558.989441,3172594
2020-07-24,641.000000,684.799988,640.900024,679.950012,582.193298,12365728
2020-07-27,684.000000,704.400024,676.500000,701.099976,600.302551,11348828
2020-07-28,702.000000,716.049988,695.700012,712.450012,610.020691,8469603
2020-07-29,710.000000,710.750000,692.500000,694.400024,594.565857,7142681
2020-07-30,698.000000,712.549988,692.650024,695.450012,595.464966,7966760
2020-07-31,701.849976,716.700012,696.000000,705.200012,603.813110,6322671
2020-08-03,709.099976,718.000000,700.549988,705.950012,604.455322,5546316
2020-08-04,709.500000,711.000000,687.049988,692.650024,593.067444,6683186
2020-08-05,692.650024,702.400024,681.000000,688.400024,589.428406,6052220
2020-08-06,692.000000,707.599976,686.400024,704.900024,603.556213,5132907
2020-08-07,699.900024,699.900024,685.000000,690.299988,591.055359,7371589
2020-08-10,694.950012,694.950012,685.099976,692.049988,592.553711,3769570
2020-08-11,694.000000,700.950012,681.500000,683.799988,585.489868,3956468
2020-08-12,680.599976,719.000000,677.049988,717.099976,614.002197,13085350
2020-08-13,717.000000,729.000000,713.049988,724.599976,620.424011,8850347
2020-08-14,727.900024,727.900024,707.250000,709.099976,607.152466,3887203
2020-08-17,711.099976,720.799988,709.250000,718.849976,615.500549,3344102
2020-08-18,718.950012,721.700012,712.400024,714.450012,611.733276,3634301
2020-08-19,713.799988,714.200012,705.000000,709.849976,607.794556,4858027
2020-08-20,708.500000,715.849976,706.049988,710.099976,608.008545,3025569
2020-08-21,715.000000,715.000000,702.700012,705.900024,604.412537,4164686
2020-08-24,706.049988,708.450012,695.599976,705.700012,604.241211,4066936
2020-08-25,705.000000,711.549988,694.700012,701.599976,600.730652,3982510
2020-08-26,704.700012,717.750000,697.000000,712.799988,610.320435,4511228
2020-08-27,713.549988,720.000000,706.500000,710.150024,608.051453,3917059
2020-08-28,713.700012,716.650024,703.200012,706.450012,604.883423,5416681
2020-08-31,705.000000,725.000000,686.000000,694.400024,594.565857,7786675
2020-09-01,695.000000,704.000000,682.400024,689.599976,590.455872,6377322
2020-09-02,689.900024,704.799988,689.099976,701.950012,601.030396,4090511
2020-09-03,704.799988,716.400024,697.599976,706.750000,605.140259,5467610
2020-09-04,695.150024,704.500000,692.049988,700.799988,600.045776,3354824
2020-09-07,696.349976,712.400024,689.049988,708.799988,606.895447,4238823
2020-09-08,708.799988,738.900024,703.200012,725.900024,621.537170,11522742
2020-09-09,712.099976,730.900024,710.200012,721.950012,618.154968,5514179
2020-09-10,728.650024,728.950012,713.799988,722.400024,618.540405,3366359
2020-09-11,712.000000,734.000000,710.150024,721.650024,617.898071,7221661
2020-09-14,745.000000,825.099976,744.150024,794.950012,682.551331,32312474
2020-09-15,791.049988,809.849976,783.049988,792.700012,680.619446,14024028
2020-09-16,790.049988,796.299988,779.250000,789.250000,677.657410,7471292
2020-09-17,794.950012,817.500000,789.500000,808.299988,694.013794,19972637
2020-09-18,808.299988,824.000000,804.000000,810.599976,695.988647,8847382
2020-09-21,823.000000,849.900024,793.450012,802.599976,689.119751,24911507
2020-09-22,813.950012,831.500000,790.549988,821.000000,704.918091,21882919
2020-09-23,832.000000,844.799988,810.150024,814.099976,698.993713,18070370
2020-09-24,811.000000,811.450012,784.000000,788.299988,676.841614,10553627
2020-09-25,795.250000,836.000000,792.599976,827.700012,710.670898,19813100
2020-09-28,838.400024,844.750000,820.799988,835.250000,717.153259,11145837
2020-09-29,837.400024,841.099976,810.200012,812.750000,697.834595,10554255
2020-09-30,818.000000,820.500000,807.099976,811.599976,696.847229,9470272
2020-10-01,819.900024,820.950012,811.200012,812.950012,698.006531,4321350
2020-10-05,828.799988,839.200012,815.099976,824.200012,707.665771,11889998
2020-10-06,830.000000,834.500000,822.700012,829.150024,711.915833,7848500
2020-10-07,830.000000,830.599976,823.000000,828.049988,710.971375,6980002
2020-10-08,857.500000,879.000000,844.500000,849.549988,729.431458,25860257
2020-10-09,852.900024,862.500000,849.299988,855.750000,734.754822,7286954
2020-10-12,860.799988,871.950012,857.150024,865.799988,743.383850,8717550
2020-10-13,866.299988,906.599976,863.299988,900.400024,773.091736,18948618
2020-10-14,904.000000,910.700012,882.000000,890.450012,764.548706,15441198
2020-10-15,899.950012,903.700012,833.450012,860.000000,738.403931,15648823
2020-10-16,859.000000,877.000000,820.599976,827.150024,710.198547,28982990
2020-10-19,839.799988,861.700012,833.000000,844.750000,725.310120,15671485
2020-10-20,846.950012,886.000000,843.599976,879.650024,755.275513,21563969
2020-10-21,881.000000,891.650024,860.000000,871.049988,747.891541,11161929
2020-10-22,858.900024,878.000000,851.549988,866.250000,747.201599,9607794
2020-10-23,871.000000,875.450012,850.599976,852.450012,735.298035,5447267
2020-10-26,853.000000,860.900024,842.049988,847.799988,731.287048,6612856
2020-10-27,848.950012,857.450012,838.700012,847.250000,730.812683,5807904
2020-10-28,852.000000,852.000000,821.599976,829.599976,715.588318,6853002
2020-10-29,825.000000,842.500000,818.950012,840.049988,724.602051,6690978
2020-10-30,842.799988,859.700012,833.000000,841.950012,726.241028,8727274
2020-11-02,841.950012,843.849976,819.200012,822.400024,709.377747,5953172
2020-11-03,828.000000,832.000000,812.349976,814.049988,702.175354,7011687
2020-11-04,812.200012,841.750000,810.599976,815.150024,703.124207,10077502
2020-11-05,834.000000,851.099976,830.049988,842.900024,727.060486,8903859
2020-11-06,846.000000,855.799988,836.400024,850.099976,733.270874,5871913
2020-11-09,866.799988,872.799988,847.099976,855.000000,737.497620,7505062
2020-11-10,848.500000,848.500000,805.750000,809.700012,698.423157,10397497
2020-11-11,813.000000,829.000000,805.349976,826.049988,712.526184,9779484
2020-11-12,827.150024,837.000000,822.000000,824.700012,711.361694,4699639
2020-11-13,822.900024,831.450012,818.150024,828.099976,714.294373,3918289
2020-11-14,834.000000,834.000000,829.000000,830.500000,716.364685,475390
2020-11-17,837.950012,837.950012,814.000000,815.000000,702.994751,5977903
2020-11-18,819.000000,819.900024,800.250000,814.299988,702.390808,5816221
2020-11-19,815.000000,820.450012,803.000000,804.549988,693.980835,7170339
2020-11-20,813.950012,823.500000,804.000000,819.250000,706.660767,7455575
2020-11-23,825.000000,842.000000,816.250000,839.200012,723.869019,7116516
2020-11-24,843.900024,857.400024,835.349976,840.500000,724.990356,8465615
2020-11-25,840.500000,846.000000,822.500000,824.700012,711.361694,5610232
2020-11-26,824.099976,845.000000,819.599976,842.049988,726.327332,8414555
2020-11-27,842.000000,847.799988,814.349976,822.099976,709.119019,11723771
2020-12-01,824.000000,835.700012,815.099976,834.099976,719.469727,8078785
2020-12-02,836.150024,847.450012,831.299988,843.150024,727.276184,7062229
2020-12-03,848.500000,864.000000,843.299988,862.200012,743.708130,9633229
2020-12-04,866.000000,867.849976,854.450012,858.500000,740.516602,5577388
2020-12-07,858.000000,859.950012,850.400024,855.299988,737.756287,5314265
2020-12-08,859.000000,875.700012,856.000000,863.799988,745.088196,8722526
2020-12-09,866.099976,880.000000,864.099976,870.549988,750.910583,5952003
2020-12-10,870.549988,877.799988,865.000000,866.750000,747.632813,4641898
2020-12-11,871.000000,881.799988,855.200012,862.250000,743.751160,5637035
2020-12-14,866.099976,875.650024,858.099976,873.000000,753.023926,5143894
2020-12-15,874.700012,889.000000,870.000000,886.000000,764.237244,7527270
2020-12-16,886.250000,892.000000,878.450012,885.049988,763.417786,4378179
2020-12-17,887.000000,887.000000,877.000000,879.349976,758.501221,4863371
2020-12-18,894.750000,905.000000,886.650024,890.650024,768.248230,11568187
2020-12-21,886.650024,910.500000,850.000000,870.450012,750.824341,8875855
2020-12-22,879.150024,919.250000,872.000000,913.799988,788.216736,10251896
2020-12-23,920.000000,935.000000,914.799988,922.599976,795.807312,10723068
2020-12-24,927.950012,928.250000,910.700012,919.349976,793.003967,4390561
2020-12-28,925.000000,927.500000,913.500000,921.799988,795.117188,3884750
2020-12-29,929.000000,945.000000,925.250000,935.900024,807.279480,6760167
2020-12-30,938.000000,950.000000,931.000000,940.700012,811.419922,6382809
2020-12-31,939.049988,949.849976,935.000000,946.150024,816.120850,3468390
2021-01-01,942.000000,955.500000,942.000000,950.500000,819.872986,3142822
2021-01-04,959.000000,984.700012,952.650024,980.400024,845.663940,5259092
2021-01-05,967.200012,995.799988,967.200012,991.349976,855.109131,7150252
2021-01-06,997.900024,998.000000,966.099976,978.200012,843.766296,5995748
2021-01-07,988.000000,988.200012,959.400024,962.549988,830.267029,5261000
2021-01-08,974.900024,1003.500000,970.000000,994.650024,857.955566,8034775
2021-01-11,1015.000000,1059.050049,1008.000000,1055.099976,910.097900,13384331
2021-01-12,1052.000000,1065.050049,1038.699951,1062.099976,916.135864,6700542
2021-01-13,1064.000000,1067.000000,1041.000000,1055.949951,910.830994,6691409
2021-01-14,1049.000000,1049.000000,1006.599976,1027.699951,886.463501,15021108
2021-01-15,1047.650024,1052.849976,984.000000,989.799988,853.772095,23769415
2021-01-18,1000.000000,1004.950012,976.900024,981.500000,846.612671,12947569
2021-01-19,988.000000,997.000000,979.349976,983.849976,848.639771,6387923
2021-01-20,991.750000,1009.650024,987.549988,999.250000,861.923279,7444118
2021-01-21,1009.000000,1020.000000,982.950012,993.299988,860.234619,8857975
2021-01-22,991.700012,1004.000000,981.400024,985.799988,853.739319,5379466
2021-01-25,997.000000,997.000000,941.000000,947.500000,820.570129,7731883
2021-01-27,952.099976,963.250000,942.500000,955.500000,827.498352,7531736
2021-01-28,948.799988,952.400024,930.099976,933.950012,808.835327,6960905
2021-01-29,941.000000,949.500000,909.500000,914.000000,791.557861,7692663
2021-02-01,919.000000,933.750000,896.349976,928.349976,803.985535,8651478
2021-02-02,947.000000,963.000000,935.549988,954.650024,826.762207,7690178
2021-02-03,966.000000,973.299988,952.549988,959.900024,831.309021,6354619
2021-02-04,964.700012,970.450012,950.150024,957.650024,829.360413,4623148
2021-02-05,960.799988,963.900024,940.049988,946.150024,819.400940,4631703
2021-02-08,955.000000,964.400024,941.349976,957.750000,829.447083,6509526
2021-02-09,965.000000,981.900024,946.599976,951.599976,824.120728,7557977
2021-02-10,955.049988,965.099976,946.150024,959.450012,830.919250,4896963
2021-02-11,959.450012,972.500000,953.049988,970.400024,840.402405,3745595
2021-02-12,975.000000,986.500000,957.599976,960.400024,831.741882,8045740
2021-02-15,970.000000,971.250000,950.099976,954.650024,826.762207,4643228
2021-02-16,957.000000,962.250000,944.099976,952.299988,824.726990,3277086
2021-02-17,952.000000,958.400024,941.000000,943.200012,816.846130,3643176
2021-02-18,944.000000,956.750000,938.349976,948.099976,821.089600,5133094
2021-02-19,950.000000,958.000000,944.450012,950.150024,822.865112,5494816
2021-02-22,949.500000,951.450012,916.049988,920.150024,796.883850,5043203
2021-02-23,924.000000,930.000000,906.549988,909.950012,788.050354,5916942
2021-02-24,918.000000,919.450012,905.500000,916.000000,793.289917,3435827
2021-02-25,925.900024,934.049988,922.150024,929.250000,804.765015,6234947
2021-02-26,908.000000,925.000000,905.099976,909.450012,787.617493,9198218
2021-03-01,916.000000,934.450012,915.650024,930.349976,805.717468,5397960
2021-03-02,933.849976,957.900024,928.599976,953.750000,825.982788,6715548
2021-03-03,965.000000,968.000000,947.000000,965.250000,835.942200,5742015
2021-03-04,952.000000,969.900024,951.349976,958.000000,829.663513,6268541
2021-03-05,956.099976,972.000000,936.299988,941.500000,815.373901,5992152
2021-03-08,952.500000,973.000000,944.000000,961.900024,833.041016,5621823
2021-03-09,964.099976,976.900024,949.099976,973.150024,842.783875,5440319
2021-03-10,985.700012,995.099976,979.700012,988.500000,856.077576,7694950
2021-03-12,988.500000,1002.799988,973.599976,979.250000,848.066772,6447010
2021-03-15,977.500000,994.349976,967.349976,992.349976,859.411743,5321071
2021-03-16,993.000000,1018.799988,990.450012,1007.250000,872.315796,8094575
2021-03-17,1012.000000,1023.900024,982.700012,987.450012,855.168213,6758901
2021-03-18,995.000000,999.750000,932.400024,947.750000,820.786621,8269566
2021-03-19,950.000000,969.000000,937.700012,960.450012,831.785156,9004154
2021-03-22,960.450012,982.450012,944.599976,978.750000,847.633728,4745254
2021-03-23,983.650024,992.900024,971.799988,980.849976,849.452454,5158305
2021-03-24,971.049988,984.750000,965.799988,975.650024,844.949158,3874331
2021-03-25,970.000000,974.500000,950.000000,957.049988,828.840698,4879437
2021-03-26,965.000000,975.000000,953.799988,958.549988,830.139709,4271178
2021-03-30,965.000000,1000.799988,964.450012,995.799988,862.399597,5475000
2021-03-31,1000.000000,1000.000000,978.650024,982.650024,851.011292,4445140
2021-04-01,992.000000,1013.500000,990.599976,1002.599976,868.288696,5269079
2021-04-05,1007.000000,1040.000000,1002.599976,1033.500000,895.049377,9452833
2021-04-06,1039.000000,1040.599976,1020.250000,1028.400024,890.632446,4260257
2021-04-07,1031.000000,1045.000000,1024.699951,1037.199951,898.253601,3551106
2021-04-08,1044.000000,1054.400024,1031.650024,1037.500000,898.513367,4852068
2021-04-09,1042.099976,1054.800049,1034.150024,1045.400024,905.355042,3708082
2021-04-12,1042.949951,1042.949951,1001.200012,1009.400024,874.177795,5976427
2021-04-13,1012.500000,1020.799988,972.200012,983.400024,851.660950,7773994
2021-04-15,968.000000,994.700012,958.750000,991.900024,859.022095,7430279
2021-04-16,1000.000000,1016.799988,994.500000,1012.750000,877.078979,4677808
2021-04-19,996.000000,1028.449951,987.849976,994.599976,861.360474,6239343
2021-04-20,1006.000000,1006.000000,957.000000,961.299988,832.521362,9742418
2021-04-22,966.000000,971.900024,955.299988,961.900024,833.041016,4970596
2021-04-23,964.000000,974.849976,950.200012,955.650024,827.628174,6023490
2021-04-26,940.000000,954.500000,923.049988,928.799988,804.375305,19619972
2021-04-27,931.000000,938.549988,923.400024,928.849976,804.418518,6406825
2021-04-28,931.200012,935.849976,921.750000,923.799988,800.044983,6845677
2021-04-29,929.700012,929.700012,907.099976,909.549988,796.324097,8588734
2021-04-30,905.000000,915.000000,895.400024,898.950012,787.043640,10921664
2021-05-03,898.750000,910.450012,891.000000,907.700012,794.704346,6871176
2021-05-04,910.000000,915.000000,899.250000,900.950012,788.794739,6217026
2021-05-05,903.950012,910.799988,900.599976,909.400024,796.192749,2696835
2021-05-06,912.000000,923.900024,901.250000,916.000000,801.971191,6319104
2021-05-07,918.000000,921.400024,913.700012,916.400024,802.321350,3651558
2021-05-10,918.049988,921.599976,910.200012,913.950012,800.176392,4029147
2021-05-11,908.500000,912.450012,905.099976,907.299988,794.354187,3818154
2021-05-12,906.150024,908.950012,895.000000,906.099976,793.303528,4076940
2021-05-14,909.000000,912.000000,896.500000,910.349976,797.024536,5184569
2021-05-17,914.599976,927.200012,910.099976,922.150024,807.355530,7956551
2021-05-18,928.000000,939.500000,924.500000,931.599976,815.629150,5913426
2021-05-19,928.000000,941.000000,925.150024,931.400024,815.454041,4178834
2021-05-20,932.000000,934.799988,922.049988,924.400024,809.325500,4753782
2021-05-21,925.500000,934.650024,923.000000,930.650024,814.797302,4161547
2021-05-24,931.500000,939.000000,927.700012,932.799988,816.679688,4191877
2021-05-25,938.000000,943.799988,935.150024,940.599976,823.508728,5032874
2021-05-26,940.000000,948.950012,932.549988,945.799988,828.061523,5017674
2021-05-27,949.000000,956.900024,938.099976,942.400024,825.084717,9078274
2021-05-28,940.049988,949.750000,937.400024,942.549988,825.215942,4098094
2021-05-31,941.549988,947.849976,932.599976,945.200012,827.536133,4171524
2021-06-01,948.000000,952.000000,942.049988,950.700012,832.351501,2944472
2021-06-02,947.000000,950.700012,937.599976,943.750000,826.266602,3657189
2021-06-03,945.000000,949.799988,937.000000,939.450012,822.501892,4164240
2021-06-04,940.099976,944.200012,934.750000,936.549988,819.962891,3550303
2021-06-07,939.000000,951.950012,937.099976,949.599976,831.388489,3282517
2021-06-08,952.000000,972.000000,951.450012,967.200012,846.797424,6385642
2021-06-09,973.900024,985.000000,965.099976,971.299988,850.387085,5521459
2021-06-10,979.500000,981.650024,966.549988,968.549988,847.979431,3878256
2021-06-11,976.000000,990.000000,970.500000,983.349976,860.936951,4777035
2021-06-14,983.000000,988.450012,976.000000,984.200012,861.681152,2236373
2021-06-15,985.099976,993.000000,983.200012,985.450012,862.775574,2559001
2021-06-16,984.049988,986.000000,974.000000,979.400024,857.478760,3138753
2021-06-17,980.000000,988.950012,978.549988,986.400024,863.607300,3609989
2021-06-18,990.000000,996.700012,970.099976,975.250000,853.845337,5622783
2021-06-21,968.000000,983.450012,961.250000,982.000000,859.755005,1639495
2021-06-22,982.099976,988.200012,976.250000,980.099976,858.091553,2529648
2021-06-23,985.000000,985.000000,971.000000,972.900024,851.788025,2395543
2021-06-24,972.000000,994.599976,969.099976,989.700012,866.496521,4686567
2021-06-25,995.000000,1010.000000,989.250000,995.650024,871.705811,5196000
2021-06-28,1000.000000,1000.000000,984.200012,985.299988,862.644165,1844159
2021-06-29,986.950012,993.900024,980.500000,983.599976,861.155884,1895170
2021-06-30,981.000000,991.450012,981.000000,983.500000,861.068359,2682591
2021-07-01,987.000000,988.000000,975.150024,985.500000,862.819397,2861509
2021-07-02,983.549988,987.599976,977.250000,984.650024,862.075256,1646631
2021-07-05,991.700012,995.900024,978.000000,979.750000,857.785095,2598033
2021-07-06,980.000000,982.200012,970.200012,972.049988,851.043640,2486069
2021-07-07,970.000000,977.599976,960.299988,975.349976,853.932800,3014899
2021-07-08,975.000000,982.000000,970.000000,976.799988,855.202332,2555624
2021-07-09,972.000000,979.500000,966.599976,976.849976,855.246094,3218471
2021-07-12,980.000000,983.049988,975.000000,979.450012,857.522461,2037878
2021-07-13,983.000000,983.000000,964.000000,967.950012,847.454041,2997764
2021-07-14,968.250000,992.950012,968.099976,989.450012,866.277649,4371180
2021-07-15,993.000000,1052.500000,990.799988,1039.750000,910.316040,12701032
2021-07-16,1044.900024,1048.750000,998.049988,1005.000000,879.891846,8665827
2021-07-19,1005.000000,1018.299988,992.500000,1000.200012,875.689453,4644600
2021-07-20,999.000000,1012.200012,969.349976,977.200012,855.552612,10216774
2021-07-22,970.000000,981.500000,970.000000,978.599976,856.778320,6156400
2021-07-23,984.700012,1003.900024,982.599976,994.000000,870.261230,5265839
2021-07-26,994.000000,1004.000000,987.250000,1000.299988,875.776978,2477027
2021-07-27,1000.000000,1002.200012,983.849976,992.000000,873.751038,2883514
2021-07-28,995.000000,995.950012,977.299988,983.099976,865.911987,2952249
2021-07-29,985.549988,1009.000000,985.549988,1007.599976,887.491455,4732101
2021-07-30,1013.000000,1049.949951,1009.900024,1024.949951,902.773376,9330054
2021-08-02,1034.000000,1039.000000,1023.049988,1035.400024,911.977844,2536478
2021-08-03,1030.000000,1042.949951,1024.000000,1039.449951,915.545044,3359006
2021-08-04,1041.099976,1047.750000,1034.599976,1039.949951,915.985352,3122161
2021-08-05,1040.000000,1073.000000,1033.699951,1061.150024,934.658386,7896314
2021-08-06,1061.150024,1070.000000,1043.000000,1049.949951,924.793335,11584782
2021-08-09,1057.800049,1066.750000,1043.500000,1050.550049,925.321960,6321578
2021-08-10,1052.500000,1072.300049,1048.000000,1063.699951,936.904236,5871606
2021-08-11,1070.949951,1079.000000,1057.150024,1066.949951,939.766785,5011239
2021-08-12,1071.000000,1101.150024,1068.000000,1096.500000,965.794495,6540144
2021-08-13,1099.000000,1123.949951,1090.199951,1119.449951,986.008728,7270809
2021-08-16,1120.949951,1129.349976,1114.349976,1123.650024,989.708252,3159376
2021-08-17,1119.250000,1151.949951,1112.550049,1142.949951,1006.707458,5295838
2021-08-18,1157.900024,1157.900024,1131.599976,1134.250000,999.044678,4871006
2021-08-20,1107.500000,1140.750000,1107.199951,1117.349976,984.158936,3467046
2021-08-23,1129.000000,1178.199951,1126.050049,1163.099976,1024.455933,9383780
2021-08-24,1167.949951,1173.000000,1150.000000,1152.900024,1015.471497,3947317
2021-08-25,1159.900024,1169.900024,1140.300049,1154.349976,1016.748657,3447912
2021-08-26,1159.900024,1172.000000,1155.000000,1167.449951,1028.286987,4654833
2021-08-27,1167.449951,1169.750000,1159.500000,1162.949951,1024.323486,3050466
2021-08-30,1164.000000,1170.349976,1154.550049,1163.400024,1024.719727,2956868
2021-08-31,1166.000000,1193.400024,1162.050049,1182.300049,1041.366943,7199002
2021-09-01,1190.000000,1190.500000,1161.750000,1164.650024,1025.821045,3200410
2021-09-02,1172.000000,1182.000000,1154.000000,1172.750000,1032.955322,5224479
2021-09-03,1173.500000,1180.599976,1158.250000,1174.750000,1034.717041,4533364
2021-09-06,1175.000000,1210.099976,1174.000000,1200.150024,1057.089478,4331916
2021-09-07,1214.000000,1214.949951,1180.099976,1182.199951,1041.278931,3721585
2021-09-08,1185.000000,1191.150024,1167.050049,1188.800049,1047.092041,3118518
2021-09-09,1192.000000,1204.949951,1183.000000,1198.550049,1055.679810,3388292
2021-09-13,1192.000000,1215.000000,1176.449951,1208.400024,1064.355835,3723138
2021-09-14,1216.000000,1240.599976,1207.000000,1238.650024,1091.000000,5593286
2021-09-15,1238.650024,1288.949951,1230.250000,1273.250000,1121.475464,6063895
2021-09-16,1287.199951,1295.300049,1255.199951,1263.099976,1112.535156,3616292
2021-09-17,1265.000000,1281.000000,1258.500000,1263.300049,1112.711670,4817180
2021-09-20,1258.000000,1298.800049,1250.000000,1276.150024,1124.029663,5453683
2021-09-21,1289.000000,1315.000000,1277.000000,1299.500000,1144.596436,4645597
2021-09-22,1300.000000,1328.650024,1299.599976,1315.500000,1158.689087,5367303
2021-09-23,1326.849976,1336.449951,1313.900024,1328.300049,1169.963623,3037295
2021-09-24,1340.000000,1377.750000,1337.000000,1358.199951,1196.299194,7951730
2021-09-27,1366.000000,1367.949951,1290.050049,1295.199951,1140.808960,7653504
2021-09-28,1304.949951,1304.949951,1254.000000,1269.000000,1117.732056,8572321
2021-09-29,1270.000000,1301.449951,1258.800049,1281.199951,1128.477783,4639821
2021-09-30,1291.449951,1291.449951,1268.849976,1279.550049,1127.024536,3589722
2021-10-01,1274.000000,1284.000000,1260.650024,1273.750000,1121.915894,3372796
2021-10-04,1281.500000,1293.599976,1273.750000,1278.650024,1126.231567,2706626
2021-10-05,1270.000000,1313.599976,1262.199951,1305.150024,1149.572754,3710314
2021-10-06,1312.000000,1319.849976,1271.800049,1275.449951,1123.413330,2861608
2021-10-07,1284.050049,1317.849976,1284.050049,1306.300049,1150.585938,2421641
2021-10-08,1306.300049,1338.000000,1294.050049,1322.150024,1164.546265,5197831
2021-10-11,1300.000000,1324.900024,1235.650024,1302.900024,1147.590942,5264998
2021-10-12,1306.949951,1309.000000,1236.300049,1250.349976,1101.305176,12811641
2021-10-13,1263.000000,1270.800049,1243.449951,1265.349976,1114.517334,5705730
2021-10-14,1289.400024,1293.250000,1244.050049,1251.150024,1102.009888,10360519
2021-10-18,1240.000000,1272.500000,1215.000000,1221.400024,1075.806152,23861603
2021-10-19,1230.000000,1253.000000,1225.000000,1232.099976,1085.230591,10189780
2021-10-20,1239.000000,1263.400024,1220.400024,1232.900024,1085.935425,8222562
2021-10-21,1238.900024,1238.900024,1189.000000,1210.699951,1075.101318,5998795
2021-10-22,1203.250000,1223.349976,1186.000000,1194.000000,1060.272217,3812305
2021-10-25,1184.050049,1190.000000,1157.150024,1165.400024,1034.875244,6690819
2021-10-26,1170.000000,1182.000000,1153.250000,1166.800049,1036.118530,5126660
2021-10-27,1170.000000,1181.349976,1161.500000,1177.150024,1045.309204,3536653
2021-10-28,1183.300049,1185.000000,1146.800049,1152.000000,1022.976074,4096585
2021-10-29,1152.000000,1173.000000,1138.000000,1143.750000,1015.649963,3558520
2021-11-01,1143.500000,1191.449951,1143.500000,1189.199951,1056.009766,4511112
2021-11-02,1191.000000,1195.099976,1168.849976,1170.650024,1039.537354,3016082
2021-11-03,1175.000000,1187.699951,1171.699951,1176.349976,1044.598755,2063067
2021-11-04,1185.000000,1187.150024,1178.000000,1183.099976,1050.592896,256369
2021-11-08,1187.449951,1192.800049,1168.550049,1182.849976,1050.370605,3808317
2021-11-09,1188.000000,1191.000000,1170.449951,1172.800049,1041.446411,3565461
2021-11-10,1164.000000,1175.000000,1162.099976,1169.150024,1038.205444,2401325
2021-11-11,1166.000000,1167.800049,1152.250000,1160.699951,1030.701782,2861259
2021-11-12,1168.900024,1178.150024,1163.000000,1172.349976,1041.046875,3812518
2021-11-15,1171.000000,1181.599976,1163.500000,1170.849976,1039.714844,3619915
2021-11-16,1170.900024,1175.500000,1160.449951,1163.400024,1033.099121,3141207
2021-11-17,1160.500000,1164.750000,1150.000000,1152.449951,1023.375549,3172985
2021-11-18,1148.000000,1155.000000,1113.500000,1120.199951,994.737793,5384530
2021-11-22,1120.199951,1125.849976,1102.000000,1110.099976,985.768738,3961223
2021-11-23,1105.000000,1120.000000,1090.000000,1112.599976,987.988770,4545069
2021-11-24,1120.000000,1132.650024,1112.949951,1119.449951,994.071594,2675632
2021-11-25,1116.500000,1131.000000,1111.000000,1124.800049,998.822266,3106454
2021-11-26,1120.000000,1126.000000,1103.300049,1110.050049,985.724487,2207274
2021-11-29,1101.099976,1145.000000,1100.099976,1133.150024,1006.237122,3661152
2021-11-30,1133.000000,1157.900024,1133.000000,1138.650024,1011.121216,7421904
2021-12-01,1146.000000,1163.000000,1145.199951,1156.699951,1027.149658,2918586
2021-12-02,1161.900024,1186.400024,1153.000000,1184.699951,1052.013794,4011279
2021-12-03,1188.000000,1189.699951,1169.650024,1171.400024,1040.203247,2571036
2021-12-06,1169.900024,1172.650024,1134.849976,1136.550049,1009.256592,2493755
2021-12-07,1150.000000,1155.000000,1131.400024,1149.650024,1020.889160,2299958
2021-12-08,1157.400024,1181.599976,1157.050049,1171.599976,1040.380737,2525711
2021-12-09,1179.800049,1179.800049,1155.000000,1168.550049,1037.672729,1734844
2021-12-10,1155.199951,1167.000000,1155.199951,1162.199951,1032.033569,957733
2021-12-13,1166.000000,1173.449951,1153.250000,1159.099976,1029.280884,2225682
2021-12-14,1156.000000,1165.900024,1145.500000,1162.349976,1032.166870,1972685
2021-12-15,1158.250000,1161.949951,1142.300049,1148.900024,1020.223572,1604301
2021-12-16,1156.000000,1167.900024,1149.550049,1159.750000,1029.858032,2121810
2021-12-17,1172.000000,1182.900024,1165.000000,1171.400024,1040.203247,6373455
2021-12-20,1160.000000,1172.349976,1145.500000,1159.900024,1029.991211,3091768
2021-12-21,1168.900024,1214.949951,1165.050049,1205.000000,1070.040039,6217986
2021-12-22,1218.000000,1226.000000,1210.099976,1222.800049,1085.846313,3809814
2021-12-23,1229.900024,1230.699951,1215.599976,1227.449951,1089.975464,2814281
2021-12-24,1262.150024,1283.800049,1246.150024,1265.199951,1123.497681,15952929
2021-12-27,1268.000000,1277.000000,1254.050049,1267.199951,1125.273682,3372907
2021-12-28,1270.000000,1289.000000,1270.000000,1283.900024,1140.103271,3446067
2021-12-29,1283.000000,1299.000000,1277.099976,1291.900024,1147.207397,2254162
2021-12-30,1291.900024,1326.449951,1282.699951,1317.050049,1169.540405,4518139
2021-12-31,1320.000000,1329.449951,1308.949951,1319.099976,1171.360596,2231508
2022-01-03,1316.349976,1339.900024,1314.099976,1326.150024,1177.621338,2661272
2022-01-04,1329.500000,1336.699951,1307.250000,1333.449951,1184.103516,3367100
2022-01-05,1329.000000,1330.000000,1302.000000,1310.750000,1163.946045,3510253
2022-01-06,1290.000000,1297.800049,1277.000000,1284.900024,1140.991211,4409632
2022-01-07,1297.550049,1298.500000,1282.199951,1290.550049,1146.008301,3898684
2022-01-10,1304.849976,1304.849976,1280.000000,1288.099976,1143.832764,2529949
2022-01-11,1288.650024,1348.000000,1280.000000,1343.650024,1193.161377,6772189
2022-01-12,1354.000000,1357.099976,1331.400024,1352.150024,1200.709229,3162044
2022-01-13,1340.000000,1359.400024,1321.150024,1334.250000,1184.813965,4598005
2022-01-14,1320.000000,1342.949951,1293.000000,1337.199951,1187.433716,5636243
2022-01-17,1273.000000,1273.000000,1243.400024,1258.750000,1117.770020,11973283
2022-01-18,1269.949951,1269.949951,1217.000000,1219.750000,1083.138062,7799487
2022-01-19,1220.000000,1220.500000,1191.000000,1199.199951,1064.889648,8464215
2022-01-20,1200.000000,1201.400024,1170.000000,1175.349976,1052.487305,6172404
2022-01-21,1175.349976,1179.849976,1155.000000,1167.949951,1045.860840,5514748
2022-01-24,1162.500000,1164.500000,1111.000000,1124.900024,1007.311096,5878438
2022-01-25,1115.000000,1139.650024,1088.400024,1123.699951,1006.236572,4725254
2022-01-27,1115.000000,1115.949951,1070.199951,1077.750000,965.089783,8304735
2022-01-28,1079.000000,1102.199951,1077.250000,1080.449951,967.507446,7654724
2022-01-31,1100.650024,1113.949951,1092.849976,1099.400024,984.476685,7572995
2022-02-01,1116.699951,1136.500000,1101.250000,1132.800049,1014.385376,6783774
2022-02-02,1142.900024,1173.849976,1133.300049,1170.949951,1048.547241,6982539
2022-02-03,1162.000000,1170.849976,1151.000000,1156.750000,1035.831421,4169794
2022-02-04,1160.000000,1167.099976,1137.349976,1163.800049,1042.144775,3625482
2022-02-07,1157.000000,1171.349976,1146.000000,1157.349976,1036.369019,3824483
2022-02-08,1158.949951,1169.849976,1148.550049,1161.949951,1040.488037,3267641
2022-02-09,1172.000000,1189.000000,1166.000000,1180.900024,1057.457153,3772972
2022-02-10,1184.949951,1191.900024,1174.099976,1190.349976,1065.919312,2053245
2022-02-11,1179.000000,1179.000000,1158.050049,1163.699951,1042.055298,3912397
2022-02-14,1135.349976,1164.349976,1133.599976,1146.449951,1026.608398,3243813
2022-02-15,1153.500000,1174.000000,1148.099976,1168.550049,1046.398315,3000492
2022-02-16,1178.000000,1182.650024,1160.000000,1167.800049,1045.726685,1885868
2022-02-17,1174.000000,1174.000000,1160.000000,1163.050049,1041.473267,1644055
2022-02-18,1152.849976,1170.099976,1150.099976,1165.000000,1043.219360,2166690
2022-02-21,1153.099976,1169.500000,1150.199951,1164.750000,1042.995361,1706058
2022-02-22,1132.000000,1154.150024,1132.000000,1149.550049,1029.384277,3254855
2022-02-23,1156.000000,1159.000000,1148.050049,1153.000000,1032.473633,1937649
2022-02-24,1106.000000,1134.949951,1092.000000,1098.550049,983.715515,5469084
2022-02-25,1115.599976,1141.000000,1115.000000,1129.699951,1011.609253,3213276
2022-02-28,1119.599976,1133.300049,1107.000000,1126.949951,1009.146667,4571884
2022-03-02,1124.650024,1124.650024,1109.000000,1115.550049,998.938538,3867328
2022-03-03,1125.000000,1152.000000,1120.500000,1139.699951,1020.563843,3969380
2022-03-04,1128.000000,1154.849976,1122.650024,1138.449951,1019.444702,3522375
2022-03-07,1111.000000,1161.400024,1110.500000,1154.199951,1033.548218,5249845
2022-03-08,1156.000000,1179.599976,1155.000000,1175.300049,1052.442627,3805165
2022-03-09,1180.000000,1195.000000,1161.099976,1182.699951,1059.069092,3781326
2022-03-10,1198.199951,1198.199951,1175.000000,1192.150024,1067.531250,3834327
2022-03-11,1180.000000,1207.150024,1176.300049,1193.449951,1068.695190,2770879
2022-03-14,1193.449951,1214.800049,1177.650024,1202.849976,1077.112671,5740660
2022-03-15,1207.000000,1214.300049,1168.099976,1176.849976,1053.830444,3003066
2022-03-16,1190.150024,1202.949951,1185.000000,1199.500000,1074.112915,1894018
2022-03-17,1215.000000,1215.000000,1190.800049,1196.900024,1071.784668,6987787
2022-03-21,1199.900024,1209.900024,1165.099976,1168.050049,1045.950439,4046440
2022-03-22,1170.000000,1181.750000,1162.300049,1176.400024,1053.427734,4516870
2022-03-23,1190.000000,1190.849976,1170.000000,1180.699951,1057.278076,2338886
2022-03-24,1169.000000,1194.000000,1169.000000,1192.099976,1067.486572,2351703
2022-03-25,1199.000000,1199.000000,1175.400024,1179.349976,1056.069214,2489854
2022-03-28,1184.900024,1187.599976,1158.199951,1163.949951,1042.278931,3406258
2022-03-29,1167.000000,1175.000000,1163.650024,1167.699951,1045.636841,2443230
2022-03-30,1177.349976,1181.949951,1162.099976,1165.199951,1043.398193,3073672
2022-03-31,1174.800049,1174.800049,1161.000000,1163.750000,1042.099854,3006639
2022-04-01,1161.000000,1174.000000,1152.050049,1169.650024,1047.383301,2479745
2022-04-04,1173.199951,1188.949951,1168.000000,1187.050049,1062.964111,2282137
2022-04-05,1190.000000,1203.000000,1184.099976,1195.449951,1070.486206,2634464
2022-04-06,1190.000000,1194.900024,1167.500000,1170.500000,1048.144409,2838968
2022-04-07,1165.599976,1180.750000,1163.000000,1173.300049,1050.651733,3391918
2022-04-08,1179.000000,1180.000000,1162.550049,1165.349976,1043.532715,2656091
2022-04-11,1164.000000,1164.000000,1131.750000,1133.500000,1015.011780,5679058
2022-04-12,1129.800049,1141.699951,1119.550049,1131.150024,1012.907837,2906617
2022-04-13,1135.000000,1143.099976,1123.000000,1125.099976,1007.489929,1971580
2022-04-18,1110.000000,1112.750000,1084.599976,1101.750000,986.581116,4391701
2022-04-19,1115.900024,1115.949951,1058.750000,1070.250000,958.373840,3422431
2022-04-20,1075.000000,1094.800049,1064.699951,1089.400024,975.521973,2573318
2022-04-21,1095.000000,1105.050049,1081.099976,1099.199951,984.297607,2547848
2022-04-22,1086.599976,1134.949951,1081.099976,1102.050049,986.849670,9567571
2022-04-25,1096.900024,1098.000000,1077.300049,1089.849976,975.924988,3565801
2022-04-26,1104.000000,1107.000000,1085.050049,1094.300049,979.909912,3213714
2022-04-27,1087.000000,1099.900024,1074.599976,1095.599976,981.073792,3288792
2022-04-28,1092.000000,1102.300049,1073.300049,1092.500000,994.639221,5202061
2022-04-29,1094.000000,1100.500000,1074.349976,1079.250000,982.576050,2988180
2022-05-02,1073.000000,1082.000000,1062.000000,1066.900024,971.332520,2584604
2022-05-04,1075.900024,1076.000000,1035.800049,1044.949951,951.348389,3385725
2022-05-05,1059.000000,1075.199951,1047.099976,1072.050049,976.020996,2982126
2022-05-06,1049.900024,1056.650024,1028.949951,1050.199951,956.128174,4075606
2022-05-09,1044.000000,1082.900024,1034.099976,1076.099976,979.708191,4207192
2022-05-10,1073.000000,1085.000000,1066.599976,1072.550049,976.476318,2473518
2022-05-11,1069.000000,1079.300049,1054.050049,1060.900024,965.869995,2895668
2022-05-12,1050.099976,1070.949951,1043.750000,1059.400024,964.504211,3195189
2022-05-13,1070.000000,1078.000000,1045.099976,1052.150024,957.903687,2496626
2022-05-16,1054.000000,1066.949951,1040.199951,1044.550049,950.984436,1415370
2022-05-17,1058.199951,1086.000000,1045.349976,1082.900024,985.899231,2620776
2022-05-18,1083.550049,1097.349976,1070.800049,1073.699951,977.523132,2865869
2022-05-19,1055.099976,1058.300049,1004.599976,1009.400024,918.982971,4729354
2022-05-20,1029.000000,1034.500000,1016.799988,1028.849976,936.690613,2005622
2022-05-23,1023.000000,1037.000000,1014.750000,1018.299988,927.085693,2285466
2022-05-24,1022.049988,1022.400024,987.000000,991.750000,902.914001,3418456
2022-05-25,992.000000,992.799988,963.000000,974.450012,887.163574,3904551
2022-05-26,977.000000,986.000000,969.049988,980.700012,892.853699,4278059
2022-05-27,989.000000,1010.450012,989.000000,1003.900024,913.975647,2795530
2022-05-30,1019.000000,1053.349976,1015.650024,1039.900024,946.750916,3562969
2022-05-31,1045.000000,1045.800049,1020.450012,1040.750000,947.524658,5185485
2022-06-01,1040.750000,1045.449951,1011.549988,1017.900024,926.721558,2554081
2022-06-02,1011.400024,1048.900024,1007.299988,1039.699951,946.568726,3560227
2022-06-03,1053.949951,1069.650024,1040.199951,1043.000000,949.573181,3556955
2022-06-06,1038.000000,1047.349976,1021.150024,1037.300049,944.383728,1997494
2022-06-07,1030.000000,1033.750000,1013.150024,1022.900024,931.273621,1839248
2022-06-08,1023.099976,1033.800049,1016.000000,1030.199951,937.919739,1665512
2022-06-09,1024.949951,1031.699951,1011.700012,1028.650024,936.508667,1654005
2022-06-10,1012.000000,1023.750000,1008.200012,1015.349976,924.399902,2260855
2022-06-13,996.000000,1002.000000,982.500000,991.799988,902.959473,1738804
2022-06-14,988.000000,1000.950012,978.150024,996.900024,907.602600,2461791
2022-06-15,989.000000,1007.000000,988.000000,989.900024,901.229675,2408630
2022-06-16,1007.000000,1007.000000,961.650024,964.950012,878.514587,3198618
2022-06-17,952.400024,963.150024,944.049988,958.750000,872.869934,4302066
2022-06-20,965.000000,966.000000,952.099976,960.049988,874.053345,1305407
2022-06-21,971.700012,999.900024,963.650024,986.599976,898.225159,2128325
2022-06-22,977.950012,979.000000,959.150024,961.299988,875.191406,2575065
2022-06-23,962.099976,977.500000,958.599976,971.250000,884.250244,2169033
2022-06-24,984.000000,984.549988,960.000000,966.700012,880.107849,1922313
2022-06-27,986.150024,1006.799988,984.200012,992.349976,903.460144,3626024
2022-06-28,989.900024,1007.000000,983.250000,1001.950012,912.200195,2702471
2022-06-29,985.099976,1000.250000,985.000000,987.549988,899.090088,3150015
2022-06-30,990.000000,996.549988,969.950012,973.250000,886.071106,3741119
2022-07-01,964.500000,981.450012,964.200012,975.349976,887.982910,2827579
2022-07-04,975.349976,989.500000,973.450012,984.599976,896.404358,2738846
2022-07-05,987.400024,1002.650024,978.450012,982.150024,894.173828,2476050
2022-07-06,982.000000,999.000000,980.049988,986.599976,898.225159,2998254
2022-07-07,997.000000,1000.900024,984.950012,989.849976,901.184082,2985141
2022-07-08,999.000000,999.000000,979.150024,983.549988,895.448486,3141642
2022-07-11,975.000000,979.150024,940.000000,943.549988,859.031433,5787815
2022-07-12,935.000000,948.549988,924.400024,927.799988,844.692200,5305354
2022-07-13,930.000000,936.000000,905.000000,917.750000,835.542542,12874342
2022-07-14,926.150024,927.549988,892.299988,903.000000,822.113647,4916497
2022-07-15,896.000000,905.000000,877.349976,883.150024,804.041809,5591590
2022-07-18,895.000000,907.500000,888.849976,900.299988,819.655518,5156225
2022-07-19,890.000000,897.500000,885.000000,889.700012,819.103210,4636293
2022-07-20,904.599976,918.799988,895.099976,917.400024,844.605164,4827089
2022-07-21,921.000000,926.950012,913.549988,924.450012,851.095825,3498709
2022-07-22,929.400024,931.900024,909.000000,920.250000,847.229065,3514659
2022-07-25,920.250000,932.000000,914.000000,930.650024,856.803833,2120224
2022-07-26,928.500000,929.650024,911.099976,913.500000,841.014587,2780103
2022-07-27,912.099976,929.349976,911.099976,928.450012,854.778381,1742497
2022-07-28,935.900024,949.000000,932.700012,946.099976,871.027893,2843497
2022-07-29,957.000000,965.700012,947.150024,948.400024,873.145325,3617725
2022-08-01,954.000000,956.500000,945.200012,952.150024,876.597778,2489519
2022-08-02,952.150024,953.849976,941.049988,951.049988,875.585083,2545241
2022-08-03,951.000000,961.799988,950.049988,957.200012,881.247070,4119614
2022-08-04,965.000000,969.950012,945.799988,958.099976,882.075623,3513266
2022-08-05,962.900024,964.950012,955.000000,957.750000,881.753418,2565683
2022-08-08,957.750000,968.000000,950.049988,966.049988,889.394836,1746911
2022-08-10,966.049988,967.000000,948.099976,952.049988,876.505676,3271939
2022-08-11,965.000000,968.500000,958.750000,962.349976,885.988403,3594584
2022-08-12,964.000000,964.000000,954.000000,956.400024,880.510620,3022304
2022-08-16,969.000000,969.000000,952.650024,958.200012,882.167664,2784861
2022-08-17,963.000000,982.900024,955.000000,980.599976,902.790344,4649125
2022-08-18,983.450012,983.450012,968.099976,973.500000,896.253601,2829269
2022-08-19,974.500000,987.049988,966.799988,970.049988,893.077454,2880969
2022-08-22,965.000000,970.000000,955.200012,959.450012,883.318604,3616799
2022-08-23,949.950012,951.000000,939.000000,946.900024,871.764404,3753715
2022-08-24,949.900024,953.799988,944.150024,949.150024,873.835876,1494361
2022-08-25,953.900024,953.900024,942.650024,943.799988,868.910400,3316314
2022-08-26,948.549988,956.000000,943.750000,945.650024,870.613464,2195046
2022-08-29,912.599976,922.000000,900.099976,917.500000,844.697205,4974880
2022-08-30,926.900024,945.250000,923.700012,938.950012,864.445190,2998417
2022-09-01,917.299988,931.000000,916.250000,926.049988,852.568848,2953921
2022-09-02,931.200012,937.000000,919.000000,924.450012,851.095825,1750283
2022-09-05,926.000000,942.299988,922.500000,936.000000,861.729309,2279812
2022-09-06,936.000000,942.900024,927.049988,937.799988,863.386597,2108615
2022-09-07,927.000000,932.549988,923.099976,931.700012,857.770569,2709547
2022-09-08,936.400024,940.900024,928.000000,931.049988,857.172058,3214686
2022-09-09,939.000000,953.000000,934.299988,948.500000,873.237305,2206526
2022-09-12,955.150024,963.500000,953.500000,955.549988,879.727966,2517615
2022-09-13,955.000000,959.799988,950.450012,955.400024,879.589905,2442828
2022-09-14,933.299988,938.450012,926.549988,932.000000,858.046570,6761712
2022-09-15,936.500000,936.700012,916.299988,919.900024,846.906860,2995215
2022-09-16,915.099976,918.000000,893.400024,896.900024,825.731812,5095937
2022-09-19,897.950012,907.150024,887.500000,897.799988,826.560364,2686561
2022-09-20,902.299988,920.849976,902.000000,914.000000,841.474915,1836721
2022-09-21,909.000000,913.750000,898.849976,900.950012,829.460388,1819649
2022-09-22,897.599976,904.900024,889.750000,897.650024,826.422302,2315711
2022-09-23,896.500000,912.599976,892.000000,895.849976,824.765076,2569608
2022-09-26,891.250000,917.400024,882.000000,906.700012,834.754272,4182702
2022-09-27,911.250000,921.450012,907.599976,918.750000,845.848022,3545337
2022-09-28,913.000000,926.950012,911.849976,920.799988,847.735413,4154139
2022-09-29,927.000000,931.000000,916.599976,923.049988,849.806885,2928360
2022-09-30,921.900024,935.549988,910.049988,932.349976,858.368896,3229901
2022-10-03,932.349976,932.849976,916.000000,930.250000,856.435486,1598950
2022-10-04,942.500000,951.000000,937.049988,946.000000,870.935852,2331351
2022-10-06,955.500000,967.950012,955.500000,964.549988,888.013855,3713623
2022-10-07,965.000000,972.950012,955.000000,957.700012,881.707458,2174327
2022-10-10,942.200012,967.150024,942.200012,963.250000,886.817078,2758812
2022-10-11,968.099976,972.000000,936.000000,938.599976,864.122986,3134969
2022-10-12,943.299988,963.900024,943.299988,952.000000,876.459778,3502390
2022-10-13,972.049988,989.049988,969.299988,982.099976,904.171204,9698562
2022-10-14,1005.000000,1023.000000,994.000000,1002.549988,922.998596,7424383
2022-10-17,1005.700012,1006.799988,991.099976,994.599976,915.679382,2136170
2022-10-18,1000.000000,1013.650024,999.099976,1009.200012,929.120972,2487826
2022-10-19,1006.500000,1006.500000,994.000000,995.650024,925.819946,2517099
2022-10-20,990.000000,1019.299988,988.000000,1017.400024,946.044556,3931399
2022-10-21,1022.500000,1029.900024,1011.599976,1027.199951,955.157166,2071897
2022-10-24,1035.000000,1038.849976,1030.000000,1031.599976,959.248535,398105
2022-10-25,1036.000000,1037.250000,1020.900024,1026.500000,954.506287,3068136
2022-10-27,1031.000000,1037.449951,1019.599976,1032.050049,959.667053,3313674
2022-10-28,1031.949951,1039.750000,1025.500000,1030.000000,957.760803,2423629
2022-10-31,1039.000000,1052.500000,1036.400024,1041.150024,968.128784,2418565
2022-11-01,1049.000000,1061.849976,1045.000000,1060.050049,985.703247,2275488
2022-11-02,1064.949951,1066.349976,1042.500000,1045.199951,971.894775,2799322
2022-11-03,1034.000000,1049.199951,1033.099976,1045.150024,971.848328,2396164
2022-11-04,1045.150024,1049.000000,1033.449951,1045.349976,972.034241,1709158
2022-11-07,1048.099976,1055.699951,1038.650024,1047.150024,973.708008,2213508
2022-11-09,1060.900024,1061.449951,1049.199951,1053.449951,979.566040,2307691
2022-11-10,1050.000000,1062.400024,1047.050049,1052.449951,978.636169,2321667
2022-11-11,1071.000000,1098.699951,1069.099976,1090.650024,1014.157104,3923101
2022-11-14,1095.000000,1102.949951,1090.050049,1099.000000,1021.921326,2170007
2022-11-15,1093.500000,1106.099976,1088.900024,1103.900024,1026.477783,2172420
2022-11-16,1107.500000,1112.449951,1099.349976,1105.199951,1027.686646,2213697
2022-11-17,1095.099976,1100.599976,1089.099976,1092.550049,1015.923706,2460883
2022-11-18,1098.050049,1106.000000,1084.000000,1103.150024,1025.780273,2623894
2022-11-21,1098.900024,1106.349976,1092.599976,1095.500000,1018.666931,1733741
2022-11-22,1091.099976,1105.900024,1088.000000,1103.400024,1026.012817,2529146
2022-11-23,1108.949951,1111.500000,1099.750000,1103.400024,1026.012817,2217599
2022-11-24,1106.000000,1135.000000,1103.500000,1129.599976,1050.375366,3295202
2022-11-25,1135.199951,1137.550049,1120.650024,1128.199951,1049.073486,1977441
2022-11-28,1125.000000,1132.750000,1117.000000,1118.800049,1040.333008,2368293
2022-11-29,1118.800049,1138.750000,1118.050049,1128.949951,1049.770752,1785948
2022-11-30,1127.000000,1129.900024,1117.000000,1120.800049,1042.192627,6053488
2022-12-01,1130.000000,1150.650024,1128.400024,1136.400024,1056.698364,3919684
2022-12-02,1136.400024,1140.400024,1123.849976,1135.550049,1055.908081,2944923
2022-12-05,1133.250000,1141.949951,1127.199951,1130.849976,1051.537598,2646466
2022-12-06,1121.599976,1125.000000,1107.000000,1120.949951,1042.331909,2807894
2022-12-07,1114.000000,1116.599976,1102.000000,1105.900024,1028.337524,2399879
2022-12-08,1113.750000,1113.750000,1098.800049,1101.349976,1024.106567,1752350
2022-12-09,1075.000000,1075.000000,1020.700012,1027.500000,955.436157,12415478
2022-12-12,1025.000000,1039.150024,1012.450012,1028.400024,956.273010,4275785
2022-12-13,1032.099976,1046.900024,1031.099976,1044.699951,971.429749,2284909
2022-12-14,1045.000000,1057.300049,1045.000000,1056.199951,982.123291,2425507
2022-12-15,1051.550049,1051.800049,1037.099976,1042.349976,969.244507,1906369
2022-12-16,1030.000000,1046.449951,1022.349976,1029.650024,957.435425,5159215
2022-12-19,1029.650024,1037.500000,1023.349976,1033.250000,960.782959,3328172
2022-12-20,1027.000000,1033.349976,1011.500000,1029.699951,957.481750,2629849
2022-12-21,1035.000000,1053.250000,1035.000000,1040.349976,967.384888,2878658
2022-12-22,1046.000000,1054.650024,1033.599976,1039.099976,966.222534,2623451
2022-12-23,1029.500000,1044.099976,1027.099976,1030.599976,958.318665,2177675
2022-12-26,1031.000000,1041.750000,1029.000000,1031.699951,959.341492,1680715
2022-12-27,1039.000000,1040.750000,1030.349976,1036.349976,963.665466,554319
2022-12-28,1030.000000,1038.300049,1026.500000,1035.449951,962.828430,1397806
2022-12-29,1030.000000,1046.000000,1028.099976,1044.449951,971.197327,1277244
2022-12-30,1050.000000,1055.250000,1034.300049,1039.300049,966.408630,1860560
2023-01-02,1039.099976,1042.500000,1031.500000,1039.449951,966.547974,701880
2023-01-03,1039.000000,1045.800049,1033.500000,1041.349976,968.314697,2484372
2023-01-04,1036.199951,1042.000000,1031.500000,1036.599976,963.897949,1219170
2023-01-05,1041.800049,1049.800049,1033.099976,1044.099976,970.871765,2294943
2023-01-06,1044.000000,1047.900024,1025.250000,1032.800049,960.364441,1887689
2023-01-09,1044.949951,1071.000000,1040.050049,1067.449951,992.584167,4562242
2023-01-10,1061.000000,1072.599976,1056.300049,1063.849976,989.236694,2297082
2023-01-11,1069.000000,1079.599976,1050.550049,1054.800049,980.821472,3594167
2023-01-12,1061.000000,1074.500000,1061.000000,1071.650024,996.489746,4748542
2023-01-13,1043.900024,1084.000000,1041.000000,1077.800049,1002.208435,8253765
2023-01-16,1087.000000,1100.449951,1078.550049,1093.699951,1016.992981,4508538
2023-01-17,1097.900024,1113.949951,1095.000000,1111.050049,1033.126343,4390338
2023-01-18,1118.949951,1125.849976,1114.099976,1115.150024,1036.938843,6905092
2023-01-19,1102.349976,1113.349976,1098.750000,1111.400024,1042.803101,2298287
2023-01-20,1111.050049,1121.400024,1107.050049,1107.800049,1039.425293,4747128
2023-01-23,1111.000000,1122.900024,1108.150024,1121.199951,1051.998047,1696834
2023-01-24,1125.900024,1143.699951,1121.199951,1137.849976,1067.620483,4861107
2023-01-25,1134.849976,1134.849976,1116.750000,1122.750000,1053.452271,2692236
2023-01-27,1122.750000,1134.300049,1105.000000,1115.599976,1046.743896,3864525
2023-01-30,1115.599976,1139.949951,1105.800049,1134.750000,1064.711914,3508427
2023-01-31,1136.000000,1137.699951,1113.000000,1122.199951,1052.936401,4582858
2023-02-01,1137.000000,1137.000000,1114.449951,1132.099976,1062.225342,2393911
2023-02-02,1137.800049,1155.500000,1135.000000,1149.599976,1078.645386,3048359
2023-02-03,1154.000000,1156.650024,1138.599976,1146.150024,1075.408203,1814055
2023-02-06,1135.199951,1149.849976,1128.000000,1145.699951,1074.985840,2070175
2023-02-07,1147.849976,1153.000000,1125.900024,1128.250000,1058.612915,1931191
2023-02-08,1133.900024,1149.000000,1132.699951,1145.000000,1074.329224,2848255
2023-02-09,1144.000000,1152.000000,1138.000000,1146.349976,1075.595825,1501083
2023-02-10,1125.800049,1130.000000,1100.000000,1115.650024,1046.790771,3185163
2023-02-13,1121.250000,1121.250000,1105.000000,1113.000000,1044.304321,2009185
2023-02-14,1121.000000,1142.400024,1118.000000,1125.449951,1055.985840,3938046
2023-02-15,1125.000000,1134.599976,1119.599976,1132.900024,1062.976074,1648954
2023-02-16,1138.599976,1152.150024,1124.000000,1128.150024,1058.519409,2369355
2023-02-17,1121.699951,1121.699951,1107.550049,1109.550049,1041.067139,1958807
2023-02-20,1109.550049,1134.699951,1107.599976,1115.699951,1046.837524,1706036
2023-02-21,1121.000000,1122.050049,1103.099976,1105.199951,1036.985718,1313278
2023-02-22,1095.000000,1105.550049,1090.050049,1092.599976,1025.163452,2212194
2023-02-23,1104.800049,1111.949951,1092.500000,1094.349976,1026.805420,2139983
2023-02-24,1097.000000,1104.500000,1082.000000,1094.849976,1027.274536,1684570
2023-02-27,1090.000000,1090.000000,1076.000000,1083.949951,1017.047119,1834553
2023-02-28,1083.500000,1096.900024,1068.099976,1077.599976,1011.089294,20793703
2023-03-01,1077.349976,1104.000000,1077.349976,1101.099976,1033.138916,1655100
2023-03-02,1090.300049,1117.000000,1090.300049,1105.949951,1037.689331,4074162
2023-03-03,1115.000000,1129.699951,1111.050049,1119.000000,1049.934082,3253621
2023-03-06,1129.000000,1148.000000,1123.300049,1126.699951,1057.158569,4091674
2023-03-08,1112.000000,1124.000000,1107.300049,1120.650024,1051.482178,3209393
2023-03-09,1121.949951,1126.699951,1114.050049,1116.650024,1047.729126,1834324
2023-03-10,1105.000000,1118.150024,1105.000000,1116.300049,1047.400513,1193681
2023-03-13,1120.949951,1133.599976,1095.000000,1098.599976,1030.793091,3028387
2023-03-14,1098.550049,1103.400024,1066.000000,1084.050049,1017.141235,3683544
2023-03-15,1095.050049,1097.900024,1075.500000,1079.650024,1013.012695,1528510
2023-03-16,1083.949951,1087.550049,1069.650024,1072.400024,1006.210266,1812907
2023-03-17,1088.199951,1117.099976,1084.050049,1108.449951,1040.035156,5350523
2023-03-20,1105.000000,1108.300049,1086.250000,1090.849976,1023.521362,2066169
2023-03-21,1099.000000,1102.400024,1077.099976,1083.900024,1017.000366,2421127
2023-03-22,1091.949951,1105.750000,1079.050049,1081.449951,1014.701660,1382329
2023-03-23,1077.000000,1080.400024,1061.000000,1065.900024,1000.111328,2178855
2023-03-24,1073.000000,1090.000000,1047.050049,1051.750000,986.834778,2688253
2023-03-27,1053.300049,1065.500000,1044.800049,1051.500000,986.600098,1459887
2023-03-28,1056.800049,1063.800049,1039.349976,1041.099976,976.842041,2965015
2023-03-29,1046.000000,1070.000000,1042.099976,1067.500000,1001.612671,2478745
2023-03-31,1083.400024,1096.900024,1069.400024,1085.250000,1018.267151,3131614
2023-04-03,1089.949951,1099.250000,1088.000000,1098.150024,1030.370972,1540702
2023-04-05,1085.349976,1113.000000,1066.150024,1111.199951,1042.615356,3342291
2023-04-06,1109.050049,1109.050049,1085.449951,1091.849976,1024.459717,2378264
2023-04-10,1091.849976,1105.000000,1091.500000,1103.099976,1035.015137,711625
2023-04-11,1104.000000,1109.900024,1085.000000,1087.000000,1019.909058,2318905
2023-04-12,1092.000000,1097.449951,1080.099976,1094.500000,1026.946167,2715967
2023-04-13,1089.000000,1089.000000,1063.000000,1071.849976,1005.693970,3071057
2023-04-17,1055.000000,1055.000000,1016.250000,1042.199951,977.874146,9509446
2023-04-18,1049.550049,1066.400024,1045.199951,1063.849976,998.187866,3686404
2023-04-19,1073.949951,1073.949951,1036.449951,1038.699951,974.590149,4322881
2023-04-20,1040.000000,1047.199951,1031.849976,1037.500000,973.464172,3057560
2023-04-21,1054.000000,1074.000000,1037.750000,1048.949951,984.207458,7708194
2023-04-24,1057.000000,1058.900024,1046.000000,1054.050049,988.992798,2033625
2023-04-25,1050.449951,1058.800049,1044.400024,1053.449951,988.429688,1237595
2023-04-26,1055.000000,1067.000000,1048.000000,1065.550049,999.783020,1647101
2023-04-27,1065.550049,1075.000000,1061.000000,1071.250000,1005.131165,1654910
2023-04-28,1059.949951,1068.750000,1053.750000,1064.099976,1015.485413,2629188
2023-05-02,1064.099976,1074.800049,1064.000000,1067.550049,1018.777893,1905168
2023-05-03,1062.000000,1064.000000,1055.000000,1058.949951,1010.570618,1649820
2023-05-04,1056.050049,1067.949951,1048.300049,1066.800049,1018.062073,1403672
2023-05-05,1066.800049,1069.949951,1052.099976,1055.550049,1007.326050,1641673
2023-05-08,1058.000000,1077.500000,1055.000000,1075.750000,1026.603271,1389075
2023-05-09,1071.000000,1082.599976,1066.050049,1079.000000,1029.704834,2981949
2023-05-10,1084.150024,1088.800049,1072.099976,1078.300049,1029.036621,2091411
2023-05-11,1082.150024,1092.599976,1080.050049,1088.099976,1038.388916,2653108
2023-05-12,1086.000000,1103.400024,1077.449951,1095.500000,1045.450928,1585037
2023-05-15,1098.949951,1105.949951,1092.800049,1099.750000,1049.506714,1523466
2023-05-16,1100.199951,1105.300049,1088.099976,1090.699951,1040.870117,1166324
2023-05-17,1090.500000,1093.949951,1062.699951,1074.550049,1025.458008,3602382
2023-05-18,1081.949951,1085.000000,1073.000000,1079.900024,1030.563477,1515743
2023-05-19,1088.599976,1104.000000,1082.449951,1095.349976,1045.307739,1984436
2023-05-22,1095.349976,1121.900024,1088.949951,1119.849976,1068.688354,1864932
2023-05-23,1120.000000,1131.349976,1104.000000,1107.349976,1056.759399,2138096
2023-05-24,1099.050049,1115.000000,1098.000000,1111.949951,1061.149292,1302744
2023-05-25,1109.199951,1118.250000,1103.050049,1116.000000,1065.014282,1124803
2023-05-26,1115.000000,1140.349976,1114.000000,1139.199951,1087.154419,1635167
2023-05-29,1146.000000,1147.949951,1124.400024,1126.199951,1074.748413,1288914
2023-05-30,1129.000000,1144.000000,1128.050049,1135.849976,1083.957520,1983735
2023-05-31,1134.800049,1153.349976,1132.099976,1145.099976,1092.784790,5967930
2023-06-01,1148.000000,1155.150024,1137.650024,1141.900024,1089.730957,1445692
2023-06-02,1148.000000,1151.099976,1131.599976,1137.050049,1085.102661,1336554
2023-06-05,1144.000000,1148.500000,1136.000000,1138.300049,1086.295654,1435758
2023-06-06,1130.000000,1132.300049,1113.750000,1128.599976,1077.038574,1943605
2023-06-07,1133.800049,1133.800049,1116.199951,1129.050049,1077.468140,2459039
2023-06-08,1129.050049,1131.250000,1118.300049,1126.750000,1075.273071,1385218
2023-06-09,1129.099976,1131.000000,1105.949951,1109.750000,1059.049805,1824218
2023-06-12,1112.949951,1140.949951,1111.500000,1139.650024,1087.583862,1670970
2023-06-13,1144.949951,1144.949951,1129.300049,1131.300049,1079.615356,2014656
2023-06-14,1138.000000,1138.400024,1126.050049,1135.849976,1083.957520,836964
2023-06-15,1140.000000,1147.000000,1136.550049,1143.599976,1091.353394,2109652
2023-06-16,1150.000000,1154.250000,1132.449951,1148.199951,1095.743286,2909817
2023-06-19,1148.199951,1153.900024,1135.449951,1137.550049,1085.579834,1278608
2023-06-20,1133.000000,1170.750000,1132.500000,1168.650024,1115.259033,3504867
2023-06-21,1175.000000,1175.699951,1161.650024,1170.449951,1116.976685,2019683
2023-06-22,1170.150024,1170.449951,1158.849976,1163.400024,1110.248901,972005
2023-06-23,1161.900024,1170.550049,1151.000000,1165.150024,1111.918823,1699790
2023-06-26,1167.250000,1175.949951,1163.050049,1167.500000,1114.161499,1190307
2023-06-27,1167.000000,1174.449951,1160.199951,1170.000000,1116.547363,1504039
2023-06-28,1173.449951,1173.949951,1166.500000,1170.250000,1116.785767,1424076
2023-06-30,1170.349976,1194.000000,1165.000000,1187.949951,1133.677124,3036648
2023-07-03,1190.000000,1195.000000,1174.500000,1181.599976,1127.617310,1749952
2023-07-04,1182.000000,1193.000000,1178.550049,1190.599976,1136.206055,1094468
2023-07-05,1194.000000,1202.599976,1187.599976,1194.800049,1140.214233,1653610
2023-07-06,1194.800049,1198.000000,1174.949951,1180.650024,1126.710815,2334220
2023-07-07,1178.150024,1182.949951,1153.800049,1157.599976,1104.713745,2159585
2023-07-10,1160.000000,1161.900024,1120.000000,1124.500000,1073.125977,3960400
2023-07-11,1131.750000,1131.750000,1112.000000,1114.900024,1063.964478,4982603
2023-07-12,1119.699951,1124.500000,1102.449951,1110.550049,1059.813354,3824027
2023-07-13,1100.000000,1124.400024,1087.050049,1108.800049,1058.143311,12294227
2023-07-14,1114.199951,1157.099976,1111.550049,1150.949951,1098.367432,6605038
2023-07-17,1151.949951,1172.000000,1143.650024,1153.750000,1101.039673,3159479
2023-07-18,1158.949951,1170.000000,1146.400024,1167.199951,1113.875366,2431478
2023-07-19,1165.000000,1174.900024,1157.000000,1169.050049,1115.640869,2242397
2023-07-20,1160.000000,1162.800049,1148.000000,1155.800049,1112.512573,1990001
2023-07-21,1110.000000,1139.900024,1095.000000,1115.449951,1073.673584,5259150
2023-07-24,1120.000000,1127.699951,1111.000000,1112.900024,1071.219238,2672505
2023-07-25,1118.500000,1119.000000,1105.099976,1111.550049,1069.919800,2506726
2023-07-26,1110.199951,1120.849976,1110.099976,1115.000000,1073.240479,1969964
2023-07-27,1115.000000,1122.699951,1108.949951,1117.349976,1075.502441,1769815
2023-07-28,1114.050049,1118.500000,1097.449951,1103.550049,1062.219360,2031899
2023-07-31,1108.000000,1119.500000,1096.000000,1116.699951,1074.876831,2526624
2023-08-01,1120.000000,1142.000000,1111.900024,1138.500000,1095.860352,2710536
2023-08-02,1137.000000,1137.000000,1121.500000,1130.900024,1088.544922,2701150
2023-08-03,1126.000000,1135.550049,1115.050049,1125.500000,1083.347168,1608187
2023-08-04,1130.449951,1152.349976,1126.000000,1144.349976,1101.491333,3315303
2023-08-07,1154.550049,1155.750000,1143.150024,1150.800049,1107.699585,1655404
2023-08-08,1154.900024,1156.900024,1137.000000,1141.349976,1098.603638,1667697
2023-08-09,1140.949951,1146.000000,1125.000000,1144.150024,1101.298828,1559337
2023-08-10,1140.000000,1144.800049,1128.650024,1134.300049,1091.817749,1676669
2023-08-11,1160.000000,1186.949951,1154.300049,1171.449951,1127.576172,7391806
2023-08-14,1170.650024,1177.000000,1154.000000,1171.000000,1127.143188,1720940
2023-08-16,1175.750000,1186.250000,1170.099976,1177.150024,1133.062866,2567226
2023-08-17,1176.849976,1180.949951,1163.949951,1176.699951,1132.629517,2331256
2023-08-18,1173.000000,1177.849976,1158.650024,1173.699951,1129.741943,3406088
2023-08-21,1172.949951,1188.900024,1168.949951,1179.250000,1135.084229,1661946
2023-08-22,1182.000000,1187.000000,1176.150024,1179.500000,1135.324707,1805887
2023-08-23,1192.949951,1195.000000,1178.650024,1182.500000,1138.212524,2347850
2023-08-24,1188.949951,1189.000000,1169.000000,1171.250000,1127.383789,2464221
2023-08-25,1165.000000,1170.800049,1150.000000,1153.949951,1110.731812,2105159
2023-08-28,1155.000000,1159.699951,1139.300049,1146.449951,1103.512451,2571967
2023-08-29,1153.900024,1163.300049,1148.300049,1157.550049,1114.197021,1794652
2023-08-30,1166.000000,1175.150024,1161.650024,1170.500000,1126.661987,1497356
2023-08-31,1179.500000,1188.099976,1165.900024,1172.150024,1128.250122,4483967
2023-09-01,1173.000000,1188.000000,1171.099976,1185.800049,1141.388916,1669640
2023-09-04,1186.000000,1235.000000,1185.000000,1232.500000,1186.339844,4517935
2023-09-05,1236.750000,1241.699951,1225.199951,1235.550049,1189.275513,2842400
2023-09-06,1239.849976,1242.400024,1222.699951,1235.849976,1189.564331,1767709
2023-09-07,1238.000000,1257.000000,1230.300049,1254.000000,1207.034546,2582004
2023-09-08,1259.000000,1269.550049,1254.300049,1262.050049,1214.783081,2280777
2023-09-11,1276.550049,1284.300049,1270.400024,1281.550049,1233.552856,2691836
2023-09-12,1285.000000,1291.750000,1265.500000,1282.400024,1234.370850,2140769
2023-09-13,1282.000000,1282.400024,1266.099976,1275.250000,1227.488770,2275523
2023-09-14,1280.849976,1290.699951,1275.599976,1283.599976,1235.526001,2655172
2023-09-15,1294.000000,1310.000000,1291.050049,1304.599976,1255.739502,4286280
2023-09-18,1302.000000,1311.300049,1289.699951,1305.000000,1256.124512,2761885
2023-09-20,1281.500000,1304.000000,1281.500000,1293.400024,1244.958984,2220756
2023-09-21,1284.000000,1285.000000,1259.300049,1278.000000,1230.135742,3112700
2023-09-22,1272.449951,1283.599976,1265.099976,1273.699951,1225.996704,1321467
2023-09-25,1270.000000,1280.000000,1256.599976,1263.449951,1216.130493,1246703
2023-09-26,1264.000000,1268.949951,1257.099976,1261.449951,1214.205444,903152
2023-09-27,1258.500000,1267.650024,1253.300049,1261.099976,1213.868774,1670373
2023-09-28,1261.099976,1266.000000,1238.550049,1241.900024,1195.387817,1807072
2023-09-29,1235.099976,1249.699951,1227.250000,1234.800049,1188.553711,2338327
2023-10-03,1232.500000,1256.699951,1222.699951,1238.699951,1192.307495,2162636
2023-10-04,1234.000000,1244.800049,1225.000000,1239.550049,1193.125854,2253785
2023-10-05,1249.000000,1253.949951,1227.800049,1235.449951,1189.179321,2995200
2023-10-06,1252.000000,1256.000000,1230.099976,1237.699951,1191.344849,2497711
2023-10-09,1236.000000,1266.650024,1231.150024,1249.599976,1202.799316,3430211
2023-10-10,1255.550049,1264.750000,1248.199951,1261.800049,1214.542603,1532394
2023-10-11,1266.000000,1274.449951,1241.000000,1245.599976,1198.949219,2186131
2023-10-12,1245.000000,1248.550049,1215.150024,1223.750000,1177.917480,3921609
2023-10-13,1211.000000,1266.500000,1208.550049,1255.900024,1208.863281,5740821
2023-10-16,1263.000000,1279.300049,1260.300049,1270.650024,1223.061035,2527113
2023-10-17,1278.900024,1279.000000,1271.000000,1277.150024,1229.317505,1687345
2023-10-18,1278.000000,1281.500000,1267.400024,1269.449951,1221.905762,1743126
2023-10-19,1266.800049,1274.750000,1264.900024,1267.349976,1219.884521,2279726
2023-10-20,1252.000000,1261.349976,1245.449951,1258.599976,1223.042725,1625449
2023-10-23,1248.000000,1260.500000,1232.300049,1236.650024,1201.712891,1646367
2023-10-25,1231.199951,1252.900024,1225.300049,1229.000000,1194.278931,1420065
2023-10-26,1215.000000,1238.199951,1212.050049,1231.800049,1196.999878,4617424
2023-10-27,1237.000000,1270.000000,1233.449951,1268.699951,1232.857300,2675348
2023-10-30,1270.000000,1274.800049,1256.000000,1264.750000,1229.019043,1158770
2023-10-31,1272.000000,1279.849976,1256.699951,1276.000000,1239.951172,2525870
2023-11-01,1280.000000,1285.949951,1255.300049,1258.949951,1223.382813,1572719
2023-11-02,1266.000000,1275.000000,1265.000000,1273.400024,1237.424683,1368604
2023-11-03,1282.599976,1287.300049,1263.000000,1266.250000,1230.476563,2052536
2023-11-06,1276.250000,1279.500000,1265.150024,1269.699951,1233.829224,1175823
2023-11-07,1269.000000,1277.699951,1267.099976,1273.949951,1237.958984,1385282
2023-11-08,1280.000000,1280.800049,1265.900024,1267.650024,1231.837158,937671
2023-11-09,1267.650024,1275.800049,1261.800049,1267.500000,1231.691406,1483749
2023-11-10,1262.300049,1271.000000,1250.650024,1255.449951,1219.981567,1469902
2023-11-13,1260.000000,1263.599976,1253.300049,1261.000000,1225.374878,730991
2023-11-15,1275.000000,1283.000000,1268.400024,1276.650024,1240.582886,2410620
2023-11-16,1283.800049,1317.949951,1278.000000,1311.050049,1274.011108,3936945
2023-11-17,1313.400024,1325.750000,1306.400024,1309.150024,1272.164795,2882039
2023-11-20,1314.949951,1331.699951,1314.000000,1325.400024,1287.955688,2831858
2023-11-21,1335.599976,1336.000000,1321.800049,1326.599976,1289.121582,1514256
2023-11-22,1326.599976,1335.750000,1320.400024,1329.699951,1292.134033,1535630
2023-11-23,1333.949951,1335.250000,1325.699951,1329.000000,1291.453857,1307344
2023-11-24,1328.900024,1332.650024,1305.650024,1309.150024,1272.164795,1795933
2023-11-28,1309.150024,1319.900024,1295.300049,1316.650024,1279.452759,2152951
2023-11-29,1324.000000,1338.800049,1321.500000,1333.949951,1296.263916,1835524
2023-11-30,1337.000000,1346.800049,1329.699951,1340.900024,1303.017700,4104385
2023-12-01,1346.000000,1349.000000,1328.000000,1336.699951,1298.936279,1854324
2023-12-04,1350.000000,1350.000000,1331.000000,1337.949951,1300.151001,1547057
2023-12-05,1347.000000,1347.000000,1308.300049,1317.550049,1280.327393,3932040
2023-12-06,1325.000000,1339.949951,1319.550049,1329.550049,1291.988281,2077245
2023-12-07,1331.000000,1337.000000,1325.349976,1328.000000,1290.482178,1985003
2023-12-08,1333.000000,1369.949951,1329.000000,1364.099976,1325.562256,4509751
2023-12-11,1370.099976,1383.000000,1366.050049,1375.300049,1336.445801,2824656
2023-12-12,1377.000000,1387.000000,1370.000000,1375.300049,1336.445801,2730422
2023-12-13,1379.349976,1382.800049,1357.050049,1369.199951,1330.518066,1896931
2023-12-14,1391.000000,1419.250000,1382.000000,1414.599976,1374.635498,5145574
2023-12-15,1422.000000,1497.000000,1422.000000,1491.300049,1449.168701,7374290
2023-12-18,1489.849976,1509.900024,1481.000000,1504.300049,1461.801392,3075527
2023-12-19,1501.500000,1504.650024,1477.699951,1488.300049,1446.253418,2590417
2023-12-20,1485.000000,1503.050049,1435.000000,1439.949951,1399.269287,4368383
2023-12-21,1421.150024,1447.050049,1420.099976,1422.050049,1381.875122,2841508
2023-12-22,1431.000000,1467.349976,1423.000000,1462.699951,1421.376587,2303438
2023-12-26,1462.699951,1467.349976,1442.150024,1458.150024,1416.955200,1363265
2023-12-27,1465.449951,1476.000000,1457.550049,1472.050049,1430.462646,1402329
2023-12-28,1470.599976,1482.699951,1468.449951,1472.449951,1430.851196,1928616
2023-12-29,1473.949951,1481.849976,1457.550049,1466.099976,1424.680542,1481617
2024-01-01,1460.000000,1495.750000,1455.050049,1483.750000,1441.831909,1222315
2024-01-02,1484.050049,1488.800049,1461.349976,1469.550049,1428.033203,1440888
2024-01-03,1460.000000,1465.000000,1435.500000,1437.750000,1397.131470,1651716
2024-01-04,1437.000000,1444.800049,1417.150024,1419.949951,1379.834229,3392241
2024-01-05,1425.000000,1438.849976,1421.900024,1432.800049,1392.321289,1776925
2024-01-08,1435.000000,1452.599976,1430.550049,1447.900024,1406.994751,2025264
2024-01-09,1460.599976,1480.949951,1452.349976,1460.400024,1419.141724,3119270
2024-01-10,1474.900024,1508.000000,1466.050049,1492.099976,1449.946045,4368914
2024-01-11,1500.000000,1500.000000,1474.000000,1484.800049,1442.852295,2271368
2024-01-12,1505.000000,1555.000000,1498.500000,1540.800049,1497.270142,5862043
2024-01-15,1610.000000,1619.599976,1575.500000,1588.199951,1543.331055,9712071
2024-01-16,1587.000000,1587.000000,1538.000000,1555.449951,1511.506348,4459799
2024-01-17,1520.000000,1585.000000,1516.550049,1575.900024,1531.378540,3846289
2024-01-18,1577.000000,1584.199951,1537.050049,1567.550049,1523.264526,3205598
2024-01-19,1570.000000,1590.000000,1558.050049,1567.949951,1535.406982,2374099
2024-01-23,1558.900024,1567.900024,1517.050049,1523.650024,1492.026611,3196630
2024-01-24,1530.099976,1581.199951,1523.699951,1576.400024,1543.681763,2136023
2024-01-25,1570.000000,1570.000000,1536.750000,1550.250000,1518.074463,2641656
2024-01-29,1565.000000,1588.599976,1550.250000,1574.550049,1541.870117,2521598
2024-01-30,1580.000000,1592.449951,1555.000000,1559.300049,1526.936768,1939386
2024-01-31,1559.300049,1581.300049,1546.349976,1576.000000,1543.290039,7025931
2024-02-01,1576.000000,1597.000000,1566.349976,1577.400024,1544.661011,2845408
2024-02-02,1584.800049,1613.900024,1575.000000,1583.750000,1550.879272,2337374
2024-02-05,1584.949951,1588.500000,1551.449951,1555.349976,1523.068604,1452864
2024-02-06,1566.000000,1627.000000,1558.050049,1623.750000,1590.048950,4988311
2024-02-07,1628.000000,1629.900024,1598.949951,1615.349976,1581.823364,3320199
2024-02-08,1626.000000,1647.699951,1617.300049,1633.800049,1599.890503,3496692
2024-02-09,1640.000000,1646.750000,1614.650024,1630.599976,1596.756714,3341297
2024-02-12,1639.000000,1685.000000,1639.000000,1666.949951,1632.352417,4885445
2024-02-13,1675.000000,1675.000000,1648.599976,1665.599976,1631.030396,3129897
2024-02-14,1649.750000,1676.900024,1625.449951,1671.500000,1636.807983,1386643
2024-02-15,1678.000000,1696.500000,1650.099976,1662.550049,1628.043701,2555162
2024-02-16,1675.000000,1677.000000,1650.050049,1667.449951,1632.841919,1776881
2024-02-19,1670.000000,1682.949951,1659.650024,1675.250000,1640.480103,762624
2024-02-20,1661.000000,1672.750000,1645.000000,1663.050049,1628.533447,2240414
2024-02-21,1655.550049,1664.800049,1632.050049,1636.300049,1602.338501,2890991
2024-02-22,1644.000000,1691.400024,1639.000000,1686.400024,1651.398682,3820901
2024-02-23,1697.000000,1697.349976,1663.449951,1665.750000,1631.177246,2191549
2024-02-26,1665.750000,1668.849976,1639.500000,1649.800049,1615.558472,1844253
2024-02-27,1649.000000,1673.400024,1648.000000,1658.800049,1624.371582,2049420
2024-02-28,1664.699951,1672.000000,1644.199951,1651.900024,1617.614746,936575
2024-02-29,1642.150024,1677.750000,1636.650024,1663.849976,1629.316650,3532888
2024-03-01,1675.449951,1679.199951,1639.099976,1644.099976,1609.976563,2371138
2024-03-04,1649.000000,1654.000000,1635.000000,1637.949951,1603.954224,1788071
2024-03-05,1624.000000,1629.949951,1607.050049,1619.349976,1585.740356,3339546
2024-03-06,1613.000000,1650.000000,1603.849976,1644.199951,1610.074585,2366177
2024-03-07,1650.000000,1654.550049,1630.099976,1637.650024,1603.660522,3181239
2024-03-11,1655.000000,1659.800049,1632.050049,1638.650024,1604.639771,2970902
2024-03-12,1635.900024,1665.000000,1633.050049,1635.599976,1601.653076,2414182
2024-03-13,1638.750000,1651.250000,1610.349976,1631.500000,1597.638062,2564135
2024-03-14,1634.000000,1683.000000,1610.000000,1679.250000,1644.397095,3513306
2024-03-15,1677.000000,1677.000000,1642.849976,1647.300049,1613.110229,3931561
2024-03-18,1649.900024,1663.300049,1634.250000,1643.400024,1609.291260,1183544
2024-03-19,1641.550049,1641.550049,1594.099976,1599.150024,1565.959595,1915379
2024-03-20,1604.750000,1619.099976,1578.099976,1587.099976,1554.159668,1815178
2024-03-21,1608.000000,1619.949951,1583.349976,1595.800049,1562.679199,2684744
2024-03-22,1560.000000,1571.449951,1508.199951,1557.849976,1525.516724,7468824
2024-03-26,1562.250000,1592.550049,1555.550049,1562.250000,1529.825439,4496344
2024-03-27,1569.000000,1576.849976,1540.000000,1546.199951,1514.108521,2589697
2024-03-28,1549.000000,1561.050049,1531.000000,1543.550049,1511.513550,5301493
2024-04-01,1549.000000,1569.000000,1548.000000,1556.699951,1524.390625,1014857
2024-04-02,1559.000000,1565.000000,1525.099976,1528.300049,1496.580078,2031775
2024-04-03,1525.349976,1558.449951,1518.000000,1535.849976,1503.973267,3343884
2024-04-04,1540.800049,1552.500000,1518.699951,1539.650024,1507.694458,3388449
2024-04-05,1542.449951,1547.699951,1523.800049,1545.250000,1513.178223,2773570
2024-04-08,1554.000000,1554.000000,1537.650024,1540.050049,1508.086304,1820136
2024-04-09,1540.000000,1561.800049,1534.550049,1540.500000,1508.526855,2432095
2024-04-10,1541.050049,1552.150024,1536.199951,1539.150024,1507.204956,1829986
2024-04-12,1537.000000,1542.949951,1516.199951,1521.500000,1489.921265,4319991
2024-04-15,1507.099976,1530.500000,1494.000000,1505.050049,1473.812622,3295684
2024-04-16,1486.349976,1501.599976,1467.300049,1477.300049,1446.638672,2446933
2024-04-18,1477.050049,1480.900024,1452.099976,1466.849976,1436.405396,5180223
2024-04-19,1442.000000,1455.500000,1435.000000,1447.500000,1417.457031,5219506
2024-04-22,1452.199951,1473.300049,1450.500000,1465.900024,1435.475098,1939632
2024-04-23,1474.900024,1501.449951,1471.099976,1486.650024,1455.794556,2783858
2024-04-24,1490.000000,1496.949951,1476.300049,1479.250000,1448.548096,1321471
2024-04-25,1479.949951,1515.050049,1479.949951,1504.150024,1472.931274,4558032
2024-04-26,1516.849976,1531.449951,1464.949951,1473.849976,1443.260132,4328477
2024-04-29,1415.000000,1436.000000,1381.000000,1387.400024,1358.604492,11493223
2024-04-30,1376.400024,1397.900024,1362.449951,1366.599976,1338.236084,7606726
2024-05-02,1358.000000,1377.900024,1358.000000,1360.699951,1332.458618,6555505
2024-05-03,1370.000000,1370.000000,1333.550049,1348.050049,1320.071167,5964228
2024-05-06,1358.000000,1365.000000,1348.500000,1358.800049,1330.598022,2504082
2024-05-07,1347.949951,1348.900024,1326.150024,1330.949951,1320.822876,5096525
2024-05-08,1330.949951,1334.000000,1307.300049,1313.650024,1303.654663,6832455
2024-05-09,1315.000000,1339.000000,1314.500000,1320.050049,1310.005981,5653762
2024-05-10,1320.099976,1322.900024,1303.599976,1316.199951,1306.185181,3357203
2024-05-13,1316.199951,1321.900024,1301.650024,1312.900024,1302.910278,2316566
2024-05-14,1322.000000,1326.949951,1308.699951,1321.050049,1310.998291,3200462
2024-05-15,1319.250000,1340.300049,1318.250000,1332.900024,1322.758179,2975965
2024-05-16,1345.000000,1357.800049,1328.500000,1348.150024,1337.892090,5055915
2024-05-17,1351.000000,1351.000000,1330.199951,1333.199951,1323.055786,2487831
2024-05-21,1314.000000,1349.849976,1314.000000,1341.900024,1331.689697,4966721
2024-05-22,1348.949951,1352.900024,1340.000000,1343.050049,1332.830933,2390777
2024-05-23,1346.650024,1358.449951,1338.000000,1353.550049,1343.250977,3326149
2024-05-24,1360.000000,1360.000000,1340.849976,1345.199951,1334.964478,1769966
2024-05-27,1351.000000,1359.599976,1338.000000,1353.300049,1343.002930,1942325
2024-05-28,1357.849976,1363.300049,1345.599976,1358.400024,1348.064087,2147233
2024-05-29,1366.000000,1366.599976,1346.949951,1353.099976,1342.804443,3845920
2024-05-30,1346.000000,1351.550049,1325.099976,1331.849976,1321.716064,4150461
2024-05-31,1331.849976,1340.900024,1315.750000,1324.099976,1314.025024,10319045
2024-06-03,1350.550049,1354.750000,1309.849976,1314.449951,1304.448486,5384064
2024-06-04,1325.000000,1325.000000,1235.000000,1303.550049,1293.631470,5447244
2024-06-05,1320.000000,1356.900024,1316.099976,1343.699951,1333.475830,3005139
2024-06-06,1354.000000,1399.800049,1350.900024,1397.500000,1386.866577,5936709
2024-06-07,1407.000000,1438.650024,1398.000000,1431.500000,1420.607910,5884025
2024-06-10,1440.000000,1442.000000,1397.500000,1418.750000,1407.954834,3293739
2024-06-11,1425.000000,1437.949951,1415.400024,1428.800049,1417.928467,2269082
2024-06-12,1472.000000,1472.000000,1434.500000,1438.750000,1427.802734,5990861
2024-06-13,1447.750000,1457.699951,1437.099976,1444.150024,1433.161621,4232861
2024-06-14,1444.150024,1446.000000,1424.400024,1431.050049,1420.161377,3065114
2024-06-18,1431.050049,1439.750000,1427.050049,1437.199951,1426.264404,2223029
2024-06-19,1440.050049,1451.900024,1430.300049,1445.849976,1434.848633,3117522
2024-06-20,1448.949951,1448.949951,1429.550049,1443.449951,1432.466919,3163919
2024-06-21,1462.000000,1481.949951,1439.199951,1447.849976,1436.833496,6489262
2024-06-24,1437.849976,1443.949951,1426.599976,1440.849976,1429.886719,1988692
2024-06-25,1440.949951,1450.099976,1426.449951,1447.949951,1436.932617,2079037
2024-06-26,1447.949951,1453.300049,1438.199951,1443.699951,1432.714966,1917424
2024-06-27,1435.000000,1460.550049,1423.500000,1454.900024,1443.829834,6613193
2024-06-28,1468.000000,1468.699951,1442.000000,1459.599976,1448.494019,4943575
2024-07-01,1465.000000,1478.599976,1455.000000,1468.849976,1457.673706,3723295
2024-07-02,1475.000000,1492.449951,1473.000000,1480.800049,1469.532837,3811366
2024-07-03,1489.000000,1489.000000,1471.199951,1481.000000,1469.731201,2070876
2024-07-04,1485.000000,1534.550049,1485.000000,1522.349976,1510.766602,6822557
2024-07-05,1523.000000,1529.250000,1505.550049,1519.400024,1507.839111,3061687
2024-07-08,1528.000000,1540.000000,1506.199951,1533.400024,1521.732544,2939620
2024-07-09,1533.400024,1546.300049,1525.000000,1531.099976,1519.449951,2658608
2024-07-10,1531.099976,1532.599976,1487.849976,1509.949951,1498.460938,3507096
2024-07-11,1515.000000,1534.000000,1508.050049,1511.900024,1500.396118,3304053
2024-07-12,1530.000000,1566.000000,1510.500000,1560.199951,1548.328613,6430647
2024-07-15,1580.000000,1636.400024,1567.400024,1569.599976,1557.657104,10337489
2024-07-16,1565.000000,1583.000000,1555.000000,1569.550049,1557.607544,3540650
2024-07-18,1558.050049,1599.250000,1557.000000,1594.550049,1582.417236,4399468
2024-07-19,1610.500000,1616.449951,1588.599976,1594.550049,1582.417236,5633838
2024-07-22,1588.599976,1594.500000,1570.900024,1577.099976,1565.099976,2704495
2024-07-23,1574.000000,1600.800049,1551.099976,1598.349976,1598.349976,2907674
2024-07-24,1594.000000,1598.000000,1576.849976,1583.699951,1583.699951,2484299
2024-07-25,1570.000000,1594.000000,1562.849976,1587.599976,1587.599976,2934731
2024-07-26,1602.800049,1640.000000,1594.000000,1635.349976,1635.349976,2814159
2024-07-29,1640.199951,1645.000000,1620.000000,1629.550049,1629.550049,508744