Date,Open,High,Low,Close,Adj Close,Volume
2019-01-01,1824.800049,1824.800049,1798.349976,1801.099976,1656.224121,807345
2019-01-02,1792.400024,1808.849976,1771.300049,1784.599976,1641.051514,1598707
2019-01-03,1782.599976,1803.449951,1782.599976,1788.400024,1644.546021,1182624
2019-01-04,1798.900024,1802.000000,1772.150024,1781.699951,1638.384644,1454134
2019-01-07,1791.500000,1804.000000,1782.449951,1784.949951,1641.373413,909032
2019-01-08,1792.000000,1793.500000,1761.099976,1770.849976,1628.407349,1262707
2019-01-09,1777.500000,1797.000000,1773.400024,1785.000000,1641.419312,1324628
2019-01-10,1785.000000,1799.099976,1779.000000,1786.199951,1642.522827,1313981
2019-01-11,1795.000000,1795.400024,1758.550049,1769.400024,1627.074097,1113837
2019-01-14,1771.000000,1780.750000,1760.099976,1763.900024,1622.016479,1018068
2019-01-15,1767.400024,1793.400024,1767.400024,1789.849976,1645.879150,1614600
2019-01-16,1790.000000,1794.800049,1766.800049,1772.550049,1629.970947,2054033
2019-01-17,1776.900024,1779.250000,1742.500000,1751.500000,1610.613892,1941204
2019-01-18,1750.000000,1768.849976,1727.300049,1744.099976,1603.809082,3234056
2019-01-21,1749.000000,1758.000000,1736.050049,1746.900024,1606.383911,1628067
2019-01-22,1746.000000,1755.000000,1741.250000,1750.199951,1609.418457,1776472
2019-01-23,1752.000000,1784.050049,1749.400024,1767.199951,1625.051270,2321782
2019-01-24,1766.800049,1784.050049,1756.699951,1759.500000,1617.970337,1350870
2019-01-25,1762.000000,1778.750000,1750.000000,1756.800049,1615.487549,1131790
2019-01-28,1758.900024,1771.550049,1740.150024,1743.000000,1602.797852,1289774
2019-01-29,1745.000000,1763.849976,1726.099976,1756.699951,1615.395874,1319822
2019-01-30,1760.000000,1760.750000,1728.099976,1733.349976,1593.923950,1259978
2019-01-31,1735.900024,1774.900024,1735.250000,1763.250000,1621.418823,1880257
2019-02-01,1763.250000,1832.500000,1761.449951,1799.300049,1654.568970,2342251
2019-02-04,1799.900024,1823.000000,1794.699951,1802.599976,1657.603516,1116390
2019-02-05,1805.000000,1834.949951,1804.949951,1821.449951,1674.937256,1278708
2019-02-06,1828.400024,1836.449951,1820.000000,1829.949951,1682.753662,859789
2019-02-07,1834.000000,1845.000000,1828.349976,1839.050049,1691.121826,927434
2019-02-08,1839.099976,1847.000000,1811.000000,1817.300049,1671.121338,1222765
2019-02-11,1811.050049,1815.400024,1795.750000,1804.800049,1659.626831,797453
2019-02-12,1810.000000,1812.000000,1789.000000,1794.500000,1650.155396,990035
2019-02-14,1796.000000,1798.500000,1777.000000,1785.050049,1641.465210,1341658
2019-02-15,1790.000000,1790.000000,1747.500000,1772.800049,1630.200562,1177218
2019-02-18,1775.099976,1775.099976,1735.000000,1751.900024,1610.981934,1513430
2019-02-19,1750.000000,1759.599976,1730.449951,1737.949951,1598.153931,1598381
2019-02-20,1742.699951,1745.949951,1722.000000,1733.500000,1594.061768,1430235
2019-02-21,1737.000000,1758.000000,1736.349976,1754.699951,1613.556641,1225418
2019-02-22,1760.000000,1773.000000,1751.949951,1768.550049,1626.292725,1360163
2019-02-25,1772.000000,1775.800049,1759.000000,1770.150024,1627.763794,1490746
2019-02-26,1763.400024,1785.900024,1762.000000,1772.250000,1629.695068,2190515
2019-02-27,1779.000000,1779.000000,1728.550049,1736.500000,1596.820435,1491740
2019-02-28,1749.000000,1756.650024,1727.599976,1732.650024,1593.280273,1895136
2019-03-01,1735.000000,1749.000000,1731.050049,1734.650024,1595.119385,761115
2019-03-05,1739.800049,1739.800049,1717.500000,1724.599976,1585.877930,1406843
2019-03-06,1726.099976,1730.000000,1697.949951,1699.800049,1563.072632,2193045
2019-03-07,1706.349976,1720.000000,1699.800049,1705.400024,1568.222046,1566441
2019-03-08,1706.000000,1718.000000,1695.099976,1701.599976,1564.727661,1419614
2019-03-11,1708.750000,1726.000000,1703.000000,1714.949951,1577.003784,1427771
2019-03-12,1718.900024,1739.000000,1718.800049,1734.800049,1595.257324,1861116
2019-03-13,1749.000000,1755.500000,1741.099976,1747.599976,1607.027588,1744331
2019-03-14,1750.750000,1751.699951,1730.199951,1737.300049,1597.556274,867427
2019-03-15,1745.000000,1746.500000,1694.449951,1698.400024,1561.785034,3571762
2019-03-18,1710.000000,1710.949951,1686.900024,1697.550049,1561.003662,1621113
2019-03-19,1697.599976,1709.400024,1688.199951,1699.650024,1562.934692,1456211
2019-03-20,1705.000000,1716.500000,1683.449951,1687.550049,1551.807983,2312268
2019-03-22,1687.550049,1703.849976,1673.699951,1678.050049,1543.072266,1636228
2019-03-25,1674.000000,1687.500000,1660.000000,1673.849976,1539.210083,2039945
2019-03-26,1679.900024,1691.550049,1674.000000,1683.800049,1548.359619,1452899
2019-03-27,1684.000000,1707.800049,1675.000000,1680.800049,1545.600830,1520533
2019-03-28,1685.000000,1692.000000,1673.400024,1683.900024,1548.451660,1852958
2019-04-01,1710.000000,1721.349976,1686.000000,1690.000000,1554.060913,1283162
2019-04-02,1693.150024,1697.000000,1680.099976,1687.150024,1551.440063,1227869
2019-04-03,1682.000000,1686.599976,1668.650024,1670.800049,1536.405273,1233102
2019-04-04,1668.000000,1686.599976,1658.000000,1666.550049,1532.497314,1212398
2019-04-05,1670.000000,1671.500000,1650.000000,1659.099976,1525.646362,1468074
2019-04-08,1664.900024,1679.750000,1656.900024,1664.900024,1530.979980,1647502
2019-04-09,1668.800049,1683.900024,1662.250000,1680.500000,1545.325073,1232434
2019-04-10,1684.699951,1704.650024,1675.000000,1694.150024,1557.876953,1720236
2019-04-11,1703.000000,1716.500000,1698.050049,1710.400024,1572.820068,2026954
2019-04-12,1716.400024,1724.699951,1710.199951,1721.650024,1583.165039,1437818
2019-04-15,1725.000000,1731.199951,1713.099976,1722.050049,1583.533081,1035378
2019-04-16,1726.000000,1742.000000,1716.150024,1738.550049,1598.705688,1625738
2019-04-18,1738.550049,1744.099976,1729.250000,1739.900024,1599.947144,1475552
2019-04-22,1740.000000,1745.000000,1730.099976,1739.849976,1599.901001,717781
2019-04-23,1742.000000,1748.000000,1733.099976,1744.199951,1603.901123,802947
2019-04-24,1744.599976,1755.000000,1735.000000,1752.599976,1611.625366,1169461
2019-04-25,1756.000000,1762.599976,1727.199951,1734.199951,1594.705444,1704890
2019-04-26,1738.000000,1750.800049,1726.150024,1747.349976,1606.797974,772993
2019-04-30,1750.000000,1762.000000,1744.949951,1757.699951,1616.315308,1171594
2019-05-02,1756.500000,1762.500000,1720.250000,1723.550049,1584.912354,793819
2019-05-03,1720.000000,1727.000000,1682.000000,1693.550049,1557.325684,1442888
2019-05-06,1687.000000,1687.000000,1656.000000,1668.900024,1534.658081,2373878
2019-05-07,1678.800049,1710.900024,1672.500000,1697.500000,1560.957642,2212617
2019-05-08,1697.500000,1697.500000,1675.000000,1688.699951,1552.865356,1243338
2019-05-09,1680.099976,1713.000000,1677.000000,1703.750000,1566.704956,1204995
2019-05-10,1708.949951,1709.000000,1678.500000,1687.449951,1551.716064,1000696
2019-05-13,1692.000000,1717.000000,1688.699951,1702.000000,1565.095947,1160287
2019-05-14,1700.000000,1710.000000,1680.199951,1698.500000,1561.876953,1442817
2019-05-15,1700.000000,1703.000000,1666.949951,1671.050049,1536.635254,1235429
2019-05-16,1674.699951,1700.000000,1672.199951,1688.199951,1552.405762,714690
2019-05-17,1690.099976,1742.199951,1685.199951,1736.800049,1597.096436,1502484
2019-05-20,1760.000000,1776.650024,1734.849976,1772.500000,1629.924927,1279236
2019-05-21,1772.900024,1797.449951,1772.900024,1785.250000,1641.649292,1337466
2019-05-22,1785.000000,1785.000000,1747.349976,1768.300049,1626.062866,1162653
2019-05-23,1785.949951,1804.900024,1745.000000,1753.849976,1612.775024,1551172
2019-05-24,1754.000000,1759.800049,1727.099976,1749.599976,1608.866821,1603085
2019-05-27,1749.000000,1775.949951,1736.000000,1771.949951,1629.418823,1373845
2019-05-28,1775.000000,1786.000000,1754.500000,1776.900024,1633.970825,2863139
2019-05-29,1775.000000,1789.349976,1770.400024,1780.849976,1637.603027,899619
2019-05-30,1788.000000,1792.000000,1781.000000,1784.250000,1640.729614,1038433
2019-05-31,1786.699951,1802.650024,1764.000000,1788.500000,1644.637817,1329926
2019-06-03,1794.000000,1845.000000,1792.000000,1839.699951,1691.719360,1415582
2019-06-04,1831.000000,1845.500000,1807.099976,1815.599976,1669.557861,842283
2019-06-06,1822.150024,1849.900024,1812.099976,1837.750000,1689.926392,1626007
2019-06-07,1833.000000,1844.750000,1815.000000,1830.750000,1683.489258,698970
2019-06-10,1839.800049,1864.949951,1835.000000,1852.500000,1703.489868,814577
2019-06-11,1855.099976,1856.800049,1832.099976,1839.800049,1691.811523,591026
2019-06-12,1838.000000,1853.250000,1822.050049,1847.099976,1698.524048,709916
2019-06-13,1847.050049,1848.699951,1823.050049,1845.500000,1697.052979,697830
2019-06-14,1843.000000,1853.250000,1816.349976,1822.949951,1676.316772,632971
2019-06-17,1831.900024,1831.900024,1804.599976,1818.050049,1671.811035,669276
2019-06-18,1810.500000,1818.150024,1793.000000,1809.599976,1664.040649,995083
2019-06-19,1816.800049,1824.949951,1802.000000,1811.699951,1665.971558,600455
2019-06-20,1799.000000,1809.449951,1791.500000,1805.050049,1671.853027,603514
2019-06-21,1810.000000,1812.000000,1760.300049,1766.650024,1636.286987,2512357
2019-06-24,1769.000000,1777.599976,1756.699951,1764.449951,1634.249023,762144
2019-06-25,1769.699951,1769.699951,1745.000000,1756.449951,1626.839355,941132
2019-06-26,1753.000000,1765.000000,1746.400024,1761.000000,1631.053711,1075017
2019-06-27,1768.000000,1787.550049,1760.250000,1774.400024,1643.464722,1235049
2019-06-28,1777.250000,1790.650024,1762.750000,1787.599976,1655.690674,1008229
2019-07-01,1798.900024,1798.900024,1772.650024,1780.199951,1648.836792,553283
2019-07-02,1784.000000,1798.000000,1770.000000,1789.199951,1657.172363,763979
2019-07-03,1793.000000,1796.849976,1776.900024,1784.699951,1653.004639,815571
2019-07-04,1780.550049,1798.699951,1780.550049,1793.599976,1661.248047,646633
2019-07-05,1800.000000,1816.000000,1786.000000,1791.400024,1659.210571,1098940
2019-07-08,1784.750000,1784.750000,1748.699951,1753.550049,1624.153320,776755
2019-07-09,1752.000000,1756.000000,1724.099976,1740.250000,1611.834839,1462668
2019-07-10,1739.000000,1754.900024,1703.099976,1718.599976,1591.782471,648476
2019-07-11,1708.000000,1742.650024,1708.000000,1730.900024,1603.174561,813618
2019-07-12,1726.800049,1738.250000,1708.250000,1713.199951,1586.780762,1107445
2019-07-15,1715.000000,1724.699951,1702.000000,1716.949951,1590.253906,725180
2019-07-16,1723.500000,1750.599976,1712.750000,1741.300049,1612.807373,1259786
2019-07-17,1740.000000,1765.550049,1725.849976,1760.699951,1630.775757,1278232
2019-07-18,1766.000000,1766.000000,1709.000000,1739.150024,1610.815918,1006299
2019-07-19,1748.000000,1761.949951,1709.150024,1720.400024,1593.449341,983217
2019-07-22,1722.300049,1724.699951,1659.050049,1680.699951,1556.678955,1729722
2019-07-23,1683.000000,1701.550049,1667.300049,1693.349976,1568.395508,1556691
2019-07-24,1685.000000,1732.000000,1678.599976,1728.650024,1601.090820,2621818
2019-07-25,1730.000000,1749.900024,1728.000000,1736.650024,1608.500488,1297267
2019-07-26,1731.099976,1742.000000,1719.300049,1730.650024,1602.943115,771408
2019-07-29,1729.000000,1739.800049,1700.000000,1713.300049,1586.873535,688427
2019-07-30,1715.000000,1734.349976,1705.000000,1719.900024,1592.986328,747251
2019-07-31,1719.000000,1753.050049,1701.050049,1726.650024,1599.238647,1371879
2019-08-01,1721.000000,1744.699951,1710.000000,1731.300049,1603.545410,1072498
2019-08-02,1722.199951,1742.000000,1706.000000,1737.449951,1609.241333,1051529
2019-08-05,1727.900024,1753.449951,1707.699951,1741.199951,1612.714844,1539739
2019-08-06,1731.500000,1760.000000,1727.550049,1744.099976,1615.400513,1409075
2019-08-07,1744.099976,1786.900024,1740.000000,1777.250000,1646.104492,2507314
2019-08-08,1780.500000,1807.000000,1780.500000,1803.099976,1670.046875,1761732
2019-08-09,1805.000000,1846.650024,1800.900024,1841.349976,1705.474365,1730596
2019-08-13,1838.000000,1838.000000,1802.150024,1824.750000,1690.099365,1907934
2019-08-14,1826.000000,1854.150024,1808.699951,1839.050049,1703.344238,1910376
2019-08-16,1838.000000,1847.550049,1816.050049,1828.650024,1693.711548,1468390
2019-08-19,1830.150024,1845.000000,1811.000000,1820.900024,1686.533569,905742
2019-08-20,1822.000000,1849.699951,1813.000000,1843.400024,1707.373291,1231835
2019-08-21,1842.900024,1855.750000,1836.000000,1850.000000,1713.485840,1933855
2019-08-22,1850.449951,1880.000000,1841.900024,1872.099976,1733.955200,2543055
2019-08-23,1874.750000,1877.349976,1850.650024,1860.000000,1722.748291,1278546
2019-08-26,1867.500000,1883.699951,1850.000000,1876.550049,1738.077026,855849
2019-08-27,1884.000000,1889.000000,1841.949951,1861.400024,1724.045044,2510386
2019-08-28,1835.000000,1848.400024,1812.500000,1828.099976,1693.202271,2519453
2019-08-29,1817.000000,1843.650024,1814.099976,1832.949951,1697.694458,2837369
2019-08-30,1834.199951,1886.400024,1827.150024,1881.900024,1743.032104,1766858
2019-09-03,1863.000000,1875.800049,1835.000000,1841.849976,1705.937500,1195923
2019-09-04,1847.000000,1859.050049,1817.300049,1846.599976,1710.336914,1147464
2019-09-05,1842.000000,1843.949951,1818.150024,1829.750000,1694.730225,1059065
2019-09-06,1831.000000,1843.349976,1814.199951,1819.150024,1684.912720,631575
2019-09-09,1819.000000,1858.000000,1815.400024,1834.050049,1698.713135,1175372
2019-09-11,1831.000000,1847.550049,1817.300049,1824.300049,1689.682861,1055039
2019-09-12,1826.000000,1833.599976,1798.500000,1805.400024,1672.177246,862635
2019-09-13,1806.000000,1825.000000,1793.599976,1805.550049,1672.316406,1299932
2019-09-16,1801.000000,1824.750000,1800.000000,1816.300049,1682.272949,945889
2019-09-17,1814.750000,1842.000000,1812.000000,1831.199951,1696.073242,1424258
2019-09-18,1839.500000,1843.949951,1818.650024,1829.199951,1694.220947,751391
2019-09-19,1830.000000,1843.599976,1808.250000,1812.750000,1678.984985,644684
2019-09-20,1823.000000,1992.000000,1810.250000,1969.750000,1824.399658,4539742
2019-09-23,1984.000000,2100.649902,1984.000000,2039.750000,1889.234131,3783357
2019-09-24,2045.000000,2067.899902,2009.099976,2050.449951,1899.144531,1784798
2019-09-25,2041.000000,2062.449951,2011.849976,2051.500000,1900.117432,1874109
2019-09-26,2055.000000,2075.000000,2016.949951,2034.400024,1884.278931,3907951
2019-09-27,2026.000000,2044.650024,2005.500000,2010.900024,1862.513184,1458672
2019-09-30,2007.900024,2017.900024,1971.400024,1981.949951,1835.699219,2169407
2019-10-01,1989.000000,2019.900024,1983.000000,1990.300049,1843.433472,1080409
2019-10-03,1984.750000,1985.300049,1958.349976,1962.050049,1817.267944,1423468
2019-10-04,1966.000000,1977.300049,1939.099976,1944.199951,1800.735107,1723988
2019-10-07,1943.949951,1962.949951,1927.650024,1940.050049,1796.891235,880275
2019-10-09,1950.000000,1962.699951,1941.250000,1948.000000,1804.254395,1066739
2019-10-10,1948.000000,1982.500000,1935.599976,1968.750000,1823.473389,1492290
2019-10-11,1985.849976,2016.900024,1975.500000,2004.650024,1856.724121,1934337
2019-10-14,2022.400024,2031.449951,2006.250000,2014.250000,1865.615845,2135148
2019-10-15,2050.000000,2077.300049,2025.800049,2064.399902,1912.065186,5761733
2019-10-16,2065.300049,2080.000000,2052.600098,2071.000000,1918.178467,1661705
2019-10-17,2067.500000,2108.000000,2061.949951,2103.850098,1948.604248,2001245
2019-10-18,2100.000000,2116.000000,2090.699951,2106.850098,1951.383301,2202270
2019-10-22,2120.000000,2149.000000,2112.000000,2127.350098,1970.370483,1737401
2019-10-23,2119.449951,2137.449951,2098.000000,2133.250000,1986.104370,1535786
2019-10-24,2141.000000,2150.000000,2118.050049,2133.350098,1986.197632,973453
2019-10-25,2147.550049,2156.500000,2129.300049,2145.100098,1997.137085,1612038
2019-10-27,2148.000000,2148.000000,2134.500000,2139.750000,1992.156250,85187
2019-10-29,2135.000000,2163.949951,2111.399902,2160.199951,2011.195435,1229516
2019-10-30,2180.000000,2180.000000,2142.000000,2169.399902,2019.760498,1195298
2019-10-31,2165.000000,2187.250000,2159.300049,2175.350098,2025.300903,1752830
2019-11-01,2165.100098,2184.300049,2146.399902,2179.350098,2029.024780,1609685
2019-11-04,2179.350098,2186.850098,2149.800049,2158.149902,2009.286865,1523698
2019-11-05,2153.500000,2175.750000,2143.149902,2172.149902,2022.321655,2167085
2019-11-06,2166.000000,2184.000000,2155.000000,2179.449951,2029.117920,1093243
2019-11-07,2190.000000,2190.000000,2128.000000,2138.250000,1990.759766,1970785
2019-11-08,2135.000000,2145.149902,2083.000000,2086.399902,1942.485840,1537851
2019-11-11,2081.300049,2100.050049,2068.050049,2081.350098,1937.784424,1050170
2019-11-13,2084.000000,2094.899902,2072.449951,2091.000000,1946.768799,868433
2019-11-14,2090.600098,2090.600098,2061.449951,2069.050049,1926.332764,1291198
2019-11-15,2062.250000,2099.000000,2050.550049,2057.699951,1915.765625,958290
2019-11-18,2059.800049,2075.350098,2038.000000,2056.199951,1914.369019,1200573
2019-11-19,2060.050049,2060.050049,2030.000000,2037.750000,1897.191650,1413218
2019-11-20,2044.000000,2052.850098,2017.050049,2026.500000,1886.717651,989673
2019-11-21,2027.000000,2059.949951,2017.000000,2048.649902,1907.339600,1397175
2019-11-22,2050.000000,2053.199951,2008.000000,2028.349976,1888.440186,835864
2019-11-25,2022.099976,2066.949951,2022.099976,2062.399902,1920.141357,862520
2019-11-26,2059.000000,2080.750000,2032.300049,2058.350098,1916.370972,3188224
2019-11-27,2062.550049,2099.899902,2055.850098,2093.250000,1948.863770,1259986
2019-11-28,2097.949951,2098.350098,2067.000000,2087.149902,1943.184204,1026831
2019-11-29,2084.000000,2084.500000,2031.000000,2035.300049,1894.911011,1298616
2019-12-02,2038.000000,2062.000000,2029.250000,2043.199951,1902.265747,1600494
2019-12-03,2041.000000,2053.100098,2020.150024,2028.449951,1888.533325,1199012
2019-12-04,2027.000000,2052.000000,2022.000000,2048.000000,1906.734619,1046309
2019-12-05,2047.800049,2047.800049,2027.300049,2037.449951,1896.912354,961085
2019-12-06,2044.000000,2049.000000,2022.000000,2026.050049,1886.299072,657658
2019-12-09,2030.000000,2032.050049,1991.199951,2008.150024,1869.633423,964222
2019-12-10,2014.900024,2041.599976,2011.000000,2025.349976,1885.646851,1610623
2019-12-11,2027.900024,2030.000000,1998.000000,2010.449951,1871.775024,967708
2019-12-12,2010.000000,2034.500000,2002.000000,2007.349976,1868.888428,955318
2019-12-13,2018.449951,2024.000000,2000.000000,2006.199951,1867.818115,1212988
2019-12-16,2000.000000,2011.000000,1968.150024,1974.750000,1838.537476,1683941
2019-12-17,1979.000000,1994.949951,1950.000000,1961.349976,1826.061646,2189167
2019-12-18,1960.000000,1966.599976,1907.349976,1928.550049,1795.523926,3986106
2019-12-19,1931.900024,1966.400024,1930.050049,1951.099976,1816.518555,2035095
2019-12-20,1950.000000,1959.900024,1931.449951,1943.099976,1809.070679,2169685
2019-12-23,1949.250000,1962.000000,1944.400024,1950.400024,1815.866943,807062
2019-12-24,1952.000000,1964.800049,1940.400024,1946.400024,1812.142944,790621
2019-12-26,1950.800049,1954.250000,1938.500000,1944.949951,1810.792725,862164
2019-12-27,1946.900024,1954.449951,1934.000000,1949.900024,1815.401367,937907
2019-12-30,1949.900024,1954.250000,1927.500000,1937.250000,1803.624023,1117498
2019-12-31,1940.000000,1946.599976,1920.099976,1923.000000,1790.356934,706593
2020-01-01,1930.000000,1939.900024,1918.000000,1936.550049,1802.972168,543035
2020-01-02,1940.000000,1952.599976,1930.000000,1938.050049,1804.368896,663275
2020-01-03,1937.900024,1940.000000,1918.750000,1927.449951,1794.500000,1598825
2020-01-06,1927.349976,1929.400024,1911.250000,1915.449951,1783.327637,683129
2020-01-07,1919.250000,1931.000000,1918.000000,1920.699951,1788.215576,808935
2020-01-08,1910.000000,1936.050049,1906.449951,1929.349976,1796.268799,1889685
2020-01-09,1941.550049,1947.300049,1931.000000,1935.050049,1801.575684,1544334
2020-01-10,1940.900024,1957.500000,1931.650024,1954.000000,1819.218628,1003336
2020-01-13,1961.000000,1997.849976,1957.000000,1994.849976,1857.250732,2040089
2020-01-14,1995.500000,2014.949951,1982.400024,2008.800049,1870.238770,1610737
2020-01-15,2011.150024,2027.000000,1997.349976,2021.650024,1882.202393,1559491
2020-01-16,2022.000000,2054.699951,2016.099976,2049.250000,1907.898560,2468958
2020-01-17,2055.000000,2063.899902,2040.050049,2060.300049,1918.186523,994719
2020-01-20,2060.500000,2075.899902,2050.000000,2062.850098,1920.560547,829399
2020-01-21,2059.750000,2075.000000,2052.149902,2055.399902,1913.624146,750000
2020-01-22,2063.000000,2063.500000,2027.199951,2051.699951,1910.179565,983169
2020-01-23,2051.750000,2060.850098,2035.000000,2056.899902,1915.020874,708017
2020-01-24,2057.000000,2079.000000,2050.050049,2073.699951,1930.662109,914993
2020-01-27,2066.000000,2068.750000,2056.750000,2061.350098,1919.163818,429312
2020-01-28,2062.000000,2065.000000,2042.699951,2060.600098,1918.465698,777052
2020-01-29,2062.050049,2085.800049,2062.050049,2074.199951,1931.127441,873433
2020-01-30,2074.899902,2078.000000,2049.449951,2058.100098,1916.138062,952768
2020-01-31,2064.000000,2068.250000,2020.050049,2034.250000,1893.933350,1930834
2020-02-03,2074.899902,2195.550049,2074.899902,2178.949951,2028.652222,4012542
2020-02-04,2177.000000,2204.199951,2140.000000,2155.600098,2006.912842,1932121
2020-02-05,2167.399902,2184.000000,2153.899902,2160.300049,2011.288574,1514368
2020-02-06,2166.000000,2196.250000,2134.050049,2156.399902,2007.657471,1302116
2020-02-07,2165.000000,2172.000000,2141.600098,2159.949951,2010.962646,908152
2020-02-10,2160.100098,2189.550049,2151.699951,2159.300049,2010.357544,1389847
2020-02-11,2169.000000,2179.649902,2147.699951,2152.649902,2004.166382,777506
2020-02-12,2157.100098,2272.000000,2155.000000,2260.350098,2104.437256,4753325
2020-02-13,2256.000000,2288.949951,2233.050049,2283.399902,2125.897461,2950407
2020-02-14,2273.000000,2297.600098,2246.250000,2255.050049,2099.503418,1728651
2020-02-17,2248.000000,2289.000000,2243.199951,2252.600098,2097.222412,1420851
2020-02-18,2252.600098,2262.949951,2222.100098,2234.399902,2080.277344,1194605
2020-02-19,2250.199951,2308.199951,2241.250000,2292.149902,2134.043945,1299800
2020-02-20,2282.199951,2289.949951,2242.500000,2248.250000,2093.172119,1555224
2020-02-24,2236.800049,2262.000000,2210.100098,2215.149902,2062.355225,1409245
2020-02-25,2239.899902,2279.699951,2225.750000,2233.600098,2079.532715,2237493
2020-02-26,2238.800049,2255.699951,2202.350098,2236.199951,2081.952637,2896154
2020-02-27,2241.949951,2259.699951,2200.000000,2254.949951,2099.409180,2446802
2020-02-28,2191.100098,2229.399902,2155.000000,2174.750000,2024.742065,3837330
2020-03-02,2190.000000,2241.949951,2141.850098,2159.449951,2010.497192,1707337
2020-03-03,2171.899902,2189.600098,2141.699951,2166.649902,2017.200562,1753148
2020-03-04,2179.000000,2185.050049,2152.000000,2175.850098,2025.766113,1515878
2020-03-05,2185.000000,2258.649902,2181.850098,2218.000000,2065.008545,2272645
2020-03-06,2185.000000,2250.000000,2159.250000,2188.899902,2037.915771,2479414
2020-03-09,2140.000000,2169.600098,2112.000000,2121.500000,1975.165039,2485118
2020-03-11,2066.000000,2169.449951,2066.000000,2155.000000,2006.354370,2861629
2020-03-12,2102.399902,2123.000000,2031.650024,2055.949951,1914.136230,3655780
2020-03-13,1970.000000,2120.000000,1888.099976,2033.199951,1892.955444,3667035
2020-03-16,2000.000000,2039.199951,1933.900024,1941.900024,1807.953369,2948679
2020-03-17,1955.550049,2088.000000,1951.949951,2004.050049,1865.816406,3732382
2020-03-18,2034.050049,2063.800049,1909.349976,1923.800049,1791.101929,3910994
2020-03-19,1894.300049,1899.000000,1757.300049,1838.300049,1711.499268,5095006
2020-03-20,1850.000000,2078.899902,1850.000000,2051.699951,1910.179565,4252245
2020-03-23,1950.000000,1985.050049,1850.000000,1869.699951,1740.733398,3574673
2020-03-24,1975.000000,2070.949951,1930.000000,2027.849976,1887.974731,5788124
2020-03-25,2010.050049,2138.949951,2001.650024,2088.149902,1944.115112,3959038
2020-03-26,2089.000000,2250.000000,2060.000000,2194.899902,2043.502319,3201540
2020-03-27,2239.000000,2267.649902,2120.500000,2140.550049,1992.900879,2918646
2020-03-30,2123.000000,2213.000000,2102.850098,2184.350098,2033.679932,2809606
2020-03-31,2234.800049,2313.000000,2185.000000,2298.500000,2139.955566,2809269
2020-04-01,2293.199951,2324.899902,2158.050049,2179.649902,2029.303833,2774626
2020-04-03,2234.000000,2254.100098,2127.949951,2154.100098,2005.516479,4121436
2020-04-07,2220.000000,2460.000000,2220.000000,2444.899902,2276.257813,8510114
2020-04-08,2432.000000,2614.300049,2417.399902,2460.850098,2291.107666,9791862
2020-04-09,2499.949951,2500.000000,2345.000000,2372.250000,2208.618896,4770068
2020-04-13,2381.000000,2423.000000,2315.000000,2346.449951,2184.598389,3249551
2020-04-15,2425.949951,2516.600098,2381.500000,2487.550049,2315.965820,29485531
2020-04-16,2466.000000,2526.149902,2421.100098,2436.100098,2268.064697,5388243
2020-04-17,2498.800049,2498.800049,2354.050049,2385.000000,2220.489502,4540936
2020-04-20,2420.000000,2420.000000,2321.000000,2336.550049,2175.381592,2985268
2020-04-21,2283.000000,2378.000000,2282.000000,2317.399902,2157.552246,3227335
2020-04-22,2317.949951,2399.949951,2275.649902,2386.149902,2221.559814,2837815
2020-04-23,2389.000000,2413.000000,2308.050049,2317.500000,2157.645020,4095570
2020-04-24,2311.000000,2338.000000,2280.000000,2283.100098,2125.617920,2169013
2020-04-27,2305.000000,2329.399902,2283.250000,2320.449951,2160.391846,2013715
2020-04-28,2338.649902,2338.649902,2267.000000,2289.949951,2131.996094,2164023
2020-04-29,2290.000000,2291.699951,2221.000000,2231.750000,2077.810303,3642151
2020-04-30,2272.000000,2272.000000,2160.000000,2195.000000,2043.595215,8448047
2020-05-04,2130.000000,2160.000000,2066.000000,2082.649902,1938.994751,8474573
2020-05-05,2101.199951,2121.000000,2033.099976,2041.500000,1900.683228,4304136
2020-05-06,2049.949951,2073.000000,2000.000000,2010.199951,1871.542114,5127656
2020-05-07,1950.099976,2007.000000,1902.000000,1992.050049,1854.644043,185669922
2020-05-08,2074.949951,2098.000000,2036.000000,2089.449951,1945.325562,16100226
2020-05-11,2083.000000,2116.550049,2035.949951,2048.000000,1906.734619,11158755
2020-05-12,2020.000000,2027.849976,1985.000000,2011.550049,1872.798706,14881008
2020-05-13,2075.000000,2075.000000,1975.400024,1995.750000,1858.088745,8432979
2020-05-14,1988.000000,2026.550049,1980.650024,2006.050049,1867.678467,8510002
2020-05-15,2015.000000,2037.650024,2006.000000,2032.099976,1891.931396,5491136
2020-05-18,2041.500000,2047.849976,1988.599976,2005.250000,1866.933716,7675561
2020-05-19,2018.000000,2024.800049,1968.099976,1975.550049,1839.281982,5963193
2020-05-20,1975.550049,2010.000000,1975.000000,1990.849976,1853.526611,3926496
2020-05-21,1999.000000,2003.400024,1955.199951,1970.900024,1834.953003,4261625
2020-05-22,1975.000000,1995.050049,1958.000000,1987.900024,1850.780396,5339946
2020-05-26,2004.949951,2020.000000,1975.000000,1977.800049,1841.377197,4628932
2020-05-27,1990.000000,2005.099976,1961.000000,1998.099976,1860.276855,4261645
2020-05-28,2000.000000,2015.000000,1990.000000,2009.949951,1871.309326,5500796
2020-05-29,2009.000000,2068.000000,2000.000000,2057.350098,1915.439941,8778345
2020-06-01,2075.000000,2143.000000,2071.199951,2108.550049,1963.108032,6592547
2020-06-02,2122.000000,2125.000000,2090.000000,2107.399902,1962.037720,3268728
2020-06-03,2115.000000,2149.000000,2085.000000,2120.500000,1974.233521,4895117
2020-06-04,2115.000000,2132.399902,2105.250000,2120.600098,1974.327026,3264730
2020-06-05,2124.000000,2128.000000,2085.000000,2087.600098,1943.603271,2981853
2020-06-08,2107.000000,2124.500000,2078.100098,2111.699951,1966.040771,4298456
2020-06-09,2100.000000,2144.800049,2095.050049,2106.500000,1961.199585,3127904
2020-06-10,2115.899902,2130.000000,2096.000000,2119.600098,1973.395874,2421659
2020-06-11,2115.000000,2138.199951,2095.649902,2106.899902,1961.572021,2566927
2020-06-12,2065.250000,2119.000000,2065.000000,2107.250000,1961.897949,2338438
2020-06-15,2114.850098,2131.699951,2056.800049,2084.300049,1940.530884,2830788
2020-06-16,2109.800049,2120.000000,2057.000000,2076.350098,1933.129272,2806772
2020-06-17,2076.000000,2099.000000,2062.300049,2078.250000,1934.898193,2293301
2020-06-18,2070.250000,2084.850098,2054.050049,2065.350098,1922.888062,2326907
2020-06-19,2079.000000,2100.000000,2057.000000,2092.750000,1961.695557,4673528
2020-06-22,2110.000000,2118.899902,2087.000000,2100.800049,1969.241333,2487234
2020-06-23,2115.000000,2172.000000,2101.600098,2155.949951,2020.937744,4308814
2020-06-24,2172.000000,2176.899902,2125.000000,2130.300049,1996.894409,3023015
2020-06-25,2114.300049,2189.899902,2112.000000,2173.149902,2037.060547,8208033
2020-06-26,2179.949951,2179.949951,2138.100098,2154.199951,2019.297363,3176048
2020-06-29,2151.350098,2195.899902,2140.000000,2182.949951,2046.246460,3295039
2020-06-30,2193.800049,2199.949951,2170.000000,2180.000000,2043.481689,2373109
2020-07-01,2183.000000,2191.800049,2160.100098,2170.399902,2034.482910,1532931
2020-07-02,2167.750000,2177.649902,2145.000000,2151.750000,2017.000488,2588838
2020-07-03,2165.500000,2188.000000,2156.350098,2173.699951,2037.575806,1946252
2020-07-06,2180.000000,2180.000000,2153.000000,2161.600098,2026.234131,2375516
2020-07-07,2175.500000,2175.500000,2151.649902,2154.149902,2019.250122,2014667
2020-07-08,2153.600098,2194.000000,2125.000000,2186.050049,2049.152832,3349938
2020-07-09,2183.000000,2219.949951,2171.050049,2175.850098,2039.591553,3039571
2020-07-10,2170.000000,2232.000000,2167.449951,2223.800049,2084.538818,3179516
2020-07-13,2239.000000,2275.000000,2235.000000,2265.250000,2123.392822,4556662
2020-07-14,2264.800049,2269.949951,2226.600098,2234.750000,2094.803467,2403256
2020-07-15,2237.250000,2291.000000,2235.050049,2275.149902,2132.672852,2474512
2020-07-16,2275.250000,2291.300049,2238.000000,2287.850098,2144.577637,2495150
2020-07-17,2285.000000,2340.000000,2281.000000,2334.550049,2188.353516,3088712
2020-07-20,2334.550049,2343.300049,2300.600098,2330.949951,2184.978516,2816219
2020-07-21,2348.000000,2350.000000,2308.000000,2318.000000,2172.839111,3037810
2020-07-22,2330.000000,2330.000000,2241.250000,2248.500000,2107.691895,6950011
2020-07-23,2260.000000,2267.149902,2205.550049,2211.350098,2072.868652,3936886
2020-07-24,2200.000000,2220.000000,2168.050049,2209.300049,2070.947021,4203314
2020-07-27,2217.750000,2235.949951,2184.750000,2221.500000,2082.383057,2209409
2020-07-28,2230.949951,2244.899902,2211.050049,2242.550049,2102.114502,1567837
2020-07-29,2235.000000,2262.199951,2215.000000,2231.300049,2091.569092,2404978
2020-07-30,2231.300049,2238.050049,2190.100098,2195.600098,2066.904785,2044966
2020-07-31,2197.500000,2221.949951,2178.000000,2209.899902,2080.366455,1715659
2020-08-03,2209.800049,2223.050049,2188.550049,2204.500000,2075.283203,1683773
2020-08-04,2209.899902,2218.899902,2175.100098,2197.800049,2068.975830,1981720
2020-08-05,2202.000000,2209.899902,2181.050049,2194.550049,2065.916504,1715477
2020-08-06,2200.000000,2229.000000,2192.050049,2220.449951,2090.298096,1824483
2020-08-07,2223.000000,2234.800049,2205.000000,2210.550049,2080.978516,1777905
2020-08-10,2218.000000,2226.750000,2198.800049,2206.750000,2077.401123,1476289
2020-08-11,2209.050049,2233.000000,2206.000000,2210.649902,2081.072021,1665204
2020-08-12,2200.050049,2209.050049,2190.000000,2195.100098,2066.433838,1170430
2020-08-13,2200.000000,2217.000000,2190.949951,2198.649902,2069.776123,1453227
2020-08-14,2204.000000,2216.000000,2165.050049,2173.899902,2046.476685,1341664
2020-08-17,2181.000000,2203.649902,2168.399902,2196.050049,2067.328857,1559579
2020-08-18,2204.000000,2216.800049,2189.000000,2214.350098,2084.555908,1339001
2020-08-19,2206.000000,2221.500000,2190.000000,2193.600098,2065.022217,1585107
2020-08-20,2186.000000,2197.800049,2176.149902,2185.699951,2057.585205,1768939
2020-08-21,2199.000000,2208.699951,2187.449951,2202.050049,2072.976807,1374411
2020-08-24,2206.000000,2211.649902,2191.199951,2194.399902,2065.775146,1665474
2020-08-25,2194.399902,2197.899902,2175.000000,2179.100098,2051.371826,1774886
2020-08-26,2182.100098,2186.000000,2160.000000,2182.800049,2054.854980,2148146
2020-08-27,2182.100098,2188.000000,2165.000000,2171.250000,2043.981812,2172203
2020-08-28,2179.000000,2182.399902,2145.000000,2151.949951,2025.813232,1939520
2020-08-31,2152.000000,2167.500000,2100.649902,2117.350098,1993.241699,3534275
2020-09-01,2149.949951,2174.899902,2111.750000,2161.649902,2034.944702,1738003
2020-09-02,2171.000000,2185.000000,2136.550049,2141.649902,2016.116821,1667810
2020-09-03,2153.000000,2154.449951,2128.050049,2139.149902,2013.763672,1590711
2020-09-04,2115.000000,2140.899902,2114.000000,2124.649902,2000.113403,1590491
2020-09-07,2126.000000,2174.000000,2103.750000,2162.600098,2035.839111,2362992
2020-09-08,2154.000000,2171.350098,2131.149902,2142.250000,2016.681519,1804209
2020-09-09,2122.000000,2144.199951,2110.000000,2132.250000,2007.268311,2009898
2020-09-10,2142.000000,2143.600098,2118.199951,2133.899902,2008.821289,2137794
2020-09-11,2125.000000,2169.000000,2124.500000,2159.250000,2032.685547,1934110
2020-09-14,2167.000000,2169.699951,2115.000000,2123.500000,1999.031006,2096908
2020-09-15,2136.899902,2137.000000,2109.000000,2124.449951,1999.925049,1224058
2020-09-16,2125.000000,2158.949951,2112.699951,2143.500000,2017.858887,2087841
2020-09-17,2135.000000,2145.050049,2122.250000,2128.199951,2003.454956,1741644
2020-09-18,2120.000000,2127.550049,2090.000000,2098.699951,1975.684570,4475166
2020-09-21,2098.699951,2099.000000,2022.099976,2037.800049,1918.354370,3483963
2020-09-22,2040.550049,2054.750000,2000.050049,2026.800049,1907.999023,2345687
2020-09-23,2035.000000,2060.000000,2025.849976,2052.550049,1932.239746,2410295
2020-09-24,2044.000000,2081.000000,2035.050049,2060.899902,1940.100220,3798089
2020-09-25,2082.000000,2111.000000,2070.850098,2079.050049,1957.186523,2528873
2020-09-28,2083.000000,2092.350098,2060.000000,2063.300049,1942.359619,1523704
2020-09-29,2065.000000,2069.250000,2024.750000,2033.199951,1914.023682,2298844
2020-09-30,2038.949951,2097.000000,2034.000000,2068.250000,1947.019287,2417367
2020-10-01,2090.000000,2108.899902,2070.000000,2095.000000,1972.201416,2131531
2020-10-05,2100.000000,2123.300049,2082.199951,2111.050049,1987.310669,1646110
2020-10-06,2119.000000,2140.000000,2108.050049,2115.899902,1991.876587,1679499
2020-10-07,2123.000000,2150.000000,2113.000000,2139.350098,2013.951782,2428544
2020-10-08,2147.000000,2165.000000,2146.250000,2160.800049,2034.144287,1617365
2020-10-09,2150.000000,2166.949951,2121.100098,2139.649902,2014.234009,2001026
2020-10-12,2145.199951,2147.600098,2123.300049,2138.399902,2013.057251,1741166
2020-10-13,2137.949951,2153.250000,2128.000000,2138.199951,2012.869263,1679160
2020-10-14,2132.600098,2165.000000,2131.000000,2158.149902,2031.649780,2123033
2020-10-15,2160.000000,2179.699951,2141.050049,2152.550049,2026.378052,2344437
2020-10-16,2171.899902,2171.899902,2144.050049,2150.550049,2024.495605,1640399
2020-10-19,2153.550049,2185.000000,2152.100098,2177.800049,2050.147949,1605969
2020-10-20,2182.100098,2208.500000,2132.550049,2173.100098,2045.723877,5855290
2020-10-21,2190.000000,2196.750000,2136.000000,2163.149902,2036.356567,3954242
2020-10-22,2160.000000,2187.250000,2153.199951,2179.350098,2051.607422,2632958
2020-10-23,2188.899902,2188.899902,2140.000000,2143.850098,2018.188354,2805684
2020-10-26,2150.000000,2172.000000,2142.300049,2166.750000,2039.746094,1646050
2020-10-27,2157.000000,2189.000000,2152.449951,2176.699951,2049.112305,2334808
2020-10-28,2183.949951,2183.949951,2144.100098,2164.350098,2050.676025,1555483
2020-10-29,2142.000000,2160.000000,2116.000000,2122.100098,2010.644897,1934367
2020-10-30,2118.199951,2120.000000,2068.000000,2071.300049,1962.513062,2414313
2020-11-02,2072.000000,2087.649902,2056.000000,2072.000000,1963.176270,1486077
2020-11-03,2091.800049,2091.800049,2043.000000,2055.699951,1947.732300,2227402
2020-11-04,2050.000000,2085.000000,2049.949951,2060.050049,1951.854004,1479878
2020-11-05,2087.000000,2112.000000,2061.300049,2102.350098,1991.932373,2083827
2020-11-06,2105.000000,2123.949951,2086.000000,2094.149902,1984.162842,2127821
2020-11-09,2120.000000,2137.649902,2108.050049,2132.550049,2020.546265,2194404
2020-11-10,2140.000000,2144.199951,2092.500000,2136.600098,2024.383545,2471703
2020-11-11,2136.600098,2138.600098,2104.600098,2131.149902,2019.219482,2759942
2020-11-12,2129.000000,2204.000000,2123.250000,2192.100098,2076.968506,3010512
2020-11-13,2205.000000,2218.399902,2178.250000,2185.350098,2070.572998,2799165
2020-11-14,2197.000000,2197.000000,2182.000000,2187.699951,2072.799561,258276
2020-11-17,2220.350098,2220.350098,2172.000000,2177.600098,2063.230225,2733542
2020-11-18,2170.000000,2170.000000,2125.899902,2132.100098,2020.119751,3315051
2020-11-19,2125.800049,2147.399902,2114.500000,2130.750000,2018.840454,2704650
2020-11-20,2135.000000,2142.000000,2100.500000,2120.250000,2008.892212,2827038
2020-11-23,2140.000000,2140.000000,2095.000000,2129.399902,2017.561401,3244576
2020-11-24,2132.000000,2161.000000,2122.399902,2157.350098,2044.043823,1989749
2020-11-25,2162.000000,2171.000000,2128.000000,2135.850098,2023.672974,1786536
2020-11-26,2140.000000,2162.000000,2122.550049,2154.199951,2041.058838,1630887
2020-11-27,2167.000000,2167.500000,2126.000000,2138.199951,2025.899414,5687861
2020-12-01,2159.000000,2159.000000,2129.600098,2133.050049,2021.019897,2226742
2020-12-02,2145.000000,2149.899902,2122.100098,2139.300049,2026.941772,1634682
2020-12-03,2153.000000,2156.399902,2120.100098,2127.750000,2015.998169,3469163
2020-12-04,2141.000000,2195.399902,2133.600098,2184.199951,2069.483398,3712143
2020-12-07,2189.250000,2259.600098,2187.000000,2256.149902,2137.654053,4147649
2020-12-08,2259.500000,2278.199951,2240.149902,2260.000000,2141.302246,2768211
2020-12-09,2260.000000,2296.000000,2243.250000,2292.199951,2171.811279,2123890
2020-12-10,2290.000000,2357.899902,2275.050049,2350.449951,2227.001465,3041370
2020-12-11,2366.250000,2385.000000,2333.000000,2374.750000,2250.025635,2611218
2020-12-14,2380.949951,2391.399902,2356.149902,2370.750000,2246.235596,1575632
2020-12-15,2361.000000,2363.949951,2307.300049,2320.050049,2198.198242,2207176
2020-12-16,2317.100098,2354.899902,2303.000000,2343.949951,2220.843262,1748634
2020-12-17,2342.000000,2342.000000,2310.000000,2315.300049,2193.697754,1912868
2020-12-18,2322.000000,2343.899902,2312.000000,2333.449951,2210.894531,2229891
2020-12-21,2343.000000,2350.000000,2265.100098,2305.949951,2184.838867,2003069
2020-12-22,2310.000000,2333.300049,2281.000000,2311.000000,2189.623779,1764488
2020-12-23,2320.000000,2377.300049,2303.250000,2370.350098,2245.856934,1559556
2020-12-24,2382.500000,2410.000000,2360.050049,2402.250000,2276.081543,2489444
2020-12-28,2405.000000,2417.399902,2376.050049,2388.899902,2263.432129,1532477
2020-12-29,2395.000000,2403.000000,2354.199951,2384.300049,2259.074219,1749013
2020-12-30,2390.000000,2414.649902,2376.000000,2406.600098,2280.203125,1924886
2020-12-31,2396.000000,2417.000000,2387.000000,2395.399902,2269.590820,1709836
2021-01-01,2395.399902,2404.000000,2382.000000,2387.550049,2262.153076,830096
2021-01-04,2405.000000,2430.000000,2400.699951,2426.500000,2299.057617,1614486
2021-01-05,2405.000000,2456.949951,2405.000000,2450.550049,2321.844482,2356303
2021-01-06,2445.800049,2450.000000,2401.600098,2417.300049,2290.340820,1641627
2021-01-07,2432.000000,2432.699951,2365.000000,2368.850098,2244.435547,2403881
2021-01-08,2390.000000,2400.000000,2360.800049,2391.199951,2265.611084,2797948
2021-01-11,2425.000000,2441.949951,2402.100098,2429.100098,2301.521240,2787672
2021-01-12,2429.800049,2433.100098,2372.000000,2375.899902,2251.114990,2036708
2021-01-13,2381.899902,2398.000000,2364.600098,2372.350098,2247.751221,1702740
2021-01-14,2366.000000,2406.000000,2351.149902,2398.550049,2272.575928,2120413
2021-01-15,2392.500000,2407.000000,2342.800049,2351.149902,2227.665039,2042957
2021-01-18,2374.500000,2374.500000,2320.649902,2332.600098,2210.089600,1733797
2021-01-19,2342.000000,2382.100098,2323.250000,2363.149902,2239.034912,1495269
2021-01-20,2357.000000,2373.949951,2346.300049,2355.949951,2232.212891,1380562
2021-01-21,2376.000000,2399.899902,2350.000000,2367.649902,2243.298096,1521133
2021-01-22,2359.000000,2422.000000,2357.000000,2409.350098,2282.808350,2548089
2021-01-25,2420.000000,2432.350098,2385.000000,2399.600098,2273.570557,2124424
2021-01-27,2425.000000,2425.000000,2335.000000,2391.300049,2265.706299,2460297
2021-01-28,2367.899902,2411.550049,2290.000000,2300.399902,2179.580078,3867335
2021-01-29,2315.100098,2322.300049,2251.000000,2263.899902,2144.997803,4472694
2021-02-01,2276.649902,2285.000000,2226.199951,2248.600098,2130.501221,2717591
2021-02-02,2271.050049,2275.000000,2205.000000,2230.449951,2113.304199,4215607
2021-02-03,2231.500000,2257.000000,2217.600098,2232.850098,2115.578613,2353429
2021-02-04,2239.000000,2259.000000,2226.199951,2245.600098,2127.659180,2908003
2021-02-05,2245.600098,2285.000000,2241.000000,2269.550049,2150.350830,4036942
2021-02-08,2288.000000,2288.699951,2230.300049,2236.649902,2119.178711,2780672
2021-02-09,2247.000000,2254.699951,2210.500000,2216.250000,2099.850098,3131481
2021-02-10,2220.000000,2241.000000,2212.750000,2235.500000,2118.089111,2055520
2021-02-11,2242.000000,2268.000000,2234.050049,2263.000000,2144.144775,1824480
2021-02-12,2268.000000,2272.250000,2232.000000,2241.550049,2123.821289,1222094
2021-02-15,2251.000000,2261.750000,2213.000000,2215.199951,2098.855225,2449407
2021-02-16,2227.000000,2229.050049,2190.050049,2196.100098,2080.758545,2396356
2021-02-17,2196.000000,2201.550049,2160.000000,2163.899902,2050.249756,2447956
2021-02-18,2164.000000,2168.550049,2143.199951,2146.850098,2034.095337,3205806
2021-02-19,2152.899902,2194.000000,2150.000000,2181.100098,2066.546631,3364030
2021-02-22,2205.000000,2205.000000,2161.600098,2167.600098,2053.755615,2678023
2021-02-23,2185.000000,2192.350098,2170.199951,2179.250000,2064.793457,2062144
2021-02-24,2188.500000,2188.500000,2155.550049,2178.850098,2064.414307,924143
2021-02-25,2177.000000,2185.000000,2160.000000,2163.300049,2049.681152,2099460
2021-02-26,2158.000000,2182.399902,2120.000000,2132.050049,2020.072510,3413194
2021-03-01,2135.199951,2154.000000,2128.000000,2143.399902,2030.826172,1229276
2021-03-02,2162.000000,2183.899902,2140.550049,2177.949951,2063.561279,2095135
2021-03-03,2205.000000,2205.000000,2173.500000,2193.500000,2078.295166,2031893
2021-03-04,2185.000000,2203.500000,2174.000000,2196.899902,2081.516113,2290915
2021-03-05,2184.600098,2209.949951,2175.250000,2201.100098,2085.495850,2129837
2021-03-08,2210.000000,2216.100098,2169.000000,2174.550049,2060.340332,1440724
2021-03-09,2176.000000,2205.000000,2162.050049,2198.500000,2083.032471,1711842
2021-03-10,2210.500000,2236.899902,2193.199951,2227.850098,2110.840820,2696085
2021-03-12,2236.000000,2239.899902,2200.000000,2204.750000,2088.954102,2038930
2021-03-15,2206.100098,2217.449951,2183.300049,2210.850098,2094.733643,1632022
2021-03-16,2221.350098,2247.500000,2214.300049,2244.050049,2126.189941,2633605
2021-03-17,2254.000000,2262.000000,2219.250000,2226.300049,2109.372314,3703365
2021-03-18,2238.000000,2249.899902,2205.000000,2215.199951,2098.855225,2597091
2021-03-19,2204.100098,2325.250000,2191.500000,2312.050049,2190.618896,5382214
2021-03-22,2310.100098,2356.500000,2302.000000,2353.199951,2229.606934,2471516
2021-03-23,2363.000000,2372.949951,2333.399902,2337.300049,2214.542480,1970612
2021-03-24,2337.300049,2350.899902,2315.550049,2318.600098,2196.824707,1762743
2021-03-25,2318.600098,2322.000000,2231.050049,2237.050049,2119.557861,2495833
2021-03-26,2255.000000,2325.000000,2248.800049,2317.899902,2196.161133,1929236
2021-03-30,2325.000000,2406.000000,2325.000000,2398.750000,2272.765137,3327203
2021-03-31,2386.000000,2438.600098,2381.649902,2431.500000,2303.795166,2709756
2021-04-01,2446.800049,2446.800049,2392.050049,2399.100098,2273.096680,1532653
2021-04-05,2400.000000,2417.199951,2346.500000,2373.199951,2248.557129,2545447
2021-04-06,2382.300049,2411.000000,2377.350098,2408.300049,2281.813477,3683538
2021-04-07,2417.000000,2435.000000,2387.350098,2405.250000,2278.924072,1713970
2021-04-08,2406.000000,2439.000000,2395.600098,2409.899902,2283.329102,1814515
2021-04-09,2424.000000,2483.000000,2424.000000,2476.000000,2345.957520,2604858
2021-04-12,2441.500000,2488.250000,2437.600098,2462.000000,2332.693115,2261945
2021-04-13,2470.000000,2505.899902,2448.800049,2454.399902,2325.492188,1811781
2021-04-15,2497.000000,2497.000000,2421.100098,2460.649902,2331.414063,3352379
2021-04-16,2469.899902,2478.949951,2440.000000,2458.899902,2329.755615,1225517
2021-04-19,2440.000000,2459.699951,2414.050049,2436.649902,2308.674316,1746316
2021-04-20,2456.000000,2456.000000,2383.800049,2397.449951,2271.533203,1589508
2021-04-22,2390.000000,2390.000000,2332.000000,2349.399902,2226.007324,1721265
2021-04-23,2340.000000,2350.000000,2300.000000,2307.750000,2186.544189,1949756
2021-04-26,2324.000000,2369.800049,2311.000000,2360.649902,2236.666016,1946867
2021-04-27,2363.000000,2386.449951,2352.949951,2379.850098,2254.857666,1668456
2021-04-28,2380.000000,2445.000000,2366.300049,2406.550049,2280.155273,1951215
2021-04-29,2433.000000,2448.949951,2384.149902,2407.600098,2281.150146,3151150
2021-04-30,2410.000000,2442.899902,2330.250000,2353.750000,2230.128662,4010778
2021-05-03,2343.000000,2415.000000,2340.000000,2408.000000,2281.529297,1692239
2021-05-04,2409.199951,2418.199951,2372.199951,2407.649902,2281.197510,1453111
2021-05-05,2434.000000,2434.000000,2368.649902,2394.649902,2268.879883,1256857
2021-05-06,2400.000000,2416.550049,2377.050049,2390.000000,2264.474609,1377740
2021-05-07,2408.800049,2424.000000,2397.149902,2411.199951,2284.561035,1169518
2021-05-10,2423.000000,2446.949951,2416.000000,2432.899902,2305.121338,988495
2021-05-11,2425.000000,2426.000000,2394.250000,2402.100098,2275.939209,1019077
2021-05-12,2389.000000,2389.000000,2325.050049,2328.949951,2206.631104,2053932
2021-05-14,2328.899902,2382.399902,2326.000000,2376.850098,2252.015625,1388970
2021-05-17,2385.000000,2395.000000,2366.500000,2376.250000,2251.446777,811243
2021-05-18,2402.100098,2408.350098,2366.949951,2374.250000,2249.551514,1153722
2021-05-19,2360.000000,2380.000000,2344.000000,2359.750000,2235.813232,1323590
2021-05-20,2360.000000,2362.000000,2340.000000,2344.149902,2221.032471,856235
2021-05-21,2340.000000,2366.149902,2340.000000,2362.250000,2238.181885,771492
2021-05-24,2355.000000,2359.949951,2325.250000,2336.550049,2213.831787,1194864
2021-05-25,2355.000000,2369.800049,2338.000000,2344.050049,2220.937744,1098457
2021-05-26,2355.750000,2370.199951,2345.250000,2354.000000,2230.365234,811095
2021-05-27,2353.000000,2353.000000,2322.899902,2326.399902,2204.214600,3755182
2021-05-28,2333.350098,2350.000000,2319.350098,2321.699951,2199.761963,1215325
2021-05-31,2325.000000,2345.000000,2320.149902,2340.050049,2217.147949,1178704
2021-06-01,2347.000000,2363.000000,2330.600098,2358.300049,2234.439941,1141451
2021-06-02,2356.000000,2373.649902,2350.000000,2358.800049,2234.913086,1113091
2021-06-03,2369.000000,2371.050049,2345.000000,2363.250000,2239.129639,868532
2021-06-04,2370.000000,2370.000000,2333.949951,2342.050049,2219.042969,1283795
2021-06-07,2354.000000,2354.000000,2331.000000,2339.300049,2216.437500,1128300
2021-06-08,2339.300049,2362.000000,2335.149902,2359.000000,2235.102539,1106664
2021-06-09,2362.000000,2371.949951,2345.600098,2356.000000,2232.260254,1072858
2021-06-10,2364.000000,2399.949951,2355.250000,2378.800049,2253.862549,1944339
2021-06-11,2381.000000,2388.550049,2360.000000,2366.500000,2242.208740,1128097
2021-06-14,2358.399902,2375.100098,2336.600098,2364.600098,2256.619629,1761632
2021-06-15,2360.000000,2395.000000,2360.000000,2391.949951,2282.720215,1215463
2021-06-16,2385.000000,2418.850098,2383.649902,2407.899902,2297.941895,2153668
2021-06-17,2398.000000,2425.899902,2386.399902,2417.699951,2307.294434,1555777
2021-06-18,2420.000000,2496.699951,2405.000000,2482.899902,2369.516846,3937751
2021-06-21,2473.949951,2529.000000,2467.000000,2514.350098,2399.531006,2506277
2021-06-22,2518.100098,2533.949951,2481.649902,2490.250000,2376.531738,1945883
2021-06-23,2495.000000,2514.000000,2458.199951,2480.500000,2367.226563,1035668
2021-06-24,2490.000000,2504.800049,2474.100098,2490.149902,2376.435791,759681
2021-06-25,2488.000000,2489.949951,2445.000000,2448.649902,2336.831055,1112942
2021-06-28,2450.100098,2465.000000,2437.300049,2460.199951,2347.853516,694906
2021-06-29,2455.000000,2497.500000,2445.000000,2492.550049,2378.726563,1354397
2021-06-30,2492.550049,2505.000000,2463.000000,2471.300049,2358.447021,1447245
2021-07-01,2484.000000,2484.000000,2463.000000,2478.000000,2364.840820,735043
2021-07-02,2478.000000,2492.699951,2452.000000,2487.300049,2373.716309,860231
2021-07-05,2499.000000,2513.399902,2485.050049,2499.050049,2384.929199,761700
2021-07-06,2490.000000,2497.949951,2469.000000,2472.500000,2359.592285,461782
2021-07-07,2458.000000,2490.800049,2445.850098,2481.649902,2368.323975,623145
2021-07-08,2462.199951,2469.750000,2438.449951,2447.550049,2335.781494,1114426
2021-07-09,2440.000000,2464.500000,2438.449951,2451.449951,2339.503174,538094
2021-07-12,2453.000000,2459.899902,2430.000000,2444.149902,2332.536377,543898
2021-07-13,2455.000000,2455.550049,2430.000000,2436.699951,2325.426758,994396
2021-07-14,2439.800049,2441.350098,2409.000000,2414.850098,2304.574463,1377829
2021-07-15,2425.000000,2425.000000,2401.000000,2412.350098,2302.188965,693792
2021-07-16,2420.000000,2430.000000,2406.000000,2417.399902,2307.008057,545405
2021-07-19,2400.050049,2417.000000,2398.500000,2408.649902,2298.657715,463873
2021-07-20,2403.000000,2460.000000,2403.000000,2434.899902,2323.708984,1061476
2021-07-22,2450.000000,2508.000000,2375.500000,2378.149902,2269.550293,3546044
2021-07-23,2382.000000,2391.750000,2354.699951,2358.100098,2250.416260,1517589
2021-07-26,2357.250000,2360.000000,2338.000000,2348.699951,2241.445313,1311535
2021-07-27,2348.699951,2359.449951,2332.000000,2342.399902,2235.432861,1656945
2021-07-28,2350.000000,2368.449951,2343.100098,2361.399902,2253.565430,912373
2021-07-29,2361.399902,2371.399902,2330.000000,2334.750000,2228.132813,1012663
2021-07-30,2340.000000,2356.550049,2318.000000,2333.300049,2226.748779,1708251
2021-08-02,2342.000000,2353.399902,2324.600098,2332.800049,2226.271484,1229936
2021-08-03,2330.000000,2393.000000,2326.100098,2386.850098,2277.853027,1733476
2021-08-04,2386.850098,2394.750000,2367.550049,2377.100098,2268.548828,1588974
2021-08-05,2391.000000,2391.000000,2354.000000,2357.699951,2250.034424,921757
2021-08-06,2357.699951,2380.750000,2357.500000,2371.500000,2263.203857,1432661
2021-08-09,2379.449951,2395.000000,2374.850098,2384.500000,2275.610107,921476
2021-08-10,2394.000000,2394.000000,2359.100098,2381.800049,2273.033691,1061370
2021-08-11,2390.000000,2395.000000,2362.199951,2390.449951,2281.288818,1300594
2021-08-12,2395.000000,2413.500000,2377.449951,2392.300049,2283.054443,1226064
2021-08-13,2401.000000,2409.649902,2388.000000,2404.500000,2294.697021,1033159
2021-08-16,2404.000000,2436.850098,2392.649902,2426.399902,2315.596680,1146309
2021-08-17,2433.000000,2487.449951,2431.050049,2483.800049,2370.376221,1921902
2021-08-18,2485.000000,2500.000000,2454.000000,2486.050049,2372.523193,1545643
2021-08-20,2490.000000,2630.000000,2476.000000,2619.399902,2499.783447,5779927
2021-08-23,2625.000000,2672.850098,2594.500000,2634.149902,2513.860107,2163220
2021-08-24,2634.000000,2658.000000,2610.000000,2633.000000,2512.762451,1482854
2021-08-25,2632.000000,2666.449951,2620.649902,2645.000000,2524.214600,1746570
2021-08-26,2631.000000,2697.800049,2631.000000,2666.399902,2544.637451,2117291
2021-08-27,2669.000000,2690.000000,2651.100098,2677.949951,2555.659912,1176229
2021-08-30,2691.600098,2705.750000,2671.600098,2687.699951,2564.964844,1168190
2021-08-31,2687.899902,2737.449951,2675.649902,2724.100098,2599.702393,2535891
2021-09-01,2745.000000,2775.000000,2715.000000,2732.899902,2608.100586,1775792
2021-09-02,2748.000000,2810.000000,2730.149902,2801.050049,2673.138428,1946183
2021-09-03,2802.199951,2808.750000,2756.000000,2766.699951,2640.357422,1561823
2021-09-06,2790.000000,2825.000000,2775.300049,2780.600098,2653.622559,1444978
2021-09-07,2788.600098,2808.699951,2770.000000,2777.699951,2650.854736,1219915
2021-09-08,2788.899902,2810.000000,2765.100098,2800.899902,2672.995605,946711
2021-09-09,2782.000000,2823.649902,2782.000000,2810.649902,2682.300049,879454
2021-09-13,2797.500000,2822.449951,2775.000000,2786.350098,2659.110107,1341412
2021-09-14,2802.000000,2804.000000,2751.050049,2762.550049,2636.396729,1755061
2021-09-15,2774.000000,2785.000000,2749.050049,2775.449951,2648.707764,1362350
2021-09-16,2752.000000,2797.300049,2752.000000,2768.250000,2641.836670,1259196
2021-09-17,2770.100098,2783.000000,2699.000000,2722.250000,2597.936768,3095032
2021-09-20,2720.000000,2809.000000,2710.050049,2800.350098,2672.470459,2671330
2021-09-21,2810.000000,2859.300049,2796.649902,2812.449951,2684.017822,2277437
2021-09-22,2827.899902,2839.899902,2774.000000,2784.500000,2657.344727,1580594
2021-09-23,2799.000000,2817.699951,2772.850098,2782.300049,2655.244873,1054473
2021-09-24,2770.100098,2780.000000,2731.399902,2746.649902,2621.222656,1635284
2021-09-27,2765.000000,2765.000000,2704.500000,2709.500000,2585.769287,1465932
2021-09-28,2725.000000,2754.449951,2709.899902,2723.850098,2599.464111,1078052
2021-09-29,2714.949951,2744.449951,2677.000000,2685.300049,2562.674561,1503894
2021-09-30,2685.300049,2705.300049,2681.949951,2701.800049,2578.420898,1620199
2021-10-01,2706.000000,2712.000000,2680.100098,2704.050049,2580.568115,956111
2021-10-04,2700.000000,2724.000000,2679.699951,2686.199951,2563.532959,1025005
2021-10-05,2686.199951,2714.949951,2686.000000,2708.649902,2584.958008,562784
2021-10-06,2694.050049,2734.000000,2676.000000,2686.050049,2563.390137,862471
2021-10-07,2698.000000,2704.250000,2666.000000,2669.399902,2547.500488,1082816
2021-10-08,2670.500000,2678.550049,2625.399902,2640.050049,2519.490967,1579941
2021-10-11,2642.199951,2665.500000,2635.500000,2645.100098,2524.310303,1086252
2021-10-12,2625.000000,2688.050049,2625.000000,2676.149902,2553.942139,1174337
2021-10-13,2688.100098,2693.600098,2642.600098,2646.750000,2525.885010,1660007
2021-10-14,2646.750000,2676.750000,2620.000000,2649.550049,2528.556885,2158809
2021-10-18,2672.800049,2678.899902,2643.050049,2654.000000,2532.803711,1758177
2021-10-19,2669.899902,2732.000000,2520.500000,2546.800049,2430.498779,5431133
2021-10-20,2569.000000,2584.000000,2470.000000,2478.649902,2365.460693,4864654
2021-10-21,2503.399902,2505.000000,2428.000000,2445.750000,2334.063477,3254632
2021-10-22,2459.000000,2498.250000,2430.000000,2454.100098,2342.032227,1845622
2021-10-25,2454.100098,2463.550049,2410.000000,2455.850098,2343.702637,1560381
2021-10-26,2468.899902,2468.899902,2417.050049,2436.850098,2339.861572,1595060
2021-10-27,2455.000000,2455.199951,2391.149902,2396.600098,2301.213623,3083879
2021-10-28,2400.000000,2416.000000,2368.000000,2389.649902,2294.540039,2015791
2021-10-29,2400.000000,2402.000000,2373.000000,2393.149902,2297.900635,2453400
2021-11-01,2393.000000,2410.899902,2368.250000,2407.100098,2311.295654,1941114
2021-11-02,2415.000000,2428.000000,2402.000000,2418.899902,2322.625977,1350154
2021-11-03,2434.000000,2434.000000,2386.199951,2411.350098,2315.376709,1591607
2021-11-04,2429.000000,2430.000000,2420.000000,2422.850098,2326.418945,245719
2021-11-08,2449.000000,2449.000000,2400.100098,2431.899902,2335.108154,2555533
2021-11-09,2439.800049,2446.199951,2416.449951,2431.149902,2334.388428,1696949
2021-11-10,2411.050049,2420.000000,2396.000000,2400.149902,2304.621826,1794509
2021-11-11,2402.699951,2406.949951,2366.199951,2376.199951,2281.625488,1282647
2021-11-12,2388.000000,2413.600098,2376.199951,2404.949951,2309.230957,1651974
2021-11-15,2404.100098,2430.000000,2404.100098,2424.750000,2328.242920,1007999
2021-11-16,2434.649902,2434.649902,2400.100098,2406.649902,2310.863525,1245209
2021-11-17,2404.000000,2410.050049,2387.199951,2391.149902,2295.980225,956809
2021-11-18,2390.000000,2406.350098,2370.000000,2399.399902,2303.901855,1236943
2021-11-22,2409.399902,2409.899902,2377.149902,2388.550049,2293.483887,1629290
2021-11-23,2387.800049,2400.000000,2336.500000,2394.199951,2298.908936,1932539
2021-11-24,2406.000000,2406.000000,2367.000000,2374.750000,2280.233154,999070
2021-11-25,2387.000000,2387.000000,2341.000000,2349.050049,2255.556152,1363272
2021-11-26,2344.000000,2365.000000,2325.199951,2335.100098,2242.161133,2450902
2021-11-29,2334.399902,2342.250000,2284.699951,2329.399902,2236.687988,1724612
2021-11-30,2322.000000,2361.000000,2302.000000,2317.550049,2225.309570,3931035
2021-12-01,2340.000000,2356.750000,2323.250000,2344.850098,2251.523193,1263139
2021-12-02,2357.000000,2388.000000,2345.000000,2383.300049,2288.442871,1673117
2021-12-03,2383.300049,2389.899902,2337.899902,2343.649902,2250.371094,1890178
2021-12-06,2344.000000,2363.949951,2301.000000,2306.500000,2214.699707,1079171
2021-12-07,2327.899902,2341.649902,2312.000000,2321.600098,2229.198486,895313
2021-12-08,2318.250000,2344.449951,2318.250000,2340.600098,2247.442383,839769
2021-12-09,2341.000000,2348.600098,2321.550049,2339.750000,2246.626221,716666
2021-12-10,2347.000000,2347.000000,2320.000000,2332.800049,2239.953125,724539
2021-12-13,2352.000000,2352.000000,2301.000000,2304.350098,2212.635254,1804894
2021-12-14,2305.000000,2324.949951,2304.000000,2318.300049,2226.030273,1219031
2021-12-15,2316.000000,2324.800049,2300.500000,2320.949951,2228.574463,755122
2021-12-16,2320.949951,2325.300049,2303.949951,2309.500000,2217.580322,926493
2021-12-17,2303.000000,2308.949951,2226.000000,2230.250000,2141.484619,2439222
2021-12-20,2226.000000,2274.350098,2201.149902,2269.100098,2178.788086,2175705
2021-12-21,2290.000000,2302.699951,2252.750000,2272.850098,2182.388916,1591415
2021-12-22,2300.000000,2317.399902,2269.000000,2277.649902,2186.997803,1661605
2021-12-23,2298.949951,2305.000000,2274.600098,2300.649902,2209.082031,1423081
2021-12-24,2310.000000,2313.000000,2283.300049,2296.949951,2205.529785,895503
2021-12-27,2296.949951,2308.100098,2278.250000,2301.399902,2209.802002,584302
2021-12-28,2310.000000,2318.399902,2297.750000,2309.100098,2217.196045,783710
2021-12-29,2314.899902,2321.850098,2299.050049,2306.850098,2215.035645,1410236
2021-12-30,2308.000000,2330.000000,2296.649902,2325.600098,2233.039307,963711
2021-12-31,2340.000000,2370.350098,2330.000000,2360.149902,2266.214111,1123597
2022-01-03,2378.000000,2378.000000,2353.000000,2361.300049,2267.318604,879278
2022-01-04,2368.949951,2408.100098,2355.350098,2401.250000,2305.678223,1484275
2022-01-05,2403.800049,2420.000000,2392.000000,2415.800049,2319.649170,1202512
2022-01-06,2398.000000,2412.000000,2367.699951,2391.399902,2296.220215,1198901
2022-01-07,2388.000000,2421.899902,2388.000000,2416.149902,2319.985107,1026186
2022-01-10,2425.000000,2425.000000,2402.000000,2407.050049,2311.247559,919447
2022-01-11,2417.149902,2418.300049,2392.000000,2403.649902,2307.982666,1321335
2022-01-12,2407.199951,2416.000000,2398.500000,2413.149902,2317.104736,1487554
2022-01-13,2418.000000,2421.899902,2403.250000,2414.199951,2318.113037,1586299
2022-01-14,2420.000000,2421.000000,2360.800049,2363.699951,2269.622559,1596037
2022-01-17,2364.000000,2394.199951,2345.000000,2389.550049,2294.444092,912205
2022-01-18,2408.699951,2408.699951,2357.399902,2369.500000,2275.191895,1667579
2022-01-19,2364.000000,2368.600098,2305.050049,2309.899902,2217.964111,2145255
2022-01-20,2325.000000,2325.550049,2243.000000,2261.800049,2171.778809,2829711
2022-01-21,2264.800049,2334.350098,2250.000000,2325.399902,2232.847168,4596050
2022-01-24,2338.899902,2344.949951,2266.699951,2284.600098,2193.671387,2231103
2022-01-25,2283.500000,2333.699951,2240.899902,2327.250000,2234.623779,1843543
2022-01-27,2310.000000,2325.600098,2275.000000,2295.350098,2203.993164,2620474
2022-01-28,2294.600098,2318.699951,2278.050049,2283.550049,2192.663086,1967721
2022-01-31,2290.000000,2311.850098,2271.000000,2273.750000,2183.253174,1639875
2022-02-01,2303.300049,2320.000000,2278.399902,2305.649902,2213.883301,1270508
2022-02-02,2324.100098,2333.000000,2296.550049,2327.899902,2235.247803,1246111
2022-02-03,2329.000000,2331.949951,2290.000000,2298.149902,2206.681885,1448039
2022-02-04,2306.000000,2312.750000,2283.000000,2306.600098,2214.795410,1014561
2022-02-07,2295.250000,2316.699951,2237.000000,2257.600098,2167.745850,1207402
2022-02-08,2268.000000,2268.000000,2246.550049,2264.350098,2174.227051,1190660
2022-02-09,2267.550049,2280.350098,2255.600098,2277.649902,2186.997803,1049611
2022-02-10,2280.000000,2285.000000,2255.850098,2283.149902,2192.278809,1195100
2022-02-11,2279.000000,2279.000000,2249.000000,2258.000000,2168.129883,2100036
2022-02-14,2220.000000,2236.250000,2207.000000,2228.550049,2139.852295,1661501
2022-02-15,2247.949951,2304.149902,2222.550049,2290.100098,2198.952148,1533070
2022-02-16,2290.100098,2303.750000,2275.000000,2286.500000,2195.495361,995668
2022-02-17,2282.000000,2313.000000,2276.000000,2307.550049,2215.707764,869374
2022-02-18,2294.000000,2327.800049,2294.000000,2312.550049,2220.509033,890713
2022-02-21,2298.000000,2304.050049,2284.750000,2294.800049,2203.465576,737919
2022-02-22,2280.000000,2280.000000,2250.100098,2269.949951,2179.604248,902667
2022-02-23,2270.000000,2273.949951,2252.250000,2260.399902,2170.434082,1324411
2022-02-24,2200.000000,2242.000000,2160.300049,2171.399902,2084.976318,2997629
2022-02-25,2195.000000,2196.000000,2162.149902,2170.699951,2084.304443,2193728
2022-02-28,2164.000000,2179.899902,2120.000000,2172.100098,2085.648682,2334036
2022-03-02,2128.949951,2154.800049,2123.050049,2149.100098,2063.564209,2034688
2022-03-03,2157.899902,2167.949951,2086.600098,2091.000000,2007.776733,2372998
2022-03-04,2075.000000,2077.949951,1975.250000,2019.500000,1939.122314,6320118
2022-03-07,1979.500000,1980.150024,1927.000000,1943.949951,1866.579224,2976453
2022-03-08,1924.550049,1958.000000,1901.550049,1949.000000,1871.428345,3211938
2022-03-09,1964.000000,2007.050049,1951.000000,1997.900024,1918.382080,2879079
2022-03-10,2051.899902,2114.000000,2049.000000,2101.949951,2018.290771,4879791
2022-03-11,2100.000000,2110.199951,2070.000000,2094.399902,2011.041260,2481643
2022-03-14,2095.000000,2095.000000,2046.099976,2059.300049,1977.338379,1730325
2022-03-15,2045.000000,2080.800049,2025.000000,2038.199951,1957.078003,2391023
2022-03-16,2060.000000,2080.000000,2032.050049,2072.149902,1989.676636,2808685
2022-03-17,2098.100098,2116.699951,2082.350098,2102.050049,2018.386597,2995889
2022-03-21,2106.500000,2110.899902,2046.000000,2051.199951,1969.560669,1674982
2022-03-22,2053.750000,2053.750000,1969.000000,1993.500000,1914.157227,5356303
2022-03-23,2012.000000,2016.550049,1975.250000,1978.550049,1899.802246,3212162
2022-03-24,1970.000000,1991.349976,1951.349976,1965.900024,1887.655640,3054664
2022-03-25,1974.900024,1977.000000,1945.000000,1953.000000,1875.269165,2233647
2022-03-28,1959.949951,1980.800049,1931.300049,1975.099976,1896.489502,1794533
2022-03-29,1980.000000,1994.849976,1974.050049,1987.050049,1907.963989,1249125
2022-03-30,2000.000000,2019.000000,1995.050049,2015.900024,1935.665527,1476829
2022-03-31,2019.400024,2054.000000,2018.000000,2048.649902,1967.112061,2540524
2022-04-01,2054.899902,2085.850098,2038.400024,2078.149902,1995.437866,1714996
2022-04-04,2078.000000,2132.449951,2070.199951,2128.449951,2043.736084,1693019
2022-04-05,2144.500000,2158.000000,2127.000000,2139.800049,2054.634521,1277652
2022-04-06,2135.000000,2164.399902,2121.300049,2142.050049,2056.794922,1736115
2022-04-07,2139.949951,2175.000000,2135.100098,2164.800049,2078.639160,1824732
2022-04-08,2177.699951,2193.500000,2163.500000,2183.050049,2096.162842,1693462
2022-04-11,2188.000000,2194.100098,2138.899902,2163.050049,2076.958984,1380107
2022-04-12,2140.899902,2165.000000,2125.000000,2132.250000,2047.384888,1370233
2022-04-13,2137.699951,2165.000000,2130.699951,2152.149902,2066.493164,1071601
2022-04-18,2148.000000,2182.899902,2135.050049,2177.649902,2090.977783,1828131
2022-04-19,2185.699951,2206.850098,2101.050049,2113.050049,2028.949097,1775996
2022-04-20,2114.399902,2168.649902,2092.699951,2164.949951,2078.783203,1511804
2022-04-21,2185.000000,2203.750000,2168.000000,2197.949951,2110.469727,2244813
2022-04-22,2182.000000,2189.000000,2120.000000,2126.949951,2042.295776,3520828
2022-04-25,2100.000000,2162.000000,2047.000000,2100.750000,2017.138428,2437310
2022-04-26,2142.199951,2157.949951,2121.000000,2148.350098,2062.844238,1447088
2022-04-27,2147.800049,2152.399902,2103.500000,2145.100098,2059.723389,2214481
2022-04-28,2230.000000,2250.000000,2165.000000,2241.850098,2152.622559,5865359
2022-04-29,2244.399902,2290.000000,2222.550049,2234.850098,2145.901123,2678692
2022-05-02,2220.000000,2252.000000,2205.899902,2230.500000,2141.724121,1543544
2022-05-04,2241.949951,2250.850098,2148.649902,2171.550049,2085.120605,1608395
2022-05-05,2178.000000,2201.949951,2153.600098,2166.600098,2080.367920,1101451
2022-05-06,2125.000000,2170.000000,2106.199951,2149.199951,2063.660156,1585602
2022-05-09,2121.500000,2139.399902,2110.149902,2116.649902,2032.405518,1341414
2022-05-10,2134.000000,2197.899902,2119.000000,2180.399902,2093.618408,2162232
2022-05-11,2185.000000,2189.699951,2116.000000,2163.500000,2077.391113,1858636
2022-05-12,2164.850098,2164.850098,2109.199951,2138.800049,2053.674316,1531515
2022-05-13,2170.000000,2218.000000,2154.149902,2194.100098,2106.773438,2057239
2022-05-16,2200.000000,2221.949951,2172.300049,2217.250000,2129.001709,1396818
2022-05-17,2237.899902,2277.000000,2221.300049,2245.000000,2155.647217,2055096
2022-05-18,2236.100098,2302.000000,2236.100098,2291.399902,2200.200439,2137455
2022-05-19,2245.600098,2283.800049,2245.449951,2264.550049,2174.418945,1734602
2022-05-20,2290.000000,2348.000000,2282.699951,2325.949951,2233.375244,2599505
2022-05-23,2309.000000,2388.000000,2306.350098,2379.800049,2285.082275,2363306
2022-05-24,2380.000000,2380.000000,2302.050049,2309.649902,2217.724121,3078655
2022-05-25,2329.949951,2329.949951,2286.500000,2298.699951,2207.209717,1884260
2022-05-26,2290.149902,2296.000000,2258.000000,2280.199951,2189.446289,2299127
2022-05-27,2297.000000,2334.899902,2280.500000,2330.600098,2237.840576,1011303
2022-05-30,2342.199951,2365.000000,2331.000000,2348.949951,2255.459961,939562
2022-05-31,2360.000000,2367.899902,2303.899902,2353.250000,2259.589111,3123979
2022-06-01,2370.000000,2413.800049,2302.000000,2308.449951,2216.572021,2197599
2022-06-02,2295.000000,2306.949951,2257.149902,2284.800049,2193.863037,1460335
2022-06-03,2284.000000,2324.949951,2265.149902,2291.949951,2200.728516,1845303
2022-06-06,2272.199951,2301.949951,2247.600098,2280.500000,2189.734375,2131405
2022-06-07,2250.000000,2259.850098,2207.050049,2211.600098,2123.576660,2034730
2022-06-08,2215.000000,2218.949951,2186.000000,2197.050049,2109.605713,1506843
2022-06-09,2197.000000,2208.350098,2170.750000,2197.699951,2110.229980,1497867
2022-06-10,2163.000000,2208.850098,2162.800049,2199.899902,2112.342041,1641981
2022-06-13,2168.000000,2217.000000,2156.000000,2196.899902,2109.461670,1519441
2022-06-14,2190.850098,2213.949951,2160.000000,2171.000000,2084.592773,1592475
2022-06-15,2158.699951,2158.899902,2131.000000,2146.550049,2079.313232,1432377
2022-06-16,2145.000000,2164.000000,2135.050049,2146.699951,2079.458496,1353485
2022-06-17,2160.000000,2160.399902,2100.000000,2110.449951,2044.343994,3252189
2022-06-20,2111.000000,2202.899902,2108.149902,2195.899902,2127.117188,2022000
2022-06-21,2195.000000,2232.000000,2172.149902,2205.000000,2135.932373,1606187
2022-06-22,2189.199951,2224.899902,2186.050049,2202.850098,2133.849854,1741378
2022-06-23,2208.000000,2257.350098,2192.100098,2252.600098,2182.041504,1585753
2022-06-24,2265.000000,2318.800049,2260.050049,2303.899902,2231.734375,1930048
2022-06-27,2315.850098,2331.850098,2298.050049,2320.649902,2247.959717,1450391
2022-06-28,2320.649902,2324.000000,2277.850098,2317.649902,2245.053711,1404108
2022-06-29,2296.199951,2299.899902,2225.000000,2233.449951,2163.491211,1682914
2022-06-30,2224.899902,2249.000000,2213.399902,2230.600098,2160.730713,2387212
2022-07-01,2226.000000,2293.000000,2203.600098,2282.350098,2210.859863,1235612
2022-07-04,2276.000000,2378.300049,2276.000000,2375.199951,2300.801270,2410245
2022-07-05,2384.500000,2412.000000,2371.600098,2401.500000,2326.277588,2463079
2022-07-06,2400.000000,2509.100098,2400.000000,2498.399902,2420.142090,4770394
2022-07-07,2505.000000,2531.000000,2465.500000,2472.949951,2395.489502,3333262
2022-07-08,2476.449951,2503.800049,2452.800049,2496.850098,2418.641113,1346970
2022-07-11,2487.000000,2525.000000,2480.000000,2490.600098,2412.586670,1587197
2022-07-12,2475.000000,2490.600098,2444.449951,2449.550049,2372.822266,1116476
2022-07-13,2464.000000,2519.350098,2461.399902,2497.750000,2419.512695,2528792
2022-07-14,2502.750000,2522.899902,2468.199951,2497.800049,2419.561035,1663307
2022-07-15,2530.000000,2573.899902,2502.050049,2568.500000,2488.046387,2996964
2022-07-18,2581.000000,2605.000000,2533.050049,2553.500000,2473.516357,1566888
2022-07-19,2549.949951,2575.000000,2522.750000,2567.949951,2487.513672,1473121
2022-07-20,2575.000000,2618.000000,2535.600098,2604.500000,2522.918945,4012897
2022-07-21,2617.000000,2629.899902,2591.699951,2607.449951,2525.776367,1990695
2022-07-22,2617.000000,2643.199951,2611.050049,2640.600098,2557.888428,1905780
2022-07-25,2645.500000,2654.000000,2612.000000,2623.600098,2541.420654,1253821
2022-07-26,2625.000000,2625.000000,2538.100098,2547.100098,2467.316650,1685576
2022-07-27,2535.350098,2590.500000,2525.000000,2581.949951,2501.075195,1404133
2022-07-28,2625.000000,2625.000000,2585.000000,2620.100098,2538.030518,1442054
2022-07-29,2640.000000,2645.000000,2596.000000,2637.399902,2554.788330,1463059
2022-08-01,2637.500000,2638.000000,2580.000000,2593.000000,2511.779053,1559918
2022-08-02,2600.000000,2639.100098,2599.000000,2635.250000,2552.705566,1359934
2022-08-03,2615.250000,2664.000000,2597.899902,2626.350098,2544.084473,1767904
2022-08-04,2634.000000,2643.449951,2615.000000,2627.949951,2545.634277,1189384
2022-08-05,2638.000000,2657.649902,2627.550049,2645.399902,2562.537598,1176666
2022-08-08,2645.399902,2658.000000,2626.050049,2650.350098,2567.332764,1024511
2022-08-10,2650.350098,2676.699951,2631.199951,2642.800049,2560.019287,1098949
2022-08-11,2656.050049,2667.750000,2606.600098,2613.699951,2531.830322,810674
2022-08-12,2624.899902,2626.100098,2585.100098,2594.949951,2513.667725,1473527
2022-08-16,2607.949951,2648.350098,2590.550049,2644.500000,2561.665771,1584117
2022-08-17,2651.000000,2694.000000,2644.500000,2684.649902,2600.558350,1711381
2022-08-18,2685.000000,2715.000000,2664.649902,2682.050049,2598.039551,1465489
2022-08-19,2689.000000,2698.949951,2626.500000,2634.550049,2552.027588,1324508
2022-08-22,2648.000000,2666.800049,2620.100098,2626.699951,2544.423584,1410895
2022-08-23,2602.050049,2629.699951,2585.250000,2592.750000,2511.536865,1305045
2022-08-24,2576.000000,2610.000000,2561.300049,2588.250000,2507.177979,1242489
2022-08-25,2601.199951,2628.399902,2565.449951,2574.199951,2493.568115,1106593
2022-08-26,2599.899902,2614.699951,2562.000000,2571.550049,2491.001221,1048791
2022-08-29,2550.000000,2607.899902,2550.000000,2575.800049,2495.117920,1450034
2022-08-30,2588.699951,2667.000000,2585.600098,2659.850098,2576.535156,2227943
2022-09-01,2650.000000,2655.000000,2594.000000,2606.000000,2524.371826,1702269
2022-09-02,2615.000000,2623.000000,2585.000000,2603.600098,2522.046875,937600
2022-09-05,2597.000000,2622.399902,2586.100098,2600.600098,2519.141357,1274074
2022-09-06,2591.199951,2620.000000,2563.000000,2573.100098,2492.502441,1250776
2022-09-07,2571.800049,2596.899902,2560.800049,2564.600098,2484.268555,1344964
2022-09-08,2580.000000,2596.000000,2563.000000,2577.149902,2496.425293,1004533
2022-09-09,2598.000000,2647.000000,2583.449951,2588.699951,2507.613770,1785443
2022-09-12,2591.000000,2605.000000,2574.000000,2580.399902,2499.573486,1595709
2022-09-13,2598.000000,2609.000000,2579.000000,2586.600098,2505.579590,1342130
2022-09-14,2550.000000,2606.000000,2546.699951,2571.399902,2490.855713,1610054
2022-09-15,2580.000000,2598.800049,2551.000000,2560.399902,2480.200195,1199906
2022-09-16,2555.000000,2563.850098,2518.649902,2528.149902,2448.960205,2516820
2022-09-19,2531.000000,2588.000000,2508.050049,2579.250000,2498.459717,1166725
2022-09-20,2598.600098,2621.500000,2579.600098,2583.550049,2502.625244,1253333
2022-09-21,2582.000000,2646.750000,2580.000000,2623.600098,2541.420654,1960049
2022-09-22,2623.100098,2701.250000,2620.050049,2692.750000,2608.404541,2620240
2022-09-23,2697.899902,2723.750000,2674.000000,2682.050049,2598.039551,1789791
2022-09-26,2668.500000,2729.000000,2643.050049,2660.550049,2577.213379,2678551
2022-09-27,2676.000000,2713.750000,2653.399902,2679.250000,2595.327393,1898501
2022-09-28,2669.949951,2708.750000,2652.050049,2702.100098,2617.461914,1526197
2022-09-29,2711.100098,2727.000000,2691.100098,2700.550049,2615.960205,2019666
2022-09-30,2707.000000,2714.899902,2667.899902,2696.449951,2611.988525,1340054
2022-10-03,2723.000000,2734.000000,2617.550049,2622.500000,2540.354736,1683197
2022-10-04,2650.000000,2676.500000,2634.149902,2667.949951,2584.381592,1327939
2022-10-06,2681.300049,2692.300049,2605.050049,2614.000000,2532.121338,1752351
2022-10-07,2611.899902,2613.000000,2575.000000,2599.699951,2518.269287,1025923
2022-10-10,2570.000000,2610.699951,2542.000000,2605.600098,2523.984619,1043728
2022-10-11,2610.000000,2610.550049,2545.000000,2550.649902,2470.755371,1129783
2022-10-12,2563.449951,2604.600098,2554.199951,2591.350098,2510.181152,882873
2022-10-13,2583.000000,2607.149902,2562.899902,2566.399902,2486.012451,753331
2022-10-14,2590.000000,2624.899902,2570.199951,2575.800049,2495.117920,1001536
2022-10-17,2573.600098,2609.949951,2568.000000,2590.550049,2509.405762,778918
2022-10-18,2620.000000,2642.000000,2597.000000,2602.250000,2520.739258,1123374
2022-10-19,2615.300049,2617.500000,2578.399902,2583.000000,2502.092529,1241979
2022-10-20,2568.149902,2610.000000,2568.149902,2600.899902,2519.431641,1428125
2022-10-21,2606.000000,2666.750000,2606.000000,2653.899902,2570.771240,2458302
2022-10-24,2610.100098,2640.000000,2550.000000,2573.100098,2492.502441,719908
2022-10-25,2586.000000,2586.000000,2500.000000,2505.399902,2426.923096,2923789
2022-10-27,2494.000000,2530.000000,2488.000000,2519.000000,2440.097168,1846329
2022-10-28,2526.100098,2550.899902,2512.000000,2524.250000,2445.182373,1164951
2022-10-31,2545.000000,2572.000000,2542.050049,2550.699951,2470.804199,1324443
2022-11-01,2569.000000,2575.850098,2547.600098,2551.800049,2488.454590,1280132
2022-11-02,2564.000000,2564.000000,2501.399902,2518.300049,2455.786377,1338284
2022-11-03,2515.699951,2549.000000,2508.300049,2546.350098,2483.140137,730444
2022-11-04,2544.949951,2546.000000,2515.250000,2520.350098,2457.785645,889055
2022-11-07,2531.100098,2552.000000,2517.000000,2532.800049,2469.926514,1283685
2022-11-09,2510.000000,2544.899902,2492.649902,2508.800049,2446.522217,1436444
2022-11-10,2504.000000,2538.000000,2501.050049,2513.600098,2451.202881,1459152
2022-11-11,2545.000000,2546.800049,2495.000000,2503.050049,2440.915039,1162847
2022-11-14,2506.800049,2513.750000,2455.149902,2457.800049,2396.788086,2137131
2022-11-15,2457.800049,2469.000000,2444.149902,2457.500000,2396.495605,1558333
2022-11-16,2463.550049,2483.000000,2428.100098,2477.850098,2416.340576,1330395
2022-11-17,2479.949951,2498.000000,2454.250000,2460.000000,2398.933594,960476
2022-11-18,2470.000000,2488.550049,2448.850098,2483.699951,2422.045166,1075675
2022-11-21,2483.699951,2512.000000,2470.050049,2501.399902,2439.305908,1354881
2022-11-22,2505.899902,2524.000000,2497.000000,2515.699951,2453.250732,921265
2022-11-23,2521.000000,2525.000000,2502.000000,2507.350098,2445.108154,734152
2022-11-24,2517.000000,2560.000000,2511.149902,2549.149902,2485.870361,999929
2022-11-25,2555.000000,2555.399902,2518.199951,2537.449951,2474.460693,783480
2022-11-28,2527.000000,2542.500000,2521.800049,2525.199951,2462.515137,830905
2022-11-29,2527.199951,2639.949951,2527.199951,2634.199951,2568.809082,2542932
2022-11-30,2634.000000,2698.000000,2623.000000,2684.350098,2617.714355,3698270
2022-12-01,2680.000000,2683.000000,2646.850098,2662.850098,2596.748047,1675569
2022-12-02,2660.000000,2660.000000,2607.149902,2615.100098,2550.183594,2101890
2022-12-05,2600.000000,2625.000000,2585.149902,2619.850098,2554.815430,1640511
2022-12-06,2606.800049,2659.949951,2603.850098,2654.550049,2588.654053,1484562
2022-12-07,2660.050049,2719.800049,2656.250000,2707.350098,2640.143311,2368561
2022-12-08,2695.050049,2711.050049,2685.750000,2705.449951,2638.290527,1314703
2022-12-09,2724.699951,2741.600098,2711.250000,2722.250000,2654.673340,1883397
2022-12-12,2702.199951,2724.000000,2688.649902,2717.250000,2649.797363,1163204
2022-12-13,2717.000000,2720.000000,2697.800049,2710.300049,2643.020264,1265839
2022-12-14,2720.000000,2720.000000,2671.350098,2684.649902,2618.006592,886858
2022-12-15,2668.350098,2683.250000,2648.449951,2663.250000,2597.137939,990722
2022-12-16,2668.000000,2687.699951,2653.300049,2671.300049,2604.988281,1793864
2022-12-19,2671.300049,2720.000000,2671.300049,2718.100098,2650.626709,1546941
2022-12-20,2706.000000,2706.050049,2653.250000,2674.550049,2608.157471,827567
2022-12-21,2687.949951,2695.149902,2650.100098,2666.199951,2600.014648,779092
2022-12-22,2676.500000,2688.500000,2642.000000,2645.350098,2579.682617,852567
2022-12-23,2632.000000,2649.550049,2608.050049,2621.100098,2556.034424,1189702
2022-12-26,2620.949951,2637.850098,2606.750000,2617.449951,2552.474854,605144
2022-12-27,2625.000000,2634.899902,2575.250000,2593.250000,2528.875732,870960
2022-12-28,2593.000000,2603.100098,2578.100098,2583.600098,2519.465332,822651
2022-12-29,2580.250000,2583.300049,2539.399902,2568.050049,2504.301270,1345863
2022-12-30,2579.949951,2586.449951,2555.199951,2561.050049,2497.474854,696432
2023-01-02,2573.899902,2580.050049,2538.050049,2558.399902,2494.890625,681703
2023-01-03,2550.050049,2562.000000,2535.000000,2542.050049,2478.946777,821843
2023-01-04,2550.500000,2558.399902,2527.050049,2536.100098,2473.144287,1672649
2023-01-05,2537.550049,2591.949951,2537.500000,2583.699951,2519.562744,2008493
2023-01-06,2580.000000,2611.899902,2574.899902,2576.449951,2512.492676,991782
2023-01-09,2589.350098,2629.449951,2570.000000,2624.050049,2558.911377,1267078
2023-01-10,2624.050049,2653.350098,2615.100098,2643.850098,2578.219971,1413088
2023-01-11,2644.000000,2647.850098,2588.100098,2593.250000,2528.875732,1471687
2023-01-12,2586.100098,2602.600098,2572.750000,2590.050049,2525.755371,1703829
2023-01-13,2590.199951,2639.250000,2566.649902,2624.000000,2558.862305,1348015
2023-01-16,2627.949951,2627.949951,2584.000000,2597.100098,2532.630127,930068
2023-01-17,2605.449951,2675.000000,2601.800049,2667.550049,2601.331055,1892865
2023-01-18,2668.000000,2693.500000,2660.000000,2686.199951,2619.518311,2038075
2023-01-19,2670.100098,2679.300049,2611.899902,2649.750000,2583.973145,1649842
2023-01-20,2550.000000,2605.000000,2536.050049,2548.750000,2485.480469,4569549
2023-01-23,2560.000000,2604.000000,2552.000000,2596.399902,2531.947510,1388360
2023-01-24,2604.000000,2610.000000,2580.800049,2600.500000,2535.945801,1462462
2023-01-25,2600.500000,2642.000000,2594.000000,2622.350098,2557.253418,1591810
2023-01-27,2635.500000,2646.550049,2578.199951,2612.149902,2547.306396,1581382
2023-01-30,2610.000000,2610.000000,2530.199951,2568.149902,2504.398682,2744039
2023-01-31,2568.000000,2590.199951,2541.199951,2576.750000,2512.785156,2366794
2023-02-01,2600.199951,2603.000000,2546.850098,2574.250000,2510.347412,2014615
2023-02-02,2569.500000,2639.750000,2563.000000,2634.850098,2569.442871,1980667
2023-02-03,2640.000000,2657.449951,2631.149902,2648.750000,2582.997803,1638238
2023-02-06,2631.000000,2645.000000,2599.750000,2637.600098,2572.125000,1697446
2023-02-07,2645.000000,2645.550049,2595.300049,2601.199951,2536.628174,1495745
2023-02-08,2592.699951,2607.500000,2578.350098,2582.800049,2518.685303,1061956
2023-02-09,2587.000000,2599.899902,2566.000000,2586.699951,2522.488281,1102484
2023-02-10,2585.000000,2586.649902,2555.350098,2577.500000,2513.516357,1523011
2023-02-13,2560.000000,2590.750000,2550.000000,2581.000000,2516.929688,1146525
2023-02-14,2585.000000,2602.000000,2570.199951,2579.600098,2515.564697,1944364
2023-02-15,2550.000000,2571.800049,2537.000000,2548.449951,2485.187744,2009134
2023-02-16,2560.000000,2561.899902,2522.850098,2527.100098,2464.367920,1982857
2023-02-17,2525.000000,2546.250000,2506.899902,2515.500000,2453.055908,1395341
2023-02-20,2518.000000,2543.000000,2508.199951,2511.449951,2449.106201,632091
2023-02-21,2528.000000,2543.949951,2512.300049,2516.149902,2453.689453,862797
2023-02-22,2516.149902,2523.550049,2482.750000,2494.050049,2432.138428,885515
2023-02-23,2492.000000,2515.899902,2480.100098,2490.649902,2428.822510,757215
2023-02-24,2492.199951,2511.250000,2471.949951,2484.199951,2422.532715,732783
2023-02-27,2487.000000,2487.000000,2456.000000,2468.149902,2406.881104,853991
2023-02-28,2469.750000,2474.350098,2435.649902,2460.649902,2399.567383,1780454
2023-03-01,2458.000000,2470.000000,2448.000000,2466.250000,2405.028564,967339
2023-03-02,2466.250000,2470.000000,2444.000000,2455.350098,2394.399170,827174
2023-03-03,2466.000000,2489.899902,2455.649902,2471.000000,2409.660156,1176008
2023-03-06,2481.949951,2498.850098,2475.600098,2484.850098,2423.166748,1214503
2023-03-08,2487.000000,2501.399902,2467.199951,2485.100098,2423.410400,1448340
2023-03-09,2484.850098,2491.949951,2456.899902,2461.399902,2400.298828,1038910
2023-03-10,2450.000000,2470.500000,2445.100098,2465.449951,2404.248291,772024
2023-03-13,2466.000000,2488.500000,2445.000000,2455.100098,2394.155273,1314549
2023-03-14,2462.000000,2472.000000,2439.750000,2442.449951,2381.819336,1250763
2023-03-15,2451.899902,2459.500000,2393.000000,2406.100098,2346.371582,1738040
2023-03-16,2424.949951,2469.300049,2407.750000,2459.350098,2398.299805,1628035
2023-03-17,2471.649902,2483.199951,2439.800049,2447.399902,2386.645996,2127178
2023-03-20,2447.399902,2516.649902,2425.000000,2511.199951,2448.862305,1561128
2023-03-21,2515.000000,2523.250000,2458.750000,2462.600098,2401.468994,1595161
2023-03-22,2472.600098,2481.399902,2454.399902,2476.350098,2414.877930,1063244
2023-03-23,2475.000000,2500.050049,2466.000000,2485.100098,2423.410400,1578627
2023-03-24,2472.199951,2497.899902,2470.000000,2480.800049,2419.217041,1449326
2023-03-27,2485.000000,2505.000000,2464.000000,2499.000000,2436.965332,1387736
2023-03-28,2509.800049,2513.500000,2471.899902,2482.800049,2421.167725,1412387
2023-03-29,2485.000000,2539.800049,2480.050049,2530.850098,2468.024658,2613254
2023-03-31,2558.800049,2568.449951,2516.550049,2560.350098,2496.792725,2146167
2023-04-03,2570.000000,2570.000000,2515.050049,2536.100098,2473.144287,918048
2023-04-05,2512.500000,2588.550049,2502.000000,2582.750000,2518.636475,1489612
2023-04-06,2575.000000,2585.000000,2553.000000,2565.250000,2501.570801,797414
2023-04-10,2565.250000,2568.949951,2525.000000,2532.149902,2469.292236,853322
2023-04-11,2540.000000,2555.000000,2533.000000,2547.750000,2484.505371,913184
2023-04-12,2556.000000,2556.000000,2518.649902,2528.949951,2466.171875,1109809
2023-04-13,2525.000000,2562.350098,2525.000000,2536.199951,2473.241699,1261711
2023-04-17,2573.000000,2579.000000,2541.399902,2551.850098,2488.503662,1566977
2023-04-18,2560.000000,2560.000000,2530.000000,2541.050049,2477.971436,1474786
2023-04-19,2548.000000,2548.000000,2510.250000,2531.600098,2468.756348,1320243
2023-04-20,2517.800049,2532.399902,2480.000000,2492.600098,2430.724609,1401364
2023-04-21,2492.000000,2509.500000,2485.649902,2497.949951,2435.941406,1206288
2023-04-24,2502.000000,2504.899902,2475.100098,2499.750000,2437.696533,1735797
2023-04-25,2490.850098,2499.750000,2478.050049,2490.449951,2428.627686,1701098
2023-04-26,2490.000000,2518.000000,2482.199951,2510.800049,2448.472412,1245903
2023-04-27,2513.949951,2522.000000,2457.000000,2468.949951,2407.661133,2743893
2023-04-28,2436.050049,2467.800049,2419.000000,2457.300049,2396.300537,3761927
2023-05-02,2471.800049,2478.000000,2450.000000,2451.699951,2390.839600,1760370
2023-05-03,2456.949951,2490.000000,2452.649902,2486.000000,2424.288086,1258140
2023-05-04,2486.949951,2509.350098,2480.149902,2506.750000,2444.522949,1150227
2023-05-05,2500.000000,2520.000000,2494.699951,2500.750000,2438.671875,1354871
2023-05-08,2505.750000,2526.850098,2497.149902,2516.300049,2453.835938,972810
2023-05-09,2525.000000,2525.000000,2500.050049,2515.800049,2453.348389,1651327
2023-05-10,2521.000000,2535.000000,2505.850098,2522.699951,2460.077148,2025658
2023-05-11,2536.949951,2599.000000,2523.600098,2592.399902,2528.046631,1749356
2023-05-12,2594.000000,2640.000000,2586.399902,2623.399902,2558.277100,2170011
2023-05-15,2637.949951,2670.750000,2623.050049,2662.250000,2596.162842,1561055
2023-05-16,2670.000000,2678.399902,2650.600098,2675.899902,2609.473877,1477905
2023-05-17,2672.000000,2674.000000,2647.050049,2661.750000,2595.675293,839404
2023-05-18,2665.500000,2669.199951,2621.850098,2627.550049,2562.324219,1434067
2023-05-19,2628.649902,2649.000000,2600.649902,2641.449951,2575.879150,1174757
2023-05-22,2635.000000,2655.449951,2623.050049,2638.100098,2572.612549,768232
2023-05-23,2632.000000,2649.800049,2625.000000,2628.300049,2563.055664,703864
2023-05-24,2620.000000,2638.000000,2608.000000,2614.949951,2550.036865,628872
2023-05-25,2610.000000,2626.149902,2580.550049,2597.250000,2532.776367,1072231
2023-05-26,2603.750000,2656.699951,2603.100098,2652.350098,2586.508789,947073
2023-05-29,2670.000000,2679.550049,2645.050049,2650.300049,2584.509766,698267
2023-05-30,2655.500000,2665.000000,2650.850098,2656.550049,2590.604492,948051
2023-05-31,2656.550049,2680.000000,2638.000000,2667.550049,2601.331055,3388305
2023-06-01,2667.000000,2731.250000,2654.500000,2697.899902,2630.927734,1541080
2023-06-02,2710.000000,2738.199951,2691.649902,2716.699951,2649.261230,1509260
2023-06-05,2716.449951,2722.000000,2684.149902,2695.800049,2628.880127,1000190
2023-06-06,2700.000000,2707.899902,2670.149902,2691.149902,2624.345215,655372
2023-06-07,2690.000000,2727.000000,2679.350098,2716.199951,2648.773438,1428490
2023-06-08,2707.000000,2721.550049,2674.899902,2679.899902,2613.374756,923536
2023-06-09,2688.949951,2688.949951,2620.100098,2636.199951,2570.759521,1413808
2023-06-12,2645.000000,2657.000000,2633.000000,2643.449951,2577.829346,775484
2023-06-13,2629.600098,2697.000000,2627.500000,2675.899902,2609.473877,1787924
2023-06-14,2671.000000,2702.100098,2652.000000,2698.750000,2631.756592,1536248
2023-06-15,2713.949951,2717.500000,2678.149902,2689.699951,2622.931396,1830192
2023-06-16,2689.699951,2724.000000,2683.199951,2715.649902,2648.237061,1748145
2023-06-19,2702.000000,2711.399902,2675.000000,2683.250000,2638.012451,1068263
2023-06-20,2670.000000,2680.399902,2648.100098,2676.100098,2630.983398,1129279
2023-06-21,2685.949951,2706.850098,2668.449951,2676.600098,2631.474854,1201840
2023-06-22,2668.649902,2678.000000,2648.699951,2654.350098,2609.599854,830052
2023-06-23,2651.300049,2660.550049,2627.449951,2641.600098,2597.064941,991214
2023-06-26,2642.149902,2674.199951,2642.149902,2652.100098,2607.387695,758700
2023-06-27,2652.100098,2661.600098,2636.000000,2651.350098,2606.650635,687747
2023-06-28,2652.949951,2687.600098,2642.000000,2661.250000,2616.383301,1397573
2023-06-30,2665.949951,2685.899902,2651.350098,2678.149902,2632.998535,1160181
2023-07-03,2687.000000,2705.850098,2659.449951,2701.050049,2655.512451,980665
2023-07-04,2701.050049,2706.699951,2675.000000,2700.000000,2654.480225,721907
2023-07-05,2699.949951,2759.399902,2696.100098,2755.850098,2709.388672,1717547
2023-07-06,2759.899902,2765.000000,2735.649902,2757.100098,2710.617432,1265020
2023-07-07,2753.100098,2769.649902,2691.000000,2698.100098,2652.612305,1178930
2023-07-10,2709.899902,2711.350098,2651.000000,2656.550049,2611.762695,1518183
2023-07-11,2657.100098,2716.750000,2646.000000,2684.500000,2639.241699,2476367
2023-07-12,2704.949951,2704.949951,2642.500000,2673.649902,2628.574219,2395826
2023-07-13,2684.949951,2687.449951,2651.199951,2654.699951,2609.943848,1495067
2023-07-14,2655.000000,2686.500000,2651.050049,2676.899902,2631.769531,1419016
2023-07-17,2670.000000,2703.199951,2670.000000,2681.699951,2636.488525,912701
2023-07-18,2685.550049,2701.100098,2677.300049,2682.800049,2637.570313,1215904
2023-07-19,2682.750000,2696.899902,2660.899902,2671.600098,2626.559082,1166542
2023-07-20,2669.050049,2716.300049,2658.199951,2703.250000,2657.675537,1430764
2023-07-21,2650.000000,2676.350098,2592.000000,2604.000000,2560.098633,5198952
2023-07-24,2604.000000,2605.949951,2575.000000,2580.250000,2536.749268,1777469
2023-07-25,2580.199951,2586.600098,2562.300049,2568.149902,2524.853027,1653775
2023-07-26,2579.500000,2598.800049,2572.300049,2583.300049,2539.747559,1300033
2023-07-27,2561.000000,2583.000000,2553.000000,2569.850098,2526.524658,2276136
2023-07-28,2570.000000,2593.750000,2565.199951,2584.600098,2541.025879,966450
2023-07-31,2575.050049,2582.899902,2554.000000,2560.800049,2517.626953,2003252
2023-08-01,2570.000000,2573.800049,2545.000000,2551.100098,2508.090576,1758897
2023-08-02,2538.000000,2573.449951,2536.000000,2568.949951,2525.639404,2082908
2023-08-03,2557.949951,2561.050049,2537.199951,2551.300049,2508.287354,1475310
2023-08-04,2551.300049,2558.949951,2535.050049,2546.000000,2503.076416,1359318
2023-08-07,2540.000000,2574.000000,2538.750000,2569.199951,2525.885254,803823
2023-08-08,2569.199951,2585.199951,2555.550049,2565.850098,2522.592041,1002061
2023-08-09,2565.850098,2568.949951,2541.000000,2552.199951,2509.171875,1212549
2023-08-10,2549.050049,2551.399902,2527.600098,2536.699951,2493.933350,1313334
2023-08-11,2535.000000,2536.649902,2499.000000,2501.800049,2459.621826,1472199
2023-08-14,2501.800049,2540.000000,2488.100098,2533.100098,2490.394043,1060479
2023-08-16,2534.000000,2555.050049,2524.399902,2552.600098,2509.565186,1155882
2023-08-17,2552.600098,2560.649902,2533.000000,2543.250000,2500.372803,1532873
2023-08-18,2532.100098,2567.750000,2532.100098,2554.750000,2511.678955,1970819
2023-08-21,2554.750000,2574.899902,2539.050049,2562.750000,2519.543945,977004
2023-08-22,2573.600098,2575.000000,2553.000000,2565.800049,2522.542725,960025
2023-08-23,2575.000000,2583.500000,2562.500000,2574.050049,2530.653809,1136112
2023-08-24,2585.000000,2591.750000,2566.949951,2581.250000,2537.732178,1143934
2023-08-25,2567.000000,2580.699951,2551.500000,2563.550049,2520.330811,802955
2023-08-28,2565.000000,2568.000000,2539.000000,2555.699951,2512.613037,619841
2023-08-29,2558.899902,2558.899902,2522.100098,2526.149902,2483.561035,958564
2023-08-30,2526.149902,2536.000000,2520.000000,2531.949951,2489.263184,1227377
2023-08-31,2532.050049,2539.800049,2491.100098,2505.050049,2462.817139,3235414
2023-09-01,2505.050049,2514.500000,2500.000000,2504.800049,2462.571045,813413
2023-09-04,2514.000000,2514.000000,2492.000000,2501.399902,2459.228271,1143301
2023-09-05,2510.000000,2523.449951,2502.100098,2507.050049,2464.782959,844088
2023-09-06,2513.449951,2526.100098,2507.449951,2523.500000,2480.955811,1094146
2023-09-07,2510.000000,2521.850098,2500.000000,2507.449951,2465.176514,1894798
2023-09-08,2504.000000,2521.050049,2501.550049,2513.800049,2471.419434,1018234
2023-09-11,2513.800049,2538.899902,2509.050049,2536.250000,2493.490723,1121083
2023-09-12,2549.000000,2549.000000,2488.000000,2498.850098,2456.721680,3946716
2023-09-13,2494.000000,2509.000000,2492.000000,2506.550049,2464.291504,1231305
2023-09-14,2511.000000,2514.000000,2493.100098,2500.800049,2458.638672,2081195
2023-09-15,2474.800049,2490.000000,2466.000000,2469.699951,2428.062988,3750697
2023-09-18,2471.350098,2492.949951,2462.000000,2488.649902,2446.693359,1499641
2023-09-20,2449.649902,2480.000000,2445.000000,2466.850098,2425.260986,1795159
2023-09-21,2466.000000,2483.000000,2442.899902,2473.350098,2431.651367,2223720
2023-09-22,2468.000000,2490.000000,2458.000000,2482.449951,2440.597900,1176741
2023-09-25,2482.449951,2499.699951,2460.000000,2475.850098,2434.109375,1122778
2023-09-26,2474.000000,2489.000000,2461.250000,2478.949951,2437.156738,1263548
2023-09-27,2476.000000,2504.800049,2469.000000,2501.750000,2459.572510,1086791
2023-09-28,2500.000000,2501.000000,2453.199951,2460.350098,2418.870605,1612346
2023-09-29,2465.550049,2472.800049,2450.500000,2465.600098,2424.032227,1249567
2023-10-03,2490.000000,2499.000000,2461.800049,2468.899902,2427.276123,1585626
2023-10-04,2467.050049,2511.050049,2465.149902,2507.850098,2465.569824,1587335
2023-10-05,2518.000000,2524.800049,2495.350098,2519.550049,2477.072266,1909928
2023-10-06,2519.949951,2520.000000,2494.000000,2499.399902,2457.261963,1083342
2023-10-09,2485.000000,2516.500000,2481.000000,2511.300049,2468.961670,1468771
2023-10-10,2512.199951,2520.850098,2503.350098,2516.199951,2473.778809,1092373
2023-10-11,2518.350098,2563.949951,2516.250000,2556.399902,2513.301025,1697398
2023-10-12,2555.000000,2567.550049,2539.199951,2557.000000,2513.890869,1625010
2023-10-13,2553.050049,2576.699951,2542.699951,2569.449951,2526.131104,1531977
2023-10-16,2560.000000,2582.000000,2552.600098,2558.300049,2515.169189,954899
2023-10-17,2558.300049,2570.000000,2546.449951,2556.149902,2513.055176,1253538
2023-10-18,2570.050049,2571.250000,2539.550049,2548.250000,2505.288574,1084689
2023-10-19,2525.000000,2554.399902,2525.000000,2548.100098,2505.141113,1272343
2023-10-20,2520.000000,2543.550049,2485.050049,2495.149902,2453.083740,3608160
2023-10-23,2494.000000,2509.949951,2480.350098,2483.500000,2441.630127,922707
2023-10-25,2475.050049,2490.000000,2465.000000,2477.300049,2435.534668,1435836
2023-10-26,2461.000000,2490.000000,2455.649902,2476.399902,2434.649902,2650560
2023-10-27,2467.300049,2495.000000,2463.850098,2482.050049,2440.204834,1784812
2023-10-30,2471.000000,2492.000000,2462.399902,2478.899902,2437.107666,875135
2023-10-31,2470.199951,2492.000000,2467.800049,2484.000000,2442.121582,920414
2023-11-01,2485.000000,2493.949951,2466.800049,2472.250000,2430.569824,1267131
2023-11-02,2475.000000,2496.000000,2463.300049,2486.800049,2462.805908,1595123
2023-11-03,2497.000000,2512.500000,2485.800049,2509.250000,2485.039307,1125583
2023-11-06,2515.000000,2517.750000,2491.100098,2497.399902,2473.303467,1338677
2023-11-07,2496.000000,2505.199951,2485.250000,2496.449951,2472.362549,1473411
2023-11-08,2498.000000,2525.000000,2497.699951,2519.350098,2495.041748,745022
2023-11-09,2520.050049,2522.000000,2473.050049,2476.699951,2452.803223,1823094
2023-11-10,2477.000000,2488.600098,2465.350098,2486.550049,2462.558350,771062
2023-11-13,2477.199951,2487.199951,2471.000000,2478.149902,2454.239258,760809
2023-11-15,2501.899902,2503.050049,2476.000000,2486.399902,2462.409668,1457029
2023-11-16,2480.199951,2505.800049,2475.350098,2491.199951,2467.163330,1420578
2023-11-17,2465.000000,2533.500000,2465.000000,2528.800049,2504.400635,1756043
2023-11-20,2534.449951,2534.500000,2500.000000,2506.449951,2482.266113,944231
2023-11-21,2505.000000,2517.000000,2498.000000,2505.250000,2481.077881,1088806
2023-11-22,2507.750000,2524.250000,2504.000000,2521.899902,2497.567139,816610
2023-11-23,2506.199951,2527.750000,2506.199951,2519.899902,2495.586426,1023670
2023-11-24,2515.100098,2519.800049,2507.449951,2515.199951,2490.931641,735137
2023-11-28,2531.750000,2531.750000,2500.000000,2510.550049,2486.326660,1880641
2023-11-29,2512.000000,2528.649902,2508.100098,2525.050049,2500.686768,1265214
2023-11-30,2516.149902,2554.500000,2516.149902,2545.550049,2520.989014,3095684
2023-12-01,2547.500000,2581.949951,2542.000000,2563.649902,2538.914307,1345599
2023-12-04,2577.000000,2608.399902,2575.000000,2602.300049,2577.191406,2188039
2023-12-05,2637.000000,2637.000000,2556.300049,2563.250000,2538.518066,3108717
2023-12-06,2570.000000,2583.699951,2563.000000,2567.649902,2542.875732,1573754
2023-12-07,2551.100098,2559.800049,2498.600098,2518.250000,2493.952393,3925967
2023-12-08,2519.000000,2533.949951,2508.300049,2522.300049,2497.963379,1605805
2023-12-11,2522.300049,2529.949951,2499.000000,2503.649902,2479.493164,2012243
2023-12-12,2500.000000,2518.000000,2497.000000,2502.750000,2478.601807,1677929
2023-12-13,2507.850098,2516.699951,2498.050049,2511.899902,2487.663574,1513205
2023-12-14,2521.350098,2524.800049,2501.199951,2516.350098,2492.070801,2166569
2023-12-15,2520.000000,2532.000000,2507.000000,2522.899902,2498.557373,2543337
2023-12-18,2520.149902,2544.500000,2515.000000,2535.500000,2511.035889,1969036
2023-12-19,2535.050049,2566.949951,2535.000000,2560.699951,2535.992676,1656220
2023-12-20,2572.949951,2572.949951,2547.000000,2557.500000,2532.823730,1468642
2023-12-21,2542.250000,2580.000000,2536.000000,2553.199951,2528.565186,1945695
2023-12-22,2559.199951,2579.750000,2546.800049,2575.600098,2550.749023,1174984
2023-12-26,2575.600098,2591.649902,2567.050049,2584.750000,2559.810791,893776
2023-12-27,2586.000000,2612.000000,2580.899902,2608.300049,2583.133545,1073278
2023-12-28,2613.850098,2640.000000,2606.850098,2633.800049,2608.387451,1635216
2023-12-29,2633.800049,2667.100098,2621.250000,2663.949951,2638.246582,1305681
2024-01-01,2663.850098,2669.399902,2638.000000,2654.750000,2629.135254,526353
2024-01-02,2648.000000,2653.949951,2607.000000,2613.800049,2588.580566,1310629
2024-01-03,2599.000000,2628.600098,2595.550049,2606.550049,2581.400391,1008270
2024-01-04,2606.550049,2623.000000,2588.050049,2592.550049,2567.535400,1376844
2024-01-05,2595.000000,2629.899902,2595.000000,2620.050049,2594.770264,1150738
2024-01-08,2624.949951,2626.000000,2566.500000,2578.250000,2553.373535,1189828
2024-01-09,2582.550049,2589.000000,2571.550049,2579.750000,2554.858887,1017205
2024-01-10,2580.000000,2594.300049,2565.000000,2577.399902,2552.531494,881278
2024-01-11,2580.000000,2589.000000,2531.850098,2536.199951,2511.729004,2399600
2024-01-12,2533.500000,2555.000000,2511.850098,2544.000000,2519.453857,2979841
2024-01-15,2546.000000,2578.750000,2531.000000,2573.199951,2548.372070,1391204
2024-01-16,2573.199951,2584.600098,2556.350098,2569.100098,2544.311768,1599406
2024-01-17,2549.000000,2571.350098,2539.750000,2562.899902,2538.171387,3047652
2024-01-18,2570.000000,2570.000000,2537.550049,2548.000000,2523.415283,1273095
2024-01-19,2565.000000,2573.949951,2532.000000,2565.399902,2540.647217,1323064
2024-01-23,2451.000000,2480.500000,2365.449951,2375.550049,2352.629150,4369332
2024-01-24,2388.000000,2445.899902,2367.149902,2441.649902,2418.091309,1551469
2024-01-25,2454.800049,2468.000000,2420.199951,2428.300049,2404.870361,2364765
2024-01-29,2410.000000,2449.000000,2410.000000,2444.399902,2420.814697,1587091
2024-01-30,2454.000000,2494.550049,2447.300049,2458.649902,2434.927246,1793711
2024-01-31,2450.000000,2485.899902,2441.750000,2481.550049,2457.606445,1445004
2024-02-01,2475.100098,2511.550049,2468.350098,2473.600098,2449.733154,1727534
2024-02-02,2477.000000,2486.899902,2442.000000,2452.600098,2428.935791,1956115
2024-02-05,2464.000000,2464.750000,2412.750000,2419.500000,2396.155273,1315445
2024-02-06,2424.949951,2441.350098,2418.050049,2426.350098,2402.939209,1557511
2024-02-07,2439.899902,2439.899902,2411.550049,2425.449951,2402.047607,1149076
2024-02-08,2441.800049,2441.800049,2399.000000,2417.050049,2393.728760,1758661
2024-02-09,2417.050049,2428.449951,2406.100098,2424.149902,2400.760254,886474
2024-02-12,2424.100098,2429.850098,2382.000000,2385.649902,2362.631592,1292460
2024-02-13,2390.000000,2400.949951,2380.100098,2394.000000,2370.901123,957865
2024-02-14,2385.000000,2394.000000,2370.000000,2387.949951,2364.909424,1397975
2024-02-15,2368.350098,2384.699951,2346.750000,2350.850098,2328.167725,2553695
2024-02-16,2369.949951,2382.000000,2357.600098,2375.250000,2352.332031,2363302
2024-02-19,2389.500000,2394.949951,2373.800049,2387.149902,2364.117188,576683
2024-02-20,2370.100098,2408.449951,2368.199951,2404.100098,2380.903809,1032995
2024-02-21,2404.100098,2422.800049,2394.100098,2407.100098,2383.875000,1127778
2024-02-22,2420.300049,2420.300049,2365.750000,2388.100098,2365.058105,2258516
2024-02-23,2388.550049,2405.500000,2383.949951,2394.100098,2371.000244,1210775
2024-02-26,2391.100098,2406.550049,2380.000000,2404.250000,2381.052246,831596
2024-02-27,2404.050049,2408.949951,2389.149902,2405.300049,2382.092285,1120424
2024-02-28,2411.100098,2425.000000,2401.000000,2421.550049,2398.185547,629152
2024-02-29,2425.000000,2428.800049,2397.250000,2412.300049,2389.024658,2848084
2024-03-01,2416.949951,2438.800049,2404.000000,2409.699951,2386.449707,2326244
2024-03-04,2416.199951,2427.899902,2404.399902,2422.000000,2398.631104,1501261
2024-03-05,2405.000000,2420.000000,2391.100098,2399.850098,2376.694824,1587199
2024-03-06,2404.000000,2408.850098,2375.300049,2400.800049,2377.635742,1354111
2024-03-07,2404.949951,2426.000000,2403.000000,2419.550049,2396.204834,1820704
2024-03-11,2409.000000,2413.000000,2383.550049,2389.850098,2366.791260,2040761
2024-03-12,2380.000000,2385.000000,2360.800049,2378.149902,2355.204102,1012157
2024-03-13,2375.000000,2375.000000,2303.850098,2312.600098,2290.286621,2322669
2024-03-14,2304.850098,2341.699951,2301.850098,2334.600098,2312.074463,2292515
2024-03-15,2330.050049,2336.949951,2315.899902,2327.699951,2305.240967,2751403
2024-03-18,2320.800049,2325.000000,2297.000000,2299.949951,2277.758545,2487402
2024-03-19,2283.250000,2303.899902,2246.850098,2266.949951,2245.076904,4220638
2024-03-20,2250.000000,2265.449951,2240.000000,2241.949951,2220.318115,2995013
2024-03-21,2234.000000,2259.149902,2234.000000,2242.350098,2220.714600,3504486
2024-03-22,2239.050049,2266.000000,2232.050049,2256.550049,2234.777344,3507809
2024-03-26,2232.100098,2259.149902,2232.000000,2240.000000,2218.387207,3027027
2024-03-27,2250.000000,2263.000000,2236.000000,2239.699951,2218.089844,2168861
2024-03-28,2245.000000,2287.899902,2240.100098,2264.350098,2242.502197,3186360
2024-04-01,2270.000000,2295.000000,2262.000000,2285.899902,2263.844238,1427873
2024-04-02,2298.000000,2298.000000,2277.050049,2286.699951,2264.636475,1221495
2024-04-03,2281.850098,2281.850098,2261.050049,2265.199951,2243.343994,1175309
2024-04-04,2270.000000,2282.000000,2249.250000,2264.949951,2243.096191,1890255
2024-04-05,2264.949951,2280.500000,2258.100098,2266.949951,2245.076904,1153449
2024-04-08,2277.000000,2288.949951,2267.199951,2268.949951,2247.057617,1127294
2024-04-09,2271.000000,2274.600098,2255.750000,2264.149902,2242.303955,1189343
2024-04-10,2276.899902,2276.899902,2257.699951,2260.899902,2239.085449,2308993
2024-04-12,2260.899902,2264.850098,2228.600098,2232.300049,2210.761475,3388551
2024-04-15,2227.699951,2227.750000,2190.000000,2194.050049,2172.880371,4909564
2024-04-16,2183.000000,2231.250000,2172.050049,2220.800049,2199.372314,2821129
2024-04-18,2215.050049,2237.699951,2209.050049,2214.800049,2193.430176,3392171
2024-04-19,2220.000000,2243.750000,2196.000000,2231.600098,2210.068115,2337694
2024-04-22,2250.000000,2253.550049,2229.050049,2241.500000,2219.872559,1804108
2024-04-23,2253.000000,2273.500000,2248.699951,2262.750000,2240.917480,1991778
2024-04-24,2266.050049,2268.350098,2245.649902,2260.250000,2238.441650,1404398
2024-04-25,2238.050049,2239.850098,2215.100098,2230.850098,2209.325439,4951866
2024-04-26,2245.000000,2255.000000,2218.600098,2222.649902,2201.204346,2307512
2024-04-29,2234.000000,2234.000000,2220.000000,2226.100098,2204.621338,1395292
2024-04-30,2232.050049,2240.250000,2225.000000,2230.449951,2208.929199,2119102
2024-05-02,2205.050049,2243.199951,2205.050049,2226.300049,2204.819336,2140383
2024-05-03,2232.000000,2235.649902,2204.000000,2217.050049,2195.658691,2595307
2024-05-06,2225.000000,2261.500000,2212.000000,2256.199951,2234.430664,1619256
2024-05-07,2266.000000,2389.600098,2259.000000,2379.399902,2356.441895,8277810
2024-05-08,2366.399902,2372.250000,2325.000000,2341.050049,2318.462158,1813439
2024-05-09,2340.600098,2362.100098,2319.449951,2325.649902,2303.210693,1558987
2024-05-10,2321.000000,2371.000000,2321.000000,2362.550049,2339.754639,2610266
2024-05-13,2374.000000,2381.649902,2347.899902,2360.649902,2337.872803,1170617
2024-05-14,2360.600098,2372.300049,2346.750000,2349.600098,2326.929688,689430
2024-05-15,2349.550049,2355.800049,2317.649902,2323.300049,2300.883301,812282
2024-05-16,2337.000000,2348.100098,2301.350098,2343.149902,2320.541748,1880021
2024-05-17,2351.899902,2351.899902,2315.100098,2320.350098,2297.961914,1264582
2024-05-21,2307.000000,2324.800049,2301.750000,2310.699951,2288.404785,1663959
2024-05-22,2311.000000,2374.000000,2310.699951,2366.899902,2344.062500,1914851
2024-05-23,2366.899902,2386.800049,2355.000000,2382.500000,2359.512207,1614718
2024-05-24,2378.500000,2383.250000,2364.699951,2369.050049,2346.191895,974100
2024-05-27,2369.050049,2399.949951,2362.500000,2384.500000,2361.492920,1116934
2024-05-28,2390.000000,2409.000000,2378.550049,2395.949951,2372.832275,1631747
2024-05-29,2381.199951,2395.000000,2369.399902,2373.399902,2350.499756,1592495
2024-05-30,2368.000000,2372.449951,2334.050049,2351.399902,2328.712158,1837380
2024-05-31,2353.000000,2377.449951,2317.600098,2329.050049,2306.577881,5529186
2024-06-03,2381.000000,2387.449951,2344.300049,2355.899902,2333.168701,1207445
2024-06-04,2374.000000,2510.050049,2342.100098,2496.300049,2472.214111,7826048
2024-06-05,2533.550049,2723.949951,2525.000000,2602.750000,2577.636963,11061076
2024-06-06,2600.000000,2600.000000,2518.000000,2549.600098,2525.000000,4102547
2024-06-07,2555.300049,2596.500000,2525.000000,2577.800049,2552.927734,3974253
2024-06-10,2579.000000,2593.649902,2546.000000,2565.350098,2540.597900,1449122
2024-06-11,2566.000000,2576.699951,2551.300049,2556.350098,2531.684814,1402423
2024-06-12,2568.000000,2568.000000,2517.000000,2528.699951,2504.301514,1754677
2024-06-13,2487.949951,2505.800049,2446.449951,2487.399902,2463.399902,3123098
2024-06-14,2473.000000,2510.399902,2470.399902,2479.750000,2479.750000,1729552
2024-06-18,2479.899902,2498.000000,2473.149902,2486.250000,2486.250000,1820933
2024-06-19,2495.000000,2495.000000,2451.500000,2457.000000,2457.000000,986976
2024-06-20,2457.000000,2490.000000,2446.649902,2482.199951,2482.199951,2163310
2024-06-21,2475.000000,2478.000000,2426.550049,2441.300049,2441.300049,3646215
2024-06-24,2435.000000,2467.850098,2427.050049,2442.199951,2442.199951,1945519
2024-06-25,2439.350098,2446.699951,2427.899902,2432.199951,2432.199951,833789
2024-06-26,2437.000000,2467.000000,2432.399902,2445.600098,2445.600098,1738656
2024-06-27,2449.949951,2483.199951,2436.000000,2462.149902,2462.149902,3402726
2024-06-28,2463.000000,2490.500000,2462.850098,2473.050049,2473.050049,2129791
2024-07-01,2461.050049,2523.000000,2450.100098,2505.100098,2505.100098,3312865
2024-07-02,2515.000000,2515.000000,2479.350098,2485.149902,2485.149902,1305210
2024-07-03,2486.649902,2519.850098,2474.300049,2510.350098,2510.350098,1406405
2024-07-04,2515.050049,2536.850098,2492.899902,2495.949951,2495.949951,1977010
2024-07-05,2495.949951,2554.000000,2495.949951,2547.000000,2547.000000,1754286
2024-07-08,2560.000000,2595.000000,2536.250000,2587.149902,2587.149902,2818809
2024-07-09,2587.149902,2614.000000,2568.000000,2590.149902,2590.149902,1479529
2024-07-10,2581.000000,2626.000000,2573.000000,2610.449951,2610.449951,1764036
2024-07-11,2617.000000,2617.050049,2590.050049,2608.850098,2608.850098,1432671
2024-07-12,2601.000000,2639.500000,2601.000000,2622.250000,2622.250000,1912642
2024-07-15,2628.000000,2629.250000,2613.649902,2620.300049,2620.300049,920101
2024-07-16,2625.949951,2725.000000,2624.550049,2688.449951,2688.449951,3298003
2024-07-18,2700.000000,2751.199951,2655.000000,2738.399902,2738.399902,5569762
2024-07-19,2739.000000,2743.000000,2715.949951,2727.000000,2727.000000,1668862
2024-07-22,2705.699951,2749.949951,2705.649902,2735.300049,2735.300049,1911629
2024-07-23,2746.000000,2811.300049,2732.000000,2766.350098,2766.350098,3906259
2024-07-24,2748.000000,2757.449951,2675.100098,2717.050049,2717.050049,3611927
2024-07-25,2717.050049,2724.850098,2670.000000,2707.199951,2707.199951,2166670
2024-07-26,2724.000000,2727.000000,2687.250000,2711.050049,2711.050049,2135309
2024-07-29,2711.199951,2720.000000,2692.800049,2702.649902,2702.649902,357340