Date,Open,High,Low,Close,Adj Close,Volume
2019-01-01,1600.000000,1605.000000,1560.550049,1595.599976,1532.775269,4043870
2019-01-02,1587.599976,1598.000000,1568.250000,1576.599976,1514.523193,1164974
2019-01-03,1573.000000,1580.000000,1555.650024,1560.099976,1498.672974,958038
2019-01-04,1560.800049,1571.000000,1540.199951,1548.199951,1487.241455,1868151
2019-01-07,1561.000000,1610.000000,1550.500000,1559.150024,1497.760376,3991996
2019-01-08,1563.150024,1588.000000,1551.000000,1577.750000,1515.627930,1479592
2019-01-09,1580.000000,1610.000000,1548.000000,1601.750000,1538.682983,6447772
2019-01-10,1607.849976,1607.849976,1554.000000,1565.900024,1504.244629,4377060
2019-01-11,1570.000000,1574.000000,1508.300049,1515.150024,1455.492798,3180775
2019-01-14,1509.000000,1509.000000,1471.000000,1484.050049,1425.617310,3615252
2019-01-15,1491.000000,1504.400024,1486.000000,1495.199951,1436.328247,1725819
2019-01-16,1496.000000,1532.000000,1495.949951,1526.699951,1466.588013,2188162
2019-01-17,1526.699951,1536.000000,1510.000000,1523.000000,1463.033691,1467807
2019-01-18,1523.099976,1532.400024,1513.000000,1516.900024,1457.174072,1589082
2019-01-21,1511.300049,1517.900024,1497.000000,1507.599976,1448.240234,1606142
2019-01-22,1502.000000,1506.199951,1475.000000,1501.599976,1442.476318,2666389
2019-01-23,1497.150024,1509.000000,1486.199951,1495.000000,1436.136108,1441440
2019-01-24,1492.199951,1500.000000,1478.500000,1490.300049,1431.621216,1088512
2019-01-25,1496.300049,1512.400024,1478.250000,1484.900024,1426.433960,1738412
2019-01-28,1472.199951,1492.949951,1437.400024,1443.699951,1386.855957,2246761
2019-01-29,1446.000000,1466.000000,1430.250000,1461.849976,1404.291382,1388542
2019-01-30,1465.900024,1490.000000,1458.000000,1476.099976,1417.980469,3193022
2019-01-31,1480.000000,1520.500000,1473.099976,1505.550049,1446.270874,2469714
2019-02-01,1507.900024,1535.400024,1496.900024,1515.150024,1455.492798,1547424
2019-02-04,1508.099976,1511.449951,1469.349976,1504.650024,1445.406250,2054061
2019-02-05,1504.849976,1557.150024,1498.050049,1541.750000,1481.045410,1710784
2019-02-06,1543.750000,1543.750000,1507.000000,1526.050049,1465.963745,1541770
2019-02-07,1525.000000,1529.900024,1507.000000,1514.949951,1455.300659,1602553
2019-02-08,1512.900024,1529.500000,1490.900024,1499.050049,1440.026855,2194466
2019-02-11,1502.900024,1518.000000,1482.000000,1511.000000,1451.506226,1387113
2019-02-12,1512.099976,1522.750000,1486.250000,1497.199951,1438.249390,1136862
2019-02-14,1491.900024,1530.800049,1476.050049,1517.500000,1457.750244,1756930
2019-02-15,1515.550049,1521.949951,1498.699951,1509.500000,1450.065308,1169312
2019-02-18,1509.500000,1524.900024,1500.000000,1517.000000,1457.269897,1040787
2019-02-19,1512.000000,1520.900024,1471.099976,1480.500000,1422.207153,1352025
2019-02-20,1480.000000,1493.599976,1474.099976,1480.800049,1422.495239,1688403
2019-02-21,1479.449951,1494.400024,1455.000000,1471.550049,1413.609497,2297058
2019-02-22,1474.000000,1486.949951,1458.099976,1462.800049,1405.204102,1314113
2019-02-25,1465.050049,1495.000000,1461.050049,1491.199951,1432.485840,1055629
2019-02-26,1480.000000,1488.849976,1461.800049,1478.099976,1419.901611,850891
2019-02-27,1482.050049,1493.949951,1458.199951,1476.699951,1418.556641,1553126
2019-02-28,1487.750000,1489.000000,1470.500000,1473.849976,1415.818726,2400890
2019-03-01,1481.699951,1519.500000,1474.949951,1514.099976,1454.484009,2243654
2019-03-05,1510.000000,1547.000000,1510.000000,1541.599976,1480.901367,1768341
2019-03-06,1537.500000,1541.000000,1522.250000,1534.849976,1474.417236,1694922
2019-03-07,1534.900024,1544.949951,1520.150024,1531.250000,1470.958862,2128646
2019-03-08,1529.000000,1531.599976,1507.949951,1518.000000,1458.230469,966595
2019-03-11,1520.900024,1525.000000,1502.400024,1514.599976,1454.964233,2472505
2019-03-12,1526.000000,1585.000000,1510.750000,1569.050049,1507.270508,7399042
2019-03-13,1574.900024,1640.000000,1567.900024,1636.349976,1571.920776,7407679
2019-03-14,1649.000000,1701.000000,1635.000000,1682.699951,1616.445679,6598388
2019-03-15,1686.000000,1718.000000,1685.099976,1703.250000,1636.186646,3884063
2019-03-18,1708.000000,1734.449951,1702.599976,1715.800049,1648.242554,2427808
2019-03-19,1730.000000,1735.000000,1718.199951,1725.199951,1657.272339,1738526
2019-03-20,1729.000000,1730.000000,1708.000000,1713.400024,1645.936890,1592600
2019-03-22,1715.000000,1731.550049,1694.300049,1698.599976,1631.719482,2081172
2019-03-25,1682.099976,1699.949951,1675.000000,1683.550049,1617.262329,1689972
2019-03-26,1681.000000,1720.000000,1668.599976,1714.650024,1647.137817,2216791
2019-03-27,1730.000000,1813.449951,1720.099976,1804.250000,1733.209839,5562677
2019-03-28,1812.500000,1834.400024,1777.150024,1821.099976,1749.396484,4070284
2019-04-01,1797.000000,1799.000000,1739.050049,1743.050049,1674.419556,2594605
2019-04-02,1754.650024,1780.000000,1730.800049,1774.550049,1704.679321,2760486
2019-04-03,1784.000000,1818.000000,1761.949951,1773.599976,1703.766724,2494990
2019-04-04,1773.599976,1782.750000,1723.250000,1736.150024,1667.791138,2164515
2019-04-05,1748.000000,1774.849976,1745.150024,1767.949951,1698.339111,1183378
2019-04-08,1768.900024,1798.599976,1746.050049,1751.000000,1682.056396,1816648
2019-04-09,1758.000000,1772.400024,1730.250000,1767.099976,1697.522461,1675803
2019-04-10,1766.050049,1778.949951,1742.199951,1747.449951,1678.646362,1891510
2019-04-11,1748.900024,1752.900024,1727.800049,1740.650024,1672.114014,965883
2019-04-12,1743.500000,1744.449951,1726.099976,1736.800049,1668.415649,1029735
2019-04-15,1743.500000,1764.900024,1732.800049,1748.900024,1680.039185,973597
2019-04-16,1753.900024,1820.000000,1753.000000,1815.150024,1743.680664,2593532
2019-04-18,1816.000000,1823.750000,1752.300049,1764.300049,1694.832886,1857583
2019-04-22,1759.000000,1760.000000,1682.949951,1691.000000,1624.418945,2184388
2019-04-23,1691.000000,1716.000000,1645.000000,1651.349976,1586.330078,2161145
2019-04-24,1667.000000,1705.000000,1661.099976,1699.250000,1632.344116,3467827
2019-04-25,1716.000000,1724.000000,1673.000000,1683.449951,1617.166260,3070975
2019-04-26,1684.000000,1703.250000,1661.500000,1698.849976,1631.959839,1639196
2019-04-30,1679.900024,1679.900024,1575.199951,1606.500000,1543.245972,5059803
2019-05-02,1601.150024,1617.599976,1551.500000,1561.300049,1499.825562,4071588
2019-05-03,1565.000000,1579.000000,1546.800049,1556.599976,1495.310791,2042908
2019-05-06,1543.300049,1543.300049,1521.599976,1528.250000,1468.077026,2018992
2019-05-07,1539.800049,1542.000000,1495.500000,1515.800049,1456.117310,3333379
2019-05-08,1515.800049,1525.949951,1482.099976,1488.750000,1430.132202,2652472
2019-05-09,1486.000000,1489.000000,1468.849976,1476.550049,1418.412598,3040828
2019-05-10,1478.550049,1492.500000,1430.000000,1439.900024,1383.205688,2304082
2019-05-13,1434.000000,1446.000000,1387.250000,1393.300049,1338.440430,2608583
2019-05-14,1393.300049,1442.000000,1386.500000,1432.699951,1376.289063,5582146
2019-05-15,1436.000000,1452.000000,1373.000000,1379.000000,1324.703735,3321014
2019-05-16,1382.000000,1382.000000,1348.099976,1358.199951,1304.722534,4571270
2019-05-17,1368.000000,1392.000000,1365.000000,1373.550049,1319.468262,3070835
2019-05-20,1400.000000,1505.650024,1400.000000,1494.650024,1435.799927,4545248
2019-05-21,1499.900024,1514.000000,1443.000000,1447.750000,1390.746582,3331988
2019-05-22,1446.949951,1536.849976,1382.300049,1518.900024,1459.095215,18578611
2019-05-23,1547.000000,1640.000000,1543.150024,1598.750000,1535.801025,12378857
2019-05-24,1608.699951,1658.000000,1594.000000,1648.900024,1583.976563,6065381
2019-05-27,1647.900024,1647.900024,1607.000000,1612.800049,1549.297974,2426340
2019-05-28,1615.000000,1632.000000,1596.699951,1619.650024,1555.878296,2044030
2019-05-29,1617.000000,1629.349976,1602.050049,1608.650024,1545.311279,1628713
2019-05-30,1608.599976,1621.599976,1580.550049,1586.900024,1524.417847,4997347
2019-05-31,1599.000000,1610.949951,1555.050049,1605.349976,1542.141235,3138032
2019-06-03,1600.099976,1667.000000,1589.699951,1662.650024,1597.185181,3064055
2019-06-04,1663.000000,1672.949951,1630.000000,1638.000000,1573.505737,2614383
2019-06-06,1634.699951,1634.699951,1510.000000,1522.650024,1462.697510,6402947
2019-06-07,1530.000000,1560.000000,1482.050049,1552.199951,1491.083862,6289576
2019-06-10,1564.000000,1585.099976,1536.150024,1551.650024,1490.555542,3211040
2019-06-11,1564.000000,1595.300049,1563.000000,1590.599976,1527.971924,3468327
2019-06-12,1597.000000,1602.599976,1561.199951,1569.849976,1508.038940,3504083
2019-06-13,1520.000000,1525.000000,1440.000000,1488.849976,1430.228271,10175722
2019-06-14,1493.000000,1495.000000,1411.250000,1426.800049,1370.621460,10500760
2019-06-17,1427.500000,1449.900024,1396.199951,1399.650024,1344.540527,7360154
2019-06-18,1410.500000,1444.849976,1400.099976,1409.000000,1353.522339,6611201
2019-06-19,1424.800049,1439.000000,1370.099976,1381.349976,1326.960938,5716245
2019-06-20,1380.000000,1441.099976,1348.000000,1435.599976,1379.075073,7571159
2019-06-21,1445.000000,1465.000000,1419.150024,1448.650024,1391.611206,4913512
2019-06-24,1483.000000,1485.000000,1449.050049,1461.550049,1404.003418,4102227
2019-06-25,1455.050049,1460.500000,1441.550049,1449.650024,1392.571655,2445906
2019-06-26,1450.000000,1452.599976,1427.250000,1434.800049,1378.306519,2478755
2019-06-27,1439.000000,1464.300049,1435.199951,1450.199951,1393.099976,4007859
2019-06-28,1458.000000,1458.000000,1400.000000,1410.500000,1354.963257,4108364
2019-07-01,1427.900024,1442.150024,1416.349976,1433.599976,1377.153687,3446607
2019-07-02,1447.000000,1452.000000,1410.099976,1416.550049,1360.775024,3100554
2019-07-03,1430.000000,1479.500000,1423.400024,1470.599976,1412.696899,5366734
2019-07-04,1473.000000,1513.500000,1466.300049,1493.099976,1434.310913,4799912
2019-07-05,1498.699951,1540.000000,1484.400024,1532.550049,1472.207642,5145552
2019-07-08,1515.250000,1544.949951,1470.849976,1476.500000,1418.364746,3857205
2019-07-09,1476.500000,1509.349976,1457.099976,1492.099976,1433.350464,3733488
2019-07-10,1501.000000,1520.750000,1468.599976,1487.250000,1428.691284,3222571
2019-07-11,1504.000000,1556.000000,1495.000000,1541.250000,1480.565186,4337246
2019-07-12,1550.000000,1562.500000,1493.650024,1509.500000,1450.065308,10637123
2019-07-15,1529.949951,1530.000000,1468.000000,1475.099976,1417.019775,5656516
2019-07-16,1485.000000,1485.000000,1460.050049,1473.199951,1415.194458,3863867
2019-07-17,1482.800049,1508.550049,1457.000000,1501.250000,1442.140137,5290039
2019-07-18,1496.050049,1503.000000,1468.349976,1471.449951,1413.513306,2404071
2019-07-19,1480.000000,1488.699951,1407.199951,1422.150024,1366.154663,4698852
2019-07-22,1418.949951,1428.800049,1382.000000,1418.400024,1362.552246,4578591
2019-07-23,1425.699951,1432.800049,1404.400024,1416.750000,1360.967163,2946083
2019-07-24,1407.199951,1426.349976,1353.349976,1362.000000,1308.372803,4148585
2019-07-25,1368.000000,1419.349976,1367.000000,1391.650024,1336.855591,6816446
2019-07-26,1400.500000,1422.000000,1386.550049,1415.500000,1359.766357,3106622
2019-07-29,1410.000000,1436.000000,1402.099976,1432.300049,1375.904907,3185949
2019-07-30,1436.050049,1447.599976,1317.650024,1337.300049,1284.645508,8804120
2019-07-31,1317.650024,1419.699951,1312.000000,1412.849976,1357.220703,7730088
2019-08-01,1390.099976,1435.000000,1365.000000,1398.650024,1343.579834,9532030
2019-08-02,1396.000000,1412.500000,1366.449951,1382.900024,1328.449951,4625690
2019-08-05,1365.000000,1404.699951,1350.000000,1388.199951,1333.541260,6796784
2019-08-06,1388.199951,1430.000000,1377.750000,1417.099976,1361.303223,3140739
2019-08-07,1417.000000,1462.050049,1415.449951,1426.349976,1370.189087,6078493
2019-08-08,1430.000000,1430.000000,1372.949951,1414.050049,1365.553955,5079904
2019-08-09,1435.000000,1435.000000,1405.300049,1413.400024,1364.926270,4666041
2019-08-13,1415.000000,1417.150024,1352.199951,1373.449951,1326.346191,3477027
2019-08-14,1389.000000,1408.800049,1377.099976,1400.849976,1352.806519,2823062
2019-08-16,1380.000000,1445.000000,1375.000000,1439.099976,1389.744751,3127077
2019-08-19,1442.000000,1457.900024,1430.550049,1442.500000,1393.028076,2484182
2019-08-20,1451.000000,1451.949951,1388.099976,1404.849976,1356.669434,3395591
2019-08-21,1412.500000,1412.849976,1357.849976,1367.199951,1320.310547,2929477
2019-08-22,1365.949951,1365.949951,1330.050049,1335.650024,1289.842651,4436240
2019-08-23,1339.599976,1343.650024,1280.099976,1310.500000,1265.555298,7921907
2019-08-26,1346.050049,1354.900024,1267.250000,1348.500000,1302.252075,7080111
2019-08-27,1360.000000,1401.699951,1355.250000,1386.099976,1338.562378,4755041
2019-08-28,1379.000000,1406.500000,1353.699951,1365.849976,1319.006958,8031108
2019-08-29,1357.000000,1381.000000,1338.000000,1350.550049,1304.231689,4555489
2019-08-30,1359.050049,1401.650024,1330.150024,1395.750000,1347.881592,5254735
2019-09-03,1380.000000,1387.949951,1335.599976,1343.949951,1297.857910,6169187
2019-09-04,1339.000000,1343.949951,1296.550049,1317.599976,1272.411621,6069299
2019-09-05,1327.000000,1335.000000,1303.449951,1308.099976,1263.237549,3820454
2019-09-06,1321.099976,1340.000000,1311.300049,1331.099976,1285.448730,2744448
2019-09-09,1330.000000,1340.949951,1308.000000,1335.000000,1289.214966,3024923
2019-09-11,1340.599976,1380.000000,1340.000000,1372.150024,1325.090942,2958610
2019-09-12,1379.000000,1412.000000,1375.400024,1390.250000,1342.570068,3847286
2019-09-13,1389.000000,1406.699951,1371.000000,1398.599976,1350.633667,3506741
2019-09-16,1380.050049,1395.000000,1365.000000,1375.949951,1328.760498,2406553
2019-09-17,1376.000000,1384.900024,1325.250000,1332.599976,1286.897217,3418892
2019-09-18,1340.000000,1349.000000,1321.800049,1330.400024,1284.772583,3466276
2019-09-19,1332.900024,1333.300049,1278.150024,1282.250000,1238.274048,4668596
2019-09-20,1289.000000,1454.400024,1271.500000,1419.599976,1370.913574,12418793
2019-09-23,1462.000000,1548.150024,1462.000000,1511.550049,1459.709961,8634884
2019-09-24,1505.000000,1527.000000,1496.349976,1516.300049,1464.297119,5167834
2019-09-25,1509.000000,1521.050049,1492.550049,1503.900024,1452.322266,5158518
2019-09-26,1507.000000,1554.750000,1507.000000,1548.000000,1494.910034,7017228
2019-09-27,1539.599976,1545.000000,1470.849976,1480.800049,1430.014526,4445539
2019-09-30,1475.800049,1475.800049,1346.150024,1383.550049,1336.099854,9439585
2019-10-01,1397.000000,1410.199951,1188.050049,1298.050049,1253.532104,13839863
2019-10-03,1295.000000,1309.449951,1220.000000,1255.500000,1212.441406,13455663
2019-10-04,1280.000000,1292.949951,1255.250000,1265.300049,1221.905396,7423301
2019-10-07,1275.000000,1276.000000,1215.000000,1241.050049,1198.487061,5212929
2019-10-09,1241.000000,1319.000000,1235.599976,1308.650024,1263.768677,6865376
2019-10-10,1310.000000,1321.000000,1220.000000,1228.500000,1186.367432,13975918
2019-10-11,1235.949951,1253.949951,1191.349976,1223.199951,1181.249146,12987781
2019-10-14,1240.000000,1264.900024,1227.900024,1250.599976,1207.709473,4786662
2019-10-15,1256.949951,1277.550049,1236.000000,1272.250000,1228.616943,4669980
2019-10-16,1274.949951,1285.000000,1265.000000,1274.500000,1230.789795,4118174
2019-10-17,1276.000000,1345.000000,1270.000000,1340.099976,1294.140015,5237964
2019-10-18,1332.000000,1361.699951,1317.099976,1342.650024,1296.602539,5604223
2019-10-22,1340.000000,1357.849976,1320.000000,1341.000000,1295.009155,3577455
2019-10-23,1339.000000,1347.949951,1309.650024,1332.599976,1286.897217,3003881
2019-10-24,1340.199951,1347.849976,1272.000000,1283.000000,1238.998413,6833303
2019-10-25,1288.000000,1288.000000,1260.099976,1272.050049,1228.423950,4141541
2019-10-27,1282.000000,1284.000000,1273.550049,1276.650024,1232.866211,303098
2019-10-29,1275.000000,1326.000000,1264.150024,1315.300049,1270.190552,4248732
2019-10-30,1315.000000,1323.949951,1282.400024,1297.199951,1252.711304,3333740
2019-10-31,1303.949951,1344.000000,1290.000000,1313.199951,1268.162598,7559742
2019-11-01,1328.000000,1385.849976,1316.199951,1379.849976,1332.526733,7803620
2019-11-04,1374.949951,1393.900024,1350.000000,1352.300049,1305.921753,3641707
2019-11-05,1354.000000,1360.300049,1315.000000,1320.099976,1274.825928,2656825
2019-11-06,1321.250000,1353.599976,1310.000000,1343.000000,1296.940674,3214840
2019-11-07,1350.000000,1397.849976,1350.000000,1381.900024,1334.506470,5563949
2019-11-08,1367.050049,1453.949951,1355.550049,1422.800049,1374.003784,8506906
2019-11-11,1416.000000,1454.900024,1407.400024,1445.050049,1395.490845,3521409
2019-11-13,1445.000000,1462.449951,1408.550049,1414.199951,1365.698608,4578522
2019-11-14,1399.699951,1399.699951,1353.199951,1375.099976,1327.939575,5279888
2019-11-15,1377.099976,1388.199951,1345.699951,1359.000000,1312.391846,4476838
2019-11-18,1361.400024,1379.900024,1359.500000,1374.400024,1327.263672,2034198
2019-11-19,1382.000000,1409.000000,1374.550049,1392.750000,1344.984253,4880427
2019-11-20,1402.000000,1478.750000,1402.000000,1469.300049,1418.909058,7334715
2019-11-21,1480.099976,1502.050049,1437.599976,1446.150024,1396.552979,6229283
2019-11-22,1449.949951,1460.800049,1437.000000,1446.150024,1396.552979,2062280
2019-11-25,1446.150024,1499.150024,1446.150024,1496.849976,1445.514160,3029183
2019-11-26,1495.000000,1521.500000,1480.500000,1515.900024,1463.910767,6748616
2019-11-27,1519.000000,1537.400024,1508.000000,1526.349976,1474.002441,4156766
2019-11-28,1526.000000,1575.800049,1520.000000,1568.250000,1514.465454,5080043
2019-11-29,1556.000000,1581.599976,1552.050049,1569.099976,1515.286133,5852032
2019-12-02,1592.000000,1596.550049,1561.199951,1576.000000,1521.949707,3906554
2019-12-03,1579.199951,1580.000000,1532.900024,1544.699951,1491.723022,3594869
2019-12-04,1538.400024,1554.000000,1523.000000,1544.300049,1491.336792,3417501
2019-12-05,1544.300049,1548.900024,1506.900024,1509.750000,1457.971802,3222397
2019-12-06,1517.000000,1518.650024,1456.000000,1465.849976,1415.577148,2990724
2019-12-09,1457.000000,1484.849976,1445.349976,1450.000000,1400.270752,2831428
2019-12-10,1460.000000,1461.500000,1408.599976,1411.599976,1363.187988,2751068
2019-12-11,1418.699951,1432.000000,1396.150024,1420.650024,1371.927612,3263070
2019-12-12,1424.250000,1451.000000,1421.199951,1444.150024,1394.621704,2490582
2019-12-13,1449.750000,1493.949951,1449.750000,1485.400024,1434.456909,3512530
2019-12-16,1504.500000,1507.000000,1483.250000,1493.400024,1442.182495,2909431
2019-12-17,1500.099976,1508.500000,1486.199951,1492.750000,1441.554810,2861481
2019-12-18,1501.000000,1504.000000,1490.000000,1500.800049,1449.328735,2573443
2019-12-19,1493.000000,1505.800049,1478.199951,1489.900024,1438.802490,2656772
2019-12-20,1490.500000,1508.500000,1482.500000,1487.949951,1436.919312,2875305
2019-12-23,1488.000000,1501.500000,1479.349976,1496.300049,1444.983032,1584336
2019-12-24,1495.000000,1532.000000,1495.000000,1521.849976,1469.656616,4488835
2019-12-26,1517.099976,1529.599976,1504.650024,1515.400024,1463.427979,2265163
2019-12-27,1524.699951,1540.000000,1512.099976,1524.900024,1472.602295,1755565
2019-12-30,1524.900024,1552.500000,1518.050049,1531.400024,1478.879272,2526529
2019-12-31,1531.400024,1534.800049,1505.000000,1510.000000,1458.213135,1979911
2020-01-01,1512.000000,1523.949951,1480.800049,1484.300049,1433.394653,2135253
2020-01-02,1491.750000,1534.300049,1486.099976,1529.000000,1476.561523,2365906
2020-01-03,1524.000000,1538.000000,1512.099976,1528.849976,1476.416626,2622870
2020-01-06,1515.050049,1517.750000,1465.449951,1469.400024,1419.005615,3151046
2020-01-07,1488.449951,1508.000000,1442.199951,1461.650024,1411.521362,3572603
2020-01-08,1441.000000,1481.599976,1439.050049,1458.599976,1408.575928,3363919
2020-01-09,1490.000000,1515.949951,1483.199951,1507.650024,1455.943726,3496433
2020-01-10,1510.849976,1521.650024,1484.199951,1491.250000,1440.106201,3189536
2020-01-13,1499.800049,1547.000000,1487.349976,1539.650024,1486.846313,3732412
2020-01-14,1546.000000,1585.000000,1470.250000,1481.650024,1430.835327,15123110
2020-01-15,1463.400024,1463.400024,1391.349976,1400.500000,1352.468628,13995235
2020-01-16,1405.000000,1415.000000,1377.099976,1386.449951,1338.900391,10544088
2020-01-17,1350.000000,1377.000000,1317.050049,1352.250000,1305.873291,10020063
2020-01-20,1367.900024,1367.900024,1323.000000,1331.949951,1286.269531,6047237
2020-01-21,1332.000000,1350.000000,1320.000000,1336.349976,1290.518555,4501887
2020-01-22,1346.349976,1348.000000,1323.000000,1327.400024,1281.875732,3038713
2020-01-23,1330.000000,1339.800049,1320.099976,1331.800049,1286.124634,4358219
2020-01-24,1334.000000,1345.000000,1307.650024,1316.099976,1270.963135,4563516
2020-01-27,1311.500000,1312.000000,1265.000000,1271.199951,1227.603027,6019701
2020-01-28,1281.000000,1284.900024,1240.250000,1254.750000,1211.717163,6103759
2020-01-29,1268.900024,1276.699951,1251.000000,1258.250000,1215.097168,3977924
2020-01-30,1252.000000,1254.000000,1221.550049,1231.500000,1189.264526,5301706
2020-01-31,1245.000000,1271.599976,1242.099976,1258.849976,1215.676514,8391172
2020-02-03,1222.000000,1268.449951,1216.050049,1263.099976,1219.780762,7697534
2020-02-04,1273.000000,1284.000000,1256.250000,1272.650024,1229.003296,4632688
2020-02-05,1280.000000,1288.650024,1265.199951,1272.800049,1229.148193,4360609
2020-02-06,1280.000000,1339.400024,1262.400024,1334.250000,1288.490601,7628363
2020-02-07,1345.000000,1346.050049,1294.750000,1298.800049,1254.256470,3850541
2020-02-10,1304.000000,1304.000000,1268.500000,1274.949951,1231.224243,3955195
2020-02-11,1290.000000,1309.900024,1285.050049,1292.650024,1248.317505,3456066
2020-02-12,1260.000000,1302.900024,1251.699951,1277.400024,1233.590454,8957173
2020-02-13,1281.750000,1281.750000,1225.250000,1230.750000,1188.540283,6508945
2020-02-14,1233.900024,1241.099976,1171.199951,1176.000000,1135.667969,11532869
2020-02-17,1176.000000,1209.000000,1164.500000,1172.949951,1132.722656,9900428
2020-02-18,1172.699951,1172.699951,1108.449951,1140.699951,1101.578613,11207411
2020-02-19,1155.000000,1168.000000,1116.000000,1142.150024,1102.979004,14324736
2020-02-20,1145.050049,1203.849976,1145.050049,1182.199951,1141.655273,15703698
2020-02-24,1170.000000,1189.500000,1146.550049,1170.250000,1130.115234,7179792
2020-02-25,1181.000000,1182.800049,1138.800049,1153.849976,1114.277588,6114855
2020-02-26,1145.000000,1150.000000,1125.199951,1135.000000,1096.074219,5870515
2020-02-27,1139.000000,1139.400024,1101.000000,1115.550049,1077.291382,6835782
2020-02-28,1100.000000,1118.000000,1085.050049,1104.050049,1066.185669,10233947
2020-03-02,1130.000000,1136.949951,1070.050049,1079.250000,1042.236084,5724823
2020-03-03,1085.000000,1117.949951,1073.000000,1108.050049,1070.048584,5233056
2020-03-04,1114.449951,1114.449951,1051.000000,1065.949951,1029.392090,6863681
2020-03-05,1075.000000,1094.949951,1063.000000,1075.000000,1038.131836,6815347
2020-03-06,998.000000,1030.949951,913.799988,1014.799988,979.996460,16835425
2020-03-09,950.000000,969.950012,887.049988,903.099976,872.127319,14498980
2020-03-11,889.900024,929.000000,845.000000,853.549988,824.276733,12305857
2020-03-12,775.200012,831.950012,770.000000,784.650024,757.739624,16135734
2020-03-13,724.000000,834.700012,551.099976,803.750000,776.184570,21139779
2020-03-16,747.000000,758.700012,655.000000,664.150024,641.372437,16613929
2020-03-17,670.000000,707.450012,585.400024,604.150024,583.430176,19508083
2020-03-18,629.000000,638.849976,374.799988,460.799988,444.996429,74866076
2020-03-19,414.750000,472.000000,391.750000,444.049988,428.820892,29186013
2020-03-20,444.049988,478.899994,405.250000,440.350006,425.247772,28086017
2020-03-23,396.350006,405.000000,330.100006,336.450012,324.911133,9515210
2020-03-24,355.049988,360.000000,235.550003,312.350006,301.637665,37275347
2020-03-25,292.000000,324.000000,281.149994,301.299988,290.966644,40292991
2020-03-26,316.350006,451.950012,311.649994,435.899994,420.950378,42326717
2020-03-27,479.450012,538.549988,392.350006,411.100006,397.000946,43890479
2020-03-30,370.000000,427.700012,370.000000,413.399994,399.222076,29380383
2020-03-31,398.000000,399.000000,330.750000,351.299988,339.251862,38989984
2020-04-01,386.399994,390.000000,320.000000,342.250000,330.512207,33427621
2020-04-03,350.000000,350.000000,310.200012,313.200012,302.458557,23013838
2020-04-07,344.500000,391.500000,344.500000,383.850006,370.685516,45710645
2020-04-08,382.000000,441.399994,362.000000,399.149994,385.460785,56093585
2020-04-09,425.000000,425.000000,384.000000,395.399994,381.839386,32940091
2020-04-13,388.000000,421.799988,371.250000,410.399994,396.324951,31201235
2020-04-15,425.000000,445.000000,414.049988,424.100006,409.555084,28311987
2020-04-16,424.100006,442.000000,413.250000,435.399994,420.467560,23556832
2020-04-17,472.000000,478.899994,442.600006,474.450012,458.178284,26188305
2020-04-20,479.500000,481.000000,453.000000,456.700012,441.037048,16950369
2020-04-21,430.000000,432.950012,396.000000,400.850006,387.102509,29550439
2020-04-22,397.000000,420.500000,384.600006,415.899994,401.636322,28908719
2020-04-23,420.000000,427.500000,407.000000,409.950012,395.890411,18750968
2020-04-24,392.250000,399.899994,380.000000,382.899994,369.768127,19653294
2020-04-27,394.200012,410.850006,387.000000,407.399994,393.427826,26819351
2020-04-28,445.000000,484.399994,430.000000,468.049988,451.997803,60610249
2020-04-29,453.500000,489.000000,443.000000,471.100006,454.943207,47307868
2020-04-30,486.250000,491.850006,461.600006,468.149994,452.094360,26654890
2020-05-04,444.000000,444.049988,416.000000,423.049988,408.541138,17565171
2020-05-05,433.000000,438.899994,415.950012,418.700012,404.340332,18470026
2020-05-06,420.000000,429.350006,408.500000,425.500000,410.907104,17184968
2020-05-07,420.000000,461.500000,415.500000,454.350006,438.767639,26784490
2020-05-08,463.000000,477.700012,435.450012,440.350006,425.247772,29096376
2020-05-11,450.000000,458.750000,428.799988,433.399994,418.536163,18434346
2020-05-12,429.799988,450.000000,425.000000,446.200012,430.897156,26126553
2020-05-13,475.000000,480.000000,444.500000,448.600006,433.214874,20820446
2020-05-14,439.000000,442.000000,425.000000,428.000000,413.321350,16520436
2020-05-15,430.399994,431.000000,417.100006,418.700012,404.340332,14848712
2020-05-18,418.500000,418.700012,374.049988,376.750000,363.829010,25374856
2020-05-19,385.100006,387.000000,361.000000,367.799988,355.185944,28794743
2020-05-20,364.000000,370.850006,350.799988,357.299988,345.046051,29736164
2020-05-21,362.299988,364.000000,343.200012,346.799988,334.906189,25554090
2020-05-22,342.000000,353.700012,330.000000,338.350006,326.745972,27953815
2020-05-26,344.899994,353.950012,342.000000,348.200012,336.258179,19932807
2020-05-27,350.899994,375.450012,347.649994,368.950012,356.296539,34413192
2020-05-28,375.000000,405.799988,371.600006,386.850006,373.582642,47047469
2020-05-29,376.000000,400.000000,373.500000,393.649994,380.149384,33013516
2020-06-01,402.299988,416.799988,401.049988,410.100006,396.035217,22990598
2020-06-02,414.000000,438.899994,404.250000,434.700012,419.791595,28744172
2020-06-03,445.000000,452.250000,426.100006,432.350006,417.522125,27908796
2020-06-04,424.850006,434.850006,405.000000,415.049988,400.815491,25795376
2020-06-05,417.200012,427.299988,411.200012,422.350006,407.865112,26349793
2020-06-08,455.000000,463.700012,444.000000,451.600006,436.112000,42805660
2020-06-09,459.950012,478.000000,452.350006,463.899994,447.990112,40690351
2020-06-10,464.000000,510.250000,463.149994,499.600006,482.465759,42547635
2020-06-11,510.250000,548.500000,505.100006,523.150024,505.208099,78669422
2020-06-12,490.000000,534.700012,483.299988,528.450012,510.326294,57429819
2020-06-15,525.000000,525.000000,483.500000,490.549988,473.726105,45035607
2020-06-16,510.000000,515.000000,456.299988,481.799988,465.276184,50389388
2020-06-17,472.600006,502.000000,468.000000,491.149994,474.305573,40940232
2020-06-18,489.500000,502.950012,482.149994,499.200012,482.079498,25255403
2020-06-19,503.000000,510.500000,472.149994,483.649994,467.062775,41823242
2020-06-22,490.049988,502.049988,485.850006,489.899994,473.098419,27934720
2020-06-23,499.000000,524.000000,497.200012,520.400024,502.552429,45717057
2020-06-24,530.000000,530.450012,476.100006,481.700012,465.179626,43255370
2020-06-25,480.000000,490.950012,461.000000,475.149994,458.854279,37360999
2020-06-26,483.000000,501.000000,481.049988,492.549988,475.657532,33898936
2020-06-29,482.000000,487.000000,472.500000,480.000000,463.537964,19597701
2020-06-30,489.000000,494.000000,472.000000,474.799988,458.516266,17436951
2020-07-01,480.500000,494.600006,475.149994,492.450012,475.560974,20509324
2020-07-02,498.000000,508.000000,493.000000,494.799988,477.830353,22971526
2020-07-03,499.850006,500.000000,484.350006,487.200012,470.491028,15633495
2020-07-06,498.000000,509.000000,493.549988,495.899994,478.892639,24848329
2020-07-07,497.000000,530.000000,492.450012,526.299988,508.250092,42696302
2020-07-08,534.000000,577.500000,532.000000,552.599976,533.648010,81334991
2020-07-09,557.950012,569.950012,550.299988,556.549988,537.462585,26574065
2020-07-10,552.299988,554.450012,532.400024,539.250000,520.755920,26964951
2020-07-13,549.700012,555.000000,534.500000,539.650024,521.142273,16507937
2020-07-14,535.000000,535.000000,505.049988,510.799988,493.281616,22219927
2020-07-15,517.849976,527.799988,500.000000,503.549988,486.280273,21841548
2020-07-16,508.000000,522.000000,490.250000,518.599976,500.814087,21502321
2020-07-17,522.299988,526.500000,512.000000,520.799988,502.938629,14445406
2020-07-20,524.950012,541.650024,521.650024,528.750000,510.616028,19937276
2020-07-21,535.700012,539.750000,520.700012,523.500000,505.546112,13311222
2020-07-22,528.000000,528.549988,508.000000,513.549988,495.937317,15202237
2020-07-23,515.500000,521.000000,510.100006,513.900024,496.275330,11300182
2020-07-24,505.799988,536.700012,500.000000,522.250000,504.338959,31277822
2020-07-27,522.549988,523.849976,505.000000,506.649994,489.273987,12280255
2020-07-28,512.000000,529.000000,511.399994,526.950012,508.877838,16991267
2020-07-29,534.000000,564.750000,532.250000,550.500000,531.620178,37044099
2020-07-30,545.000000,545.950012,515.500000,519.849976,502.021240,13848662
2020-07-31,525.200012,528.500000,515.750000,523.750000,505.787506,11161107
2020-08-03,521.950012,521.950012,501.000000,503.049988,485.797424,13508456
2020-08-04,508.000000,508.000000,483.250000,492.600006,475.705811,21481518
2020-08-05,499.200012,506.000000,490.149994,492.750000,475.850677,15082924
2020-08-06,497.799988,501.950012,485.750000,494.899994,477.926941,16624606
2020-08-07,496.000000,513.349976,492.000000,509.000000,491.543396,16540870
2020-08-10,512.000000,517.549988,506.549988,509.350006,491.881378,9409531
2020-08-11,511.000000,524.900024,509.350006,522.000000,504.097565,11701319
2020-08-12,518.500000,530.450012,512.349976,520.650024,502.793854,12644367
2020-08-13,524.000000,527.549988,516.349976,518.750000,500.959015,8109014
2020-08-14,520.000000,523.500000,500.149994,507.200012,489.805145,9318623
2020-08-17,510.000000,514.799988,502.500000,513.150024,495.551086,7173558
2020-08-18,512.450012,524.750000,506.500000,521.599976,503.711212,10993530
2020-08-19,523.000000,530.000000,519.150024,522.150024,504.242401,10895768
2020-08-20,515.599976,520.549988,511.100006,513.400024,495.792480,7658596
2020-08-21,520.000000,521.400024,512.500000,513.549988,495.937317,6411009
2020-08-24,518.000000,535.450012,516.000000,529.150024,511.002319,14887687
2020-08-25,535.000000,546.400024,530.200012,536.500000,518.100281,18377629
2020-08-26,541.450012,572.200012,538.450012,567.650024,548.181946,26850404
2020-08-27,572.400024,619.750000,572.000000,605.849976,585.071777,48561125
2020-08-28,600.000000,689.000000,595.500000,665.650024,642.820923,55986681
2020-08-31,705.000000,712.000000,620.750000,630.200012,608.586731,57316603
2020-09-01,638.099976,662.500000,588.700012,627.450012,605.931030,47295290
2020-09-02,632.000000,651.099976,614.099976,640.549988,618.581665,19765424
2020-09-03,644.000000,648.250000,625.000000,631.849976,610.180054,14985734
2020-09-04,611.049988,642.000000,603.549988,616.150024,595.018616,21613014
2020-09-07,621.500000,624.950012,597.549988,608.700012,587.824036,13889593
2020-09-08,609.000000,612.900024,599.000000,600.400024,579.808777,13303702
2020-09-09,590.000000,609.700012,588.650024,604.599976,583.864685,17123149
2020-09-10,614.000000,627.799988,610.000000,620.450012,599.171082,15925284
2020-09-11,618.000000,622.400024,603.250000,610.349976,589.417480,11346718
2020-09-14,617.099976,620.000000,603.849976,609.349976,588.451721,9287409
2020-09-15,609.349976,639.000000,601.200012,633.400024,611.676941,13446734
2020-09-16,641.000000,641.000000,613.650024,621.650024,600.329956,17940987
2020-09-17,614.750000,624.799988,610.200012,617.349976,596.177307,9390779
2020-09-18,622.950012,624.650024,600.000000,613.200012,592.169678,10335095
2020-09-21,612.900024,617.400024,553.849976,560.599976,541.373657,15649376
2020-09-22,564.000000,578.000000,537.000000,544.000000,525.342957,26363293
2020-09-23,551.000000,553.849976,519.099976,528.049988,509.940002,20046261
2020-09-24,517.150024,519.000000,485.000000,490.250000,473.436401,20946967
2020-09-25,499.899994,521.299988,491.200012,514.849976,497.192719,19311510
2020-09-28,522.900024,563.299988,516.150024,555.099976,536.062317,24396893
2020-09-29,559.000000,561.849976,528.950012,536.250000,517.858765,21321940
2020-09-30,536.250000,539.700012,520.250000,527.400024,509.312408,18784941
2020-10-01,540.000000,597.049988,537.000000,592.200012,571.889954,49858446
2020-10-05,593.200012,630.700012,592.000000,601.549988,580.919312,43964114
2020-10-06,615.950012,628.349976,606.200012,622.799988,601.440491,25112823
2020-10-07,620.950012,625.799988,606.099976,619.099976,597.867371,19071775
2020-10-08,620.000000,638.500000,614.049988,617.700012,596.515503,20977726
2020-10-09,618.049988,633.000000,615.000000,623.049988,601.681946,18622149
2020-10-12,628.200012,632.000000,610.500000,614.450012,593.376892,11751051
2020-10-13,611.599976,620.750000,602.450012,608.200012,587.341248,11579298
2020-10-14,600.000000,626.450012,597.500000,622.650024,601.295654,14624404
2020-10-15,622.650024,632.500000,593.349976,598.000000,577.491028,14728367
2020-10-16,604.799988,613.900024,601.400024,608.299988,587.437744,11569890
2020-10-19,607.549988,630.650024,606.200012,627.099976,605.593018,14576825
2020-10-20,622.000000,628.900024,616.599976,625.250000,603.806458,9607553
2020-10-21,631.000000,647.799988,599.549988,628.099976,606.558655,26626983
2020-10-22,621.000000,630.849976,605.650024,608.750000,587.872314,15976059
2020-10-23,617.000000,617.700012,604.349976,608.150024,587.292969,12435551
2020-10-26,617.000000,633.299988,613.549988,616.650024,595.501404,17438151
2020-10-27,616.599976,623.400024,595.099976,614.000000,592.942322,15012129
2020-10-28,614.500000,615.950012,586.099976,592.849976,572.517639,14933120
2020-10-29,585.000000,599.799988,571.000000,588.700012,568.509949,16511146
2020-10-30,592.000000,602.000000,576.500000,585.700012,565.612915,16811219
2020-11-02,590.000000,635.000000,590.000000,628.349976,606.800110,33145934
2020-11-03,631.549988,650.000000,631.549988,646.599976,624.424255,19566145
2020-11-04,649.599976,681.000000,648.000000,678.049988,654.795654,33533745
2020-11-05,694.950012,727.000000,678.299988,714.400024,689.899048,23471764
2020-11-06,714.750000,747.000000,707.000000,738.650024,713.317383,29896664
2020-11-09,746.049988,780.500000,735.049988,775.450012,748.855225,28036644
2020-11-10,784.000000,870.000000,783.000000,835.200012,806.556030,59758713
2020-11-11,839.000000,839.049988,752.500000,787.950012,760.926514,51561819
2020-11-12,790.000000,802.849976,761.799988,769.200012,742.819519,28387177
2020-11-13,760.049988,774.700012,741.750000,768.549988,742.191772,25472191
2020-11-14,776.599976,785.000000,757.450012,770.450012,744.026794,3253864
2020-11-17,777.900024,793.750000,772.250000,784.150024,757.256836,14873173
2020-11-18,780.000000,834.000000,775.000000,828.299988,799.892639,25491255
2020-11-19,816.000000,845.900024,804.200012,818.000000,789.945923,29797661
2020-11-20,818.099976,829.900024,788.799988,811.000000,783.186035,25424060
2020-11-23,836.000000,880.900024,832.500000,849.750000,820.606995,39219488
2020-11-24,852.000000,860.950012,836.299988,853.700012,824.421631,19828772
2020-11-25,863.599976,874.900024,845.250000,855.049988,825.725220,24215222
2020-11-26,857.000000,860.799988,835.000000,850.549988,821.379639,16934720
2020-11-27,856.000000,862.450012,848.549988,857.650024,828.236206,10212987
2020-12-01,863.000000,900.000000,858.099976,895.500000,864.787964,14690547
2020-12-02,902.000000,905.750000,881.299988,897.299988,866.526245,14965085
2020-12-03,900.099976,907.900024,890.500000,896.250000,865.512268,9724314
2020-12-04,902.500000,920.000000,889.799988,913.650024,882.315613,12658012
2020-12-07,915.000000,953.500000,913.200012,935.150024,903.078186,15479752
2020-12-08,937.049988,938.750000,907.099976,916.700012,885.260864,13141739
2020-12-09,930.000000,938.500000,918.700012,928.500000,896.656189,7937423
2020-12-10,917.950012,927.000000,905.000000,915.849976,884.440002,9145597
2020-12-11,916.750000,933.349976,915.099976,923.750000,892.069153,8417189
2020-12-14,927.000000,935.000000,918.049988,921.250000,889.654846,5936096
2020-12-15,923.000000,931.400024,908.450012,926.750000,894.966248,7646858
2020-12-16,932.000000,937.750000,915.000000,921.799988,890.186035,6068477
2020-12-17,914.000000,948.000000,914.000000,935.799988,903.705811,14078222
2020-12-18,935.799988,937.500000,887.549988,905.200012,874.155334,14605713
2020-12-21,905.200012,906.000000,814.700012,842.700012,813.798889,18106992
2020-12-22,842.700012,857.500000,813.650024,840.700012,811.867432,21961153
2020-12-23,841.950012,861.950012,832.750000,855.349976,826.014954,12353093
2020-12-24,862.000000,870.000000,849.099976,852.799988,823.552429,10293688
2020-12-28,855.000000,871.000000,853.000000,866.950012,837.217163,5449095
2020-12-29,875.000000,917.650024,873.500000,912.900024,881.591248,20727636
2020-12-30,919.049988,922.700012,888.000000,899.049988,868.216248,11462263
2020-12-31,904.000000,906.900024,890.049988,894.950012,864.256836,6435333
2021-01-01,895.000000,904.000000,893.049988,900.150024,869.278503,4632855
2021-01-04,910.000000,914.000000,887.450012,897.849976,867.057373,6991890
2021-01-05,891.700012,927.349976,883.000000,921.650024,890.041260,11907501
2021-01-06,924.950012,936.750000,909.400024,922.349976,890.717163,9768197
2021-01-07,935.000000,961.650024,931.099976,952.049988,919.398499,12154311
2021-01-08,965.000000,976.000000,932.099976,939.799988,907.568665,10838196
2021-01-11,942.900024,950.950012,926.200012,929.099976,897.235596,8419415
2021-01-12,920.000000,941.500000,906.549988,927.650024,895.835449,8805330
2021-01-13,932.799988,953.500000,926.150024,942.750000,910.417542,9473962
2021-01-14,953.000000,980.700012,951.250000,969.700012,936.443298,14887258
2021-01-15,974.000000,983.000000,953.450012,965.900024,932.773621,9195430
2021-01-18,959.000000,960.000000,924.000000,932.799988,900.808716,10668611
2021-01-19,942.049988,952.000000,936.250000,939.900024,907.665283,6309233
2021-01-20,936.900024,953.849976,928.250000,947.700012,915.197754,7004445
2021-01-21,959.400024,967.000000,918.250000,925.849976,894.097046,8216362
2021-01-22,930.000000,934.000000,890.000000,893.299988,862.663452,11366492
2021-01-25,906.000000,912.349976,839.200012,849.150024,820.027649,11829328
2021-01-27,848.000000,860.799988,806.000000,820.150024,792.022217,15810173
2021-01-28,801.299988,828.849976,789.000000,802.599976,775.074036,13789865
2021-01-29,817.099976,860.849976,815.650024,846.099976,817.082275,19305853
2021-02-01,859.000000,981.400024,856.000000,970.599976,937.312378,38067807
2021-02-02,982.400024,999.000000,949.299988,975.650024,942.189209,20556081
2021-02-03,980.000000,1080.800049,972.200012,1048.550049,1012.588989,34995822
2021-02-04,1034.900024,1042.000000,1016.000000,1032.150024,996.751404,13666242
2021-02-05,1045.000000,1085.000000,1016.299988,1025.099976,989.943237,19524257
2021-02-08,1036.050049,1055.000000,1028.000000,1035.099976,999.600281,7162284
2021-02-09,1044.000000,1051.599976,1020.000000,1025.800049,990.619324,7984133
2021-02-10,1035.000000,1038.449951,1003.599976,1022.799988,987.722107,7815034
2021-02-11,1025.000000,1036.000000,1015.299988,1021.900024,986.853027,5760021
2021-02-12,1023.799988,1059.500000,1012.000000,1027.400024,992.164429,13959383
2021-02-15,1044.900024,1063.000000,1037.699951,1057.599976,1021.328552,9121286
2021-02-16,1068.000000,1096.500000,1041.099976,1058.250000,1021.956360,13883441
2021-02-17,1080.000000,1085.000000,1026.199951,1033.199951,997.765381,13855321
2021-02-18,1045.000000,1055.400024,1033.400024,1046.050049,1010.174866,8911120
2021-02-19,1035.000000,1074.550049,1027.800049,1065.900024,1029.343994,14557527
2021-02-22,1064.949951,1067.099976,1018.000000,1022.900024,987.818726,9412265
2021-02-23,1033.150024,1053.949951,1018.000000,1048.300049,1012.347534,7160332
2021-02-24,1047.300049,1076.000000,1041.250000,1070.000000,1033.303345,6833820
2021-02-25,1080.000000,1119.500000,1079.000000,1109.750000,1071.690063,12716781
2021-02-26,1070.000000,1082.900024,1051.250000,1062.949951,1026.495117,12247085
2021-03-01,1075.000000,1096.599976,1063.150024,1067.949951,1031.323608,6358886
2021-03-02,1075.000000,1086.300049,1060.000000,1073.349976,1036.538452,4917345
2021-03-03,1080.000000,1104.000000,1077.150024,1099.750000,1062.033081,5695638
2021-03-04,1078.000000,1116.000000,1072.599976,1091.949951,1054.500610,6128220
2021-03-05,1084.000000,1084.000000,1025.449951,1039.900024,1004.235718,13926140
2021-03-08,1054.000000,1055.449951,1014.500000,1018.250000,983.328186,10522267
2021-03-09,1025.599976,1035.599976,1005.000000,1024.800049,989.653503,9915907
2021-03-10,1043.150024,1060.000000,1033.050049,1039.849976,1004.187378,8832614
2021-03-12,1052.000000,1056.400024,1015.650024,1022.650024,987.577332,5735382
2021-03-15,1027.800049,1043.599976,988.200012,1038.650024,1003.028503,8019663
2021-03-16,1045.000000,1049.900024,1028.000000,1034.699951,999.213928,5161126
2021-03-17,1032.000000,1039.000000,1002.599976,1008.950012,974.347107,4712570
2021-03-18,1025.000000,1030.699951,988.000000,1002.799988,968.408020,5797610
2021-03-19,990.000000,1018.799988,981.099976,1011.900024,977.195923,6838935
2021-03-22,1006.000000,1011.849976,961.049988,968.150024,934.946411,12692489
2021-03-23,977.000000,994.400024,970.000000,990.049988,956.095276,7530882
2021-03-24,980.049988,985.000000,955.000000,958.700012,925.820496,5028085
2021-03-25,958.700012,970.000000,928.849976,957.799988,924.951355,7614686
2021-03-26,973.799988,976.500000,950.000000,952.750000,920.074524,4891178
2021-03-30,966.000000,978.400024,955.000000,961.049988,928.089844,5831461
2021-03-31,961.049988,969.000000,950.000000,954.450012,921.716248,4453746
2021-04-01,964.000000,997.000000,959.099976,993.299988,959.233887,7932671
2021-04-05,985.000000,988.950012,918.549988,937.349976,905.202698,11223431
2021-04-06,947.799988,954.200012,921.500000,927.250000,895.449097,6925347
2021-04-07,931.000000,952.450012,921.150024,945.549988,913.121521,5714921
2021-04-08,949.000000,957.950012,932.000000,934.900024,902.836792,3946239
2021-04-09,935.000000,939.700012,917.450012,923.650024,891.972656,4980026
2021-04-12,884.000000,890.000000,841.000000,844.400024,815.440491,10674765
2021-04-13,850.000000,881.000000,844.500000,877.400024,847.308838,6778840
2021-04-15,867.500000,883.799988,841.250000,858.349976,828.912109,6862663
2021-04-16,864.099976,869.950012,853.049988,862.950012,833.354370,5338683
2021-04-19,829.950012,836.549988,811.000000,832.000000,803.465759,8550122
2021-04-20,845.000000,864.799988,840.049988,845.000000,816.019958,8240669
2021-04-22,831.000000,839.950012,815.000000,835.700012,807.038879,9717099
2021-04-23,830.000000,859.950012,822.799988,850.000000,820.848450,7695324
2021-04-26,857.000000,870.950012,851.450012,859.549988,830.070923,4894557
2021-04-27,859.549988,886.000000,859.000000,882.450012,852.185608,5202133
2021-04-28,890.000000,931.000000,888.000000,926.900024,895.111145,9935828
2021-04-29,936.849976,958.849976,917.099976,939.450012,907.230713,12187280
2021-04-30,928.000000,948.500000,915.099976,934.950012,902.885010,7301455
2021-05-03,929.000000,967.700012,899.000000,913.599976,882.267212,16854199
2021-05-04,930.000000,934.500000,906.000000,910.150024,878.935608,7499852
2021-05-05,923.000000,934.750000,909.299988,931.150024,899.215332,5975741
2021-05-06,937.450012,938.650024,920.000000,924.950012,893.227905,3705397
2021-05-07,932.549988,951.799988,925.000000,926.200012,894.435181,5419712
2021-05-10,939.000000,949.950012,931.150024,945.400024,912.976624,5087341
2021-05-11,923.950012,957.000000,922.900024,948.849976,916.308289,5732298
2021-05-12,942.000000,950.549988,914.000000,916.650024,885.212646,5074561
2021-05-14,923.000000,923.000000,888.099976,890.849976,860.297424,6169600
2021-05-17,897.099976,959.900024,897.099976,956.450012,923.647644,10987165
2021-05-18,967.000000,986.950012,967.000000,974.549988,941.126892,8715366
2021-05-19,965.000000,978.599976,961.200012,967.000000,933.835815,4787294
2021-05-20,963.000000,987.900024,963.000000,975.500000,942.044312,5835440
2021-05-21,985.000000,1020.000000,981.799988,1016.000000,981.155334,12591860
2021-05-24,1018.900024,1022.750000,997.049988,1004.750000,970.291138,5385688
2021-05-25,1012.000000,1012.750000,982.400024,993.900024,959.813293,4583345
2021-05-26,998.849976,1007.950012,987.000000,998.450012,964.207275,2972854
2021-05-27,995.299988,1013.299988,987.000000,1006.849976,972.319153,4427518
2021-05-28,1014.500000,1025.500000,1003.000000,1019.349976,984.390442,5388785
2021-05-31,1015.000000,1020.400024,1004.000000,1013.000000,978.258179,2643491
2021-06-01,1016.000000,1031.349976,1006.000000,1010.049988,975.409363,3766919
2021-06-02,1008.900024,1030.000000,1003.500000,1028.000000,992.743774,4177378
2021-06-03,1031.000000,1037.250000,964.049988,1005.750000,971.256897,14752885
2021-06-04,1012.200012,1023.400024,1004.000000,1009.299988,974.685181,4323154
2021-06-07,1018.000000,1032.650024,1009.500000,1025.199951,990.039795,3823401
2021-06-08,1025.000000,1028.000000,1005.599976,1020.150024,985.162964,3141410
2021-06-09,1019.000000,1035.699951,997.250000,1003.549988,969.132324,4767864
2021-06-10,1012.000000,1028.599976,1006.000000,1024.349976,989.218872,2984339
2021-06-11,1028.000000,1032.000000,1012.099976,1015.099976,980.286194,2679470
2021-06-14,1012.000000,1028.000000,993.750000,1024.300049,989.170715,3982216
2021-06-15,1025.000000,1050.000000,1025.000000,1034.449951,998.972595,6026006
2021-06-16,1030.000000,1038.699951,1010.349976,1013.700012,978.934204,3325800
2021-06-17,1002.000000,1021.799988,968.000000,984.049988,950.301025,6126591
2021-06-18,993.900024,999.799988,960.000000,995.400024,961.261841,4895262
2021-06-21,977.000000,1010.000000,968.049988,1007.549988,972.995117,3160990
2021-06-22,1015.900024,1021.700012,996.049988,1000.099976,965.800598,4141759
2021-06-23,1009.000000,1017.799988,996.500000,999.549988,965.269531,3975716
2021-06-24,1004.000000,1008.000000,996.200012,1000.650024,966.331787,2285845
2021-06-25,997.000000,1020.000000,986.650024,1012.900024,978.161682,3499315
2021-06-28,1019.000000,1021.599976,1001.000000,1008.900024,974.298828,2819763
2021-06-29,1009.000000,1022.000000,1000.000000,1018.150024,983.231567,4543628
2021-06-30,1021.500000,1027.550049,1012.150024,1016.349976,981.493286,2628556
2021-07-01,1011.000000,1016.950012,1000.000000,1007.700012,973.140015,3070067
2021-07-02,1008.000000,1014.150024,1005.150024,1009.650024,975.023132,1501210
2021-07-05,1012.000000,1026.500000,1012.000000,1020.549988,985.549255,1993126
2021-07-06,1018.700012,1035.000000,1015.000000,1031.050049,995.689209,3019919
2021-07-07,1024.550049,1047.000000,1013.000000,1044.900024,1009.064270,3781022
2021-07-08,1042.849976,1061.000000,1036.199951,1045.449951,1009.595276,4139752
2021-07-09,1040.000000,1048.599976,1026.199951,1039.949951,1004.283875,3625932
2021-07-12,1045.400024,1057.650024,1041.050049,1049.300049,1013.313293,2010018
2021-07-13,1055.000000,1059.949951,1044.000000,1055.900024,1019.686951,2096758
2021-07-14,1050.000000,1060.500000,1048.500000,1052.599976,1016.500183,1566799
2021-07-15,1054.000000,1067.400024,1050.000000,1055.099976,1018.914307,2748272
2021-07-16,1054.000000,1058.949951,1042.000000,1044.300049,1008.484802,1218164
2021-07-19,1024.000000,1034.699951,1005.549988,1015.849976,981.010437,2644846
2021-07-20,1017.000000,1019.000000,980.000000,981.549988,947.886841,3752725
2021-07-22,999.900024,1005.750000,988.000000,992.150024,958.123291,2181872
2021-07-23,996.000000,1000.000000,977.000000,989.299988,955.371094,3449852
2021-07-26,989.299988,996.650024,978.299988,981.299988,947.645447,2335433
2021-07-27,989.000000,994.000000,963.049988,975.799988,942.333984,3311920
2021-07-28,992.000000,1009.799988,979.000000,992.750000,958.702698,8820340
2021-07-29,997.950012,1003.450012,987.000000,992.049988,958.026672,3459503
2021-07-30,989.000000,1000.000000,980.000000,981.000000,947.355652,3115750
2021-08-02,991.799988,997.150024,985.450012,988.000000,954.115601,2149603
2021-08-03,987.000000,1025.000000,986.650024,1022.049988,986.997803,4450926
2021-08-04,1029.000000,1048.000000,1016.900024,1020.549988,985.549255,5055711
2021-08-05,1011.450012,1012.450012,986.000000,997.700012,963.482971,3955681
2021-08-06,1005.000000,1034.000000,998.200012,1029.500000,994.192444,7609448
2021-08-09,1031.000000,1047.000000,1028.050049,1042.800049,1007.036194,4274598
2021-08-10,1037.000000,1055.000000,1031.400024,1033.599976,998.151733,3469468
2021-08-11,1033.599976,1045.349976,1020.000000,1041.199951,1005.490967,2155833
2021-08-12,1046.449951,1047.150024,1027.250000,1035.349976,999.841736,2453701
2021-08-13,1035.349976,1043.750000,1021.599976,1024.150024,989.025757,2348979
2021-08-16,1024.949951,1029.900024,1016.099976,1019.000000,984.052429,1132546
2021-08-17,1013.500000,1015.000000,993.299988,1000.200012,970.660034,3082005
2021-08-18,1003.000000,1005.799988,987.000000,989.650024,960.421631,2344486
2021-08-20,985.000000,990.950012,970.650024,979.450012,950.522888,3465186
2021-08-23,988.099976,998.900024,964.099976,988.599976,959.402588,2914978
2021-08-24,990.200012,1009.000000,987.000000,1005.049988,975.366760,2510063
2021-08-25,1009.900024,1013.900024,998.200012,1005.549988,975.852051,2105187
2021-08-26,1000.000000,1012.650024,998.099976,1001.500000,971.921631,1971408
2021-08-27,997.000000,1000.849976,987.000000,990.200012,960.955383,2368969
2021-08-30,995.299988,1012.000000,991.299988,1005.099976,975.415283,2868604
2021-08-31,1009.000000,1009.799988,990.000000,992.400024,963.090454,3138652
2021-09-01,994.000000,1025.000000,993.000000,998.750000,969.252869,3854558
2021-09-02,1002.700012,1012.500000,995.200012,1010.099976,980.267578,2136382
2021-09-03,1010.000000,1028.650024,996.549988,1003.750000,974.105164,5363972
2021-09-06,1006.000000,1008.299988,991.000000,991.950012,962.653625,3349749
2021-09-07,992.049988,1012.000000,984.150024,1001.250000,971.679016,5483796
2021-09-08,1013.200012,1021.799988,992.400024,999.599976,970.077698,6385224
2021-09-09,1000.000000,1006.900024,993.500000,999.500000,969.980713,3193603
2021-09-13,1004.000000,1004.000000,992.650024,996.299988,966.875183,2386618
2021-09-14,999.000000,1039.000000,997.599976,1036.599976,1005.984985,7838383
2021-09-15,1036.000000,1062.000000,1027.500000,1053.949951,1022.822449,6071710
2021-09-16,1071.000000,1186.500000,1071.000000,1130.949951,1097.548462,27230283
2021-09-17,1137.500000,1146.550049,1112.349976,1130.000000,1096.626465,5784278
2021-09-20,1115.000000,1132.400024,1084.599976,1089.949951,1057.759277,2954179
2021-09-21,1091.000000,1143.150024,1085.000000,1137.550049,1103.953613,6332732
2021-09-22,1145.000000,1157.849976,1128.199951,1141.400024,1107.689697,5587136
2021-09-23,1150.000000,1175.000000,1147.000000,1169.150024,1134.620239,4879235
2021-09-24,1172.199951,1189.349976,1141.250000,1163.050049,1128.700317,4615559
2021-09-27,1172.000000,1177.949951,1144.900024,1150.699951,1116.714966,3083520
2021-09-28,1160.000000,1160.000000,1119.000000,1134.750000,1101.236206,3684708
2021-09-29,1127.099976,1136.900024,1114.099976,1123.199951,1090.027344,5574048
2021-09-30,1125.000000,1134.900024,1107.000000,1111.900024,1079.061157,3180267
2021-10-01,1104.000000,1112.000000,1091.300049,1104.050049,1071.442993,1940798
2021-10-04,1107.500000,1125.000000,1106.000000,1119.800049,1086.727783,1817348
2021-10-05,1116.800049,1177.099976,1108.650024,1168.599976,1134.086548,5270013
2021-10-06,1178.449951,1179.150024,1126.699951,1131.849976,1098.421875,3329243
2021-10-07,1143.000000,1186.150024,1140.050049,1166.699951,1132.242432,4002618
2021-10-08,1179.400024,1180.000000,1158.400024,1174.400024,1139.715210,2344868
2021-10-11,1172.650024,1194.449951,1170.000000,1173.250000,1138.599121,2535840
2021-10-12,1165.000000,1196.000000,1160.050049,1181.900024,1146.993774,2354120
2021-10-13,1188.099976,1191.949951,1175.250000,1184.500000,1149.516846,1235622
2021-10-14,1190.000000,1215.000000,1161.800049,1210.000000,1174.263794,3315820
2021-10-18,1221.000000,1229.650024,1196.050049,1219.599976,1183.580078,4512591
2021-10-19,1222.000000,1240.000000,1185.599976,1194.000000,1158.736328,3879525
2021-10-20,1190.000000,1213.900024,1172.449951,1201.699951,1166.208862,2850772
2021-10-21,1205.000000,1210.949951,1165.199951,1184.400024,1149.419922,2408608
2021-10-22,1192.050049,1204.699951,1176.800049,1196.400024,1161.065430,2618946
2021-10-25,1205.949951,1211.000000,1156.699951,1177.750000,1142.966309,3612312
2021-10-26,1180.000000,1193.000000,1137.699951,1154.900024,1120.791138,3413917
2021-10-27,1156.000000,1163.849976,1122.000000,1142.550049,1108.805908,4329232
2021-10-28,1172.000000,1242.000000,1169.250000,1176.000000,1141.267822,17223159
2021-10-29,1166.949951,1182.000000,1123.599976,1140.199951,1106.525146,5112475
2021-11-01,1158.000000,1235.000000,1146.050049,1229.099976,1192.799683,10563295
2021-11-02,1220.000000,1240.099976,1207.000000,1212.550049,1176.738525,3730392
2021-11-03,1215.000000,1220.000000,1174.250000,1177.949951,1143.160156,2922214
2021-11-04,1195.000000,1195.000000,1185.000000,1189.099976,1153.980957,278458
2021-11-08,1130.000000,1130.000000,1041.599976,1061.150024,1029.809937,29099645
2021-11-09,1081.000000,1084.900024,1062.500000,1068.250000,1036.700195,7752739
2021-11-10,1066.800049,1066.800049,1027.800049,1032.199951,1001.714844,6796906
2021-11-11,1032.199951,1038.000000,1020.500000,1033.300049,1002.782471,4527396
2021-11-12,1040.000000,1043.500000,1028.550049,1037.050049,1006.421692,3479296
2021-11-15,1042.000000,1051.000000,1032.550049,1041.500000,1010.740295,3105993
2021-11-16,1042.000000,1046.000000,1018.250000,1020.900024,990.748657,2685826
2021-11-17,1017.900024,1042.000000,1014.000000,1034.000000,1003.461792,3042496
2021-11-18,1031.800049,1042.000000,1002.299988,1008.450012,978.666382,3244457
2021-11-22,1024.000000,1025.900024,988.549988,1006.900024,977.162170,6198324
2021-11-23,995.000000,1010.000000,974.000000,981.349976,952.366699,8136685
2021-11-24,989.000000,993.650024,966.000000,970.400024,941.740112,6646771
2021-11-25,968.000000,970.000000,951.349976,959.299988,930.968018,5711537
2021-11-26,951.000000,956.950012,898.000000,901.799988,875.166199,6746021
2021-11-29,926.900024,938.000000,888.849976,895.450012,869.003723,11905868
2021-11-30,902.000000,927.500000,875.700012,883.000000,856.921448,6964145
2021-12-01,891.000000,938.750000,890.150024,933.650024,906.075562,14626216
2021-12-02,935.000000,950.000000,925.650024,945.549988,917.624084,5703967
2021-12-03,944.950012,957.849976,938.500000,951.150024,923.058655,4928235
2021-12-06,952.000000,952.000000,914.000000,915.650024,888.607178,4617346
2021-12-07,922.900024,936.500000,920.799988,926.650024,899.282288,3434735
2021-12-08,936.000000,949.000000,932.500000,945.299988,917.381470,3774244
2021-12-09,947.000000,950.500000,938.200012,946.400024,918.448975,3111606
2021-12-10,960.000000,968.000000,938.000000,944.750000,916.847717,6605152
2021-12-13,954.299988,955.599976,934.200012,938.549988,910.830750,2681792
2021-12-14,932.000000,949.150024,924.200012,946.049988,918.109314,2725729
2021-12-15,944.950012,950.849976,937.000000,938.549988,910.830750,2266938
2021-12-16,945.000000,949.349976,921.150024,928.299988,900.883545,2457432
2021-12-17,926.000000,929.000000,880.250000,883.000000,856.921448,4786306
2021-12-20,874.000000,874.000000,830.799988,846.099976,821.111267,4700733
2021-12-21,855.049988,867.950012,848.349976,857.200012,831.883362,3568436
2021-12-22,861.450012,885.000000,861.000000,871.750000,846.003662,3619713
2021-12-23,879.900024,884.000000,869.000000,871.099976,845.372864,2642247
2021-12-24,878.000000,878.799988,846.799988,861.150024,835.716736,3462247
2021-12-27,843.000000,861.799988,811.500000,855.250000,829.991028,12325932
2021-12-28,864.000000,865.750000,845.099976,852.650024,827.467773,4660498
2021-12-29,854.049988,874.900024,854.000000,870.000000,844.305359,6067054
2021-12-30,864.000000,893.450012,860.000000,885.400024,859.250488,12354342
2021-12-31,881.500000,892.900024,878.400024,888.150024,861.919312,3606043
2022-01-03,888.200012,915.500000,876.700012,912.299988,885.356018,5594214
2022-01-04,915.000000,917.950012,896.099976,904.400024,877.689392,4102750
2022-01-05,905.000000,911.900024,892.250000,903.950012,877.252686,5448165
2022-01-06,895.250000,924.000000,885.049988,921.700012,894.478455,5209239
2022-01-07,926.500000,938.450012,916.099976,922.250000,895.012207,4207773
2022-01-10,926.900024,929.849976,918.000000,920.849976,893.653503,2569322
2022-01-11,927.000000,935.049988,914.000000,917.950012,890.839233,3383081
2022-01-12,928.000000,946.599976,920.099976,941.549988,913.742188,5506622
2022-01-13,948.000000,950.000000,926.000000,927.099976,899.718994,2109207
2022-01-14,919.099976,926.650024,913.250000,920.049988,892.877136,2557488
2022-01-17,919.000000,931.900024,912.250000,920.500000,893.313904,3048497
2022-01-18,920.500000,927.349976,895.349976,899.650024,873.079712,3088062
2022-01-19,897.000000,903.799988,884.150024,893.250000,866.868713,3628266
2022-01-20,895.000000,898.450012,872.000000,877.200012,851.292786,3565267
2022-01-21,869.900024,872.950012,845.099976,854.099976,828.875000,4042974
2022-01-24,859.000000,869.299988,831.549988,851.250000,826.109131,4657809
2022-01-25,842.349976,886.900024,842.000000,884.250000,858.134460,5165597
2022-01-27,874.200012,893.599976,861.099976,888.099976,861.870789,4323258
2022-01-28,897.000000,925.750000,895.000000,903.549988,876.864502,5520247
2022-01-31,927.450012,927.450012,866.650024,872.099976,846.343323,10148990
2022-02-01,879.000000,927.000000,879.000000,922.299988,895.060730,11628936
2022-02-02,930.099976,981.799988,930.099976,975.349976,946.543945,14380553
2022-02-03,967.349976,979.700012,954.450012,958.349976,930.045959,5623611
2022-02-04,958.000000,974.950012,945.000000,956.049988,927.813904,5000045
2022-02-07,952.049988,959.400024,928.150024,933.049988,905.493164,2587054
2022-02-08,938.000000,940.750000,913.000000,937.700012,910.005859,3160992
2022-02-09,942.299988,971.400024,940.400024,967.150024,938.586121,4101202
2022-02-10,966.000000,977.750000,960.250000,972.349976,943.632507,4037566
2022-02-11,955.000000,990.000000,954.549988,982.400024,953.385803,7171664
2022-02-14,959.200012,964.799988,937.200012,941.599976,913.790649,3652419
2022-02-15,943.000000,972.000000,923.250000,969.700012,941.060791,3985559
2022-02-16,966.099976,987.549988,961.950012,968.400024,939.799194,3683264
2022-02-17,980.000000,980.000000,951.099976,955.799988,927.571289,3152042
2022-02-18,950.000000,966.000000,948.599976,955.349976,927.134583,2417043
2022-02-21,952.000000,972.000000,949.000000,952.450012,924.320313,3535914
2022-02-22,925.000000,949.849976,923.000000,939.099976,911.364502,2866135
2022-02-23,944.000000,960.799988,943.150024,950.700012,922.621948,3507003
2022-02-24,919.500000,934.299988,868.849976,875.650024,849.788574,7305449
2022-02-25,898.700012,929.799988,895.000000,927.049988,899.670410,4821342
2022-02-28,916.000000,924.799988,903.000000,920.700012,893.507996,3299912
2022-03-02,907.000000,912.650024,887.549988,906.349976,879.581726,4507940
2022-03-03,918.000000,926.000000,906.500000,912.250000,885.307556,3731807
2022-03-04,896.000000,922.900024,891.000000,901.900024,875.263245,3623960
2022-03-07,878.000000,896.950012,825.500000,834.400024,809.756775,6323502
2022-03-08,831.099976,847.799988,816.000000,840.700012,815.870728,6163433
2022-03-09,863.000000,880.000000,838.250000,875.349976,849.497314,6967640
2022-03-10,909.799988,928.000000,890.700012,904.299988,877.592285,6312569
2022-03-11,900.000000,915.500000,892.950012,901.750000,875.117676,3451877
2022-03-14,899.000000,914.000000,892.299988,907.599976,880.794861,3718477
2022-03-15,916.900024,922.000000,887.250000,896.650024,870.168335,4390735
2022-03-16,912.000000,936.000000,911.549988,928.650024,901.223206,5705364
2022-03-17,943.950012,949.500000,929.549988,932.450012,904.910950,4492246
2022-03-21,938.000000,938.000000,911.000000,913.400024,886.423584,2363059
2022-03-22,916.000000,932.000000,903.599976,927.700012,900.301270,2764481
2022-03-23,933.000000,944.450012,928.099976,931.349976,903.843384,2433056
2022-03-24,922.000000,937.950012,915.200012,924.799988,897.486877,2923793
2022-03-25,930.000000,933.299988,916.049988,926.250000,898.894104,1984601
2022-03-28,923.049988,942.900024,920.250000,935.150024,907.531250,2654339
2022-03-29,939.950012,944.500000,921.400024,929.150024,901.708435,3351562
2022-03-30,939.349976,945.000000,922.950012,926.299988,898.942627,4849869
2022-03-31,930.000000,938.450012,924.000000,935.400024,907.773804,2311242
2022-04-01,929.450012,970.950012,929.150024,968.599976,939.993225,5222165
2022-04-04,975.000000,994.799988,958.049988,987.200012,958.044006,5033678
2022-04-05,994.000000,994.000000,968.000000,973.250000,944.505920,3827808
2022-04-06,967.000000,978.750000,961.000000,968.299988,939.702148,2406015
2022-04-07,960.500000,986.900024,960.000000,972.599976,943.875122,3182285
2022-04-08,971.000000,990.000000,968.250000,985.599976,956.491150,2659878
2022-04-11,983.599976,998.900024,976.799988,980.450012,951.493286,2413145
2022-04-12,977.000000,987.650024,966.000000,985.099976,956.005920,1963842
2022-04-13,992.000000,996.250000,982.000000,983.400024,954.356262,2060127
2022-04-18,972.000000,983.000000,966.099976,977.450012,948.581970,1575552
2022-04-19,979.900024,988.950012,951.000000,963.799988,935.335022,1747142
2022-04-20,965.549988,982.750000,952.500000,972.549988,943.826660,2421543
2022-04-21,976.099976,992.700012,976.099976,989.250000,960.033386,1957820
2022-04-22,980.000000,988.000000,957.099976,959.849976,931.501770,1942893
2022-04-25,945.000000,958.450012,931.000000,946.549988,918.594482,2096910
2022-04-26,962.000000,983.349976,958.099976,980.450012,951.493286,2673266
2022-04-27,970.099976,979.799988,967.150024,974.500000,945.719055,1476543
2022-04-28,978.000000,992.450012,972.000000,988.349976,959.159973,2003774
2022-04-29,990.000000,1009.500000,975.200012,978.549988,949.649475,3476442
2022-05-02,972.000000,1026.000000,966.450012,1018.099976,988.031311,8962019
2022-05-04,1025.500000,1029.000000,971.000000,978.299988,949.406860,4565643
2022-05-05,995.000000,995.000000,932.000000,936.799988,909.132446,4679266
2022-05-06,919.000000,934.299988,902.500000,915.400024,888.364502,3713381
2022-05-09,912.799988,912.799988,881.000000,889.700012,863.423523,3283626
2022-05-10,888.000000,920.000000,888.000000,910.750000,883.851868,3972560
2022-05-11,910.900024,928.000000,891.299988,923.349976,896.079712,4209334
2022-05-12,916.000000,916.500000,856.000000,869.900024,844.208374,4776857
2022-05-13,886.000000,894.150024,868.750000,872.349976,846.585938,2932319
2022-05-16,876.700012,898.799988,865.549988,885.900024,859.735779,1971123
2022-05-17,890.000000,905.000000,888.099976,903.849976,877.155579,2038983
2022-05-18,907.000000,917.950012,899.049988,903.150024,876.476318,2665522
2022-05-19,888.000000,890.849976,860.099976,866.250000,840.666138,2656251
2022-05-20,888.000000,900.000000,881.200012,896.500000,870.022705,2286465
2022-05-23,900.000000,922.000000,898.950012,902.400024,875.748474,2577890
2022-05-24,905.400024,917.000000,895.299988,897.950012,871.429871,2149695
2022-05-25,907.799988,923.500000,889.549988,893.349976,866.965698,3664893
2022-05-26,902.599976,906.799988,877.450012,897.599976,871.090210,3909078
2022-05-27,908.349976,927.000000,905.200012,925.400024,898.069214,2509528
2022-05-30,936.000000,946.450012,932.099976,936.200012,908.550232,2036338
2022-05-31,926.000000,939.950012,926.000000,930.849976,903.358154,1249259
2022-06-01,930.849976,938.349976,918.700012,928.349976,900.932007,1144864
2022-06-02,921.000000,945.000000,921.000000,942.950012,915.100830,1735855
2022-06-03,950.000000,953.799988,922.000000,924.299988,897.001709,1398174
2022-06-06,920.000000,933.950012,918.500000,928.750000,901.320251,1417254
2022-06-07,924.250000,929.950012,916.500000,923.700012,896.419373,929573
2022-06-08,929.000000,938.000000,906.549988,913.700012,886.714722,1905868
2022-06-09,908.000000,923.500000,906.349976,920.299988,893.119751,1031195
2022-06-10,912.500000,925.000000,903.250000,913.200012,886.229492,882217
2022-06-13,895.000000,900.349976,860.099976,865.450012,839.889771,3353078
2022-06-14,864.000000,869.950012,840.299988,844.200012,819.267334,3770890
2022-06-15,852.000000,857.000000,828.000000,843.299988,818.393860,3911673
2022-06-16,854.000000,859.400024,805.150024,809.599976,785.689209,3141825
2022-06-17,810.000000,821.849976,796.750000,806.900024,783.068970,2624540
2022-06-20,814.599976,814.599976,769.500000,784.049988,760.893799,3103978
2022-06-21,796.049988,809.400024,783.450012,798.849976,775.256653,3425596
2022-06-22,799.650024,801.849976,767.700012,777.650024,754.682800,3066728
2022-06-23,781.000000,794.299988,763.200012,784.950012,761.767273,3888446
2022-06-24,793.950012,815.849976,792.500000,806.500000,782.680786,4706175
2022-06-27,819.200012,829.700012,817.650024,823.500000,799.178711,2569316
2022-06-28,819.000000,823.500000,812.000000,816.599976,792.482422,1280737
2022-06-29,805.000000,817.349976,788.200012,808.799988,784.912842,3774208
2022-06-30,811.799988,816.700012,790.250000,794.349976,770.889648,2686640
2022-07-01,793.000000,810.000000,783.000000,807.200012,783.360046,2796110
2022-07-04,812.799988,840.000000,811.200012,832.000000,807.427673,4711395
2022-07-05,833.000000,839.000000,821.049988,824.049988,799.712463,1836183
2022-07-06,829.799988,840.000000,825.049988,836.549988,811.843262,1660551
2022-07-07,841.000000,863.400024,840.250000,861.000000,835.571228,3868679
2022-07-08,867.000000,867.500000,846.200012,848.599976,823.537354,1342616
2022-07-11,845.000000,860.000000,843.049988,858.349976,832.999390,1503503
2022-07-12,850.000000,861.150024,845.000000,847.049988,822.033142,1221366
2022-07-13,856.150024,856.150024,789.500000,819.049988,794.860107,10850036
2022-07-14,823.099976,829.799988,813.700012,820.900024,796.655518,2463571
2022-07-15,824.150024,829.000000,811.200012,815.049988,790.978271,1365475
2022-07-18,826.000000,853.200012,823.200012,851.049988,825.915039,2536142
2022-07-19,841.000000,871.799988,840.000000,868.099976,842.461426,2608372
2022-07-20,886.000000,897.450012,872.799988,879.299988,853.330627,3995680
2022-07-21,903.000000,962.000000,892.599976,948.099976,920.098755,23581540
2022-07-22,950.049988,956.000000,938.650024,942.450012,914.615601,4842122
2022-07-25,940.000000,966.500000,939.549988,962.049988,933.636719,6043152
2022-07-26,959.000000,969.900024,951.849976,961.599976,933.200012,2983144
2022-07-27,960.700012,983.750000,955.250000,979.799988,950.862488,3405140
2022-07-28,994.450012,1020.000000,989.099976,1017.700012,987.643188,7001490
2022-07-29,1022.200012,1049.949951,1018.750000,1043.500000,1012.681213,5862550
2022-08-01,1040.000000,1047.900024,1024.550049,1040.150024,1009.430115,4299697
2022-08-02,1033.000000,1071.900024,1032.050049,1067.250000,1035.729736,5074834
2022-08-03,1063.550049,1070.000000,1051.550049,1058.300049,1027.044189,2753893
2022-08-04,1061.099976,1072.849976,1043.800049,1050.199951,1019.183289,2142720
2022-08-05,1055.500000,1057.750000,1033.550049,1036.300049,1005.693848,2382020
2022-08-08,1036.300049,1057.699951,1033.699951,1050.199951,1019.183289,2057991
2022-08-10,1045.400024,1067.500000,1043.050049,1063.099976,1031.702271,2727232
2022-08-11,1070.650024,1086.000000,1069.000000,1079.199951,1055.768066,3998702
2022-08-12,1077.150024,1088.050049,1075.550049,1080.449951,1056.990967,2463516
2022-08-16,1085.000000,1096.900024,1075.099976,1084.449951,1060.904175,3083931
2022-08-17,1083.000000,1095.000000,1082.000000,1088.599976,1064.964111,1768441
2022-08-18,1082.500000,1107.449951,1081.550049,1105.099976,1081.105835,2407824
2022-08-19,1104.949951,1104.949951,1060.000000,1063.300049,1040.213501,3660413
2022-08-22,1055.000000,1067.300049,1045.500000,1057.199951,1034.245850,2662510
2022-08-23,1035.000000,1078.900024,1034.099976,1071.050049,1047.795166,3030759
2022-08-24,1077.000000,1105.000000,1077.000000,1101.900024,1077.975464,3685015
2022-08-25,1109.000000,1119.750000,1082.699951,1089.949951,1066.284790,3775014
2022-08-26,1098.000000,1101.699951,1064.650024,1069.750000,1046.523438,3662548
2022-08-29,1050.000000,1062.900024,1041.000000,1059.199951,1036.202393,1642550
2022-08-30,1071.800049,1109.800049,1070.000000,1107.449951,1083.404785,3200407
2022-09-01,1097.650024,1121.000000,1095.000000,1111.400024,1087.269043,3487969
2022-09-02,1116.949951,1119.500000,1095.000000,1100.750000,1076.850342,2428618
2022-09-05,1099.500000,1112.449951,1096.550049,1108.000000,1083.942871,2419887
2022-09-06,1115.000000,1118.750000,1097.599976,1108.800049,1084.725586,2516672
2022-09-07,1095.000000,1100.000000,1086.000000,1089.949951,1066.284790,3165749
2022-09-08,1103.000000,1115.000000,1097.400024,1108.300049,1084.236450,2995969
2022-09-09,1119.000000,1149.550049,1116.550049,1137.150024,1112.459961,4751837
2022-09-12,1144.300049,1145.000000,1128.000000,1136.849976,1112.166504,1918731
2022-09-13,1145.000000,1165.550049,1136.800049,1163.800049,1138.531372,3571187
2022-09-14,1148.599976,1225.000000,1142.300049,1215.750000,1189.353394,9043198
2022-09-15,1219.000000,1220.000000,1185.050049,1195.849976,1169.885498,4063705
2022-09-16,1195.849976,1251.050049,1185.000000,1227.349976,1200.701538,16270762
2022-09-19,1226.000000,1256.000000,1218.000000,1225.750000,1199.136353,6074889
2022-09-20,1241.250000,1275.800049,1240.000000,1264.099976,1236.653564,5704241
2022-09-21,1260.000000,1265.000000,1221.800049,1224.250000,1197.668823,6121456
2022-09-22,1219.000000,1238.500000,1205.000000,1216.550049,1190.136108,5463724
2022-09-23,1210.000000,1213.949951,1176.050049,1183.349976,1157.656860,4197496
2022-09-26,1170.000000,1180.000000,1135.699951,1149.599976,1124.639648,5082576
2022-09-27,1166.449951,1178.000000,1140.599976,1165.099976,1139.803101,4493527
2022-09-28,1155.199951,1160.000000,1133.000000,1140.900024,1116.128662,4898528
2022-09-29,1160.000000,1174.800049,1137.300049,1142.250000,1117.449341,4998273
2022-09-30,1141.000000,1192.300049,1128.800049,1185.199951,1159.466675,4392250
2022-10-03,1178.000000,1185.900024,1153.050049,1156.250000,1131.145264,3397982
2022-10-04,1184.900024,1222.000000,1176.150024,1219.250000,1192.777466,4446589
2022-10-06,1225.000000,1234.949951,1197.300049,1200.900024,1174.825806,2773277
2022-10-07,1201.000000,1217.849976,1182.500000,1213.400024,1187.054443,3338767
2022-10-10,1193.099976,1216.900024,1183.250000,1210.300049,1184.021729,2547644
2022-10-11,1215.000000,1215.949951,1162.000000,1164.599976,1139.313965,21664338
2022-10-12,1175.050049,1192.099976,1156.099976,1189.050049,1163.233154,3412460
2022-10-13,1189.050049,1196.750000,1167.000000,1184.250000,1158.537354,1982808
2022-10-14,1201.250000,1216.349976,1179.199951,1181.599976,1155.944946,2918993
2022-10-17,1178.000000,1203.800049,1164.000000,1199.650024,1173.603027,3419791
2022-10-18,1207.000000,1228.650024,1203.099976,1223.250000,1196.690552,3451130
2022-10-19,1227.900024,1231.699951,1210.000000,1218.400024,1191.945801,3896969
2022-10-20,1214.000000,1214.000000,1150.099976,1159.949951,1134.764893,11242103
2022-10-21,1166.000000,1169.000000,1139.099976,1142.250000,1117.449341,5309754
2022-10-24,1160.000000,1160.000000,1143.000000,1145.849976,1120.971069,674170
2022-10-25,1145.849976,1153.050049,1121.800049,1137.449951,1112.753418,3514202
2022-10-27,1150.000000,1153.599976,1135.199951,1142.500000,1117.693726,2590606
2022-10-28,1145.000000,1161.000000,1137.500000,1147.000000,1122.096069,2778938
2022-10-31,1155.000000,1159.599976,1138.949951,1142.650024,1117.840576,2048520
2022-11-01,1146.500000,1159.900024,1145.000000,1151.150024,1126.156006,2664189
2022-11-02,1146.000000,1157.699951,1135.000000,1138.199951,1113.487183,1947283
2022-11-03,1133.449951,1150.949951,1125.250000,1148.000000,1123.074463,1742221
2022-11-04,1153.750000,1158.000000,1142.099976,1152.699951,1127.672363,1571565
2022-11-07,1158.000000,1158.000000,1139.250000,1144.150024,1119.308105,2601148
2022-11-09,1156.000000,1172.900024,1144.000000,1149.000000,1124.052734,3456108
2022-11-10,1143.000000,1157.800049,1118.000000,1127.349976,1102.872681,2072769
2022-11-11,1140.000000,1161.449951,1130.599976,1140.000000,1115.248169,2198448
2022-11-14,1145.699951,1160.000000,1134.150024,1152.949951,1127.916870,2007506
2022-11-15,1157.849976,1167.750000,1147.150024,1152.849976,1127.819092,1802234
2022-11-16,1151.000000,1158.000000,1136.000000,1144.099976,1119.259033,2331206
2022-11-17,1141.449951,1152.750000,1137.550049,1146.500000,1121.607056,1721557
2022-11-18,1151.349976,1151.349976,1122.000000,1128.650024,1104.144653,2082130
2022-11-21,1119.550049,1142.050049,1117.000000,1139.000000,1114.269897,2602264
2022-11-22,1143.000000,1173.250000,1138.500000,1169.400024,1144.009766,3927395
2022-11-23,1176.000000,1183.000000,1161.000000,1174.349976,1148.852295,3265438
2022-11-24,1180.000000,1186.949951,1167.599976,1175.550049,1150.026245,3496170
2022-11-25,1180.000000,1193.800049,1176.050049,1187.099976,1161.325439,4715695
2022-11-28,1180.000000,1205.449951,1178.699951,1197.849976,1171.842041,2846018
2022-11-29,1192.000000,1199.849976,1178.449951,1180.599976,1154.966675,1875146
2022-11-30,1180.000000,1183.699951,1163.000000,1167.800049,1142.444458,2421938
2022-12-01,1175.000000,1180.949951,1162.099976,1173.900024,1148.412109,2693170
2022-12-02,1169.650024,1185.750000,1167.050049,1178.699951,1153.107788,2299901
2022-12-05,1182.000000,1198.000000,1179.849976,1195.500000,1169.543091,3842074
2022-12-06,1198.949951,1208.000000,1179.000000,1184.099976,1158.390503,3130375
2022-12-07,1184.000000,1189.000000,1161.449951,1164.650024,1139.362915,2752097
2022-12-08,1165.000000,1194.300049,1163.050049,1190.849976,1164.994019,3666432
2022-12-09,1195.500000,1216.000000,1189.250000,1202.500000,1176.391113,6171282
2022-12-12,1201.300049,1219.900024,1195.250000,1206.750000,1180.548828,2790292
2022-12-13,1212.800049,1240.949951,1209.500000,1234.949951,1208.136475,4161518
2022-12-14,1241.750000,1257.000000,1233.000000,1253.150024,1225.941406,3913725
2022-12-15,1252.750000,1273.550049,1235.000000,1239.599976,1212.685547,3097282
2022-12-16,1235.000000,1248.800049,1208.199951,1229.550049,1202.853760,1944616
2022-12-19,1233.949951,1241.699951,1212.099976,1223.550049,1196.984009,1382378
2022-12-20,1215.000000,1234.349976,1209.949951,1228.650024,1201.973389,1245359
2022-12-21,1236.000000,1238.150024,1190.949951,1201.800049,1175.706299,1495106
2022-12-22,1207.849976,1208.800049,1170.199951,1180.150024,1154.526489,2126536
2022-12-23,1160.050049,1179.699951,1143.000000,1147.849976,1122.927612,2621761
2022-12-26,1150.000000,1208.000000,1141.000000,1195.699951,1169.738647,2100374
2022-12-27,1201.650024,1209.949951,1185.000000,1202.349976,1176.244263,1462244
2022-12-28,1198.000000,1227.000000,1194.000000,1214.150024,1187.788208,2834356
2022-12-29,1206.000000,1234.900024,1201.800049,1231.150024,1204.419067,3134405
2022-12-30,1238.000000,1238.000000,1211.500000,1220.099976,1193.608887,1767556
2023-01-02,1220.099976,1231.099976,1211.750000,1226.349976,1199.723267,2587946
2023-01-03,1226.550049,1249.849976,1222.300049,1240.949951,1214.006226,2195814
2023-01-04,1258.000000,1273.400024,1206.099976,1223.099976,1196.543823,8001367
2023-01-05,1229.250000,1232.500000,1203.800049,1215.849976,1189.451172,2364186
2023-01-06,1214.000000,1217.699951,1176.099976,1181.900024,1156.238403,3029739
2023-01-09,1190.150024,1223.599976,1188.050049,1218.650024,1192.190430,2836421
2023-01-10,1215.000000,1231.150024,1205.000000,1227.550049,1200.897217,2442613
2023-01-11,1232.400024,1238.199951,1207.400024,1213.250000,1186.907715,2675249
2023-01-12,1214.000000,1224.750000,1197.300049,1209.150024,1182.896729,1862790
2023-01-13,1213.000000,1237.300049,1210.099976,1234.400024,1207.598511,2184432
2023-01-16,1240.000000,1250.000000,1232.599976,1239.250000,1212.343140,2398823
2023-01-17,1240.000000,1240.000000,1212.699951,1230.349976,1203.636353,1803413
2023-01-18,1232.000000,1238.000000,1218.000000,1223.000000,1196.445923,1865108
2023-01-19,1215.000000,1245.000000,1183.250000,1200.550049,1174.483521,9691261
2023-01-20,1208.599976,1228.000000,1198.500000,1202.449951,1176.342163,4144033
2023-01-23,1212.699951,1220.150024,1200.500000,1204.699951,1178.543213,1848813
2023-01-24,1206.300049,1219.800049,1198.349976,1212.300049,1185.978394,2472106
2023-01-25,1210.000000,1211.000000,1151.349976,1156.150024,1131.047485,3420414
2023-01-27,1163.050049,1168.650024,1106.000000,1116.400024,1092.160645,4781085
2023-01-30,1110.000000,1124.800049,1055.000000,1089.050049,1065.404419,7991091
2023-01-31,1097.050049,1098.849976,1068.349976,1082.949951,1059.436768,6080048
2023-02-01,1094.000000,1119.000000,990.000000,1041.849976,1019.229187,7563064
2023-02-02,1034.900024,1081.000000,1028.400024,1075.900024,1052.539917,4494575
2023-02-03,1110.000000,1131.000000,1079.000000,1103.550049,1079.589600,9207051
2023-02-06,1109.000000,1135.000000,1100.449951,1129.150024,1104.633667,2865938
2023-02-07,1134.000000,1148.150024,1122.500000,1142.900024,1118.085205,3603258
2023-02-08,1144.000000,1151.250000,1136.000000,1145.349976,1120.481934,1675932
2023-02-09,1150.150024,1168.199951,1138.300049,1163.800049,1138.531372,2284751
2023-02-10,1160.000000,1167.000000,1147.099976,1161.199951,1135.987793,2126093
2023-02-13,1165.000000,1170.000000,1148.599976,1157.349976,1132.221313,2112106
2023-02-14,1160.699951,1162.000000,1137.000000,1156.849976,1131.732300,2433798
2023-02-15,1155.000000,1160.449951,1145.000000,1149.599976,1124.639648,2050158
2023-02-16,1155.349976,1156.099976,1143.699951,1148.349976,1123.416748,1918858
2023-02-17,1142.000000,1143.900024,1109.000000,1114.699951,1090.497437,3146155
2023-02-20,1117.250000,1122.800049,1103.800049,1109.300049,1085.214722,1613608
2023-02-21,1110.000000,1112.150024,1096.000000,1101.750000,1077.828613,1767689
2023-02-22,1096.750000,1096.949951,1079.199951,1092.750000,1069.024048,1983022
2023-02-23,1092.699951,1097.550049,1066.650024,1075.599976,1052.246460,3193602
2023-02-24,1080.050049,1089.650024,1069.599976,1079.150024,1055.719360,1862986
2023-02-27,1079.949951,1089.849976,1067.050049,1081.949951,1058.458496,2047252
2023-02-28,1082.500000,1089.900024,1068.050049,1077.699951,1054.300781,1360243
2023-03-01,1077.050049,1106.550049,1070.099976,1100.449951,1076.556763,4006038
2023-03-02,1099.949951,1110.500000,1093.400024,1102.050049,1078.122070,3831094
2023-03-03,1109.000000,1133.199951,1104.750000,1126.400024,1101.943481,3365349
2023-03-06,1132.000000,1140.000000,1116.650024,1120.599976,1096.269287,3623590
2023-03-08,1109.650024,1179.000000,1105.550049,1174.250000,1148.754517,7227479
2023-03-09,1174.250000,1182.650024,1162.300049,1169.800049,1144.401123,3086720
2023-03-10,1155.099976,1162.250000,1138.000000,1144.800049,1119.943970,3255900
2023-03-13,1119.000000,1119.500000,1055.000000,1060.099976,1037.082886,12242080
2023-03-14,1060.099976,1082.400024,1052.199951,1064.000000,1040.898315,5410127
2023-03-15,1079.800049,1086.550049,1040.000000,1044.349976,1021.674805,4117107
2023-03-16,1040.000000,1041.949951,1001.900024,1017.799988,995.701294,9261210
2023-03-17,1038.000000,1038.599976,1006.250000,1020.500000,998.342712,5324960
2023-03-20,1020.000000,1020.000000,990.200012,1002.299988,980.537842,5439347
2023-03-21,1007.349976,1029.949951,996.000000,1022.849976,1000.641663,6200518
2023-03-22,1028.000000,1044.000000,1024.150024,1031.150024,1008.761536,2992139
2023-03-23,1028.150024,1046.199951,1014.250000,1018.250000,996.141541,3703523
2023-03-24,1019.000000,1024.949951,1004.650024,1009.549988,987.630432,2709449
2023-03-27,1014.000000,1020.950012,1004.000000,1012.849976,990.858765,2116764
2023-03-28,1017.700012,1038.400024,1007.200012,1036.150024,1013.652893,4396283
2023-03-29,1031.000000,1063.949951,1025.000000,1057.099976,1034.148071,5803091
2023-03-31,1063.000000,1076.000000,1060.400024,1067.949951,1044.762451,3097113
2023-04-03,1073.000000,1081.150024,1064.000000,1078.750000,1055.327881,1534155
2023-04-05,1089.000000,1089.199951,1060.099976,1067.199951,1044.028687,2979782
2023-04-06,1067.199951,1093.449951,1064.250000,1082.000000,1058.507446,3458673
2023-04-10,1082.000000,1083.000000,1063.000000,1069.300049,1046.083252,1602094
2023-04-11,1077.400024,1078.099976,1055.050049,1074.199951,1050.876709,1932390
2023-04-12,1073.500000,1077.099976,1057.550049,1074.750000,1051.414795,3005913
2023-04-13,1073.000000,1114.500000,1007.950012,1109.300049,1085.214722,6082307
2023-04-17,1107.400024,1136.699951,1105.000000,1124.349976,1099.937866,5360050
2023-04-18,1130.000000,1149.500000,1127.050049,1146.900024,1121.998291,4455007
2023-04-19,1143.000000,1145.900024,1118.550049,1120.400024,1096.073730,2207739
2023-04-20,1118.949951,1131.550049,1112.400024,1126.199951,1101.747681,2530597
2023-04-21,1126.199951,1135.750000,1108.349976,1116.349976,1092.111572,1894300
2023-04-24,1130.750000,1141.000000,1092.000000,1102.000000,1078.073242,7711772
2023-04-25,1119.949951,1127.599976,1113.099976,1121.750000,1097.394409,5268567
2023-04-26,1117.750000,1139.800049,1115.150024,1137.800049,1113.095947,2688362
2023-04-27,1140.000000,1148.449951,1130.000000,1144.750000,1119.894897,2990958
2023-04-28,1148.750000,1157.550049,1135.000000,1152.800049,1127.770264,2239678
2023-05-02,1158.949951,1161.849976,1150.000000,1150.900024,1125.911499,2000569
2023-05-03,1142.500000,1159.900024,1140.300049,1146.150024,1121.264648,1816420
2023-05-04,1146.150024,1151.000000,1129.000000,1134.599976,1109.965332,2752160
2023-05-05,1131.000000,1154.949951,1065.349976,1073.300049,1049.996338,8504838
2023-05-08,1087.000000,1134.650024,1087.000000,1126.349976,1101.894409,6764292
2023-05-09,1135.000000,1149.900024,1131.099976,1140.599976,1115.834961,4181498
2023-05-10,1155.000000,1175.800049,1150.000000,1172.550049,1147.091431,6466598
2023-05-11,1175.000000,1200.000000,1169.250000,1187.449951,1161.667847,6086958
2023-05-12,1192.500000,1214.000000,1176.050049,1208.650024,1182.407593,3983609
2023-05-15,1208.599976,1222.650024,1196.000000,1219.550049,1193.070923,3323300
2023-05-16,1219.550049,1226.099976,1208.650024,1220.300049,1193.804565,2888698
2023-05-17,1217.050049,1248.000000,1214.000000,1236.150024,1209.310425,4661849
2023-05-18,1248.000000,1248.000000,1230.699951,1238.900024,1212.000854,2489971
2023-05-19,1243.000000,1251.000000,1221.599976,1248.000000,1220.903198,2366675
2023-05-22,1247.000000,1251.000000,1232.500000,1246.150024,1219.093384,2106351
2023-05-23,1246.000000,1266.900024,1245.000000,1260.199951,1232.838257,2142459
2023-05-24,1255.000000,1275.900024,1247.650024,1271.750000,1244.137573,2782379
2023-05-25,1268.949951,1271.900024,1249.699951,1263.400024,1235.968872,2589092
2023-05-26,1256.449951,1272.449951,1255.900024,1268.050049,1240.517944,1981580
2023-05-29,1272.199951,1295.000000,1272.000000,1284.949951,1257.050781,2985334
2023-05-30,1284.949951,1296.150024,1276.400024,1293.250000,1265.170776,1818000
2023-05-31,1289.000000,1297.400024,1277.250000,1286.599976,1258.665161,2764078
2023-06-01,1280.000000,1298.000000,1251.500000,1290.150024,1262.138062,3244947
2023-06-02,1282.400024,1292.949951,1271.000000,1288.199951,1274.055664,1912458
2023-06-05,1295.000000,1306.449951,1282.650024,1301.800049,1287.506470,3040374
2023-06-06,1302.000000,1315.900024,1300.000000,1306.000000,1291.660278,2902701
2023-06-07,1309.949951,1312.750000,1303.199951,1311.199951,1296.803101,2679118
2023-06-08,1316.449951,1323.900024,1300.000000,1303.849976,1289.533813,3215312
2023-06-09,1299.000000,1336.400024,1298.400024,1331.050049,1316.435303,4233651
2023-06-12,1336.949951,1336.949951,1318.599976,1332.449951,1317.819824,1904622
2023-06-13,1336.000000,1342.900024,1332.349976,1336.250000,1321.578125,3756073
2023-06-14,1335.050049,1336.250000,1318.199951,1323.250000,1308.720825,2858453
2023-06-15,1315.000000,1319.949951,1288.500000,1297.099976,1282.857910,5952095
2023-06-16,1297.099976,1318.599976,1294.550049,1314.000000,1299.572388,3508045
2023-06-19,1310.000000,1317.250000,1290.599976,1301.400024,1287.110840,2679485
2023-06-20,1295.000000,1315.400024,1285.199951,1298.400024,1284.143677,2102065
2023-06-21,1297.750000,1307.500000,1284.400024,1286.599976,1272.473267,1490552
2023-06-22,1286.599976,1289.050049,1269.050049,1272.699951,1258.725830,3185099
2023-06-23,1272.699951,1318.000000,1262.000000,1308.699951,1294.330566,4636121
2023-06-26,1314.800049,1326.599976,1305.900024,1315.050049,1300.610962,2236596
2023-06-27,1318.750000,1320.949951,1297.349976,1315.949951,1301.500977,2638788
2023-06-28,1325.000000,1346.949951,1316.250000,1334.050049,1319.402344,5550351
2023-06-30,1341.900024,1382.250000,1337.050049,1374.650024,1359.556519,4590286
2023-07-03,1379.949951,1387.000000,1367.599976,1380.349976,1365.193848,2890340
2023-07-04,1389.000000,1394.000000,1363.300049,1367.349976,1352.336670,2262047
2023-07-05,1371.349976,1413.099976,1371.349976,1399.550049,1384.183105,5288351
2023-07-06,1395.250000,1396.699951,1373.400024,1390.199951,1374.935669,3337234
2023-07-07,1384.550049,1393.949951,1353.000000,1357.099976,1342.199219,2922616
2023-07-10,1361.250000,1372.400024,1345.150024,1367.000000,1351.990479,1941110
2023-07-11,1372.000000,1383.650024,1370.000000,1380.949951,1365.787231,2110648
2023-07-12,1371.949951,1384.800049,1351.000000,1371.449951,1356.391602,4921224
2023-07-13,1384.000000,1391.500000,1366.400024,1376.300049,1361.188477,5174896
2023-07-14,1376.199951,1383.949951,1367.000000,1377.000000,1361.880737,3885754
2023-07-17,1380.000000,1404.750000,1369.599976,1390.500000,1375.232422,4003275
2023-07-18,1398.000000,1409.199951,1382.500000,1390.250000,1374.985229,4106331
2023-07-19,1430.000000,1443.400024,1410.000000,1419.550049,1403.963501,8850582
2023-07-20,1426.000000,1433.500000,1418.199951,1425.150024,1409.502075,4491531
2023-07-21,1422.050049,1430.349976,1400.599976,1407.349976,1391.897461,2138540
2023-07-24,1408.500000,1439.400024,1405.300049,1435.699951,1419.936157,2738185
2023-07-25,1437.000000,1446.000000,1411.400024,1415.449951,1399.908447,2982900
2023-07-26,1421.449951,1429.900024,1411.199951,1427.699951,1412.023926,1537232
2023-07-27,1433.199951,1433.199951,1405.150024,1415.599976,1400.056885,3362598
2023-07-28,1415.199951,1421.949951,1397.599976,1401.949951,1386.556641,1565680
2023-07-31,1409.349976,1419.900024,1396.000000,1417.750000,1402.183228,1721385
2023-08-01,1420.750000,1423.199951,1389.349976,1394.599976,1379.287476,1578914
2023-08-02,1390.000000,1394.150024,1369.099976,1381.250000,1366.083984,1913777
2023-08-03,1376.250000,1380.599976,1354.050049,1364.500000,1349.517944,3631489
2023-08-04,1370.050049,1414.900024,1366.300049,1409.599976,1394.122681,4063355
2023-08-07,1410.000000,1417.650024,1399.349976,1415.250000,1399.710693,2792582
2023-08-08,1415.250000,1420.949951,1402.300049,1403.949951,1388.534790,1846797
2023-08-09,1405.000000,1410.449951,1392.000000,1408.449951,1392.985352,1218020
2023-08-10,1402.449951,1434.000000,1400.099976,1430.199951,1414.496460,3730443
2023-08-11,1431.750000,1431.750000,1392.750000,1397.250000,1381.908325,3074690
2023-08-14,1395.000000,1397.500000,1379.050049,1388.900024,1373.650024,1783022
2023-08-16,1384.000000,1388.050049,1367.000000,1380.699951,1365.540039,2051360
2023-08-17,1381.150024,1391.250000,1370.000000,1374.300049,1359.210327,3329471
2023-08-18,1369.000000,1377.000000,1360.849976,1371.699951,1356.638794,1720129
2023-08-21,1375.000000,1400.000000,1366.199951,1397.800049,1382.452393,1763990
2023-08-22,1403.000000,1404.599976,1394.099976,1401.150024,1385.765503,1224910
2023-08-23,1401.150024,1408.000000,1392.150024,1401.000000,1385.617188,1681561
2023-08-24,1408.250000,1435.000000,1402.250000,1425.150024,1409.502075,3559546
2023-08-25,1417.949951,1421.449951,1389.050049,1401.150024,1385.765503,1862535
2023-08-28,1400.000000,1411.250000,1393.800049,1409.449951,1393.974365,1072295
2023-08-29,1409.449951,1413.699951,1392.449951,1400.150024,1384.776489,1831565
2023-08-30,1405.150024,1410.900024,1386.849976,1392.449951,1377.161011,1500390
2023-08-31,1392.449951,1401.900024,1363.250000,1378.150024,1363.018066,4106180
2023-09-01,1382.000000,1423.599976,1376.199951,1416.550049,1400.996460,2792033
2023-09-04,1423.849976,1427.500000,1415.000000,1421.800049,1406.188843,998692
2023-09-05,1425.000000,1429.800049,1416.349976,1423.750000,1408.117432,1469938
2023-09-06,1421.750000,1421.750000,1396.449951,1408.650024,1393.183228,4046484
2023-09-07,1408.650024,1443.199951,1398.000000,1439.599976,1423.793335,2278316
2023-09-08,1445.000000,1459.949951,1434.099976,1448.849976,1432.941772,2862657
2023-09-11,1449.050049,1452.000000,1431.750000,1450.199951,1434.276855,2220230
2023-09-12,1450.099976,1453.900024,1425.099976,1429.150024,1413.458130,1943026
2023-09-13,1429.900024,1459.650024,1416.050049,1455.050049,1439.073730,4302942
2023-09-14,1459.949951,1467.849976,1450.449951,1458.250000,1442.238525,2407947
2023-09-15,1464.400024,1464.400024,1446.449951,1450.000000,1434.079102,1647901
2023-09-18,1454.000000,1462.750000,1445.150024,1456.900024,1440.903442,1504046
2023-09-20,1441.000000,1475.650024,1422.300049,1440.449951,1424.633911,5683215
2023-09-21,1431.000000,1443.650024,1406.349976,1411.300049,1395.804077,2514377
2023-09-22,1416.000000,1463.500000,1413.000000,1452.900024,1436.947388,4397398
2023-09-25,1451.500000,1454.550049,1434.099976,1442.750000,1426.908813,2013653
2023-09-26,1440.000000,1443.949951,1411.650024,1423.050049,1407.425171,2870137
2023-09-27,1425.000000,1439.000000,1418.300049,1436.449951,1420.677856,3697690
2023-09-28,1437.000000,1445.349976,1409.449951,1413.000000,1397.485474,5876746
2023-09-29,1415.050049,1439.949951,1399.300049,1428.849976,1413.161377,2593595
2023-10-03,1432.000000,1438.400024,1420.000000,1435.400024,1419.639526,1442499
2023-10-04,1424.849976,1428.500000,1386.199951,1401.300049,1385.913940,3978667
2023-10-05,1408.699951,1415.400024,1394.300049,1401.849976,1386.457764,1647175
2023-10-06,1404.949951,1438.000000,1401.099976,1434.800049,1419.046143,2167139
2023-10-09,1420.099976,1445.000000,1410.000000,1428.550049,1412.864746,1613546
2023-10-10,1434.000000,1436.349976,1412.050049,1420.550049,1404.952515,1874201
2023-10-11,1430.949951,1431.900024,1414.550049,1421.199951,1405.595337,1855211
2023-10-12,1433.300049,1444.000000,1421.000000,1424.250000,1408.611938,2069952
2023-10-13,1421.199951,1466.300049,1420.000000,1463.699951,1447.628662,4480890
2023-10-16,1462.849976,1462.849976,1444.449951,1446.400024,1430.518677,1913782
2023-10-17,1454.900024,1458.449951,1425.550049,1436.000000,1420.232910,1373704
2023-10-18,1437.000000,1444.000000,1415.599976,1420.349976,1404.754639,3067244
2023-10-19,1451.500000,1464.699951,1423.050049,1450.349976,1434.425293,13948984
2023-10-20,1448.000000,1471.800049,1443.099976,1469.099976,1452.969360,5135316
2023-10-23,1469.000000,1469.750000,1430.050049,1435.000000,1419.243896,3319090
2023-10-25,1444.949951,1446.949951,1410.050049,1412.699951,1397.188721,4045910
2023-10-26,1412.650024,1429.300049,1393.650024,1414.650024,1399.117310,4194418
2023-10-27,1420.000000,1444.500000,1412.699951,1441.300049,1425.474731,2424655
2023-10-30,1440.000000,1460.900024,1428.000000,1454.650024,1438.678101,2255111
2023-10-31,1456.000000,1460.000000,1436.550049,1441.300049,1425.474731,1454345
2023-11-01,1443.900024,1445.599976,1427.150024,1432.599976,1416.870239,2658439
2023-11-02,1447.000000,1479.949951,1439.099976,1461.199951,1445.156128,4524652
2023-11-03,1471.000000,1475.000000,1448.000000,1450.250000,1434.326416,3052041
2023-11-06,1463.000000,1471.900024,1456.000000,1470.250000,1454.106812,2090640
2023-11-07,1469.550049,1490.449951,1464.250000,1486.400024,1470.079468,2830149
2023-11-08,1493.949951,1495.949951,1481.250000,1488.949951,1472.601440,3210977
2023-11-09,1488.949951,1516.300049,1484.849976,1507.349976,1490.799438,3207721
2023-11-10,1499.949951,1509.449951,1493.150024,1498.800049,1482.343384,2247500
2023-11-13,1502.000000,1516.000000,1496.150024,1509.599976,1493.024780,2026629
2023-11-15,1538.500000,1538.500000,1490.250000,1493.949951,1477.546509,6293703
2023-11-16,1500.000000,1506.599976,1493.000000,1498.650024,1482.195068,2728834
2023-11-17,1490.550049,1509.000000,1485.550049,1498.449951,1481.997192,4182376
2023-11-20,1498.900024,1509.449951,1490.699951,1504.800049,1488.277466,2125867
2023-11-21,1505.500000,1507.449951,1494.099976,1502.050049,1485.557739,1661103
2023-11-22,1500.000000,1505.500000,1458.949951,1470.400024,1454.255249,3914008
2023-11-23,1475.000000,1496.250000,1470.449951,1486.099976,1469.782715,3832098
2023-11-24,1491.449951,1491.900024,1474.000000,1476.199951,1459.991455,2813844
2023-11-28,1480.000000,1486.800049,1468.000000,1477.550049,1461.326660,4305915
2023-11-29,1484.000000,1489.550049,1471.250000,1483.550049,1467.260864,3477076
2023-11-30,1500.000000,1500.000000,1450.050049,1466.099976,1450.002319,45549217
2023-12-01,1479.000000,1493.000000,1458.150024,1461.050049,1445.007935,4063279
2023-12-04,1490.000000,1517.550049,1473.449951,1514.650024,1498.019287,4254987
2023-12-05,1519.800049,1525.500000,1486.500000,1506.599976,1490.057617,3457904
2023-12-06,1517.000000,1521.349976,1493.349976,1501.599976,1485.112549,3405245
2023-12-07,1505.000000,1514.949951,1496.050049,1504.750000,1488.228027,1931490
2023-12-08,1510.000000,1520.949951,1494.050049,1508.949951,1492.381836,2568088
2023-12-11,1512.800049,1537.949951,1510.000000,1521.849976,1505.140259,2194782
2023-12-12,1528.900024,1528.900024,1489.949951,1497.000000,1480.563110,1621785
2023-12-13,1502.000000,1512.650024,1495.000000,1506.900024,1490.354370,2562565
2023-12-14,1523.000000,1554.500000,1515.599976,1551.699951,1534.662476,3427500
2023-12-15,1552.949951,1578.000000,1547.050049,1570.800049,1553.552856,3478643
2023-12-18,1570.000000,1570.000000,1552.000000,1556.349976,1539.261475,1352458
2023-12-19,1556.349976,1586.050049,1542.199951,1566.550049,1549.349487,2297704
2023-12-20,1578.000000,1581.000000,1549.500000,1556.150024,1539.063721,3218717
2023-12-21,1542.099976,1574.000000,1527.550049,1570.000000,1552.761597,2400593
2023-12-22,1574.300049,1591.099976,1557.900024,1562.349976,1545.195557,2214206
2023-12-26,1562.949951,1582.750000,1557.000000,1570.800049,1553.552856,1129332
2023-12-27,1573.150024,1600.000000,1567.300049,1597.449951,1579.910156,1887827
2023-12-28,1600.000000,1618.699951,1592.000000,1610.550049,1592.866333,3143161
2023-12-29,1615.000000,1618.900024,1587.050049,1598.949951,1581.393677,1779207
2024-01-01,1598.949951,1611.400024,1591.800049,1598.849976,1581.294800,1341121
2024-01-02,1594.099976,1598.250000,1570.000000,1575.599976,1558.300049,1227193
2024-01-03,1575.500000,1604.949951,1558.000000,1601.150024,1583.569580,2620296
2024-01-04,1593.000000,1655.000000,1593.000000,1648.550049,1630.449097,4271262
2024-01-05,1654.000000,1654.000000,1629.000000,1643.199951,1625.157837,2294140
2024-01-08,1633.000000,1650.050049,1622.000000,1627.099976,1609.234619,1791003
2024-01-09,1631.949951,1643.900024,1621.000000,1625.099976,1607.256592,1619091
2024-01-10,1620.000000,1642.750000,1620.000000,1640.150024,1622.141357,1629958
2024-01-11,1643.949951,1668.199951,1642.550049,1657.849976,1639.646973,1914421
2024-01-12,1657.849976,1677.849976,1647.400024,1674.000000,1655.619629,2161848
2024-01-15,1684.800049,1694.500000,1668.050049,1688.849976,1670.306641,2930339
2024-01-16,1688.849976,1691.750000,1663.050049,1667.050049,1648.745972,1316138
2024-01-17,1650.000000,1677.050049,1631.849976,1643.900024,1625.850220,6683398
2024-01-18,1634.949951,1639.599976,1595.099976,1612.900024,1595.190552,3557256
2024-01-19,1622.699951,1631.750000,1550.199951,1561.099976,1543.959229,10982524
2024-01-23,1535.000000,1547.900024,1428.050049,1441.699951,1425.870239,10097057
2024-01-24,1459.949951,1495.800049,1442.000000,1490.849976,1474.480591,9155544
2024-01-25,1490.000000,1543.949951,1488.599976,1512.000000,1495.398438,8118578
2024-01-29,1523.000000,1537.750000,1515.349976,1526.800049,1510.036011,3058020
2024-01-30,1530.000000,1544.449951,1510.050049,1519.900024,1503.211670,1721705
2024-01-31,1519.199951,1548.000000,1507.150024,1534.050049,1517.206299,3867886
2024-02-01,1537.750000,1547.550049,1523.550049,1541.150024,1524.228394,2240634
2024-02-02,1551.000000,1564.849976,1529.550049,1533.750000,1516.909546,3554450
2024-02-05,1532.750000,1550.000000,1521.800049,1537.800049,1520.915161,2624023
2024-02-06,1550.000000,1550.449951,1504.150024,1511.400024,1494.805054,3312270
2024-02-07,1522.400024,1522.400024,1492.199951,1515.349976,1498.711548,4066189
2024-02-08,1522.699951,1540.949951,1470.000000,1477.300049,1461.079468,2931291
2024-02-09,1480.250000,1491.400024,1462.650024,1486.250000,1469.931152,2388841
2024-02-12,1488.199951,1497.000000,1442.150024,1447.150024,1431.260498,2821957
2024-02-13,1452.400024,1476.250000,1430.650024,1463.900024,1447.826538,4601482
2024-02-14,1450.050049,1494.500000,1435.949951,1481.500000,1465.233276,4208176
2024-02-15,1491.000000,1492.849976,1460.300049,1476.949951,1460.733154,1906763
2024-02-16,1485.949951,1506.500000,1471.000000,1493.650024,1477.249878,1844045
2024-02-19,1499.900024,1502.800049,1477.000000,1483.599976,1467.310181,1209609
2024-02-20,1489.000000,1508.000000,1475.050049,1504.199951,1487.683960,2390096
2024-02-21,1520.000000,1526.800049,1502.500000,1517.250000,1500.590820,5259113
2024-02-22,1517.250000,1520.000000,1463.500000,1489.150024,1472.799316,4969478
2024-02-23,1498.449951,1504.900024,1475.050049,1480.300049,1464.046509,2557861
2024-02-26,1481.000000,1486.000000,1463.900024,1466.500000,1450.397949,2077787
2024-02-27,1466.500000,1497.349976,1458.500000,1493.050049,1476.656494,2843312
2024-02-28,1495.000000,1503.449951,1442.500000,1449.199951,1433.287842,2661887
2024-02-29,1451.000000,1484.000000,1440.000000,1474.900024,1458.705811,4216252
2024-03-01,1480.000000,1528.750000,1477.849976,1526.650024,1509.887573,3549401
2024-03-04,1529.949951,1538.949951,1520.349976,1531.300049,1514.486572,2985524
2024-03-05,1529.650024,1547.000000,1524.000000,1542.449951,1525.514038,2694157
2024-03-06,1542.449951,1564.750000,1536.550049,1554.550049,1537.481201,5167456
2024-03-07,1556.449951,1571.500000,1546.050049,1563.750000,1546.580200,2285176
2024-03-11,1566.099976,1568.750000,1536.599976,1541.050049,1524.129517,1694488
2024-03-12,1541.050049,1555.949951,1528.500000,1533.050049,1516.217285,1918571
2024-03-13,1535.000000,1540.599976,1495.000000,1502.650024,1486.151123,4165036
2024-03-14,1471.550049,1506.900024,1469.199951,1476.750000,1460.535400,3652530
2024-03-15,1474.000000,1489.500000,1456.699951,1484.349976,1468.052002,2985042
2024-03-18,1487.250000,1491.599976,1466.300049,1480.699951,1464.442017,2365287
2024-03-19,1476.050049,1482.949951,1430.849976,1434.099976,1418.353760,3180412
2024-03-20,1440.000000,1464.000000,1422.699951,1441.550049,1425.722046,5480729
2024-03-21,1460.000000,1486.900024,1459.000000,1484.099976,1467.804688,3870591
2024-03-22,1477.750000,1520.349976,1473.000000,1512.099976,1495.497314,5309042
2024-03-26,1512.099976,1523.599976,1502.199951,1518.699951,1502.024780,9046136
2024-03-27,1519.000000,1542.949951,1514.449951,1533.550049,1516.711792,8408702
2024-03-28,1534.750000,1564.500000,1533.599976,1553.000000,1535.948242,3964429
2024-04-01,1553.000000,1572.750000,1539.000000,1542.400024,1525.464600,2159432
2024-04-02,1542.949951,1570.949951,1537.000000,1559.400024,1542.277954,2335256
2024-04-03,1554.000000,1556.900024,1538.050049,1542.650024,1525.711914,3711781
2024-04-04,1548.050049,1550.449951,1511.199951,1544.449951,1527.492065,6077155
2024-04-05,1552.000000,1556.349976,1528.099976,1552.400024,1535.354858,3286862
2024-04-08,1560.000000,1576.349976,1550.000000,1568.349976,1551.129639,2372626
2024-04-09,1574.900024,1574.900024,1541.000000,1554.949951,1537.876831,1176425
2024-04-10,1564.849976,1564.849976,1548.000000,1552.849976,1535.799805,2528578
2024-04-12,1546.000000,1562.699951,1542.000000,1555.650024,1538.569214,1749128
2024-04-15,1544.949951,1557.900024,1530.000000,1539.900024,1522.992065,1528341
2024-04-16,1530.000000,1534.800049,1487.949951,1490.949951,1474.579468,3981325
2024-04-18,1502.800049,1508.349976,1468.150024,1474.400024,1458.211304,3856849
2024-04-19,1466.000000,1490.250000,1444.400024,1482.050049,1465.777344,4311650
2024-04-22,1494.000000,1501.000000,1469.949951,1477.500000,1461.277222,2887202
2024-04-23,1482.800049,1485.800049,1471.099976,1474.500000,1458.310181,1206443
2024-04-24,1477.000000,1483.250000,1462.750000,1474.650024,1458.458496,2964953
2024-04-25,1476.050049,1499.500000,1470.550049,1496.099976,1479.672974,3697957
2024-04-26,1511.500000,1519.000000,1443.300049,1446.400024,1430.518677,6135488
2024-04-29,1458.750000,1491.000000,1450.099976,1487.250000,1470.920166,5463640
2024-04-30,1497.800049,1537.000000,1489.000000,1515.699951,1499.057739,6293171
2024-05-02,1508.000000,1521.300049,1500.050049,1505.199951,1488.672974,2554549
2024-05-03,1517.199951,1517.949951,1473.050049,1483.699951,1467.409058,2119368
2024-05-06,1495.699951,1510.000000,1482.050049,1497.500000,1481.057617,2600170
2024-05-07,1497.500000,1502.650024,1448.000000,1452.550049,1436.601196,1884596
2024-05-08,1455.000000,1455.000000,1431.400024,1442.500000,1426.661499,5278612
2024-05-09,1445.500000,1456.599976,1393.449951,1401.449951,1386.062134,3272042
2024-05-10,1402.000000,1424.500000,1395.550049,1410.150024,1394.666748,1575172
2024-05-13,1415.349976,1417.750000,1377.250000,1404.550049,1389.128296,3624862
2024-05-14,1407.000000,1429.349976,1402.800049,1421.000000,1405.397583,1279355
2024-05-15,1421.000000,1429.849976,1407.400024,1417.099976,1401.540405,2516309
2024-05-16,1420.199951,1425.000000,1385.650024,1408.750000,1393.282104,5666243
2024-05-17,1408.000000,1417.099976,1395.000000,1412.349976,1396.842529,3673405
2024-05-21,1420.000000,1420.849976,1400.000000,1406.500000,1391.056763,3010012
2024-05-22,1409.000000,1413.150024,1391.849976,1404.949951,1389.523804,6739695
2024-05-23,1408.550049,1451.000000,1406.599976,1440.849976,1425.029541,6444146
2024-05-24,1441.000000,1448.750000,1427.849976,1441.800049,1425.969238,2155290
2024-05-27,1447.849976,1475.599976,1439.300049,1465.099976,1449.013306,3253683
2024-05-28,1472.800049,1478.800049,1449.099976,1459.349976,1443.326416,2381333
2024-05-29,1453.000000,1471.650024,1439.250000,1460.250000,1444.216675,4383563
2024-05-30,1458.000000,1477.699951,1439.150024,1446.800049,1430.914307,3415942
2024-05-31,1456.000000,1469.900024,1446.550049,1461.849976,1445.799072,3546505
2024-06-03,1514.949951,1534.900024,1496.400024,1529.699951,1512.904053,8265525
2024-06-04,1509.949951,1521.900024,1363.550049,1391.500000,1376.221436,7911282
2024-06-05,1400.500000,1515.800049,1372.349976,1500.949951,1484.469727,11014467
2024-06-06,1500.000000,1509.800049,1470.900024,1481.099976,1464.837646,3279775
2024-06-07,1468.550049,1498.400024,1463.449951,1492.099976,1475.716919,3964791
2024-06-10,1498.500000,1505.800049,1480.099976,1485.849976,1469.535522,2416022
2024-06-11,1485.000000,1491.000000,1475.199951,1481.050049,1464.788330,1737873
2024-06-12,1491.000000,1492.250000,1473.000000,1484.250000,1467.953125,5419536
2024-06-13,1496.000000,1510.000000,1481.199951,1507.250000,1490.700562,2446832
2024-06-14,1510.500000,1515.900024,1495.949951,1502.349976,1485.854370,2706742
2024-06-18,1514.000000,1516.550049,1499.099976,1507.900024,1491.343506,2811967
2024-06-19,1516.199951,1550.000000,1513.250000,1528.199951,1511.420532,11002582
2024-06-20,1536.000000,1540.750000,1513.000000,1527.849976,1511.074341,3589441
2024-06-21,1523.000000,1537.800049,1511.250000,1527.150024,1510.382080,5249389
2024-06-24,1507.150024,1508.900024,1478.199951,1490.400024,1474.035645,4609137
2024-06-25,1494.750000,1502.150024,1482.199951,1495.550049,1479.129028,3309896
2024-06-26,1498.000000,1521.000000,1481.550049,1497.900024,1481.453247,5605220
2024-06-27,1494.000000,1504.949951,1485.000000,1502.750000,1486.250000,5166134
2024-06-28,1491.000000,1491.000000,1460.500000,1464.500000,1464.500000,6425323
2024-07-01,1468.949951,1469.000000,1452.949951,1456.900024,1456.900024,3166439
2024-07-02,1457.400024,1460.449951,1420.650024,1429.449951,1429.449951,4644571
2024-07-03,1438.900024,1458.000000,1421.900024,1455.500000,1455.500000,5907225
2024-07-04,1455.449951,1457.849976,1436.199951,1442.849976,1442.849976,3010077
2024-07-05,1437.000000,1449.699951,1426.000000,1434.250000,1434.250000,4216309
2024-07-08,1428.000000,1441.699951,1422.800049,1438.050049,1438.050049,2772277
2024-07-09,1441.000000,1449.599976,1426.000000,1434.250000,1434.250000,3126274
2024-07-10,1433.500000,1433.500000,1415.050049,1425.949951,1425.949951,3979121
2024-07-11,1427.949951,1435.849976,1415.699951,1429.750000,1429.750000,2416195
2024-07-12,1432.000000,1450.949951,1427.349976,1434.550049,1434.550049,3340305
2024-07-15,1438.500000,1449.000000,1433.000000,1444.050049,1444.050049,4284427
2024-07-16,1445.050049,1450.000000,1435.750000,1445.900024,1445.900024,2284985
2024-07-18,1440.699951,1460.849976,1438.000000,1456.900024,1456.900024,3634938
2024-07-19,1451.550049,1452.000000,1429.000000,1432.449951,1432.449951,2981749
2024-07-22,1428.000000,1429.949951,1409.599976,1423.400024,1423.400024,2883674
2024-07-23,1422.500000,1427.000000,1395.650024,1413.199951,1413.199951,3054925
2024-07-24,1409.800049,1412.500000,1386.400024,1396.650024,1396.650024,5553500
2024-07-25,1389.000000,1396.550049,1374.000000,1379.099976,1379.099976,3631639
2024-07-26,1365.000000,1409.000000,1359.050049,1403.900024,1403.900024,3607419
2024-07-29,1415.000000,1444.949951,1415.000000,1441.150024,1441.150024,2656223