Date,Open,High,Low,Close,Adj Close,Volume
2019-01-01,1254.000000,1256.000000,1242.250000,1250.449951,1246.011719,1202580
2019-01-02,1247.900024,1248.250000,1227.000000,1240.599976,1236.196533,1713677
2019-01-03,1240.000000,1251.000000,1227.650024,1235.250000,1230.865723,1825888
2019-01-04,1238.000000,1252.000000,1230.000000,1247.949951,1243.520508,1468796
2019-01-07,1250.949951,1254.000000,1241.000000,1246.599976,1242.175293,1211456
2019-01-08,1243.000000,1244.199951,1225.949951,1228.900024,1224.538208,1661528
2019-01-09,1237.349976,1244.000000,1228.099976,1238.250000,1233.854980,1647622
2019-01-10,1239.000000,1242.000000,1216.349976,1219.550049,1215.221436,1651443
2019-01-11,1225.000000,1229.199951,1213.199951,1223.199951,1218.858398,2129299
2019-01-14,1217.000000,1224.449951,1206.400024,1211.750000,1207.448975,1364695
2019-01-15,1217.000000,1220.000000,1210.300049,1213.400024,1209.093140,1153871
2019-01-16,1215.699951,1216.949951,1198.000000,1202.750000,1198.481079,2374649
2019-01-17,1208.000000,1225.050049,1200.000000,1219.949951,1215.619873,3934500
2019-01-18,1220.099976,1243.000000,1216.500000,1240.199951,1235.797852,2598572
2019-01-21,1240.699951,1275.500000,1222.650024,1267.599976,1263.100830,9785366
2019-01-22,1279.000000,1307.949951,1273.099976,1291.750000,1287.165161,9072680
2019-01-23,1298.900024,1298.900024,1271.050049,1276.500000,1271.969238,3258582
2019-01-24,1274.000000,1276.500000,1263.000000,1267.750000,1263.250366,1459776
2019-01-25,1268.800049,1287.699951,1258.550049,1266.150024,1261.656128,1441296
2019-01-28,1269.000000,1285.000000,1255.000000,1260.449951,1255.976196,2054592
2019-01-29,1260.000000,1273.000000,1248.000000,1251.400024,1246.958374,2591590
2019-01-30,1255.000000,1255.500000,1217.800049,1222.199951,1217.861938,2754232
2019-01-31,1222.000000,1260.000000,1211.400024,1255.750000,1251.292847,2968660
2019-02-01,1257.050049,1270.800049,1240.199951,1255.699951,1251.243042,2189154
2019-02-04,1245.000000,1274.699951,1245.000000,1272.199951,1267.684448,1379319
2019-02-05,1276.000000,1287.000000,1267.500000,1279.150024,1274.609741,1917782
2019-02-06,1280.000000,1288.800049,1276.349976,1279.500000,1274.958618,1158741
2019-02-07,1280.000000,1295.000000,1275.300049,1284.550049,1279.990723,1198410
2019-02-08,1284.000000,1311.000000,1277.300049,1299.400024,1294.787964,2481433
2019-02-11,1296.000000,1315.000000,1294.000000,1301.550049,1296.930542,3144675
2019-02-12,1300.000000,1310.000000,1295.300049,1298.650024,1294.040649,1482010
2019-02-14,1302.000000,1302.250000,1271.550049,1286.800049,1282.232788,2491111
2019-02-15,1287.800049,1290.000000,1270.000000,1283.650024,1279.093994,2006955
2019-02-18,1281.000000,1288.000000,1273.250000,1277.050049,1272.517334,1265173
2019-02-19,1277.000000,1285.250000,1271.849976,1280.449951,1275.905273,1268328
2019-02-20,1281.300049,1292.000000,1279.199951,1289.750000,1285.172241,1350202
2019-02-21,1291.900024,1297.599976,1283.500000,1289.150024,1284.574341,1819094
2019-02-22,1251.000000,1258.000000,1225.000000,1237.900024,1233.506348,83859904
2019-02-25,1243.400024,1246.849976,1230.000000,1240.949951,1236.545410,3735590
2019-02-26,1224.000000,1249.699951,1220.099976,1236.150024,1231.762451,5026571
2019-02-27,1238.000000,1241.599976,1211.099976,1216.150024,1211.833496,5388722
2019-02-28,1213.199951,1225.050049,1210.000000,1213.099976,1208.794189,8722836
2019-03-01,1221.699951,1230.500000,1217.349976,1225.949951,1221.598633,2162834
2019-03-05,1223.900024,1246.300049,1217.800049,1240.449951,1236.046997,3128451
2019-03-06,1242.099976,1247.000000,1236.599976,1241.300049,1236.894287,2306834
2019-03-07,1244.000000,1246.000000,1235.199951,1237.199951,1232.808594,1434561
2019-03-08,1237.000000,1243.500000,1231.699951,1238.900024,1234.502808,1051433
2019-03-11,1238.000000,1254.900024,1234.000000,1249.550049,1245.114868,2065386
2019-03-12,1260.449951,1272.000000,1253.099976,1263.349976,1258.865967,3541360
2019-03-13,1263.500000,1269.099976,1247.050049,1261.250000,1256.773438,2425470
2019-03-14,1263.000000,1277.449951,1257.000000,1268.949951,1264.446045,2497386
2019-03-15,1271.900024,1339.349976,1270.000000,1325.150024,1320.446655,10393505
2019-03-18,1340.000000,1360.000000,1330.800049,1343.650024,1338.880981,5384740
2019-03-19,1350.000000,1355.000000,1338.550049,1347.750000,1342.966187,3117212
2019-03-20,1349.099976,1357.900024,1331.000000,1351.599976,1346.802734,3969408
2019-03-22,1354.699951,1364.650024,1331.000000,1336.250000,1331.507202,2620049
2019-03-25,1325.949951,1330.849976,1303.199951,1308.650024,1304.005127,2869564
2019-03-26,1312.250000,1347.949951,1310.050049,1342.949951,1338.183350,2051170
2019-03-27,1349.949951,1363.900024,1325.050049,1332.849976,1328.119263,3039458
2019-03-28,1338.000000,1352.000000,1328.900024,1340.750000,1335.991211,4616695
2019-04-01,1336.000000,1362.000000,1326.050049,1339.400024,1334.645996,3167512
2019-04-02,1344.000000,1344.849976,1328.000000,1339.449951,1334.695801,1775599
2019-04-03,1342.000000,1357.449951,1331.000000,1334.199951,1329.464355,2766566
2019-04-04,1337.400024,1344.750000,1317.050049,1322.900024,1318.204590,2592949
2019-04-05,1330.000000,1340.050049,1326.150024,1335.949951,1331.208252,1743729
2019-04-08,1341.000000,1347.500000,1333.199951,1343.250000,1338.482422,1587867
2019-04-09,1339.949951,1347.150024,1322.099976,1341.449951,1336.688721,2246843
2019-04-10,1338.050049,1367.949951,1338.050049,1349.900024,1345.108765,3031207
2019-04-11,1349.699951,1349.949951,1333.550049,1343.199951,1338.432495,1348573
2019-04-12,1343.199951,1348.000000,1336.550049,1343.449951,1338.681641,1704832
2019-04-15,1348.000000,1378.000000,1343.449951,1373.849976,1368.973633,2879023
2019-04-16,1382.400024,1390.449951,1370.099976,1386.400024,1381.479248,2332796
2019-04-18,1386.400024,1392.000000,1362.849976,1369.650024,1364.788696,2408936
2019-04-22,1360.000000,1365.800049,1346.099976,1356.699951,1351.884521,2419108
2019-04-23,1357.949951,1368.550049,1351.000000,1355.349976,1350.539307,1619687
2019-04-24,1355.000000,1370.000000,1339.650024,1366.750000,1361.898926,1934411
2019-04-25,1368.900024,1377.000000,1355.000000,1360.400024,1355.571411,1807598
2019-04-26,1362.000000,1384.400024,1342.800049,1379.250000,1374.354614,2560864
2019-04-30,1382.199951,1397.000000,1351.050049,1386.550049,1381.628784,6210573
2019-05-02,1394.000000,1421.750000,1382.500000,1406.349976,1401.358276,4780805
2019-05-03,1406.400024,1435.750000,1400.199951,1417.800049,1412.767578,4269675
2019-05-06,1400.000000,1417.000000,1399.699951,1410.400024,1405.393921,2109507
2019-05-07,1410.000000,1425.000000,1399.250000,1408.150024,1403.151978,2786736
2019-05-08,1404.000000,1414.900024,1388.699951,1402.199951,1397.223022,2539315
2019-05-09,1394.199951,1407.900024,1366.300049,1385.500000,1380.582520,4704782
2019-05-10,1370.000000,1406.500000,1368.099976,1398.150024,1393.187622,4149709
2019-05-13,1396.000000,1399.750000,1380.050049,1389.349976,1384.418701,1654964
2019-05-14,1388.500000,1397.000000,1368.599976,1382.949951,1378.041382,2930296
2019-05-15,1384.000000,1403.550049,1378.699951,1395.800049,1390.845825,2122200
2019-05-16,1396.900024,1423.449951,1378.650024,1413.150024,1408.134277,1423360
2019-05-17,1416.000000,1469.800049,1415.400024,1460.000000,1454.817871,3799219
2019-05-20,1491.000000,1505.300049,1461.099976,1502.550049,1497.217041,4668729
2019-05-21,1503.000000,1514.800049,1483.800049,1487.900024,1482.618774,3224278
2019-05-22,1493.000000,1517.699951,1488.699951,1495.250000,1489.942749,2498663
2019-05-23,1519.000000,1555.900024,1489.199951,1499.750000,1494.426880,5796574
2019-05-24,1510.000000,1524.000000,1490.000000,1511.699951,1506.334473,2873390
2019-05-27,1506.650024,1533.000000,1500.000000,1529.400024,1523.971680,2228063
2019-05-28,1533.000000,1533.000000,1500.000000,1511.000000,1505.636963,1993302
2019-05-29,1509.300049,1530.000000,1502.000000,1513.900024,1508.526733,1450826
2019-05-30,1513.900024,1541.750000,1511.900024,1535.349976,1529.900391,2939419
2019-05-31,1536.000000,1544.000000,1467.400024,1522.150024,1516.747437,2760214
2019-06-03,1513.199951,1534.800049,1506.000000,1531.250000,1525.814941,1235302
2019-06-04,1530.000000,1540.000000,1522.199951,1531.349976,1525.914673,1174433
2019-06-06,1532.550049,1540.900024,1501.000000,1514.250000,1508.875366,2044919
2019-06-07,1523.800049,1523.800049,1487.750000,1511.800049,1506.434204,1533892
2019-06-10,1503.300049,1510.900024,1486.599976,1502.599976,1497.266724,1715150
2019-06-11,1509.300049,1514.250000,1492.550049,1507.699951,1502.348633,944811
2019-06-12,1500.000000,1502.500000,1476.150024,1483.500000,1478.234497,1768429
2019-06-13,1482.000000,1509.000000,1476.949951,1504.000000,1498.661865,2303315
2019-06-14,1504.050049,1504.050049,1465.599976,1473.849976,1468.618652,1953510
2019-06-17,1478.000000,1478.400024,1451.099976,1460.349976,1455.166626,2366222
2019-06-18,1465.000000,1474.500000,1455.150024,1461.849976,1456.661255,2424818
2019-06-19,1473.000000,1504.800049,1471.900024,1497.800049,1492.483765,3891330
2019-06-20,1500.500000,1520.000000,1497.000000,1518.349976,1512.960815,2567566
2019-06-21,1516.000000,1516.000000,1483.199951,1489.800049,1484.512329,1214842
2019-06-24,1489.000000,1497.300049,1464.349976,1470.599976,1465.380371,2026531
2019-06-25,1471.849976,1491.250000,1467.000000,1483.900024,1478.633179,2052490
2019-06-26,1485.000000,1496.000000,1475.349976,1490.599976,1485.309326,2210462
2019-06-27,1500.000000,1506.699951,1477.500000,1481.599976,1476.341187,3860539
2019-06-28,1485.000000,1486.099976,1471.599976,1477.099976,1471.857178,1814086
2019-07-01,1486.900024,1490.900024,1469.400024,1481.199951,1475.942627,1904359
2019-07-02,1483.900024,1486.949951,1467.050049,1471.500000,1466.277222,1803732
2019-07-03,1473.949951,1482.000000,1462.349976,1475.000000,1469.764771,2647048
2019-07-04,1475.000000,1504.849976,1475.000000,1497.800049,1492.483765,3025925
2019-07-05,1504.849976,1520.000000,1500.050049,1517.199951,1511.814697,2967320
2019-07-08,1513.400024,1513.400024,1470.050049,1475.300049,1470.063721,1792258
2019-07-09,1471.000000,1473.000000,1440.000000,1462.849976,1457.657837,2297420
2019-07-10,1463.000000,1481.849976,1460.849976,1475.849976,1470.611572,2180732
2019-07-11,1479.000000,1493.800049,1472.050049,1484.949951,1479.679199,1598491
2019-07-12,1486.949951,1494.500000,1475.900024,1483.650024,1479.180908,2072545
2019-07-15,1489.000000,1510.949951,1478.599976,1508.099976,1503.557251,1752154
2019-07-16,1508.000000,1511.500000,1490.000000,1501.449951,1496.927368,1351435
2019-07-17,1501.900024,1546.849976,1497.050049,1534.599976,1529.977295,6202534
2019-07-18,1531.349976,1543.250000,1526.199951,1538.250000,1533.616455,2266820
2019-07-19,1540.000000,1540.750000,1490.000000,1498.900024,1494.385010,2094229
2019-07-22,1493.000000,1496.949951,1442.150024,1454.300049,1449.919434,3423157
2019-07-23,1460.000000,1512.000000,1455.250000,1494.000000,1489.499756,7659628
2019-07-24,1493.000000,1510.000000,1476.550049,1497.199951,1492.690063,2938236
2019-07-25,1492.000000,1504.000000,1479.949951,1485.050049,1480.576782,2838923
2019-07-26,1490.000000,1517.949951,1477.050049,1511.849976,1507.295898,1681353
2019-07-29,1513.750000,1524.449951,1497.199951,1502.500000,1497.974121,2099735
2019-07-30,1505.000000,1509.599976,1484.050049,1498.699951,1494.185425,1743748
2019-07-31,1490.099976,1534.699951,1480.750000,1519.550049,1514.972778,2947808
2019-08-01,1505.949951,1519.000000,1486.000000,1495.800049,1491.294312,2257753
2019-08-02,1488.000000,1514.949951,1470.050049,1507.599976,1503.058594,3870809
2019-08-05,1495.000000,1495.000000,1455.050049,1460.099976,1455.701782,3864546
2019-08-06,1454.300049,1493.849976,1451.650024,1485.300049,1480.825928,2830608
2019-08-07,1493.900024,1499.599976,1465.550049,1476.300049,1471.853027,2362381
2019-08-08,1485.000000,1509.800049,1466.949951,1502.750000,1498.223389,1932121
2019-08-09,1506.000000,1535.500000,1504.250000,1532.099976,1527.485107,2445659
2019-08-13,1525.099976,1534.000000,1505.250000,1511.400024,1506.847412,2765975
2019-08-14,1515.000000,1515.400024,1479.449951,1491.800049,1487.306396,2354908
2019-08-16,1489.000000,1506.500000,1477.500000,1498.949951,1494.434814,2169754
2019-08-19,1505.000000,1519.500000,1490.550049,1496.349976,1491.842651,1547598
2019-08-20,1490.550049,1511.250000,1482.650024,1505.099976,1500.566284,1724609
2019-08-21,1504.000000,1517.800049,1496.000000,1505.750000,1501.214355,1484415
2019-08-22,1503.949951,1510.000000,1472.400024,1478.250000,1473.797363,1874751
2019-08-23,1479.900024,1487.000000,1446.099976,1470.199951,1465.771362,3615793
2019-08-26,1500.000000,1519.500000,1453.099976,1512.800049,1508.243164,2187678
2019-08-27,1514.000000,1522.750000,1494.449951,1501.550049,1497.027100,2740804
2019-08-28,1499.199951,1501.000000,1473.349976,1483.650024,1479.180908,2291006
2019-08-29,1479.500000,1479.500000,1446.750000,1450.849976,1446.479736,3931367
2019-08-30,1448.099976,1459.599976,1423.099976,1431.449951,1427.138184,4717533
2019-09-03,1429.000000,1429.000000,1405.050049,1414.300049,1410.039917,2752565
2019-09-04,1414.099976,1438.000000,1398.650024,1426.449951,1422.153198,2419629
2019-09-05,1431.900024,1441.849976,1405.449951,1410.150024,1405.902344,2381023
2019-09-06,1412.500000,1444.599976,1412.500000,1441.550049,1437.207886,2245219
2019-09-09,1439.000000,1474.550049,1424.050049,1471.300049,1466.868286,3212756
2019-09-11,1471.300049,1478.900024,1459.000000,1475.199951,1470.756348,2604896
2019-09-12,1480.000000,1483.650024,1452.000000,1457.550049,1453.159668,2424954
2019-09-13,1457.000000,1486.000000,1447.199951,1484.250000,1479.779053,1768490
2019-09-16,1474.000000,1491.849976,1465.000000,1474.949951,1470.507080,1857768
2019-09-17,1471.250000,1480.949951,1444.000000,1448.300049,1443.937378,1354586
2019-09-18,1450.000000,1478.949951,1449.900024,1464.750000,1460.337891,1854425
2019-09-19,1464.800049,1464.800049,1445.000000,1452.599976,1448.224365,1449873
2019-09-20,1455.000000,1598.900024,1450.500000,1538.849976,1534.214600,7159489
2019-09-23,1575.000000,1652.000000,1528.800049,1640.599976,1635.658081,6854029
2019-09-24,1633.300049,1641.699951,1590.000000,1618.099976,1613.225952,3770541
2019-09-25,1617.000000,1617.000000,1580.500000,1601.599976,1596.775635,3567544
2019-09-26,1607.000000,1683.949951,1605.250000,1626.849976,1621.949341,4308028
2019-09-27,1615.849976,1649.400024,1605.949951,1643.500000,1638.549438,2582561
2019-09-30,1635.099976,1662.000000,1614.300049,1644.449951,1639.496582,3357859
2019-10-01,1638.800049,1657.000000,1623.699951,1648.199951,1643.235229,2925536
2019-10-03,1644.250000,1644.250000,1607.000000,1615.750000,1610.882935,2654566
2019-10-04,1630.000000,1633.699951,1557.300049,1563.150024,1558.441406,5487681
2019-10-07,1563.000000,1593.599976,1549.300049,1555.650024,1550.964111,3045534
2019-10-09,1559.300049,1627.750000,1547.750000,1612.349976,1607.493164,2598430
2019-10-10,1599.900024,1607.349976,1567.000000,1584.800049,1580.026123,1569421
2019-10-11,1595.199951,1625.000000,1575.199951,1587.750000,1582.967285,2425841
2019-10-14,1598.000000,1609.000000,1576.250000,1585.500000,1580.724121,2010190
2019-10-15,1595.400024,1629.500000,1577.500000,1615.599976,1610.733398,2706471
2019-10-16,1615.000000,1623.300049,1592.599976,1605.550049,1600.713745,2686333
2019-10-17,1610.000000,1613.599976,1586.500000,1604.550049,1599.716675,2076349
2019-10-18,1603.800049,1619.599976,1591.000000,1615.250000,1610.384521,2357607
2019-10-22,1626.849976,1643.000000,1592.000000,1628.849976,1623.943604,4895082
2019-10-23,1630.000000,1638.699951,1603.300049,1613.650024,1608.789307,3085230
2019-10-24,1619.900024,1629.900024,1597.550049,1613.199951,1608.340698,1600001
2019-10-25,1613.849976,1613.849976,1569.150024,1588.599976,1583.814819,2867020
2019-10-27,1594.000000,1601.000000,1590.150024,1593.000000,1588.201538,197609
2019-10-29,1597.400024,1597.400024,1568.000000,1575.550049,1570.804077,3002530
2019-10-30,1579.900024,1588.550049,1573.800049,1578.900024,1574.143921,1677269
2019-10-31,1583.949951,1605.000000,1566.000000,1574.500000,1569.757324,2481421
2019-11-01,1572.000000,1585.949951,1563.000000,1579.900024,1575.140991,2219737
2019-11-04,1584.000000,1596.800049,1565.000000,1571.050049,1566.317749,1434393
2019-11-05,1568.599976,1569.750000,1550.300049,1553.900024,1549.219238,2263394
2019-11-06,1556.449951,1587.949951,1541.000000,1571.050049,1566.317749,2247235
2019-11-07,1577.000000,1587.000000,1558.949951,1584.000000,1579.228760,2511912
2019-11-08,1578.900024,1606.000000,1572.000000,1600.250000,1595.429688,3913627
2019-11-11,1594.900024,1619.400024,1592.000000,1616.900024,1612.029541,2923574
2019-11-13,1617.000000,1628.000000,1601.099976,1605.800049,1600.963013,2603834
2019-11-14,1606.000000,1610.400024,1584.050049,1597.599976,1592.787598,2639298
2019-11-15,1606.000000,1629.000000,1602.500000,1622.750000,1617.861938,2068406
2019-11-18,1626.650024,1635.000000,1616.550049,1627.199951,1622.298462,2014974
2019-11-19,1629.900024,1631.099976,1614.150024,1623.800049,1618.908813,1596482
2019-11-20,1623.000000,1623.800049,1596.199951,1599.449951,1594.632080,1562436
2019-11-21,1603.449951,1604.900024,1587.500000,1595.250000,1590.444824,1673814
2019-11-22,1591.949951,1593.900024,1565.099976,1569.099976,1564.373535,1862434
2019-11-25,1574.000000,1606.000000,1570.050049,1603.650024,1598.819458,2018421
2019-11-26,1601.000000,1610.500000,1591.300049,1604.400024,1599.567261,1556808
2019-11-27,1604.949951,1624.000000,1601.699951,1617.900024,1613.026733,2040883
2019-11-28,1617.000000,1626.099976,1607.099976,1615.000000,1610.135376,2237760
2019-11-29,1610.000000,1622.000000,1592.300049,1615.199951,1610.334717,1730478
2019-12-02,1614.500000,1636.500000,1600.199951,1633.000000,1628.080933,2289704
2019-12-03,1634.500000,1650.000000,1631.449951,1646.750000,1641.789673,2321783
2019-12-04,1643.300049,1659.900024,1633.199951,1651.250000,1646.276001,2704079
2019-12-05,1651.250000,1660.000000,1640.400024,1649.300049,1644.331909,2936890
2019-12-06,1650.000000,1680.000000,1643.300049,1674.300049,1669.256592,3799507
2019-12-09,1677.949951,1679.000000,1656.500000,1659.250000,1654.252075,1893740
2019-12-10,1665.000000,1665.949951,1651.050049,1662.400024,1657.392578,1413156
2019-12-11,1666.000000,1690.849976,1659.099976,1686.550049,1681.469849,2029117
2019-12-12,1690.199951,1720.000000,1682.000000,1715.599976,1710.432373,2695588
2019-12-13,1716.199951,1719.000000,1687.250000,1692.750000,1687.651001,3527634
2019-12-16,1694.000000,1730.000000,1694.000000,1703.949951,1698.817261,3662127
2019-12-17,1716.050049,1721.400024,1708.599976,1713.300049,1708.139160,2646882
2019-12-18,1719.000000,1725.949951,1706.300049,1724.349976,1719.155884,4592668
2019-12-19,1724.949951,1734.800049,1715.300049,1729.500000,1724.290283,2701502
2019-12-20,1723.150024,1724.400024,1687.300049,1692.699951,1687.601196,3058679
2019-12-23,1699.000000,1711.199951,1695.099976,1704.900024,1699.764526,1745488
2019-12-24,1704.949951,1716.500000,1700.000000,1711.550049,1706.394531,1702704
2019-12-26,1711.050049,1715.000000,1689.699951,1694.250000,1689.146484,1646970
2019-12-27,1705.000000,1705.000000,1681.349976,1685.599976,1680.522461,1529366
2019-12-30,1690.000000,1706.800049,1685.500000,1690.400024,1685.308228,1868284
2019-12-31,1690.400024,1691.250000,1670.349976,1684.349976,1679.276489,1969679
2020-01-01,1689.000000,1696.750000,1672.000000,1674.050049,1669.007324,1475056
2020-01-02,1680.000000,1683.500000,1664.650024,1671.550049,1666.515137,1852089
2020-01-03,1670.949951,1673.000000,1645.550049,1657.099976,1652.108398,1594089
2020-01-06,1657.099976,1657.449951,1638.599976,1652.550049,1647.572266,1480087
2020-01-07,1661.050049,1674.750000,1650.400024,1670.849976,1665.817017,2497931
2020-01-08,1654.699951,1661.449951,1638.000000,1654.849976,1649.865234,3125931
2020-01-09,1673.500000,1673.750000,1658.699951,1665.050049,1660.034668,2668424
2020-01-10,1674.099976,1692.000000,1671.199951,1684.699951,1679.625244,2536083
2020-01-13,1692.000000,1704.500000,1685.550049,1691.099976,1686.005859,1807958
2020-01-14,1696.000000,1696.099976,1671.000000,1676.800049,1671.749268,2136892
2020-01-15,1675.949951,1686.599976,1665.900024,1675.599976,1670.552734,2490245
2020-01-16,1678.900024,1705.599976,1678.900024,1701.550049,1696.424683,3321282
2020-01-17,1703.900024,1705.849976,1690.099976,1698.099976,1692.984985,2295875
2020-01-20,1709.000000,1709.000000,1611.000000,1617.900024,1613.026733,8004034
2020-01-21,1605.000000,1630.599976,1585.199951,1625.099976,1620.204712,5745469
2020-01-22,1633.199951,1637.900024,1576.000000,1585.500000,1580.724121,5479162
2020-01-23,1588.000000,1608.400024,1581.300049,1605.849976,1601.012939,3495683
2020-01-24,1605.449951,1649.000000,1587.000000,1642.949951,1638.000977,4252937
2020-01-27,1628.699951,1629.000000,1608.400024,1618.349976,1613.475220,1874429
2020-01-28,1620.000000,1638.000000,1610.250000,1626.050049,1621.152100,1981104
2020-01-29,1633.000000,1646.199951,1623.050049,1640.449951,1635.508667,2227493
2020-01-30,1637.800049,1640.300049,1617.500000,1628.250000,1623.345459,1590156
2020-01-31,1709.650024,1729.000000,1683.150024,1691.750000,1686.654053,9495046
2020-02-03,1645.599976,1680.800049,1634.000000,1676.250000,1671.200806,2510294
2020-02-04,1684.050049,1702.800049,1670.150024,1698.300049,1693.184448,2070417
2020-02-05,1702.000000,1707.449951,1677.099976,1689.750000,1684.660156,2096512
2020-02-06,1693.900024,1697.900024,1668.000000,1674.000000,1668.957520,2532618
2020-02-07,1675.750000,1677.949951,1644.000000,1653.050049,1648.070801,2290151
2020-02-10,1660.000000,1674.599976,1645.699951,1669.300049,1664.271851,1355124
2020-02-11,1682.449951,1685.800049,1666.550049,1677.449951,1672.397095,1914766
2020-02-12,1680.099976,1720.000000,1675.000000,1714.900024,1709.734253,3010537
2020-02-13,1714.699951,1714.699951,1682.300049,1689.800049,1684.709961,2246920
2020-02-14,1696.000000,1703.000000,1663.599976,1680.949951,1675.886475,1892157
2020-02-17,1685.000000,1699.199951,1672.250000,1691.099976,1686.005859,1812765
2020-02-18,1682.500000,1699.800049,1678.300049,1691.000000,1685.906372,2219039
2020-02-19,1740.000000,1740.000000,1695.400024,1701.099976,1695.975830,3168534
2020-02-20,1697.300049,1699.250000,1676.199951,1685.949951,1680.871582,2099903
2020-02-24,1672.000000,1683.750000,1662.300049,1678.250000,1673.194824,1926133
2020-02-25,1676.199951,1689.699951,1668.349976,1675.800049,1670.752197,1535555
2020-02-26,1670.099976,1677.699951,1657.000000,1666.500000,1661.480103,2585895
2020-02-27,1666.000000,1688.900024,1660.599976,1682.750000,1677.681152,2689352
2020-02-28,1654.900024,1660.099976,1613.750000,1620.349976,1615.469116,3743312
2020-03-02,1631.000000,1637.300049,1584.199951,1599.000000,1594.183594,4762847
2020-03-03,1603.800049,1636.349976,1587.000000,1626.300049,1621.401245,2918386
2020-03-04,1632.199951,1633.099976,1577.599976,1607.949951,1603.106445,2530221
2020-03-05,1615.000000,1676.500000,1608.000000,1651.349976,1646.375854,5060962
2020-03-06,1605.199951,1644.000000,1598.199951,1631.050049,1626.136963,3542243
2020-03-09,1595.000000,1609.949951,1542.599976,1578.150024,1573.396240,5535501
2020-03-11,1575.949951,1604.900024,1542.500000,1589.300049,1584.512695,4714202
2020-03-12,1509.900024,1546.449951,1350.949951,1465.050049,1460.637085,7807913
2020-03-13,1400.000000,1505.000000,1172.050049,1470.050049,1465.621948,11408890
2020-03-16,1417.000000,1444.750000,1375.000000,1383.699951,1379.531982,6580520
2020-03-17,1392.000000,1402.949951,1303.099976,1322.699951,1318.715698,4821115
2020-03-18,1326.000000,1329.000000,1162.099976,1171.949951,1168.419800,11165442
2020-03-19,1095.050049,1253.599976,1001.000000,1210.849976,1207.202759,9917249
2020-03-20,1217.000000,1283.599976,1146.500000,1262.349976,1258.547485,10379190
2020-03-23,1137.500000,1204.449951,1078.150024,1098.250000,1094.941895,6694405
2020-03-24,1153.150024,1185.000000,1041.099976,1152.900024,1149.427246,7371834
2020-03-25,1140.000000,1324.000000,1125.050049,1290.150024,1286.263794,6449060
2020-03-26,1300.000000,1390.000000,1252.800049,1372.949951,1368.814331,7254949
2020-03-27,1436.000000,1450.000000,1374.550049,1399.099976,1394.885498,10223286
2020-03-30,1345.199951,1380.000000,1275.800049,1293.699951,1289.803101,5570325
2020-03-31,1328.300049,1330.000000,1285.000000,1296.050049,1292.145996,4476861
2020-04-01,1294.900024,1294.900024,1158.000000,1181.650024,1178.090576,10838462
2020-04-03,1181.650024,1183.000000,1087.000000,1140.849976,1137.413452,10111471
2020-04-07,1221.000000,1229.050049,1171.000000,1198.050049,1194.441284,8552570
2020-04-08,1184.800049,1242.550049,1160.349976,1187.650024,1184.072632,7405087
2020-04-09,1215.000000,1281.199951,1190.099976,1272.900024,1269.065674,8097402
2020-04-13,1250.000000,1257.150024,1216.000000,1250.900024,1247.132080,4250536
2020-04-15,1265.849976,1270.949951,1153.300049,1173.750000,1170.214478,9045676
2020-04-16,1164.949951,1164.949951,1114.449951,1130.849976,1127.443604,11055205
2020-04-17,1187.349976,1197.949951,1135.000000,1186.250000,1182.676758,8585395
2020-04-20,1220.000000,1224.500000,1172.250000,1177.750000,1174.202271,6560180
2020-04-21,1150.000000,1155.000000,1125.000000,1130.150024,1126.745850,4799796
2020-04-22,1127.050049,1166.750000,1108.199951,1152.150024,1148.679443,6963692
2020-04-23,1172.000000,1255.000000,1158.099976,1249.650024,1245.885864,10558247
2020-04-24,1219.000000,1258.000000,1213.349976,1239.550049,1235.816162,6784235
2020-04-27,1251.900024,1324.900024,1251.900024,1303.599976,1299.673218,7771412
2020-04-28,1310.099976,1336.500000,1310.099976,1326.650024,1322.653931,6678388
2020-04-29,1327.000000,1352.000000,1315.199951,1327.849976,1323.850220,6703229
2020-04-30,1340.000000,1380.000000,1334.050049,1357.199951,1353.111816,6272522
2020-05-04,1295.000000,1305.900024,1263.699951,1277.800049,1273.951050,5096439
2020-05-05,1297.000000,1302.900024,1225.000000,1238.349976,1234.619751,5004841
2020-05-06,1231.000000,1277.400024,1214.250000,1245.949951,1242.196899,4604274
2020-05-07,1230.500000,1240.000000,1184.250000,1199.800049,1196.186035,6843272
2020-05-08,1222.000000,1242.949951,1211.050049,1217.449951,1213.782715,3511204
2020-05-11,1240.550049,1252.300049,1185.000000,1188.449951,1184.870117,4674081
2020-05-12,1178.000000,1178.000000,1137.000000,1157.199951,1153.714355,10268550
2020-05-13,1215.050049,1220.000000,1172.699951,1186.699951,1183.125244,11914924
2020-05-14,1178.900024,1214.000000,1167.150024,1173.099976,1169.566284,7099970
2020-05-15,1179.849976,1189.900024,1154.199951,1178.300049,1174.750732,3863980
2020-05-18,1175.000000,1176.000000,1110.000000,1113.650024,1110.295532,6397416
2020-05-19,1150.000000,1169.900024,1125.300049,1130.449951,1127.044800,6382921
2020-05-20,1130.000000,1178.000000,1115.000000,1160.099976,1156.605469,5254388
2020-05-21,1165.000000,1189.550049,1144.599976,1150.250000,1146.785278,5977128
2020-05-22,1140.000000,1167.199951,1116.500000,1160.199951,1156.705322,5189748
2020-05-26,1160.000000,1175.000000,1144.550049,1153.199951,1149.726196,5470797
2020-05-27,1163.949951,1243.000000,1161.000000,1217.550049,1213.882690,11745366
2020-05-28,1224.000000,1254.900024,1209.599976,1229.449951,1225.746582,10710003
2020-05-29,1216.500000,1229.800049,1200.050049,1224.000000,1220.313110,5497352
2020-06-01,1249.000000,1279.199951,1238.000000,1248.400024,1244.639648,6943576
2020-06-02,1323.000000,1353.250000,1298.050049,1342.900024,1338.854980,17320030
2020-06-03,1364.000000,1428.199951,1342.199951,1386.550049,1382.373413,12344415
2020-06-04,1380.050049,1380.050049,1330.349976,1334.400024,1330.380493,6004144
2020-06-05,1344.000000,1358.000000,1321.000000,1337.800049,1333.770386,5688117
2020-06-08,1355.000000,1365.000000,1315.500000,1336.750000,1332.723389,5302297
2020-06-09,1341.949951,1360.000000,1299.099976,1304.150024,1300.221558,5477333
2020-06-10,1304.500000,1344.300049,1303.599976,1332.250000,1328.236938,4876360
2020-06-11,1334.000000,1334.400024,1289.199951,1298.699951,1294.787964,4376813
2020-06-12,1240.000000,1289.699951,1231.599976,1279.800049,1275.944824,8992424
2020-06-15,1270.000000,1271.150024,1237.199951,1248.900024,1245.137939,7553579
2020-06-16,1276.000000,1295.800049,1238.099976,1276.800049,1272.954102,5266292
2020-06-17,1269.449951,1284.949951,1236.599976,1243.800049,1240.053345,5429264
2020-06-18,1240.000000,1309.900024,1228.349976,1303.349976,1299.423950,6672522
2020-06-19,1304.000000,1315.750000,1276.349976,1302.500000,1298.576660,8492615
2020-06-22,1309.800049,1385.000000,1295.949951,1355.349976,1351.267212,7633867
2020-06-23,1355.000000,1395.699951,1350.050049,1389.900024,1385.713379,4669825
2020-06-24,1392.000000,1398.000000,1336.949951,1343.900024,1339.851929,5332617
2020-06-25,1337.000000,1389.750000,1325.000000,1381.699951,1377.537964,9985038
2020-06-26,1380.000000,1382.949951,1326.949951,1340.099976,1336.063354,6694196
2020-06-29,1336.099976,1366.900024,1313.000000,1355.650024,1351.566528,3819681
2020-06-30,1364.900024,1372.900024,1345.050049,1360.449951,1356.352051,4777664
2020-07-01,1319.000000,1364.800049,1316.000000,1356.750000,1352.663330,8939585
2020-07-02,1358.150024,1371.900024,1342.300049,1352.000000,1347.927490,4992982
2020-07-03,1359.900024,1368.699951,1350.050049,1353.800049,1349.722168,2768103
2020-07-06,1370.000000,1381.250000,1361.000000,1367.900024,1363.779663,3248073
2020-07-07,1370.000000,1374.400024,1351.500000,1368.250000,1364.128662,3574288
2020-07-08,1368.000000,1378.849976,1348.000000,1352.750000,1348.675293,3383105
2020-07-09,1355.750000,1374.599976,1347.750000,1368.150024,1364.028809,3445915
2020-07-10,1363.400024,1375.000000,1345.550049,1349.349976,1345.285522,3017959
2020-07-13,1360.000000,1364.900024,1324.099976,1335.550049,1331.527100,3356697
2020-07-14,1328.800049,1331.400024,1293.300049,1298.300049,1294.389282,2914943
2020-07-15,1306.400024,1311.949951,1280.000000,1290.000000,1286.114258,4372543
2020-07-16,1288.599976,1327.900024,1267.000000,1322.650024,1318.665771,4204057
2020-07-17,1317.000000,1337.900024,1301.099976,1327.449951,1323.451416,4200163
2020-07-20,1330.000000,1336.699951,1309.000000,1319.050049,1315.076782,3481742
2020-07-21,1325.099976,1363.000000,1325.000000,1359.000000,1354.906494,4404245
2020-07-22,1365.000000,1366.349976,1330.949951,1342.349976,1338.306519,4172575
2020-07-23,1340.000000,1379.849976,1335.300049,1374.050049,1369.911133,4308719
2020-07-24,1360.000000,1365.000000,1341.599976,1350.000000,1345.933472,3112378
2020-07-27,1365.000000,1379.500000,1310.150024,1322.599976,1318.616089,7560839
2020-07-28,1330.099976,1401.800049,1319.400024,1384.050049,1379.880981,6751771
2020-07-29,1385.000000,1397.949951,1345.900024,1389.449951,1385.264771,4067790
2020-07-30,1395.099976,1424.699951,1376.000000,1385.000000,1380.828125,6097103
2020-07-31,1375.000000,1389.949951,1350.349976,1365.750000,1361.635986,3223070
2020-08-03,1356.000000,1356.000000,1300.099976,1308.550049,1304.608521,5241260
2020-08-04,1320.000000,1331.349976,1302.000000,1323.949951,1319.961914,4946596
2020-08-05,1332.000000,1353.000000,1322.000000,1334.199951,1330.181152,3475602
2020-08-06,1345.000000,1367.400024,1330.650024,1340.099976,1336.063354,3677830
2020-08-07,1341.500000,1347.800049,1323.250000,1342.500000,1338.456177,2807069
2020-08-10,1349.000000,1380.000000,1346.199951,1360.199951,1356.102905,2960056
2020-08-11,1373.000000,1385.000000,1357.150024,1364.599976,1360.489502,2502925
2020-08-12,1350.000000,1354.849976,1333.550049,1335.099976,1331.078369,3840190
2020-08-13,1341.900024,1358.500000,1333.949951,1336.250000,1332.224854,3331328
2020-08-14,1337.550049,1346.800049,1302.300049,1307.449951,1303.511597,3331502
2020-08-17,1320.099976,1333.550049,1312.199951,1327.550049,1323.551025,2831340
2020-08-18,1318.599976,1374.949951,1318.000000,1369.349976,1365.225220,4261949
2020-08-19,1372.349976,1380.900024,1349.949951,1355.599976,1351.516602,3396764
2020-08-20,1343.000000,1350.000000,1330.150024,1338.349976,1334.318604,2841389
2020-08-21,1342.000000,1352.000000,1331.050049,1339.400024,1335.365479,2485166
2020-08-24,1347.599976,1396.500000,1342.349976,1387.250000,1383.071411,6029138
2020-08-25,1392.000000,1405.000000,1380.550049,1400.099976,1395.882446,4562237
2020-08-26,1410.000000,1441.650024,1403.199951,1436.699951,1432.372192,5718648
2020-08-27,1441.000000,1445.849976,1411.550049,1420.000000,1415.722656,4283571
2020-08-28,1410.000000,1474.000000,1401.000000,1467.099976,1462.680786,10645702
2020-08-31,1488.000000,1501.500000,1374.000000,1401.349976,1397.128784,6973753
2020-09-01,1419.849976,1442.000000,1386.099976,1430.650024,1426.340576,4258214
2020-09-02,1425.000000,1437.500000,1407.150024,1423.500000,1419.212036,3325250
2020-09-03,1433.800049,1437.000000,1390.000000,1396.699951,1392.492798,2395149
2020-09-04,1380.000000,1394.699951,1354.000000,1380.050049,1375.893066,4101756
2020-09-07,1379.000000,1379.000000,1356.400024,1368.750000,1364.627075,2321547
2020-09-08,1371.900024,1372.150024,1347.699951,1350.699951,1346.631348,2823869
2020-09-09,1343.000000,1350.250000,1313.099976,1326.150024,1322.155396,3443401
2020-09-10,1330.000000,1343.050049,1315.099976,1319.500000,1315.525391,3289948
2020-09-11,1317.000000,1336.199951,1311.000000,1330.349976,1326.342651,3500314
2020-09-14,1337.000000,1347.949951,1300.000000,1304.699951,1300.769897,3891113
2020-09-15,1308.099976,1328.849976,1289.000000,1323.949951,1319.961914,5029913
2020-09-16,1324.000000,1332.000000,1300.550049,1325.400024,1321.407715,3285887
2020-09-17,1315.000000,1326.599976,1301.199951,1305.099976,1301.168823,3308991
2020-09-18,1313.099976,1314.000000,1262.500000,1277.099976,1273.253174,6529137
2020-09-21,1276.000000,1319.449951,1273.150024,1287.849976,1283.970703,6859791
2020-09-22,1288.050049,1301.500000,1261.699951,1270.550049,1266.722900,4238325
2020-09-23,1280.050049,1287.449951,1265.150024,1275.400024,1271.558228,2835349
2020-09-24,1267.000000,1284.900024,1236.000000,1246.099976,1242.346436,5616125
2020-09-25,1255.050049,1258.400024,1230.599976,1253.050049,1249.275513,3639974
2020-09-28,1258.000000,1283.949951,1253.650024,1278.699951,1274.848267,1892099
2020-09-29,1286.800049,1292.900024,1259.099976,1263.250000,1259.444946,2349470
2020-09-30,1263.250000,1276.949951,1252.000000,1268.199951,1264.379761,2950616
2020-10-01,1280.000000,1309.800049,1278.900024,1305.050049,1301.119019,3162391
2020-10-05,1310.000000,1333.699951,1308.599976,1314.599976,1310.640137,3860008
2020-10-06,1325.000000,1342.000000,1311.050049,1338.250000,1334.218994,2632531
2020-10-07,1339.900024,1340.000000,1321.849976,1324.699951,1320.709595,2834670
2020-10-08,1326.500000,1341.250000,1311.250000,1320.099976,1316.123535,5171253
2020-10-09,1323.000000,1338.250000,1305.599976,1319.849976,1315.874268,5312676
2020-10-12,1328.000000,1358.199951,1307.500000,1312.900024,1308.945313,5175139
2020-10-13,1319.650024,1349.699951,1307.199951,1344.949951,1340.898682,4872149
2020-10-14,1335.250000,1358.000000,1324.150024,1353.349976,1349.273315,3358021
2020-10-15,1353.349976,1365.949951,1301.250000,1309.550049,1305.605347,3496474
2020-10-16,1308.500000,1343.300049,1308.500000,1336.550049,1332.524170,2358029
2020-10-19,1350.000000,1380.000000,1333.500000,1376.699951,1372.552979,3970716
2020-10-20,1371.699951,1386.000000,1355.500000,1368.800049,1364.677002,3228111
2020-10-21,1375.000000,1400.000000,1358.650024,1393.300049,1389.103149,4280446
2020-10-22,1388.000000,1405.000000,1377.550049,1393.050049,1388.853882,3610092
2020-10-23,1400.000000,1407.699951,1378.250000,1383.050049,1378.884033,2385851
2020-10-26,1399.000000,1429.000000,1347.349976,1416.900024,1412.631958,8022388
2020-10-27,1452.500000,1602.000000,1452.500000,1587.650024,1582.867676,33166880
2020-10-28,1575.000000,1575.000000,1541.000000,1551.349976,1546.676880,7244983
2020-10-29,1532.000000,1588.800049,1525.000000,1570.900024,1566.168213,7286029
2020-10-30,1574.000000,1574.650024,1518.599976,1547.400024,1542.738892,4201984
2020-11-02,1555.000000,1604.800049,1534.800049,1580.699951,1575.938599,5712460
2020-11-03,1581.000000,1601.500000,1570.199951,1593.599976,1588.799683,5260618
2020-11-04,1589.000000,1635.800049,1578.000000,1630.699951,1625.788086,5088061
2020-11-05,1643.000000,1680.000000,1632.050049,1675.449951,1670.403198,6074505
2020-11-06,1660.000000,1725.000000,1650.000000,1718.050049,1712.875000,5957659
2020-11-09,1730.000000,1751.800049,1700.300049,1728.150024,1722.944336,5210211
2020-11-10,1731.000000,1794.449951,1725.449951,1752.949951,1747.669678,8003823
2020-11-11,1774.000000,1818.449951,1760.000000,1807.849976,1802.404297,10534339
2020-11-12,1799.000000,1799.000000,1748.449951,1754.750000,1749.464233,6775199
2020-11-13,1749.900024,1774.800049,1720.349976,1763.300049,1757.988647,6264556
2020-11-14,1773.949951,1775.000000,1764.900024,1770.550049,1765.216675,310853
2020-11-17,1771.800049,1802.000000,1764.500000,1796.650024,1791.238159,5826745
2020-11-18,1791.500000,1849.800049,1784.150024,1830.599976,1825.085815,6175248
2020-11-19,1819.000000,1860.699951,1816.050049,1826.349976,1820.848633,8717768
2020-11-20,1820.000000,1899.000000,1812.099976,1889.400024,1883.708862,9116266
2020-11-23,1892.400024,1905.300049,1871.150024,1897.849976,1892.133179,10443439
2020-11-24,1896.000000,1948.400024,1890.849976,1924.900024,1919.101929,8949886
2020-11-25,1939.000000,1939.000000,1853.099976,1862.449951,1856.839722,6837169
2020-11-26,1875.000000,1900.050049,1850.050049,1889.099976,1883.409668,6864571
2020-11-27,1895.000000,1925.150024,1846.949951,1907.099976,1901.355347,78702124
2020-12-01,1930.000000,1930.000000,1864.550049,1875.849976,1870.199463,7955798
2020-12-02,1880.000000,1883.650024,1809.000000,1814.199951,1808.735352,7458011
2020-12-03,1836.000000,1844.000000,1811.699951,1821.000000,1815.514771,4462528
2020-12-04,1828.000000,1857.000000,1802.400024,1846.250000,1840.688721,3989431
2020-12-07,1849.449951,1856.000000,1805.000000,1820.550049,1815.066162,6032173
2020-12-08,1832.300049,1839.000000,1817.250000,1833.800049,1828.276245,3953436
2020-12-09,1836.099976,1889.000000,1836.099976,1883.550049,1877.876343,4370644
2020-12-10,1900.000000,1919.900024,1859.849976,1903.300049,1897.566772,4695216
2020-12-11,1893.500000,1928.699951,1893.500000,1920.400024,1914.615356,5466598
2020-12-14,1934.000000,1946.900024,1899.000000,1939.349976,1933.508301,3456971
2020-12-15,1948.000000,1958.000000,1919.300049,1951.150024,1945.272827,4141898
2020-12-16,1965.000000,1965.000000,1936.550049,1952.550049,1946.668579,2764698
2020-12-17,1965.000000,1969.000000,1942.550049,1965.449951,1959.529541,3460370
2020-12-18,1963.800049,1963.800049,1921.349976,1949.349976,1943.478027,3371676
2020-12-21,1935.000000,1959.000000,1907.599976,1920.849976,1915.063965,3941511
2020-12-22,1930.000000,1930.250000,1886.099976,1902.949951,1897.217896,5073744
2020-12-23,1901.000000,1924.800049,1892.500000,1920.750000,1914.964233,2340819
2020-12-24,1918.000000,1978.000000,1917.000000,1960.599976,1954.694214,3337164
2020-12-28,1963.000000,1996.099976,1962.099976,1988.900024,1982.909058,2743069
2020-12-29,1983.000000,2017.000000,1983.000000,1999.300049,1993.277832,3152865
2020-12-30,2003.199951,2027.000000,1999.000000,2017.949951,2011.871338,2657431
2020-12-31,2016.699951,2018.750000,1987.000000,1995.599976,1989.588867,2794829
2021-01-01,1996.900024,2007.949951,1990.699951,1994.050049,1988.043579,1106099
2021-01-04,2004.000000,2005.949951,1955.000000,1965.550049,1959.629395,3141429
2021-01-05,1959.500000,1964.400024,1935.000000,1959.750000,1953.846802,3263230
2021-01-06,1973.900024,1979.000000,1948.400024,1970.400024,1964.464844,3452515
2021-01-07,1984.000000,1984.000000,1947.500000,1952.400024,1946.518921,3419317
2021-01-08,1972.000000,1976.000000,1946.250000,1970.699951,1964.763672,3262897
2021-01-11,1960.000000,1966.900024,1935.400024,1938.150024,1932.312012,2995521
2021-01-12,1929.800049,1930.099976,1895.849976,1903.449951,1897.716309,6035580
2021-01-13,1911.000000,1911.000000,1877.000000,1882.099976,1876.430664,5583130
2021-01-14,1892.000000,1905.000000,1871.050049,1892.650024,1886.949097,4803638
2021-01-15,1894.199951,1904.000000,1854.050049,1863.900024,1858.285522,2715164
2021-01-18,1870.500000,1872.250000,1838.849976,1846.949951,1841.386353,5004628
2021-01-19,1856.099976,1892.000000,1845.250000,1887.000000,1881.315918,4805514
2021-01-20,1890.000000,1890.000000,1869.449951,1883.599976,1877.926147,3041448
2021-01-21,1900.000000,1904.900024,1845.750000,1857.800049,1852.203857,5668862
2021-01-22,1850.000000,1875.000000,1824.500000,1828.000000,1822.493774,4298175
2021-01-25,1845.000000,1867.400024,1775.000000,1794.400024,1788.994873,6610138
2021-01-27,1798.000000,1823.449951,1746.349976,1764.699951,1759.384277,7892319
2021-01-28,1731.000000,1764.449951,1701.000000,1722.849976,1717.660400,6035924
2021-01-29,1749.849976,1749.849976,1704.000000,1712.949951,1707.790161,5140687
2021-02-01,1730.000000,1809.800049,1696.050049,1801.500000,1796.073486,4829210
2021-02-02,1830.000000,1879.099976,1800.050049,1861.300049,1855.693481,5871337
2021-02-03,1870.000000,1883.150024,1820.000000,1852.199951,1846.620728,4289395
2021-02-04,1839.000000,1915.000000,1831.000000,1910.400024,1904.645508,9641674
2021-02-05,1915.000000,1998.500000,1913.150024,1982.699951,1976.727539,16268336
2021-02-08,2000.000000,2030.000000,1951.500000,1957.150024,1951.254639,4021475
2021-02-09,1960.000000,1975.000000,1937.849976,1949.150024,1943.278687,2230923
2021-02-10,1950.000000,1962.900024,1937.000000,1952.050049,1946.170044,2860941
2021-02-11,1949.199951,1984.750000,1941.250000,1961.000000,1955.093018,2246777
2021-02-12,1960.000000,1975.000000,1946.000000,1951.050049,1945.172974,1690753
2021-02-15,1960.000000,1999.000000,1957.000000,1985.949951,1979.967773,2930435
2021-02-16,2000.000000,2049.000000,1998.000000,2019.650024,2013.566406,5480183
2021-02-17,2015.099976,2023.500000,1969.150024,1989.449951,1983.457275,4395224
2021-02-18,1979.150024,1984.849976,1938.099976,1945.449951,1939.589844,3538208
2021-02-19,1942.250000,1969.849976,1925.099976,1938.750000,1932.910034,2735683
2021-02-22,1938.750000,1962.050049,1921.599976,1949.599976,1943.727295,3853276
2021-02-23,1965.000000,1965.000000,1866.000000,1872.949951,1867.308105,5572402
2021-02-24,1889.099976,1924.000000,1852.050049,1911.199951,1905.442871,3821416
2021-02-25,1927.000000,1965.199951,1887.550049,1895.500000,1889.790283,5622516
2021-02-26,1869.000000,1869.000000,1773.000000,1780.349976,1774.987061,8400096
2021-03-01,1811.000000,1854.900024,1801.400024,1845.400024,1839.841309,3260044
2021-03-02,1845.000000,1868.400024,1820.099976,1844.650024,1839.093628,3837149
2021-03-03,1855.000000,1908.750000,1851.199951,1899.500000,1893.778320,2875618
2021-03-04,1863.900024,1910.400024,1850.000000,1897.699951,1891.983643,4022514
2021-03-05,1875.500000,1928.300049,1868.000000,1922.500000,1916.708984,5407986
2021-03-08,1920.000000,1947.849976,1893.300049,1915.849976,1910.078979,4698010
2021-03-09,1917.800049,1991.000000,1917.800049,1978.949951,1972.989014,7918345
2021-03-10,1983.250000,1999.349976,1957.199951,1963.949951,1958.034180,2761470
2021-03-12,1979.000000,1980.000000,1912.000000,1935.150024,1929.320923,2620265
2021-03-15,1944.000000,1944.000000,1893.099976,1918.650024,1912.870728,2643553
2021-03-16,1925.099976,1941.699951,1900.000000,1903.199951,1897.467163,2769224
2021-03-17,1903.199951,1917.699951,1861.000000,1868.349976,1862.722046,2694994
2021-03-18,1881.000000,1892.900024,1825.099976,1830.400024,1824.886597,2197575
2021-03-19,1818.449951,1872.000000,1814.050049,1834.150024,1828.625000,4803016
2021-03-22,1833.000000,1849.949951,1805.000000,1822.650024,1817.159790,2434097
2021-03-23,1844.000000,1844.000000,1798.849976,1812.650024,1807.189941,4250856
2021-03-24,1800.000000,1805.000000,1773.349976,1782.449951,1777.080933,3046161
2021-03-25,1792.900024,1798.800049,1745.000000,1762.900024,1757.589844,4113013
2021-03-26,1785.000000,1792.400024,1762.750000,1771.050049,1765.715332,3310757
2021-03-30,1782.099976,1801.949951,1775.000000,1781.250000,1775.884521,5575524
2021-03-31,1778.800049,1779.000000,1742.599976,1753.000000,1747.719604,3798383
2021-04-01,1770.000000,1813.250000,1750.650024,1804.550049,1799.114258,3802652
2021-04-05,1786.099976,1799.599976,1734.400024,1759.199951,1753.900757,2448241
2021-04-06,1776.000000,1781.449951,1728.699951,1768.300049,1762.973389,2873045
2021-04-07,1766.050049,1810.699951,1745.599976,1792.000000,1786.602173,3158142
2021-04-08,1796.000000,1823.699951,1778.699951,1783.250000,1777.878418,2890290
2021-04-09,1770.000000,1806.449951,1744.099976,1799.250000,1793.830200,3139384
2021-04-12,1757.250000,1768.000000,1723.300049,1742.500000,1737.251221,3328336
2021-04-13,1745.800049,1786.050049,1723.449951,1775.849976,1770.500732,3118742
2021-04-15,1800.000000,1809.500000,1752.599976,1773.250000,1767.908569,3546886
2021-04-16,1774.000000,1788.150024,1760.050049,1764.099976,1758.786011,2912279
2021-04-19,1720.000000,1720.000000,1675.000000,1700.750000,1695.626953,3865423
2021-04-20,1725.000000,1733.599976,1684.349976,1697.699951,1692.586060,3317008
2021-04-22,1689.750000,1739.750000,1669.199951,1736.050049,1730.820679,3590444
2021-04-23,1733.900024,1756.349976,1720.250000,1734.199951,1728.976196,1893450
2021-04-26,1740.000000,1783.000000,1733.300049,1759.650024,1754.349487,3253062
2021-04-27,1750.000000,1762.599976,1724.550049,1750.300049,1745.027710,4533360
2021-04-28,1762.500000,1824.000000,1754.000000,1811.449951,1805.993530,4174599
2021-04-29,1825.099976,1845.449951,1780.550049,1805.000000,1799.562866,3960095
2021-04-30,1780.000000,1802.000000,1739.449951,1748.800049,1743.532227,2621783
2021-05-03,1735.000000,1759.000000,1685.000000,1725.449951,1720.252441,5593869
2021-05-04,1751.000000,1764.000000,1725.300049,1732.650024,1727.430908,4255151
2021-05-05,1741.000000,1778.000000,1721.900024,1770.750000,1765.416016,2411643
2021-05-06,1781.699951,1793.699951,1763.199951,1788.250000,1782.863403,2380255
2021-05-07,1796.000000,1813.000000,1773.500000,1780.349976,1774.987061,1610730
2021-05-10,1809.000000,1813.250000,1790.599976,1809.349976,1803.899658,1332490
2021-05-11,1776.599976,1794.400024,1753.250000,1755.449951,1750.162231,2955976
2021-05-12,1754.000000,1754.000000,1715.550049,1718.849976,1713.672485,3181830
2021-05-14,1728.900024,1728.900024,1701.099976,1706.650024,1701.509277,2937892
2021-05-17,1717.000000,1755.000000,1710.000000,1744.150024,1738.896240,4211441
2021-05-18,1768.000000,1770.949951,1750.099976,1755.099976,1749.813232,4658414
2021-05-19,1747.949951,1750.349976,1727.449951,1730.550049,1725.337280,2372042
2021-05-20,1732.000000,1737.000000,1705.099976,1708.199951,1703.054443,2598038
2021-05-21,1715.500000,1764.449951,1715.500000,1757.650024,1752.355713,4293112
2021-05-24,1763.650024,1778.900024,1742.000000,1757.000000,1751.707520,3613907
2021-05-25,1770.400024,1773.900024,1738.000000,1750.500000,1745.227173,2201625
2021-05-26,1760.050049,1761.800049,1736.900024,1740.650024,1735.406738,2845100
2021-05-27,1740.000000,1783.449951,1725.699951,1777.250000,1771.896484,5339988
2021-05-28,1786.000000,1813.000000,1778.250000,1800.750000,1795.325806,3247009
2021-05-31,1799.000000,1811.800049,1785.000000,1807.699951,1802.254761,2310809
2021-06-01,1815.000000,1824.000000,1788.000000,1797.000000,1791.587036,2289816
2021-06-02,1793.000000,1793.000000,1770.000000,1783.099976,1777.729004,3098849
2021-06-03,1790.000000,1827.949951,1790.000000,1814.199951,1808.735352,3444131
2021-06-04,1820.000000,1820.949951,1797.000000,1811.199951,1805.744263,1508706
2021-06-07,1825.000000,1825.000000,1807.000000,1814.900024,1809.433228,1096139
2021-06-08,1815.000000,1816.500000,1787.849976,1793.550049,1788.147461,1331031
2021-06-09,1789.900024,1812.000000,1775.000000,1782.900024,1777.529663,2037714
2021-06-10,1787.699951,1803.000000,1776.000000,1799.550049,1794.129395,1854489
2021-06-11,1809.000000,1810.000000,1788.000000,1794.349976,1788.944946,1621928
2021-06-14,1789.900024,1789.900024,1759.500000,1768.050049,1762.724365,2543002
2021-06-15,1775.800049,1784.150024,1766.000000,1770.900024,1765.565796,1735824
2021-06-16,1770.849976,1780.949951,1753.000000,1760.599976,1755.296631,2845543
2021-06-17,1747.250000,1771.800049,1736.000000,1766.050049,1760.730225,2578242
2021-06-18,1774.949951,1776.650024,1733.250000,1760.449951,1755.147095,2678789
2021-06-21,1740.000000,1777.199951,1731.300049,1772.050049,1766.712280,1279321
2021-06-22,1780.000000,1785.000000,1754.000000,1757.099976,1751.807373,1571743
2021-06-23,1764.000000,1764.000000,1727.250000,1736.699951,1731.468750,7602349
2021-06-24,1735.000000,1742.900024,1727.199951,1737.900024,1732.665161,3595393
2021-06-25,1735.000000,1754.000000,1720.900024,1735.000000,1729.773804,9577645
2021-06-28,1735.000000,1748.000000,1722.199951,1733.050049,1727.829712,3500507
2021-06-29,1737.800049,1738.000000,1702.000000,1705.849976,1700.711548,10394662
2021-06-30,1705.849976,1743.500000,1698.449951,1705.849976,1700.711548,8822099
2021-07-01,1709.900024,1725.199951,1706.150024,1716.099976,1710.930542,2988386
2021-07-02,1727.000000,1728.000000,1710.000000,1715.150024,1709.983643,2242551
2021-07-05,1727.000000,1739.800049,1721.500000,1731.099976,1725.885376,1887671
2021-07-06,1729.000000,1760.000000,1727.000000,1755.349976,1750.062500,3692222
2021-07-07,1756.000000,1768.500000,1743.150024,1761.800049,1756.493164,2726182
2021-07-08,1758.000000,1763.000000,1725.000000,1732.300049,1727.082031,2208015
2021-07-09,1729.000000,1730.000000,1714.949951,1720.050049,1714.868896,1698166
2021-07-12,1732.000000,1743.000000,1725.150024,1731.949951,1726.732910,1737065
2021-07-13,1743.000000,1752.500000,1723.599976,1747.150024,1741.887085,2066639
2021-07-14,1740.000000,1757.949951,1735.599976,1748.150024,1742.884277,2158984
2021-07-15,1757.000000,1757.000000,1740.000000,1750.050049,1744.778442,1950556
2021-07-16,1755.500000,1762.000000,1740.000000,1749.500000,1744.230225,1838050
2021-07-19,1733.900024,1740.000000,1712.000000,1722.800049,1717.610474,2146337
2021-07-20,1722.800049,1723.800049,1696.000000,1702.650024,1697.521240,2143859
2021-07-22,1706.550049,1721.949951,1703.150024,1707.199951,1702.057495,1858253
2021-07-23,1710.000000,1727.300049,1694.150024,1722.949951,1717.760132,1995800
2021-07-26,1711.599976,1750.000000,1673.349976,1740.599976,1735.357056,3939095
2021-07-27,1752.000000,1753.000000,1693.849976,1697.949951,1692.835327,4301131
2021-07-28,1705.000000,1705.800049,1646.000000,1652.849976,1647.871338,5052755
2021-07-29,1664.000000,1664.000000,1635.099976,1641.650024,1636.705078,2994265
2021-07-30,1641.650024,1669.900024,1626.000000,1654.800049,1649.815552,3222001
2021-08-02,1665.000000,1677.300049,1657.500000,1665.099976,1660.084351,2590976
2021-08-03,1665.000000,1689.250000,1665.000000,1685.650024,1680.572388,3230140
2021-08-04,1698.699951,1753.250000,1685.000000,1749.949951,1744.678833,7004160
2021-08-05,1761.699951,1793.000000,1752.550049,1771.750000,1766.413086,6052092
2021-08-06,1769.000000,1784.699951,1756.150024,1777.199951,1771.846680,3640469
2021-08-09,1777.199951,1789.599976,1762.099976,1780.900024,1775.535400,1596886
2021-08-10,1785.000000,1824.900024,1779.300049,1813.250000,1807.787964,4594848
2021-08-11,1820.000000,1820.000000,1762.150024,1780.599976,1776.118042,3101903
2021-08-12,1775.099976,1791.000000,1762.000000,1787.699951,1783.200195,1641690
2021-08-13,1784.000000,1799.000000,1773.849976,1788.000000,1783.499390,1839917
2021-08-16,1784.000000,1801.199951,1771.750000,1782.349976,1777.863647,1553661
2021-08-17,1779.000000,1795.000000,1777.050049,1788.349976,1783.848389,1419337
2021-08-18,1788.349976,1790.550049,1745.599976,1749.699951,1745.295654,2763653
2021-08-20,1732.000000,1732.000000,1697.000000,1703.550049,1699.261963,5643242
2021-08-23,1724.550049,1724.550049,1700.000000,1716.849976,1712.528320,3093169
2021-08-24,1725.000000,1725.000000,1691.599976,1704.900024,1700.608521,4707971
2021-08-25,1705.000000,1716.699951,1694.000000,1697.199951,1692.927856,2913810
2021-08-26,1693.800049,1716.500000,1688.900024,1697.500000,1693.227295,4382577
2021-08-27,1695.000000,1723.800049,1695.000000,1713.550049,1709.236938,3661315
2021-08-30,1715.949951,1739.550049,1715.949951,1735.849976,1731.480713,2561253
2021-08-31,1744.050049,1759.599976,1739.050049,1753.699951,1749.285767,4492609
2021-09-01,1753.750000,1753.849976,1738.000000,1746.650024,1742.253540,7266354
2021-09-02,1752.000000,1788.400024,1744.000000,1776.400024,1771.928589,5763844
2021-09-03,1793.000000,1811.449951,1777.550049,1791.849976,1787.339600,4845134
2021-09-06,1808.000000,1808.000000,1770.000000,1774.550049,1770.083252,1901931
2021-09-07,1774.550049,1779.449951,1746.000000,1764.849976,1760.407715,2922837
2021-09-08,1760.099976,1828.000000,1755.000000,1815.349976,1810.780518,15249557
2021-09-09,1826.000000,1841.699951,1806.800049,1817.849976,1813.274170,3642925
2021-09-13,1828.500000,1849.800049,1794.750000,1840.050049,1835.418457,3271615
2021-09-14,1850.000000,1879.000000,1845.150024,1867.750000,1863.048584,4168080
2021-09-15,1874.000000,1898.449951,1858.000000,1871.699951,1866.988647,4814023
2021-09-16,1877.000000,1910.000000,1868.000000,1906.800049,1902.000244,4128783
2021-09-17,1916.000000,2017.000000,1913.000000,2007.949951,2002.895630,14638489
2021-09-20,1990.000000,2037.199951,1981.349976,2001.449951,1996.411987,5881089
2021-09-21,2017.000000,2027.650024,1996.099976,2010.949951,2005.888062,3866888
2021-09-22,2016.500000,2022.400024,1978.800049,1985.550049,1980.552246,1911809
2021-09-23,2004.000000,2052.000000,1990.900024,2024.000000,2018.905273,2989107
2021-09-24,2030.000000,2052.350098,2013.900024,2028.099976,2022.994873,2114888
2021-09-27,2031.199951,2058.000000,2025.500000,2033.349976,2028.231689,1830064
2021-09-28,2040.000000,2077.800049,2012.900024,2068.199951,2062.993896,3899267
2021-09-29,2059.899902,2060.000000,2020.150024,2030.449951,2025.338867,3420314
2021-09-30,2025.449951,2035.000000,1996.800049,2005.500000,2000.451782,4572748
2021-10-01,1997.000000,2010.800049,1971.900024,1993.550049,1988.531982,3373978
2021-10-04,1995.000000,2014.900024,1988.000000,1990.949951,1985.938477,2043053
2021-10-05,1994.900024,1997.949951,1975.500000,1982.349976,1977.360107,2719807
2021-10-06,1976.050049,2005.000000,1942.099976,1955.750000,1950.827026,2979275
2021-10-07,1968.000000,1982.250000,1949.250000,1952.449951,1947.535278,2222130
2021-10-08,1950.000000,1966.150024,1931.000000,1936.349976,1931.475952,1937834
2021-10-11,1949.000000,2005.000000,1945.000000,1975.400024,1970.427612,2376167
2021-10-12,1980.000000,2004.000000,1965.000000,1995.099976,1990.077881,1890902
2021-10-13,2004.000000,2022.000000,1994.550049,2009.349976,2004.292114,1742478
2021-10-14,2008.000000,2025.500000,1985.000000,2017.800049,2012.721069,1652356
2021-10-18,2017.800049,2046.949951,2007.949951,2011.599976,2006.536377,2166779
2021-10-19,2011.900024,2044.949951,1992.099976,2035.349976,2030.226685,1695203
2021-10-20,2042.000000,2044.949951,1998.199951,2015.449951,2010.376709,1794893
2021-10-21,2031.000000,2155.000000,2022.000000,2143.750000,2138.354004,9495518
2021-10-22,2154.899902,2201.649902,2122.750000,2171.399902,2165.934326,5931826
2021-10-25,2152.000000,2182.949951,2115.050049,2154.500000,2149.076660,6777262
2021-10-26,2154.500000,2240.000000,2123.699951,2210.949951,2205.384521,10669001
2021-10-27,2200.000000,2253.000000,2176.600098,2188.250000,2182.741699,4550568
2021-10-28,2188.250000,2190.000000,2090.399902,2098.500000,2093.217773,3102289
2021-10-29,2077.550049,2096.949951,2015.000000,2031.150024,2026.037354,4666345
2021-11-01,2055.000000,2086.800049,2034.800049,2076.500000,2071.272949,1966588
2021-11-02,2066.149902,2093.500000,2060.000000,2076.649902,2071.422852,1536206
2021-11-03,2080.000000,2111.600098,2028.000000,2037.550049,2032.421265,2067291
2021-11-04,2040.000000,2062.000000,2039.000000,2057.000000,2051.822266,205177
2021-11-08,2055.000000,2127.600098,2055.000000,2118.850098,2113.516602,2121996
2021-11-09,2120.000000,2126.949951,2083.300049,2097.199951,2091.920898,1777573
2021-11-10,2085.000000,2091.350098,2063.050049,2076.050049,2070.824219,1445788
2021-11-11,2073.000000,2077.699951,2047.550049,2054.100098,2048.929932,1547153
2021-11-12,2068.000000,2080.000000,2053.050049,2074.699951,2069.477539,1434428
2021-11-15,2080.100098,2108.000000,2080.000000,2097.300049,2092.020752,1819328
2021-11-16,2099.899902,2103.850098,2070.000000,2082.850098,2077.607422,1545107
2021-11-17,2070.000000,2081.850098,2045.500000,2053.100098,2047.932129,1446763
2021-11-18,2050.000000,2062.449951,2008.900024,2024.449951,2019.354126,2793199
2021-11-22,2044.000000,2044.000000,1941.000000,1955.449951,1950.527832,2748329
2021-11-23,1938.000000,1993.150024,1932.699951,1982.900024,1977.908813,3229625
2021-11-24,1979.550049,2024.949951,1970.000000,2011.400024,2006.337036,1947483
2021-11-25,2020.000000,2048.000000,2013.050049,2035.099976,2029.977417,3164428
2021-11-26,2002.000000,2007.000000,1955.099976,1964.300049,1959.355713,2647553
2021-11-29,1993.000000,2045.000000,1937.199951,2019.599976,2014.516357,4171900
2021-11-30,2023.000000,2039.599976,1946.900024,1961.900024,1956.961670,4265816
2021-12-01,1979.000000,1985.900024,1940.000000,1953.349976,1948.433105,2585693
2021-12-02,1947.550049,1980.949951,1945.599976,1964.250000,1959.305664,1932929
2021-12-03,1966.699951,1989.900024,1905.199951,1914.199951,1909.381714,3491724
2021-12-06,1920.000000,1926.500000,1877.000000,1885.199951,1880.454712,3081336
2021-12-07,1912.000000,1963.800049,1910.199951,1937.150024,1932.273926,7344475
2021-12-08,1970.000000,1970.000000,1915.449951,1920.449951,1915.615967,5125595
2021-12-09,1926.000000,1936.900024,1886.099976,1916.349976,1911.526245,4654453
2021-12-10,1915.000000,1920.000000,1888.500000,1896.750000,1891.975708,3054922
2021-12-13,1910.000000,1916.000000,1862.250000,1873.099976,1868.385132,4085110
2021-12-14,1873.099976,1874.000000,1816.050049,1840.400024,1835.767456,10111252
2021-12-15,1845.599976,1881.750000,1836.750000,1867.400024,1862.699585,5305747
2021-12-16,1885.900024,1890.949951,1850.900024,1860.750000,1856.066162,3054462
2021-12-17,1855.000000,1859.949951,1790.000000,1793.800049,1789.284912,2935126
2021-12-20,1780.000000,1780.000000,1722.400024,1742.500000,1738.113892,3269179
2021-12-21,1761.050049,1768.000000,1721.000000,1736.550049,1732.178833,2264231
2021-12-22,1748.000000,1770.000000,1733.150024,1762.400024,1757.963745,3453839
2021-12-23,1784.900024,1788.699951,1767.349976,1775.599976,1771.130493,1919649
2021-12-24,1780.000000,1780.000000,1730.000000,1748.400024,1743.999023,2271570
2021-12-27,1743.099976,1778.949951,1721.000000,1773.449951,1768.985962,1653833
2021-12-28,1785.000000,1789.699951,1765.550049,1774.900024,1770.432373,1285671
2021-12-29,1774.000000,1780.000000,1754.099976,1764.199951,1759.759155,1411908
2021-12-30,1759.000000,1769.949951,1743.650024,1755.250000,1750.831787,2498395
2021-12-31,1762.000000,1801.000000,1760.050049,1796.099976,1791.578857,2212892
2022-01-03,1797.000000,1828.099976,1791.599976,1824.449951,1819.857666,1985109
2022-01-04,1830.000000,1857.000000,1815.300049,1852.599976,1847.936646,2635575
2022-01-05,1857.000000,1928.349976,1840.099976,1922.150024,1917.311768,4208167
2022-01-06,1907.099976,1915.000000,1875.000000,1891.900024,1887.137939,2258030
2022-01-07,1891.900024,1925.400024,1883.599976,1904.250000,1899.456787,2303351
2022-01-10,1904.250000,1955.300049,1901.349976,1947.949951,1943.046753,2862087
2022-01-11,1948.000000,1954.250000,1920.199951,1936.800049,1931.924927,2714019
2022-01-12,1954.800049,1976.150024,1947.150024,1956.599976,1951.674927,2149396
2022-01-13,1960.000000,1966.900024,1922.550049,1926.349976,1921.501099,1487152
2022-01-14,1909.000000,1945.000000,1898.000000,1938.199951,1933.321289,1828762
2022-01-17,1922.000000,1952.949951,1918.599976,1937.449951,1932.572998,1676473
2022-01-18,1930.000000,1975.000000,1930.000000,1942.150024,1937.261353,2081456
2022-01-19,1945.000000,1945.000000,1900.099976,1905.650024,1900.853271,1521702
2022-01-20,1925.000000,1925.000000,1877.000000,1892.599976,1887.836060,1489821
2022-01-21,1868.250000,1901.000000,1849.550049,1893.750000,1888.983032,1753896
2022-01-24,1884.099976,1887.900024,1810.000000,1830.900024,1826.291382,2547434
2022-01-25,1814.699951,1873.900024,1782.199951,1854.650024,1849.981567,2569065
2022-01-27,1840.000000,1898.550049,1821.150024,1889.250000,1884.494629,3718619
2022-01-28,1895.000000,1956.900024,1888.650024,1898.300049,1893.521851,4971964
2022-01-31,1920.000000,1938.900024,1841.000000,1857.250000,1852.575073,4516625
2022-02-01,1882.000000,1905.000000,1834.099976,1882.300049,1877.562012,3097086
2022-02-02,1910.800049,1948.000000,1896.900024,1942.599976,1937.710205,2710508
2022-02-03,1939.900024,1942.449951,1896.050049,1909.050049,1904.244629,2239713
2022-02-04,1914.000000,1918.000000,1880.250000,1884.199951,1879.457153,1771267
2022-02-07,1850.000000,1890.000000,1820.000000,1828.449951,1823.847534,2053959
2022-02-08,1835.000000,1848.050049,1793.099976,1817.800049,1813.224365,3569370
2022-02-09,1835.599976,1847.800049,1822.650024,1835.000000,1830.381104,1624058
2022-02-10,1835.000000,1888.900024,1830.250000,1867.199951,1862.500000,2508081
2022-02-11,1854.099976,1854.099976,1822.000000,1828.250000,1823.648071,1859755
2022-02-14,1790.050049,1823.849976,1737.949951,1746.849976,1742.453003,3026821
2022-02-15,1756.000000,1819.000000,1746.050049,1813.099976,1808.536255,2055275
2022-02-16,1815.099976,1852.849976,1800.000000,1830.050049,1825.443604,2269756
2022-02-17,1835.000000,1844.250000,1810.400024,1817.300049,1812.725708,2810229
2022-02-18,1809.050049,1831.000000,1805.849976,1826.550049,1821.952271,1229668
2022-02-21,1808.000000,1851.300049,1802.099976,1827.099976,1822.500977,1343911
2022-02-22,1790.000000,1849.099976,1790.000000,1841.750000,1837.114014,3022075
2022-02-23,1852.900024,1912.849976,1852.900024,1886.099976,1881.352417,6915921
2022-02-24,1834.349976,1874.400024,1776.750000,1794.849976,1790.332031,4956043
2022-02-25,1820.949951,1866.250000,1801.050049,1856.699951,1852.026489,3993886
2022-02-28,1837.000000,1852.000000,1814.699951,1842.750000,1838.111572,2712562
2022-03-02,1811.800049,1819.349976,1775.300049,1806.000000,1801.453979,2830955
2022-03-03,1812.949951,1819.599976,1772.599976,1792.250000,1787.738647,2962143
2022-03-04,1770.000000,1785.949951,1733.699951,1752.150024,1747.739624,2549194
2022-03-07,1693.500000,1730.900024,1680.050049,1711.900024,1707.590942,2697935
2022-03-08,1700.000000,1729.500000,1672.550049,1723.099976,1718.762695,5436496
2022-03-09,1723.099976,1748.150024,1692.000000,1739.099976,1734.722412,6919461
2022-03-10,1800.000000,1813.000000,1736.000000,1754.349976,1749.934082,4188469
2022-03-11,1745.000000,1779.900024,1736.000000,1763.000000,1758.562256,2506340
2022-03-14,1745.449951,1797.349976,1742.000000,1788.750000,1784.247437,3316649
2022-03-15,1784.000000,1789.949951,1714.000000,1733.750000,1729.385864,4807455
2022-03-16,1760.000000,1774.800049,1752.750000,1760.500000,1756.068726,2927241
2022-03-17,1790.000000,1827.599976,1782.550049,1820.000000,1815.418823,3359007
2022-03-21,1815.650024,1830.000000,1773.000000,1777.099976,1772.626831,2397699
2022-03-22,1777.099976,1813.599976,1755.349976,1807.849976,1803.299316,3397456
2022-03-23,1815.000000,1827.250000,1758.000000,1769.750000,1765.295410,3226340
2022-03-24,1715.000000,1728.900024,1701.000000,1714.150024,1709.835327,19710178
2022-03-25,1728.000000,1731.800049,1712.000000,1722.250000,1717.914917,3039150
2022-03-28,1728.000000,1728.000000,1692.050049,1725.199951,1720.857300,3070204
2022-03-29,1738.000000,1740.900024,1718.750000,1730.000000,1725.645386,2585790
2022-03-30,1749.400024,1768.849976,1736.000000,1763.099976,1758.661987,3358154
2022-03-31,1755.099976,1778.750000,1747.000000,1753.849976,1749.435303,2848408
2022-04-01,1749.300049,1780.000000,1745.599976,1776.650024,1772.177979,2373773
2022-04-04,1787.000000,1840.000000,1735.000000,1836.050049,1831.428467,3997566
2022-04-05,1836.050049,1838.050049,1794.199951,1802.199951,1797.663574,2132871
2022-04-06,1787.500000,1793.000000,1771.750000,1779.400024,1774.921021,2349001
2022-04-07,1771.000000,1792.000000,1763.000000,1766.449951,1762.003540,4388783
2022-04-08,1775.250000,1790.000000,1756.099976,1784.500000,1780.008057,2381671
2022-04-11,1775.000000,1806.150024,1763.300049,1783.449951,1778.960815,1917942
2022-04-12,1771.050049,1812.650024,1770.000000,1801.849976,1797.314575,2412242
2022-04-13,1807.699951,1818.500000,1772.750000,1779.599976,1775.120361,1923692
2022-04-18,1775.599976,1775.599976,1730.000000,1750.400024,1745.994019,1960141
2022-04-19,1763.000000,1766.699951,1687.000000,1707.500000,1703.201904,2389574
2022-04-20,1713.000000,1727.000000,1683.400024,1721.300049,1716.967285,3201545
2022-04-21,1725.000000,1773.449951,1724.050049,1760.849976,1756.417603,2730691
2022-04-22,1740.000000,1748.900024,1721.400024,1727.750000,1723.401001,2256038
2022-04-25,1702.500000,1737.900024,1694.000000,1728.849976,1724.498169,2149394
2022-04-26,1746.099976,1748.000000,1731.250000,1742.699951,1738.313354,1454777
2022-04-27,1724.000000,1752.000000,1724.000000,1741.500000,1737.116455,2822592
2022-04-28,1749.000000,1773.000000,1732.400024,1765.650024,1761.205566,2342497
2022-04-29,1768.949951,1810.300049,1767.000000,1790.750000,1786.242432,3688659
2022-05-02,1765.550049,1780.449951,1750.050049,1774.349976,1769.883667,1979466
2022-05-04,1768.000000,1823.699951,1768.000000,1775.599976,1771.130493,5746474
2022-05-05,1801.000000,1821.000000,1784.300049,1797.599976,1793.075195,3568047
2022-05-06,1755.150024,1794.949951,1750.000000,1775.300049,1770.831421,2847483
2022-05-09,1745.000000,1784.000000,1743.000000,1767.500000,1763.051025,2169362
2022-05-10,1770.000000,1808.800049,1767.500000,1797.150024,1792.626343,1989854
2022-05-11,1798.000000,1818.000000,1796.000000,1809.949951,1805.394043,2621884
2022-05-12,1802.800049,1806.599976,1757.000000,1760.900024,1756.467651,4282268
2022-05-13,1785.000000,1795.000000,1756.000000,1779.550049,1775.070801,2737022
2022-05-16,1781.000000,1825.000000,1766.150024,1812.849976,1808.286865,3039181
2022-05-17,1823.000000,1844.900024,1817.599976,1840.300049,1835.667847,3020781
2022-05-18,1846.949951,1864.000000,1840.849976,1846.800049,1842.151489,5321784
2022-05-19,1812.000000,1827.300049,1778.349976,1783.400024,1778.911011,3108321
2022-05-20,1811.000000,1839.900024,1794.449951,1829.150024,1824.545898,2649672
2022-05-23,1852.000000,1871.500000,1841.250000,1854.300049,1849.632568,2826078
2022-05-24,1857.949951,1890.000000,1842.800049,1882.599976,1877.861084,3421900
2022-05-25,1897.849976,1941.500000,1886.300049,1907.550049,1902.748535,6252602
2022-05-26,1914.949951,1922.000000,1884.050049,1908.650024,1903.845703,4949829
2022-05-27,1921.000000,1950.000000,1913.000000,1946.199951,1941.301025,2440367
2022-05-30,1945.250000,1951.750000,1895.550049,1903.199951,1898.409424,3987800
2022-05-31,1891.099976,1896.150024,1828.349976,1846.849976,1842.201172,14830306
2022-06-01,1840.000000,1874.000000,1835.349976,1865.099976,1860.405273,2382645
2022-06-02,1848.199951,1879.000000,1846.000000,1857.650024,1852.973999,2664301
2022-06-03,1879.000000,1879.000000,1853.099976,1858.650024,1853.971436,1815375
2022-06-06,1845.000000,1877.000000,1843.150024,1869.300049,1864.594849,2588097
2022-06-07,1864.000000,1865.000000,1832.000000,1858.150024,1853.472900,1711639
2022-06-08,1860.000000,1880.099976,1838.750000,1845.500000,1840.854614,1465616
2022-06-09,1838.750000,1872.849976,1827.699951,1865.199951,1860.504883,1280868
2022-06-10,1840.000000,1854.199951,1784.050049,1791.800049,1787.289795,2859950
2022-06-13,1743.000000,1752.599976,1718.650024,1737.349976,1732.976807,2349445
2022-06-14,1735.599976,1748.650024,1721.599976,1739.699951,1735.320923,1551047
2022-06-15,1738.000000,1750.000000,1728.900024,1736.650024,1732.278564,1770169
2022-06-16,1742.000000,1753.550049,1670.000000,1675.800049,1671.581909,2973292
2022-06-17,1661.000000,1683.699951,1648.599976,1673.599976,1669.387207,3163864
2022-06-20,1673.599976,1689.849976,1652.000000,1679.199951,1674.973267,1767577
2022-06-21,1690.000000,1709.000000,1672.550049,1681.500000,1677.267334,2503603
2022-06-22,1665.000000,1675.849976,1653.000000,1669.699951,1665.497192,1771925
2022-06-23,1675.000000,1695.000000,1648.800049,1684.099976,1679.860962,2490801
2022-06-24,1700.000000,1714.900024,1690.150024,1698.400024,1694.124878,1617721
2022-06-27,1717.199951,1719.900024,1685.000000,1691.550049,1687.292236,2128112
2022-06-28,1684.900024,1692.349976,1664.699951,1668.800049,1664.599487,2799443
2022-06-29,1650.000000,1658.949951,1636.699951,1642.449951,1638.315674,2932830
2022-06-30,1632.000000,1676.900024,1631.000000,1661.099976,1656.918823,3982064
2022-07-01,1645.000000,1679.500000,1636.000000,1667.750000,1663.552002,2300514
2022-07-04,1666.550049,1684.449951,1660.050049,1670.900024,1666.694214,1868781
2022-07-05,1675.000000,1694.800049,1656.949951,1663.050049,1658.863892,2642097
2022-07-06,1682.000000,1712.400024,1671.000000,1704.500000,1700.209595,5572949
2022-07-07,1718.000000,1744.000000,1716.050049,1738.500000,1734.124023,3170065
2022-07-08,1755.000000,1756.449951,1732.199951,1744.750000,1740.358276,1778149
2022-07-11,1743.000000,1747.000000,1728.199951,1741.250000,1736.866943,1533179
2022-07-12,1721.500000,1739.000000,1711.949951,1718.949951,1714.623047,1828832
2022-07-13,1724.000000,1745.949951,1723.400024,1742.050049,1737.665039,3613468
2022-07-14,1740.000000,1777.000000,1737.050049,1770.050049,1765.594604,6570982
2022-07-15,1772.300049,1790.000000,1770.000000,1787.699951,1783.200195,2333732
2022-07-18,1800.000000,1850.000000,1794.250000,1845.650024,1841.004272,3117038
2022-07-19,1835.000000,1852.000000,1828.050049,1834.949951,1830.331177,2895175
2022-07-20,1846.250000,1850.000000,1818.099976,1827.750000,1823.149170,2571469
2022-07-21,1825.000000,1825.000000,1787.800049,1800.550049,1796.017700,2186674
2022-07-22,1801.000000,1842.000000,1789.699951,1827.099976,1822.500977,3349580
2022-07-25,1816.000000,1848.800049,1785.099976,1795.550049,1791.030396,1886515
2022-07-26,1791.000000,1794.949951,1752.000000,1761.599976,1757.165771,1802447
2022-07-27,1761.150024,1761.150024,1732.349976,1754.099976,1749.684692,3479645
2022-07-28,1774.800049,1831.849976,1765.000000,1828.500000,1823.897461,2154401
2022-07-29,1837.650024,1856.900024,1803.650024,1810.349976,1805.792969,2387998
2022-08-01,1815.000000,1862.000000,1812.000000,1855.750000,1851.078857,1655537
2022-08-02,1851.699951,1893.000000,1834.199951,1884.599976,1879.856201,3357606
2022-08-03,1875.000000,1879.800049,1840.000000,1851.099976,1846.440430,2535679
2022-08-04,1856.599976,1859.000000,1814.250000,1835.550049,1830.929688,2361186
2022-08-05,1844.750000,1850.000000,1822.650024,1833.900024,1829.283813,1664571
2022-08-08,1830.000000,1849.500000,1816.800049,1844.500000,1839.857178,1555925
2022-08-10,1848.000000,1849.250000,1821.050049,1828.349976,1823.747681,1657327
2022-08-11,1849.000000,1856.650024,1833.000000,1853.500000,1849.947510,2778338
2022-08-12,1860.000000,1860.000000,1836.500000,1841.199951,1837.671021,1396522
2022-08-16,1850.449951,1861.800049,1838.550049,1846.349976,1842.811279,1313624
2022-08-17,1854.000000,1854.000000,1831.150024,1839.699951,1836.173828,3383334
2022-08-18,1839.000000,1912.000000,1832.000000,1904.500000,1900.849731,3661316
2022-08-19,1919.000000,1942.449951,1871.000000,1877.000000,1873.402466,4563906
2022-08-22,1826.949951,1838.000000,1811.300049,1832.050049,1828.538696,4162757
2022-08-23,1824.000000,1869.000000,1820.000000,1855.750000,1852.193115,2214300
2022-08-24,1851.000000,1873.949951,1841.400024,1867.599976,1864.020508,1415625
2022-08-25,1875.099976,1905.449951,1856.150024,1868.750000,1865.168335,2204409
2022-08-26,1872.349976,1927.000000,1868.900024,1902.050049,1898.404541,3343088
2022-08-29,1858.000000,1877.949951,1845.000000,1850.000000,1846.454224,3639673
2022-08-30,1864.849976,1920.000000,1857.000000,1915.449951,1911.778687,3885850
2022-09-01,1875.000000,1925.500000,1875.000000,1902.849976,1899.202881,4207842
2022-09-02,1916.949951,1929.000000,1904.400024,1918.849976,1915.172241,3331376
2022-09-05,1911.000000,1957.000000,1911.000000,1937.900024,1934.185669,3806770
2022-09-06,1944.949951,1949.949951,1910.000000,1915.699951,1912.028320,2767854
2022-09-07,1900.000000,1915.099976,1885.699951,1908.250000,1904.592529,1976258
2022-09-08,1920.099976,1938.000000,1912.000000,1930.050049,1926.350830,2412183
2022-09-09,1950.000000,1950.699951,1916.500000,1926.349976,1922.657837,2817973
2022-09-12,1925.000000,1944.000000,1917.750000,1924.000000,1920.312378,1483681
2022-09-13,1933.000000,1940.000000,1920.150024,1923.400024,1919.713623,1584581
2022-09-14,1892.000000,1977.800049,1892.000000,1954.699951,1950.953491,3742429
2022-09-15,1967.500000,1987.199951,1923.000000,1934.150024,1930.442993,3747498
2022-09-16,1926.250000,1980.000000,1910.099976,1930.300049,1926.600464,5168822
2022-09-19,1923.099976,1940.000000,1907.550049,1929.500000,1925.801880,1675912
2022-09-20,1944.000000,1961.699951,1933.000000,1939.750000,1936.032227,1612730
2022-09-21,1927.000000,1950.000000,1898.400024,1918.500000,1914.822876,2238276
2022-09-22,1905.550049,1924.599976,1881.199951,1892.750000,1889.122192,1857227
2022-09-23,1870.099976,1888.699951,1841.900024,1862.699951,1859.129883,2613759
2022-09-26,1836.000000,1858.000000,1816.650024,1829.000000,1825.494507,2285176
2022-09-27,1832.199951,1834.849976,1792.050049,1799.300049,1795.851440,2740144
2022-09-28,1790.000000,1808.000000,1775.099976,1792.599976,1789.164307,1771117
2022-09-29,1802.000000,1810.000000,1759.750000,1765.300049,1761.916504,2799627
2022-09-30,1768.000000,1826.449951,1757.699951,1819.199951,1815.713135,2804653
2022-10-03,1808.000000,1813.000000,1773.300049,1783.900024,1780.480957,2440064
2022-10-04,1808.000000,1827.800049,1802.000000,1822.250000,1818.757446,1668922
2022-10-06,1825.000000,1840.000000,1811.849976,1818.900024,1815.413818,1748151
2022-10-07,1810.500000,1830.000000,1802.199951,1825.400024,1821.901367,1063844
2022-10-10,1801.099976,1821.750000,1794.550049,1808.250000,1804.784180,1037722
2022-10-11,1809.849976,1809.849976,1783.300049,1787.900024,1784.473267,1496718
2022-10-12,1788.000000,1813.000000,1780.199951,1810.199951,1806.730469,1035118
2022-10-13,1805.000000,1815.900024,1793.000000,1801.500000,1798.047241,1172979
2022-10-14,1828.000000,1858.000000,1822.500000,1834.000000,1830.484863,1670238
2022-10-17,1828.050049,1862.199951,1820.250000,1858.150024,1854.588623,1104283
2022-10-18,1867.449951,1875.900024,1855.099976,1859.699951,1856.135620,1609858
2022-10-19,1869.000000,1877.449951,1855.000000,1869.349976,1865.767090,913286
2022-10-20,1860.000000,1882.949951,1855.349976,1863.550049,1859.978271,1591107
2022-10-21,1870.000000,1925.000000,1866.300049,1902.650024,1899.003418,3941971
2022-10-24,1902.500000,1915.000000,1890.000000,1895.800049,1892.166504,649081
2022-10-25,1911.000000,1911.599976,1842.000000,1846.599976,1843.060669,3511650
2022-10-27,1883.699951,1888.000000,1849.449951,1865.000000,1861.425415,4593492
2022-10-28,1874.000000,1894.849976,1871.050049,1884.250000,1880.638672,3048687
2022-10-31,1899.000000,1912.000000,1889.000000,1901.949951,1898.304565,1874348
2022-11-01,1908.000000,1941.500000,1903.400024,1909.199951,1905.540771,2545417
2022-11-02,1918.750000,1920.000000,1897.500000,1909.949951,1906.289307,1864081
2022-11-03,1904.800049,1913.000000,1893.599976,1900.150024,1896.508057,1591871
2022-11-04,1906.000000,1908.000000,1894.300049,1899.949951,1896.308472,2081413
2022-11-07,1908.000000,1910.000000,1871.650024,1882.599976,1878.991699,2624601
2022-11-09,1898.000000,1903.599976,1880.699951,1893.400024,1889.771118,2322634
2022-11-10,1895.000000,1915.000000,1891.699951,1912.150024,1908.485107,2510124
2022-11-11,1933.000000,1933.900024,1890.900024,1899.099976,1895.460083,3424030
2022-11-14,1902.849976,1928.699951,1901.000000,1922.800049,1919.114746,2142267
2022-11-15,1925.000000,1933.300049,1895.300049,1912.400024,1908.734619,1990292
2022-11-16,1914.000000,1968.650024,1913.949951,1965.900024,1962.132080,6437651
2022-11-17,1963.800049,1965.000000,1943.250000,1950.550049,1946.811523,2408671
2022-11-18,1960.949951,1997.550049,1947.900024,1959.550049,1955.794312,4272040
2022-11-21,1954.550049,1954.550049,1932.800049,1944.099976,1940.373901,1192610
2022-11-22,1953.849976,1953.849976,1930.099976,1939.750000,1936.032227,1166755
2022-11-23,1950.500000,1961.500000,1945.650024,1953.349976,1949.606079,2500563
2022-11-24,1954.500000,1956.300049,1933.050049,1944.849976,1941.122437,1400421
2022-11-25,1949.000000,1949.000000,1920.000000,1928.400024,1924.703979,2097541
2022-11-28,1916.000000,1942.949951,1916.000000,1928.150024,1924.454468,1564504
2022-11-29,1931.599976,1939.000000,1923.250000,1925.550049,1921.859375,1363505
2022-11-30,1939.000000,1955.000000,1916.000000,1947.050049,1943.318237,2950734
2022-12-01,1955.000000,1961.750000,1927.849976,1934.300049,1930.592773,2471005
2022-12-02,1917.099976,1934.900024,1917.099976,1930.800049,1927.099365,1590968
2022-12-05,1942.000000,1943.949951,1920.000000,1938.449951,1934.734741,1245509
2022-12-06,1920.550049,1943.099976,1920.550049,1935.250000,1931.540771,1366698
2022-12-07,1932.500000,1932.500000,1905.500000,1911.449951,1907.786377,2362280
2022-12-08,1898.900024,1904.800049,1877.099976,1897.000000,1893.364136,12619838
2022-12-09,1914.000000,1916.750000,1879.250000,1888.050049,1884.431396,2648455
2022-12-12,1865.000000,1879.699951,1863.000000,1865.750000,1862.174072,3281447
2022-12-13,1863.750000,1871.750000,1858.199951,1868.500000,1864.918823,6939565
2022-12-14,1871.099976,1875.949951,1863.750000,1873.199951,1869.609741,3747141
2022-12-15,1875.550049,1881.800049,1854.900024,1863.199951,1859.628784,2041799
2022-12-16,1854.699951,1856.949951,1835.199951,1840.550049,1837.022461,2487828
2022-12-19,1840.550049,1864.000000,1840.500000,1858.150024,1854.588623,1713647
2022-12-20,1845.000000,1861.949951,1834.750000,1847.099976,1843.559814,1410586
2022-12-21,1860.500000,1860.949951,1809.000000,1814.599976,1811.121948,2382869
2022-12-22,1826.000000,1835.000000,1819.000000,1826.050049,1822.550171,1714093
2022-12-23,1815.949951,1839.150024,1811.949951,1821.949951,1818.457886,2102126
2022-12-26,1821.949951,1826.099976,1794.199951,1813.550049,1810.074219,4746738
2022-12-27,1822.650024,1827.949951,1807.000000,1820.900024,1817.410034,1548286
2022-12-28,1824.400024,1831.400024,1815.250000,1820.099976,1816.611450,1904268
2022-12-29,1814.400024,1820.000000,1801.000000,1818.750000,1815.264160,2154490
2022-12-30,1825.099976,1838.000000,1822.300049,1827.250000,1823.747803,2692688
2023-01-02,1827.800049,1833.000000,1816.449951,1825.050049,1821.552124,1125001
2023-01-03,1822.250000,1836.500000,1821.000000,1832.849976,1829.337158,1663448
2023-01-04,1834.900024,1834.900024,1813.949951,1820.750000,1817.260254,1664104
2023-01-05,1820.000000,1832.800049,1806.150024,1820.300049,1816.811157,1732618
2023-01-06,1826.000000,1826.000000,1770.650024,1786.800049,1783.375488,3799655
2023-01-09,1801.000000,1816.000000,1789.000000,1811.900024,1808.427368,3426868
2023-01-10,1808.550049,1816.000000,1788.900024,1795.550049,1792.108643,1474131
2023-01-11,1800.000000,1804.150024,1784.099976,1801.849976,1798.396484,1603701
2023-01-12,1807.000000,1807.000000,1772.400024,1779.500000,1776.089355,3529605
2023-01-13,1779.500000,1787.300049,1759.000000,1780.300049,1776.887817,3983197
2023-01-16,1787.000000,1799.000000,1780.000000,1784.800049,1781.379272,2118161
2023-01-17,1780.000000,1801.949951,1776.599976,1797.650024,1794.204590,2132394
2023-01-18,1802.949951,1827.000000,1796.000000,1799.099976,1795.651733,2835232
2023-01-19,1803.500000,1803.500000,1765.000000,1767.300049,1763.912842,4425644
2023-01-20,1778.900024,1778.900024,1757.000000,1762.900024,1759.521240,4270294
2023-01-23,1790.000000,1799.650024,1770.000000,1783.750000,1780.331177,7764627
2023-01-24,1792.699951,1792.699951,1748.750000,1760.250000,1756.876221,4159188
2023-01-25,1757.000000,1760.400024,1733.000000,1749.800049,1746.446289,4280333
2023-01-27,1752.099976,1752.099976,1704.000000,1713.099976,1709.816650,7516979
2023-01-30,1713.099976,1730.599976,1683.849976,1726.250000,1722.941406,4939556
2023-01-31,1730.500000,1738.599976,1713.050049,1731.000000,1727.682251,4385384
2023-02-01,1745.000000,1784.000000,1720.750000,1744.699951,1741.355957,3652098
2023-02-02,1720.000000,1768.000000,1720.000000,1761.750000,1758.373291,4184470
2023-02-03,1770.599976,1783.699951,1745.199951,1780.300049,1776.887817,2675212
2023-02-06,1775.000000,1778.250000,1740.000000,1747.000000,1743.651733,3040209
2023-02-07,1752.199951,1780.000000,1747.050049,1775.400024,1771.997192,3643187
2023-02-08,1778.800049,1780.000000,1761.099976,1765.500000,1762.116211,1446690
2023-02-09,1767.949951,1775.199951,1747.949951,1770.900024,1767.505859,2163825
2023-02-10,1767.900024,1778.650024,1765.000000,1772.050049,1768.653687,1445942
2023-02-13,1775.099976,1784.449951,1761.650024,1773.800049,1770.400269,2389142
2023-02-14,1770.000000,1777.000000,1763.750000,1770.349976,1766.956787,1614893
2023-02-15,1768.449951,1790.000000,1760.250000,1785.500000,1782.077759,2409292
2023-02-16,1794.000000,1803.900024,1783.550049,1787.949951,1784.523071,2291602
2023-02-17,1783.099976,1791.400024,1751.050049,1759.250000,1755.878174,2587909
2023-02-20,1768.050049,1768.050049,1730.099976,1737.300049,1733.970337,3224839
2023-02-21,1745.000000,1745.000000,1725.050049,1730.199951,1726.883789,2936934
2023-02-22,1723.949951,1726.099976,1698.000000,1700.550049,1697.290649,3539149
2023-02-23,1707.400024,1713.750000,1687.750000,1707.150024,1703.878052,2770110
2023-02-24,1713.000000,1724.250000,1694.000000,1697.300049,1694.046875,2080363
2023-02-27,1698.300049,1729.800049,1690.800049,1725.949951,1722.641846,2343798
2023-02-28,1725.949951,1741.400024,1721.650024,1729.250000,1725.935669,4395098
2023-03-01,1729.250000,1750.599976,1726.000000,1744.900024,1741.555664,5613386
2023-03-02,1735.599976,1746.349976,1718.000000,1721.699951,1718.400146,4119935
2023-03-03,1732.000000,1765.000000,1719.900024,1751.000000,1747.644043,3626269
2023-03-06,1756.300049,1764.599976,1741.449951,1751.000000,1747.644043,5186846
2023-03-08,1736.000000,1744.300049,1726.849976,1740.199951,1736.864624,5202608
2023-03-09,1739.300049,1744.550049,1713.699951,1716.699951,1713.409668,6928316
2023-03-10,1707.000000,1713.500000,1692.000000,1699.300049,1696.043091,4876144
2023-03-13,1699.000000,1723.300049,1666.199951,1673.900024,1670.691772,8978938
2023-03-14,1673.000000,1677.550049,1643.500000,1648.250000,1645.090820,14138986
2023-03-15,1668.000000,1688.000000,1661.599976,1665.949951,1662.756958,4692363
2023-03-16,1670.000000,1678.849976,1648.199951,1663.550049,1660.361572,3632063
2023-03-17,1679.599976,1706.199951,1671.150024,1693.099976,1689.854858,8928301
2023-03-20,1687.000000,1702.949951,1681.050049,1699.650024,1696.392334,4463937
2023-03-21,1707.550049,1711.949951,1692.000000,1706.849976,1703.578613,1805180
2023-03-22,1710.000000,1713.199951,1692.099976,1705.150024,1701.881836,3326099
2023-03-23,1699.150024,1700.000000,1675.000000,1679.699951,1676.480591,5642151
2023-03-24,1676.050049,1708.949951,1675.000000,1692.150024,1688.906860,5480609
2023-03-27,1700.650024,1712.849976,1693.099976,1705.199951,1701.931641,2837204
2023-03-28,1708.949951,1709.800049,1685.449951,1698.900024,1695.643799,2371652
2023-03-29,1700.099976,1727.000000,1695.000000,1721.050049,1717.751343,2821000
2023-03-31,1725.500000,1740.650024,1721.000000,1732.849976,1729.528809,3565755
2023-04-03,1734.000000,1752.199951,1733.199951,1745.699951,1742.354004,2436866
2023-04-05,1745.000000,1759.699951,1739.050049,1751.900024,1748.542358,2526350
2023-04-06,1750.000000,1761.449951,1739.349976,1757.099976,1753.732300,1557355
2023-04-10,1757.150024,1768.000000,1749.650024,1759.300049,1755.928101,1253171
2023-04-11,1847.199951,1859.000000,1826.000000,1846.500000,1842.960938,9293763
2023-04-12,1842.000000,1850.949951,1831.500000,1844.050049,1840.515625,3408713
2023-04-13,1838.000000,1874.300049,1831.000000,1869.500000,1865.916870,2924116
2023-04-17,1888.949951,1913.800049,1826.099976,1895.150024,1891.517700,10354299
2023-04-18,1900.949951,1904.599976,1885.900024,1888.300049,1884.680786,2972721
2023-04-19,1888.300049,1888.349976,1876.150024,1884.900024,1881.287354,1876656
2023-04-20,1884.300049,1903.400024,1872.050049,1884.000000,1880.389038,2322777
2023-04-21,1882.000000,1903.650024,1877.150024,1893.650024,1890.020508,1671341
2023-04-24,1890.199951,1902.000000,1877.550049,1897.250000,1893.613647,2017406
2023-04-25,1902.000000,1907.000000,1877.000000,1889.300049,1885.678955,4738419
2023-04-26,1877.500000,1894.400024,1863.349976,1878.599976,1874.999390,3159518
2023-04-27,1876.900024,1913.000000,1876.849976,1908.599976,1904.941895,5061293
2023-04-28,1906.000000,1943.300049,1896.099976,1938.050049,1934.335449,4367612
2023-05-02,1918.000000,1937.449951,1890.000000,1921.150024,1917.467896,4605771
2023-05-03,1919.000000,1933.849976,1912.699951,1930.949951,1927.249023,3449007
2023-05-04,1929.949951,1951.099976,1921.750000,1947.599976,1943.867065,3451579
2023-05-05,1952.150024,1974.000000,1915.500000,1928.699951,1925.003296,3484218
2023-05-08,1935.900024,1968.500000,1921.000000,1958.849976,1955.095581,3870941
2023-05-09,1964.849976,1970.000000,1948.150024,1954.300049,1950.554321,3623075
2023-05-10,1960.000000,1964.000000,1931.650024,1958.699951,1954.945801,3912439
2023-05-11,1970.000000,1980.000000,1951.849976,1957.949951,1954.197266,4411824
2023-05-12,1954.000000,1968.000000,1943.650024,1960.599976,1956.842285,3217081
2023-05-15,1957.050049,1977.000000,1952.400024,1973.000000,1969.218506,2971692
2023-05-16,1978.000000,1978.000000,1938.000000,1947.050049,1943.318237,4569497
2023-05-17,1949.800049,1950.900024,1895.550049,1909.150024,1905.490845,5482017
2023-05-18,1924.000000,1933.650024,1911.199951,1927.400024,1923.705933,4145228
2023-05-19,1930.000000,1946.849976,1923.500000,1941.650024,1937.928589,3946927
2023-05-22,1945.000000,1952.500000,1923.650024,1940.199951,1936.481323,3400880
2023-05-23,1940.199951,1940.199951,1915.000000,1921.500000,1917.817261,4335524
2023-05-24,1921.949951,1940.000000,1897.400024,1910.349976,1906.688599,3557537
2023-05-25,1918.000000,1933.550049,1907.550049,1929.949951,1926.250977,5966757
2023-05-26,1949.949951,1949.949951,1923.500000,1945.050049,1941.322021,3295412
2023-05-29,1963.099976,1973.300049,1948.250000,1953.199951,1949.456299,3775509
2023-05-30,1957.849976,1979.099976,1952.349976,1974.699951,1970.915161,7429705
2023-05-31,1984.949951,2064.399902,1953.900024,2014.349976,2010.489258,88598126
2023-06-01,1968.000000,1979.150024,1925.000000,1930.050049,1926.350830,5967432
2023-06-02,1944.949951,1951.349976,1928.000000,1938.750000,1935.034180,3558072
2023-06-05,1945.000000,1951.500000,1922.250000,1924.900024,1921.210693,2405909
2023-06-06,1934.900024,1966.400024,1930.150024,1959.050049,1955.295288,4112841
2023-06-07,1972.000000,1972.000000,1936.000000,1939.400024,1935.682861,3100414
2023-06-08,1936.900024,1936.900024,1879.550049,1886.500000,1882.884155,5491614
2023-06-09,1862.000000,1897.699951,1860.699951,1872.000000,1868.411987,14196924
2023-06-12,1874.849976,1884.000000,1864.449951,1879.449951,1875.847778,2815173
2023-06-13,1875.349976,1883.000000,1852.000000,1855.949951,1852.392700,9561827
2023-06-14,1855.949951,1867.949951,1846.400024,1864.650024,1861.076050,5578543
2023-06-15,1867.949951,1869.000000,1828.699951,1833.500000,1829.985840,4838188
2023-06-16,1836.949951,1861.650024,1833.000000,1857.400024,1853.839966,3197657
2023-06-19,1863.849976,1868.449951,1818.000000,1824.550049,1821.052979,7609913
2023-06-20,1820.000000,1847.000000,1815.300049,1844.000000,1840.465820,4622905
2023-06-21,1847.050049,1849.750000,1836.099976,1845.550049,1842.012817,2399108
2023-06-22,1845.550049,1847.300049,1830.400024,1836.099976,1832.580811,3428210
2023-06-23,1833.000000,1845.550049,1823.900024,1828.550049,1825.045410,2584063
2023-06-26,1831.949951,1831.949951,1819.900024,1822.949951,1819.455933,2213679
2023-06-27,1827.699951,1847.000000,1820.650024,1844.699951,1841.164307,2138665
2023-06-28,1846.000000,1848.099976,1829.400024,1840.550049,1837.022461,5339982
2023-06-30,1847.900024,1850.550049,1832.949951,1846.550049,1843.010864,3934720
2023-07-03,1856.000000,1859.000000,1838.000000,1843.949951,1840.415771,3208540
2023-07-04,1850.000000,1868.349976,1836.050049,1861.699951,1858.131714,6575587
2023-07-05,1862.800049,1867.800049,1853.150024,1864.849976,1861.275757,3119185
2023-07-06,1860.000000,1882.849976,1859.050049,1877.300049,1873.701904,3654241
2023-07-07,1872.000000,1874.400024,1850.500000,1853.500000,1849.947510,2076544
2023-07-10,1853.000000,1874.349976,1845.000000,1866.900024,1863.321777,3437542
2023-07-11,1874.000000,1893.800049,1863.300049,1866.599976,1863.022339,4096757
2023-07-12,1874.900024,1890.900024,1867.900024,1878.099976,1874.500366,4355083
2023-07-13,1889.000000,1901.599976,1866.449951,1869.699951,1866.116333,5265370
2023-07-14,1870.099976,1887.349976,1860.000000,1869.000000,1865.417725,7131916
2023-07-17,1871.199951,1899.449951,1866.650024,1897.050049,1893.414063,3329856
2023-07-18,1895.349976,1908.000000,1879.349976,1890.849976,1887.225830,5795645
2023-07-19,1894.800049,1915.000000,1891.550049,1906.599976,1902.945679,3377787
2023-07-20,1901.000000,1962.400024,1892.900024,1956.900024,1953.149292,9305585
2023-07-21,1951.900024,1987.750000,1950.599976,1970.199951,1966.423828,3849750
2023-07-24,1950.000000,1950.000000,1888.199951,1897.250000,1893.613647,7033093
2023-07-25,1901.000000,1902.000000,1856.449951,1875.500000,1871.905273,7944916
2023-07-26,1880.000000,1897.900024,1875.650024,1895.300049,1891.667480,2462073
2023-07-27,1889.000000,1902.599976,1862.550049,1873.750000,1870.158691,6290001
2023-07-28,1869.599976,1885.800049,1861.099976,1876.849976,1873.252686,2302033
2023-07-31,1866.000000,1875.000000,1849.150024,1856.550049,1852.991699,4025207
2023-08-01,1850.000000,1865.750000,1844.400024,1850.000000,1846.454224,4467942
2023-08-02,1840.550049,1847.900024,1818.050049,1823.699951,1820.204590,4180451
2023-08-03,1820.099976,1833.849976,1805.849976,1823.250000,1819.755493,7015292
2023-08-04,1829.000000,1842.800049,1811.150024,1838.500000,1836.487183,5443532
2023-08-07,1845.000000,1845.000000,1826.400024,1831.550049,1829.544800,3708310
2023-08-08,1831.500000,1842.650024,1822.050049,1828.000000,1825.998657,4089623
2023-08-09,1834.000000,1834.000000,1816.750000,1831.500000,1829.494873,2624324
2023-08-10,1825.750000,1832.400024,1796.000000,1800.849976,1798.878418,5112099
2023-08-11,1798.000000,1800.000000,1782.000000,1791.449951,1789.488647,4265616
2023-08-14,1789.000000,1802.349976,1785.000000,1794.099976,1792.135742,3299919
2023-08-16,1787.000000,1789.849976,1777.500000,1786.199951,1784.244385,1883940
2023-08-17,1782.000000,1787.400024,1763.000000,1765.699951,1763.766846,5131739
2023-08-18,1757.099976,1768.400024,1746.500000,1750.800049,1748.883301,4113292
2023-08-21,1751.000000,1772.599976,1748.849976,1760.349976,1758.422729,3955468
2023-08-22,1769.000000,1772.000000,1758.449951,1763.099976,1761.169678,3328812
2023-08-23,1769.800049,1781.900024,1754.000000,1780.050049,1778.101196,3338285
2023-08-24,1789.000000,1799.000000,1776.250000,1780.949951,1779.000122,4123791
2023-08-25,1771.199951,1789.349976,1767.000000,1778.849976,1776.902466,2043350
2023-08-28,1778.849976,1796.599976,1774.650024,1790.349976,1788.389893,1980536
2023-08-29,1796.949951,1797.550049,1779.000000,1783.099976,1781.147827,2708692
2023-08-30,1791.000000,1792.949951,1765.000000,1774.900024,1772.956787,2595896
2023-08-31,1774.900024,1783.800049,1754.300049,1758.750000,1756.824463,8314010
2023-09-01,1763.900024,1779.599976,1754.349976,1771.099976,1769.160889,2695210
2023-09-04,1777.400024,1789.000000,1757.300049,1762.199951,1760.270630,4697683
2023-09-05,1765.000000,1783.000000,1763.099976,1771.050049,1769.111084,4257343
2023-09-06,1771.000000,1777.000000,1760.199951,1770.300049,1768.361938,6220223
2023-09-07,1775.000000,1792.349976,1767.300049,1789.000000,1787.041382,2208089
2023-09-08,1797.000000,1805.000000,1781.550049,1793.199951,1791.236694,2386182
2023-09-11,1800.000000,1811.500000,1795.250000,1807.900024,1805.920654,2316902
2023-09-12,1819.000000,1819.000000,1796.400024,1811.199951,1809.217041,3408966
2023-09-13,1800.599976,1836.000000,1800.599976,1824.599976,1822.602417,5931870
2023-09-14,1828.000000,1831.750000,1814.000000,1821.550049,1819.555786,2559423
2023-09-15,1816.199951,1823.449951,1811.000000,1813.900024,1811.914185,4121540
2023-09-18,1811.000000,1812.000000,1794.000000,1798.349976,1796.381104,3970112
2023-09-20,1786.949951,1803.449951,1775.699951,1789.449951,1787.490845,5368143
2023-09-21,1784.000000,1790.800049,1751.000000,1755.699951,1753.777832,4784751
2023-09-22,1758.000000,1769.900024,1752.150024,1756.449951,1754.526978,3710123
2023-09-25,1764.000000,1789.300049,1756.800049,1784.400024,1782.446411,2226567
2023-09-26,1776.099976,1781.800049,1753.699951,1764.099976,1762.168579,3656167
2023-09-27,1764.000000,1771.099976,1750.000000,1765.150024,1763.217529,3004206
2023-09-28,1762.199951,1771.900024,1729.000000,1733.199951,1731.302368,8263197
2023-09-29,1744.000000,1744.000000,1732.949951,1735.699951,1733.799683,3571729
2023-10-03,1730.000000,1735.000000,1715.449951,1727.050049,1725.159302,5534869
2023-10-04,1715.000000,1727.000000,1709.000000,1722.050049,1720.164673,6220979
2023-10-05,1730.000000,1747.000000,1721.150024,1734.250000,1732.351318,2966801
2023-10-06,1735.300049,1747.000000,1730.199951,1743.900024,1741.990723,1992323
2023-10-09,1730.000000,1733.800049,1717.050049,1719.300049,1717.417725,1839513
2023-10-10,1727.500000,1768.699951,1720.599976,1756.099976,1754.177368,3368982
2023-10-11,1760.050049,1779.949951,1760.050049,1771.400024,1769.460693,3499844
2023-10-12,1775.000000,1776.900024,1761.250000,1763.849976,1761.918823,2383827
2023-10-13,1755.000000,1769.949951,1752.150024,1762.000000,1760.070923,2123927
2023-10-16,1761.000000,1762.150024,1746.449951,1749.750000,1747.834351,1579957
2023-10-17,1755.000000,1774.800049,1750.800049,1771.550049,1769.610474,3217357
2023-10-18,1773.000000,1775.199951,1745.099976,1753.400024,1751.480347,3051680
2023-10-19,1742.000000,1753.400024,1735.599976,1738.449951,1736.546631,1993179
2023-10-20,1733.500000,1773.199951,1732.650024,1769.599976,1767.662598,4072383
2023-10-23,1769.000000,1769.000000,1722.449951,1740.750000,1738.844238,7546442
2023-10-25,1749.000000,1761.750000,1722.000000,1728.050049,1726.158203,3512668
2023-10-26,1727.699951,1727.699951,1689.000000,1694.849976,1692.994385,6279280
2023-10-27,1708.000000,1708.000000,1689.000000,1702.699951,1700.835815,2974830
2023-10-30,1702.000000,1720.900024,1688.400024,1717.500000,1715.619629,1511563
2023-10-31,1727.699951,1747.000000,1716.849976,1739.400024,1737.495728,4839336
2023-11-01,1731.000000,1735.949951,1717.849976,1724.400024,1722.512085,2528105
2023-11-02,1735.000000,1758.650024,1732.099976,1737.699951,1735.797485,2550558
2023-11-03,1740.000000,1744.250000,1730.099976,1733.250000,1731.352417,1558958
2023-11-06,1744.000000,1747.000000,1732.000000,1740.199951,1738.294800,1186685
2023-11-07,1735.150024,1754.400024,1726.099976,1751.250000,1749.332642,3599603
2023-11-08,1753.000000,1760.949951,1740.000000,1746.250000,1744.338135,3642837
2023-11-09,1745.900024,1756.699951,1739.099976,1744.949951,1743.039551,1943711
2023-11-10,1734.599976,1749.250000,1734.599976,1745.449951,1743.538940,1634799
2023-11-13,1751.000000,1752.199951,1733.500000,1748.199951,1746.286011,2855277
2023-11-15,1761.000000,1772.300049,1750.150024,1769.500000,1767.562744,3432271
2023-11-16,1771.000000,1783.400024,1765.000000,1772.849976,1770.909058,2079116
2023-11-17,1760.000000,1784.250000,1759.300049,1764.599976,1762.668091,2710870
2023-11-20,1756.000000,1775.949951,1750.099976,1770.550049,1768.611572,1923651
2023-11-21,1778.949951,1778.949951,1760.650024,1767.199951,1765.265137,2705765
2023-11-22,1758.000000,1763.000000,1737.500000,1745.650024,1743.738892,4513732
2023-11-23,1740.050049,1748.800049,1737.000000,1739.300049,1737.395874,2836289
2023-11-24,1739.500000,1749.500000,1733.699951,1744.000000,1742.090576,2561979
2023-11-28,1745.000000,1748.000000,1738.000000,1742.250000,1740.342529,3349292
2023-11-29,1748.500000,1759.250000,1740.199951,1753.449951,1751.530273,3473140
2023-11-30,1756.449951,1766.000000,1745.949951,1755.449951,1753.528076,6254947
2023-12-01,1760.000000,1766.000000,1748.250000,1750.500000,1748.583496,2002378
2023-12-04,1770.000000,1825.949951,1752.650024,1818.550049,1816.559082,4579173
2023-12-05,1828.000000,1837.000000,1808.500000,1828.449951,1826.448120,5571472
2023-12-06,1832.050049,1839.349976,1813.150024,1821.400024,1819.405884,4695880
2023-12-07,1825.000000,1836.849976,1813.400024,1826.849976,1824.849854,2500642
2023-12-08,1826.849976,1843.000000,1820.699951,1838.449951,1836.437134,2985466
2023-12-11,1845.000000,1861.650024,1840.300049,1844.050049,1842.031128,3205833
2023-12-12,1848.000000,1853.000000,1819.050049,1824.349976,1822.352661,3814962
2023-12-13,1824.000000,1835.750000,1813.099976,1826.199951,1824.200562,3251332
2023-12-14,1844.000000,1865.449951,1832.449951,1853.849976,1851.820313,4878863
2023-12-15,1865.000000,1865.000000,1842.750000,1850.599976,1848.573853,3877197
2023-12-18,1845.199951,1855.900024,1840.000000,1846.949951,1844.927856,3758730
2023-12-19,1849.849976,1854.849976,1835.699951,1846.550049,1844.528442,3088923
2023-12-20,1852.150024,1864.000000,1815.300049,1826.500000,1824.500366,3968562
2023-12-21,1821.000000,1857.449951,1805.000000,1852.699951,1850.671631,2403840
2023-12-22,1854.699951,1879.650024,1851.000000,1860.500000,1858.463135,3309295
2023-12-26,1867.000000,1899.000000,1857.150024,1886.849976,1884.784180,4350669
2023-12-27,1894.000000,1910.000000,1883.150024,1902.349976,1900.267212,3407243
2023-12-28,1911.000000,1926.500000,1903.099976,1921.349976,1919.246460,4950014
2023-12-29,1912.099976,1917.750000,1890.050049,1908.099976,1906.010986,2446170
2024-01-01,1909.000000,1919.000000,1893.099976,1909.150024,1907.059814,1425902
2024-01-02,1908.000000,1908.000000,1860.099976,1865.050049,1863.008179,5120796
2024-01-03,1864.000000,1870.000000,1847.650024,1865.900024,1863.857178,3781515
2024-01-04,1871.500000,1871.500000,1860.550049,1863.599976,1861.559692,2865766
2024-01-05,1865.500000,1869.900024,1841.400024,1847.599976,1845.577148,7799341
2024-01-08,1848.000000,1851.449951,1818.599976,1826.099976,1824.100708,12253167
2024-01-09,1837.000000,1858.000000,1821.000000,1826.650024,1824.650146,4339223
2024-01-10,1820.800049,1832.500000,1811.599976,1820.800049,1818.806641,7052758
2024-01-11,1832.000000,1841.400024,1815.349976,1822.849976,1820.854248,4170070
2024-01-12,1825.000000,1842.550049,1814.400024,1833.250000,1831.242920,2172621
2024-01-15,1843.000000,1853.599976,1836.250000,1851.500000,1849.472900,6172312
2024-01-16,1850.550049,1860.949951,1841.000000,1848.000000,1845.976807,4650898
2024-01-17,1823.050049,1834.650024,1776.099976,1779.650024,1777.701660,10836883
2024-01-18,1770.000000,1792.699951,1764.599976,1777.250000,1775.304199,4293450
2024-01-19,1787.050049,1799.949951,1754.150024,1764.300049,1762.368408,4560329
2024-01-23,1801.000000,1824.900024,1763.900024,1784.500000,1782.546265,6780824
2024-01-24,1789.000000,1803.500000,1762.900024,1788.599976,1786.641724,3268351
2024-01-25,1790.000000,1797.599976,1752.400024,1768.400024,1766.463989,6702170
2024-01-29,1785.300049,1830.050049,1776.000000,1822.900024,1820.904297,5236148
2024-01-30,1825.000000,1839.449951,1803.349976,1823.599976,1821.603516,3829187
2024-01-31,1816.000000,1841.449951,1788.500000,1825.250000,1823.251709,8117401
2024-02-01,1830.000000,1832.050049,1813.199951,1822.750000,1820.754395,2072168
2024-02-02,1841.800049,1850.000000,1818.400024,1822.949951,1820.954102,5049876
2024-02-05,1825.000000,1826.949951,1799.000000,1808.349976,1806.370117,3460806
2024-02-06,1814.000000,1814.000000,1783.150024,1787.000000,1785.043579,4691897
2024-02-07,1791.000000,1809.800049,1784.000000,1792.599976,1790.637451,4592224
2024-02-08,1801.550049,1803.800049,1727.050049,1729.699951,1727.806274,4542774
2024-02-09,1730.000000,1749.000000,1719.000000,1742.449951,1740.542236,4063976
2024-02-12,1743.000000,1749.000000,1691.099976,1709.550049,1707.678345,4506489
2024-02-13,1713.000000,1745.099976,1709.000000,1737.150024,1735.248169,4492334
2024-02-14,1723.650024,1764.800049,1712.150024,1748.949951,1747.035156,3850323
2024-02-15,1755.000000,1757.449951,1720.050049,1739.250000,1737.345825,2541670
2024-02-16,1749.949951,1751.000000,1732.199951,1735.250000,1733.350220,1643146
2024-02-19,1744.000000,1744.000000,1726.150024,1731.400024,1729.504517,4447954
2024-02-20,1739.699951,1768.650024,1737.349976,1762.500000,1760.570435,7611124
2024-02-21,1769.000000,1769.000000,1740.550049,1746.099976,1744.188354,4184871
2024-02-22,1744.500000,1745.000000,1714.199951,1724.750000,1722.861694,6200760
2024-02-23,1724.500000,1732.750000,1715.400024,1724.000000,1722.112549,3453766
2024-02-26,1722.099976,1725.400024,1701.949951,1706.300049,1704.432007,5958066
2024-02-27,1713.000000,1714.949951,1697.000000,1706.750000,1704.881470,4431652
2024-02-28,1711.000000,1712.849976,1675.199951,1683.599976,1681.756714,3076327
2024-02-29,1687.000000,1702.250000,1667.400024,1689.449951,1687.600342,6606975
2024-03-01,1695.500000,1730.250000,1695.000000,1727.699951,1725.808472,3444149
2024-03-04,1727.949951,1741.500000,1718.500000,1727.199951,1725.308960,2777198
2024-03-05,1726.900024,1727.199951,1708.949951,1715.699951,1713.821533,3122194
2024-03-06,1722.849976,1771.949951,1718.400024,1759.750000,1757.823364,7451712
2024-03-07,1759.750000,1764.900024,1745.000000,1748.050049,1746.136230,3139360
2024-03-11,1765.900024,1769.849976,1724.250000,1729.650024,1727.756348,3640143
2024-03-12,1734.900024,1743.449951,1707.349976,1720.349976,1718.466553,10243298
2024-03-13,1720.349976,1742.750000,1717.199951,1729.550049,1727.656494,5816083
2024-03-14,1725.000000,1757.849976,1719.150024,1742.400024,1740.492432,4809633
2024-03-15,1735.800049,1756.000000,1721.199951,1738.300049,1736.396973,15507454
2024-03-18,1737.400024,1744.849976,1715.300049,1737.900024,1735.997314,2314143
2024-03-19,1734.849976,1756.900024,1730.550049,1749.650024,1747.734497,4481075
2024-03-20,1751.400024,1768.500000,1730.800049,1765.400024,1763.467285,4420886
2024-03-21,1772.099976,1790.650024,1764.300049,1772.150024,1770.209839,3783681
2024-03-22,1769.900024,1782.500000,1765.000000,1776.400024,1774.455200,7061283
2024-03-26,1765.000000,1775.400024,1750.000000,1753.699951,1751.780029,5303630
2024-03-27,1758.000000,1779.800049,1753.900024,1775.599976,1773.656006,8231130
2024-03-28,1777.949951,1803.900024,1774.199951,1785.500000,1783.545166,6630072
2024-04-01,1795.000000,1817.650024,1786.500000,1790.699951,1788.739502,2885880
2024-04-02,1793.900024,1798.000000,1754.449951,1757.400024,1755.475952,6851190
2024-04-03,1753.500000,1756.699951,1729.000000,1731.150024,1729.254761,12683551
2024-04-04,1747.000000,1751.699951,1723.300049,1749.150024,1747.234985,13125292
2024-04-05,1749.050049,1787.199951,1740.099976,1785.150024,1783.195557,6558023
2024-04-08,1793.800049,1801.849976,1785.099976,1788.400024,1786.442017,2634811
2024-04-09,1790.349976,1793.000000,1775.699951,1780.599976,1778.650513,2373231
2024-04-10,1788.900024,1829.900024,1784.000000,1825.949951,1823.950928,5525818
2024-04-12,1811.000000,1818.099976,1799.349976,1813.050049,1811.065063,3966227
2024-04-15,1789.949951,1809.699951,1780.000000,1798.150024,1796.181396,4319868
2024-04-16,1778.000000,1804.599976,1775.650024,1792.599976,1790.637451,4096778
2024-04-18,1790.050049,1813.000000,1783.099976,1786.750000,1784.793823,4250740
2024-04-19,1764.000000,1805.000000,1763.000000,1792.650024,1790.687378,3870380
2024-04-22,1813.000000,1822.500000,1800.000000,1809.949951,1807.968384,6151139
2024-04-23,1810.000000,1829.000000,1803.099976,1813.050049,1811.065063,5956005
2024-04-24,1812.000000,1845.500000,1807.800049,1842.800049,1840.782471,3295077
2024-04-25,1665.000000,1697.800049,1602.000000,1642.449951,1640.651733,66179079
2024-04-26,1642.449951,1655.000000,1605.000000,1608.500000,1606.739014,22146849
2024-04-29,1610.099976,1647.250000,1609.500000,1640.400024,1638.604126,11227409
2024-04-30,1640.400024,1647.000000,1620.000000,1623.949951,1622.171997,18206448
2024-05-02,1590.000000,1594.500000,1552.400024,1575.650024,1573.924927,26640478
2024-05-03,1583.000000,1587.900024,1543.849976,1546.699951,1545.006592,16123589
2024-05-06,1605.000000,1633.000000,1594.000000,1624.300049,1622.521729,21608211
2024-05-07,1628.699951,1647.349976,1618.000000,1643.900024,1642.100220,9866785
2024-05-08,1640.000000,1657.449951,1636.099976,1648.349976,1646.545288,9853753
2024-05-09,1648.000000,1661.849976,1637.000000,1643.099976,1641.301025,4656044
2024-05-10,1643.000000,1653.099976,1615.900024,1627.949951,1626.167603,11769402
2024-05-13,1627.000000,1643.650024,1616.000000,1641.199951,1639.403076,5839248
2024-05-14,1642.000000,1650.000000,1632.500000,1646.300049,1644.497681,4282026
2024-05-15,1649.699951,1654.000000,1637.050049,1650.800049,1648.992676,5260900
2024-05-16,1655.000000,1675.000000,1647.199951,1672.050049,1670.219482,6998357
2024-05-17,1674.000000,1705.650024,1665.000000,1696.550049,1694.692627,9617451
2024-05-21,1692.000000,1715.000000,1690.000000,1698.250000,1696.390747,5810167
2024-05-22,1702.800049,1704.949951,1681.099976,1699.550049,1697.689331,6058697
2024-05-23,1700.000000,1713.599976,1697.050049,1709.050049,1707.178955,5681295
2024-05-24,1711.000000,1717.849976,1694.699951,1703.449951,1701.584961,4936177
2024-05-27,1703.449951,1722.000000,1702.500000,1711.000000,1709.126709,3454287
2024-05-28,1712.300049,1716.000000,1698.000000,1703.650024,1701.784790,3716141
2024-05-29,1698.000000,1710.900024,1682.199951,1687.849976,1686.002075,4952472
2024-05-30,1684.349976,1707.599976,1683.000000,1690.099976,1688.249634,5580489
2024-05-31,1703.000000,1703.000000,1660.550049,1680.400024,1678.560303,12804476
2024-06-03,1721.449951,1738.849976,1700.099976,1718.050049,1716.169067,9801071
2024-06-04,1703.250000,1715.500000,1602.449951,1637.949951,1636.156738,15229468
2024-06-05,1662.550049,1724.750000,1645.000000,1718.099976,1716.218994,14426318
2024-06-06,1721.000000,1738.500000,1703.800049,1734.699951,1732.800781,6359901
2024-06-07,1730.050049,1758.650024,1722.000000,1753.699951,1751.780029,4608146
2024-06-10,1750.099976,1773.449951,1736.150024,1745.650024,1743.738892,4848044
2024-06-11,1746.599976,1747.199951,1717.099976,1720.000000,1718.116943,4105647
2024-06-12,1720.099976,1734.000000,1712.900024,1715.750000,1713.871582,5881576
2024-06-13,1731.400024,1737.550049,1719.000000,1726.349976,1724.459961,6016145
2024-06-14,1723.000000,1734.900024,1710.400024,1717.199951,1715.319946,3153666
2024-06-18,1718.599976,1724.650024,1703.250000,1719.400024,1717.517578,5707330
2024-06-19,1729.000000,1763.050049,1715.000000,1746.699951,1744.787598,9959798
2024-06-20,1765.000000,1789.849976,1760.300049,1766.250000,1764.316284,9243104
2024-06-21,1770.000000,1789.000000,1745.300049,1775.650024,1773.706055,19031689
2024-06-24,1757.150024,1775.199951,1749.750000,1772.550049,1770.609375,4228888
2024-06-25,1776.550049,1798.250000,1763.000000,1781.900024,1779.949219,5933859
2024-06-26,1780.000000,1816.000000,1776.099976,1798.150024,1796.181396,6685932
2024-06-27,1791.000000,1838.000000,1785.000000,1830.550049,1828.545898,13342769
2024-06-28,1822.199951,1847.949951,1798.900024,1802.500000,1800.526611,4969007
2024-07-01,1802.500000,1813.150024,1790.000000,1808.099976,1806.120483,2901510
2024-07-02,1820.949951,1820.949951,1737.099976,1769.599976,1767.662598,9625017
2024-07-03,1765.800049,1815.849976,1752.199951,1810.699951,1808.717529,8981003
2024-07-04,1806.599976,1838.550049,1801.300049,1833.849976,1831.842285,5068893
2024-07-05,1820.000000,1857.949951,1818.449951,1852.699951,1850.671631,3465653
2024-07-08,1854.000000,1857.250000,1835.449951,1853.199951,1851.171021,3861203
2024-07-09,1861.199951,1870.000000,1830.000000,1847.849976,1845.826904,3920211
2024-07-10,1843.000000,1844.500000,1820.199951,1829.849976,1827.846680,5629789
2024-07-11,1830.849976,1852.000000,1821.550049,1844.500000,1842.480591,4615372
2024-07-12,1844.500000,1851.000000,1826.250000,1832.849976,1830.843384,4240855
2024-07-15,1839.000000,1857.900024,1826.650024,1843.550049,1841.531738,5909996
2024-07-16,1842.099976,1849.099976,1800.900024,1805.300049,1803.323608,6542702
2024-07-18,1805.000000,1831.199951,1793.150024,1826.750000,1824.750000,7590838
2024-07-19,1818.500000,1831.000000,1805.949951,1821.599976,1821.599976,4138865
2024-07-22,1821.000000,1821.000000,1748.900024,1757.550049,1757.550049,10742361
2024-07-23,1769.000000,1780.500000,1739.150024,1768.900024,1768.900024,6155196
2024-07-24,1767.949951,1780.900024,1729.050049,1746.199951,1746.199951,7487207
2024-07-25,1732.000000,1779.000000,1732.000000,1775.150024,1775.150024,3096397
2024-07-26,1758.099976,1829.849976,1758.099976,1813.849976,1813.849976,5309351
2024-07-29,1824.699951,1827.000000,1801.900024,1824.650024,1824.650024,2216516