Date,Open,High,Low,Close,Adj Close,Volume
2019-01-01,1445.000000,1445.000000,1425.199951,1441.900024,1307.712402,786846
2019-01-02,1441.000000,1444.900024,1417.099976,1425.500000,1292.838623,2058504
2019-01-03,1426.000000,1429.000000,1391.000000,1395.000000,1265.176880,2290756
2019-01-04,1401.900024,1407.599976,1373.550049,1388.050049,1258.873779,2711485
2019-01-07,1397.000000,1408.599976,1379.050049,1383.800049,1255.019409,1851513
2019-01-08,1387.500000,1393.849976,1375.000000,1382.199951,1253.568237,1437271
2019-01-09,1389.500000,1393.550049,1372.000000,1386.050049,1257.060181,1413005
2019-01-10,1388.000000,1398.900024,1383.250000,1392.599976,1263.000488,1063647
2019-01-11,1393.000000,1393.900024,1361.050049,1369.599976,1242.140747,2489197
2019-01-14,1367.199951,1367.199951,1331.000000,1333.900024,1209.763428,3080984
2019-01-15,1340.000000,1348.000000,1330.000000,1340.900024,1216.111816,3079248
2019-01-16,1342.900024,1361.500000,1336.000000,1342.150024,1217.245361,2454470
2019-01-17,1345.099976,1351.800049,1336.949951,1346.050049,1220.782715,1610419
2019-01-18,1350.849976,1352.000000,1313.000000,1317.900024,1195.252319,2135781
2019-01-21,1279.000000,1337.250000,1273.449951,1314.550049,1192.213867,8813681
2019-01-22,1316.900024,1321.500000,1298.099976,1301.150024,1180.060913,2544978
2019-01-23,1301.000000,1306.900024,1293.550049,1301.449951,1180.333130,1821323
2019-01-24,1305.000000,1305.550049,1287.000000,1295.349976,1174.800903,1654706
2019-01-25,1300.000000,1314.099976,1281.500000,1285.449951,1165.822021,3136788
2019-01-28,1295.449951,1337.900024,1291.650024,1300.449951,1179.426025,8004136
2019-01-29,1304.000000,1308.800049,1268.199951,1278.050049,1159.110840,3685535
2019-01-30,1284.300049,1309.000000,1281.000000,1294.449951,1173.984497,2385425
2019-01-31,1304.000000,1321.699951,1296.550049,1314.300049,1191.987183,5852257
2019-02-01,1315.500000,1334.550049,1313.000000,1324.599976,1201.328857,2515736
2019-02-04,1326.849976,1326.849976,1302.599976,1307.400024,1185.729492,2308931
2019-02-05,1310.699951,1323.000000,1300.000000,1304.599976,1183.189941,1447400
2019-02-06,1308.000000,1322.000000,1293.050049,1314.400024,1192.078003,2034886
2019-02-07,1314.000000,1320.849976,1289.199951,1296.050049,1175.435791,1556295
2019-02-08,1295.000000,1298.900024,1255.550049,1261.750000,1144.327759,2993525
2019-02-11,1259.000000,1259.000000,1221.000000,1246.500000,1130.496948,2981408
2019-02-12,1244.500000,1264.900024,1241.550049,1246.849976,1130.814331,1571390
2019-02-14,1219.000000,1231.750000,1201.099976,1227.599976,1113.355713,6974738
2019-02-15,1244.000000,1253.900024,1230.900024,1243.099976,1127.413452,3620228
2019-02-18,1245.000000,1259.550049,1240.000000,1244.500000,1128.682983,2186849
2019-02-19,1245.000000,1270.000000,1245.000000,1258.300049,1141.198853,2389086
2019-02-20,1265.000000,1282.650024,1264.199951,1276.550049,1157.750366,2433082
2019-02-21,1282.000000,1291.500000,1265.099976,1284.099976,1164.597656,2392129
2019-02-22,1282.000000,1283.400024,1265.500000,1280.349976,1161.196655,2390188
2019-02-25,1280.349976,1286.449951,1264.000000,1275.849976,1157.115601,5873730
2019-02-26,1263.800049,1275.000000,1253.000000,1265.849976,1148.046265,2417931
2019-02-27,1270.550049,1295.000000,1268.000000,1284.699951,1165.141846,3555914
2019-02-28,1293.000000,1302.949951,1273.300049,1292.949951,1172.624390,9321535
2019-03-01,1300.300049,1311.949951,1297.250000,1308.550049,1186.772461,2831577
2019-03-05,1302.000000,1310.400024,1277.050049,1305.800049,1184.278442,3948051
2019-03-06,1310.500000,1327.550049,1310.500000,1317.000000,1194.436157,2776738
2019-03-07,1323.849976,1357.300049,1310.000000,1352.400024,1226.541626,6207580
2019-03-08,1350.000000,1363.000000,1337.000000,1339.400024,1214.751465,4868283
2019-03-11,1343.550049,1351.000000,1340.000000,1346.550049,1221.236084,2661353
2019-03-12,1355.000000,1403.000000,1355.000000,1388.900024,1259.644775,6631152
2019-03-13,1395.699951,1397.550049,1372.849976,1378.599976,1250.303223,2241672
2019-03-14,1384.699951,1396.000000,1377.000000,1379.750000,1251.346191,1838850
2019-03-15,1386.000000,1410.800049,1378.599976,1396.500000,1266.537354,5723980
2019-03-18,1397.000000,1411.699951,1370.349976,1378.900024,1250.575195,2450686
2019-03-19,1371.000000,1374.949951,1346.500000,1357.949951,1231.574951,4053209
2019-03-20,1362.000000,1382.000000,1361.000000,1370.900024,1243.319824,3871744
2019-03-22,1379.000000,1415.000000,1376.199951,1394.699951,1264.904907,3788604
2019-03-25,1387.000000,1389.000000,1370.099976,1376.750000,1248.625488,1666203
2019-03-26,1379.800049,1388.800049,1367.750000,1372.800049,1245.043213,2021089
2019-03-27,1379.000000,1391.099976,1363.150024,1366.449951,1239.284058,2558997
2019-03-28,1371.000000,1392.500000,1364.000000,1386.699951,1257.649414,3184285
2019-04-01,1390.099976,1424.000000,1390.099976,1412.199951,1280.776367,3842703
2019-04-02,1415.099976,1426.949951,1403.500000,1409.750000,1278.554565,2737093
2019-04-03,1409.400024,1415.000000,1375.000000,1378.050049,1249.804443,2366304
2019-04-04,1384.900024,1393.900024,1365.699951,1368.699951,1241.324707,1980318
2019-04-05,1373.750000,1392.750000,1370.300049,1373.800049,1245.950073,2037782
2019-04-08,1379.699951,1386.800049,1365.449951,1373.650024,1245.814087,1013017
2019-04-09,1375.900024,1387.000000,1366.000000,1375.199951,1247.219727,2209945
2019-04-10,1370.000000,1382.000000,1365.000000,1371.550049,1243.909546,2014958
2019-04-11,1371.650024,1387.949951,1371.650024,1378.000000,1249.759033,3110225
2019-04-12,1380.000000,1381.849976,1358.300049,1360.900024,1234.250488,2751659
2019-04-15,1365.000000,1368.000000,1354.000000,1356.900024,1230.622803,1933204
2019-04-16,1360.000000,1390.900024,1360.000000,1381.400024,1252.842773,3217456
2019-04-18,1387.000000,1387.599976,1357.400024,1360.699951,1234.069092,2594906
2019-04-22,1362.000000,1370.900024,1352.500000,1360.150024,1233.570313,3101477
2019-04-23,1361.699951,1365.000000,1336.599976,1348.199951,1222.732178,2016454
2019-04-24,1353.000000,1363.449951,1350.000000,1360.650024,1234.023804,1753395
2019-04-25,1366.849976,1380.550049,1352.150024,1355.150024,1229.035522,2886022
2019-04-26,1358.199951,1367.000000,1351.000000,1358.199951,1231.801636,1767153
2019-04-30,1365.000000,1366.500000,1340.000000,1348.550049,1223.049927,1905624
2019-05-02,1349.449951,1376.500000,1342.000000,1358.750000,1232.300537,1985540
2019-05-03,1362.000000,1373.199951,1360.000000,1363.599976,1236.699219,1239667
2019-05-06,1353.300049,1364.849976,1349.900024,1352.699951,1226.813599,1515052
2019-05-07,1357.400024,1374.349976,1350.000000,1366.599976,1239.420166,2596385
2019-05-08,1363.900024,1371.000000,1355.000000,1360.349976,1233.751709,1601700
2019-05-09,1357.000000,1368.800049,1337.599976,1356.449951,1230.214722,2464425
2019-05-10,1359.650024,1362.500000,1345.099976,1355.500000,1229.353027,1466154
2019-05-13,1345.000000,1355.000000,1312.000000,1317.650024,1195.025635,3422913
2019-05-14,1309.000000,1347.650024,1285.300049,1341.800049,1216.928223,3132767
2019-05-15,1347.500000,1355.000000,1320.500000,1325.800049,1202.416870,2054728
2019-05-16,1326.000000,1348.000000,1308.300049,1337.150024,1212.710815,2058450
2019-05-17,1335.000000,1371.500000,1332.550049,1361.900024,1235.157471,2776586
2019-05-20,1400.000000,1455.000000,1400.000000,1451.449951,1316.373535,6210427
2019-05-21,1455.000000,1462.050049,1437.849976,1449.099976,1314.242310,2961180
2019-05-22,1450.099976,1473.400024,1441.599976,1461.099976,1325.125610,3304912
2019-05-23,1476.199951,1562.400024,1466.000000,1476.099976,1338.729614,10485813
2019-05-24,1493.000000,1549.199951,1490.349976,1544.150024,1400.446899,5626500
2019-05-27,1543.699951,1600.000000,1532.099976,1596.000000,1447.471313,6730594
2019-05-28,1596.000000,1607.000000,1563.300049,1574.500000,1427.972290,4987068
2019-05-29,1570.199951,1596.949951,1546.199951,1552.449951,1407.974243,3070738
2019-05-30,1550.000000,1569.349976,1540.000000,1558.599976,1413.551880,2675199
2019-05-31,1569.949951,1581.500000,1534.800049,1557.550049,1412.599731,3945900
2019-06-03,1563.699951,1570.000000,1546.400024,1559.400024,1414.277588,2617068
2019-06-04,1561.000000,1585.000000,1558.000000,1569.800049,1423.709717,3854101
2019-06-06,1569.650024,1571.800049,1511.599976,1515.900024,1374.825928,3268594
2019-06-07,1518.550049,1533.699951,1495.500000,1513.849976,1372.966553,2572146
2019-06-10,1525.000000,1542.000000,1521.300049,1532.099976,1389.518188,1608705
2019-06-11,1540.199951,1540.199951,1522.000000,1524.300049,1382.444092,1745105
2019-06-12,1524.099976,1525.900024,1503.699951,1509.250000,1368.794678,1495586
2019-06-13,1509.000000,1529.000000,1504.599976,1517.550049,1376.322144,1828211
2019-06-14,1521.000000,1539.900024,1513.050049,1526.300049,1384.258057,1854211
2019-06-17,1530.000000,1537.000000,1495.250000,1498.750000,1359.271729,2048759
2019-06-18,1500.000000,1519.949951,1497.800049,1505.300049,1365.212280,2098714
2019-06-19,1513.949951,1530.000000,1497.000000,1505.150024,1365.076294,2140698
2019-06-20,1509.250000,1563.000000,1507.050049,1557.099976,1412.191406,3483179
2019-06-21,1560.000000,1569.949951,1530.000000,1539.750000,1396.456055,3028524
2019-06-24,1545.500000,1563.449951,1537.150024,1541.000000,1397.589844,1941777
2019-06-25,1545.800049,1552.000000,1521.099976,1535.000000,1392.148193,2384122
2019-06-26,1533.000000,1563.750000,1529.000000,1551.199951,1406.840698,2789166
2019-06-27,1560.000000,1568.949951,1540.650024,1550.900024,1406.568481,3763146
2019-06-28,1556.199951,1573.900024,1547.650024,1553.199951,1408.654297,3002811
2019-07-01,1563.449951,1569.000000,1552.250000,1556.650024,1411.783447,1537022
2019-07-02,1560.000000,1565.949951,1553.000000,1563.849976,1418.313232,1294135
2019-07-03,1565.000000,1583.900024,1560.199951,1578.050049,1431.191895,2800104
2019-07-04,1582.949951,1590.599976,1568.250000,1571.699951,1425.432739,1981745
2019-07-05,1581.000000,1591.650024,1545.550049,1558.349976,1413.325195,3693134
2019-07-08,1549.900024,1551.250000,1461.550049,1490.349976,1351.653442,4697122
2019-07-09,1486.599976,1538.400024,1485.349976,1526.599976,1384.530151,4329323
2019-07-10,1523.800049,1529.599976,1482.699951,1499.550049,1359.997559,2823544
2019-07-11,1512.000000,1512.949951,1490.099976,1495.199951,1356.052124,2156264
2019-07-12,1499.000000,1499.000000,1462.000000,1466.849976,1330.340576,3495971
2019-07-15,1471.000000,1473.949951,1431.900024,1440.599976,1306.533325,3950399
2019-07-16,1442.000000,1464.000000,1426.900024,1461.199951,1325.216187,3654380
2019-07-17,1461.000000,1470.550049,1452.000000,1455.449951,1320.001343,2225647
2019-07-18,1444.800049,1454.949951,1432.000000,1435.199951,1301.635864,2342881
2019-07-19,1446.400024,1446.800049,1402.099976,1411.550049,1280.187012,3199700
2019-07-22,1409.599976,1419.000000,1394.000000,1403.699951,1273.067261,2646126
2019-07-23,1414.800049,1414.800049,1386.199951,1409.500000,1278.327637,4013444
2019-07-24,1410.250000,1420.199951,1376.150024,1387.349976,1274.515015,5434450
2019-07-25,1395.099976,1402.900024,1369.000000,1372.400024,1260.780884,4181824
2019-07-26,1370.900024,1397.250000,1363.099976,1392.150024,1278.924927,3019850
2019-07-29,1393.449951,1398.000000,1360.500000,1371.500000,1259.954224,1987927
2019-07-30,1376.000000,1393.150024,1372.300049,1376.349976,1264.410034,2714475
2019-07-31,1371.650024,1397.949951,1367.099976,1387.300049,1274.469360,2693653
2019-08-01,1380.000000,1386.000000,1339.000000,1358.050049,1247.598145,2774996
2019-08-02,1352.599976,1376.900024,1340.000000,1370.250000,1258.805908,2776965
2019-08-05,1355.000000,1358.800049,1325.000000,1345.800049,1236.344482,2287548
2019-08-06,1342.699951,1399.400024,1340.050049,1377.500000,1265.466187,4152548
2019-08-07,1380.000000,1389.900024,1352.849976,1360.050049,1249.435669,2247223
2019-08-08,1370.000000,1372.000000,1340.099976,1360.650024,1249.986694,2788577
2019-08-09,1372.000000,1392.500000,1361.099976,1364.599976,1253.615479,2419380
2019-08-13,1370.000000,1370.000000,1307.000000,1313.250000,1206.441772,3135817
2019-08-14,1320.000000,1340.949951,1316.000000,1333.699951,1225.228516,2798429
2019-08-16,1335.000000,1339.900024,1320.500000,1335.250000,1226.652466,2654524
2019-08-19,1339.000000,1360.949951,1339.000000,1352.199951,1242.223755,2509331
2019-08-20,1352.949951,1355.550049,1334.000000,1342.500000,1233.312744,2145169
2019-08-21,1341.199951,1341.900024,1302.550049,1310.650024,1204.053345,2361165
2019-08-22,1302.000000,1327.449951,1283.150024,1294.250000,1188.987061,3780476
2019-08-23,1290.000000,1297.449951,1274.000000,1286.500000,1181.867432,5252370
2019-08-26,1310.000000,1343.199951,1276.550049,1333.650024,1225.182739,3759248
2019-08-27,1344.849976,1379.949951,1343.650024,1356.949951,1246.587646,5431422
2019-08-28,1362.099976,1370.000000,1336.099976,1344.650024,1235.288086,2272465
2019-08-29,1339.900024,1355.000000,1332.250000,1342.449951,1233.266724,2421312
2019-08-30,1344.949951,1356.900024,1302.900024,1328.250000,1220.221802,3715119
2019-09-03,1327.000000,1327.000000,1290.000000,1294.400024,1189.125000,3617815
2019-09-04,1296.000000,1314.300049,1292.400024,1308.050049,1201.664673,2786181
2019-09-05,1312.849976,1338.000000,1308.650024,1320.300049,1212.918457,2758679
2019-09-06,1328.449951,1334.000000,1320.349976,1328.650024,1220.589355,1694661
2019-09-09,1330.000000,1361.800049,1323.050049,1357.000000,1246.633545,3508361
2019-09-11,1364.000000,1383.800049,1356.000000,1363.650024,1252.742676,2545642
2019-09-12,1370.099976,1379.750000,1355.349976,1362.400024,1251.594604,2249695
2019-09-13,1362.000000,1366.949951,1344.099976,1363.449951,1252.559082,1771658
2019-09-16,1354.000000,1356.949951,1338.599976,1343.599976,1234.323364,1835805
2019-09-17,1344.000000,1345.000000,1310.199951,1313.699951,1206.855225,2210178
2019-09-18,1320.099976,1328.400024,1313.300049,1318.000000,1210.805542,2081625
2019-09-19,1320.000000,1320.199951,1298.000000,1300.699951,1194.912354,1808736
2019-09-20,1305.000000,1416.449951,1289.099976,1411.500000,1296.701172,9975807
2019-09-23,1452.000000,1551.000000,1451.000000,1528.500000,1404.185181,12082820
2019-09-24,1524.000000,1524.000000,1475.550049,1481.300049,1360.824097,3831602
2019-09-25,1480.900024,1481.699951,1446.650024,1450.099976,1332.161621,2746428
2019-09-26,1456.300049,1495.000000,1456.300049,1489.849976,1368.678711,3560962
2019-09-27,1484.050049,1491.699951,1462.000000,1472.650024,1352.877808,2167976
2019-09-30,1473.000000,1484.000000,1448.199951,1474.250000,1354.347412,2961398
2019-10-01,1480.000000,1496.449951,1439.150024,1464.050049,1344.977051,2578275
2019-10-03,1445.449951,1475.500000,1422.250000,1458.050049,1339.465088,1966976
2019-10-04,1463.800049,1474.000000,1420.099976,1424.900024,1309.011230,3266487
2019-10-07,1420.000000,1429.000000,1381.050049,1397.849976,1284.161255,2192329
2019-10-09,1401.000000,1433.400024,1399.099976,1426.250000,1310.251343,1818865
2019-10-10,1423.000000,1432.000000,1407.050049,1425.099976,1309.194824,1626821
2019-10-11,1431.000000,1450.000000,1420.199951,1427.699951,1311.583374,2024214
2019-10-14,1435.000000,1439.900024,1418.349976,1423.949951,1308.138306,2220364
2019-10-15,1429.099976,1444.800049,1420.650024,1432.250000,1315.763306,1797471
2019-10-16,1440.000000,1441.800049,1416.250000,1424.199951,1308.368042,2446615
2019-10-17,1428.000000,1438.599976,1420.199951,1424.349976,1308.505859,2304434
2019-10-18,1428.000000,1457.000000,1425.400024,1447.800049,1330.048706,3516394
2019-10-22,1448.500000,1467.800049,1439.150024,1442.550049,1325.225708,2858390
2019-10-23,1445.000000,1448.900024,1418.599976,1431.800049,1315.349976,2410781
2019-10-24,1460.000000,1467.000000,1426.349976,1432.250000,1315.763306,3646005
2019-10-25,1439.949951,1441.699951,1420.099976,1425.000000,1309.103027,2013793
2019-10-27,1436.699951,1438.949951,1428.849976,1434.400024,1317.738647,398258
2019-10-29,1435.500000,1464.800049,1431.000000,1461.099976,1342.266846,3351491
2019-10-30,1469.949951,1491.949951,1465.000000,1474.250000,1354.347412,3722066
2019-10-31,1481.000000,1486.500000,1467.250000,1473.050049,1353.245239,2210277
2019-11-01,1476.699951,1481.050049,1445.000000,1449.400024,1331.518677,2287220
2019-11-04,1457.800049,1468.000000,1450.000000,1452.199951,1334.090820,1459894
2019-11-05,1455.000000,1459.599976,1432.000000,1439.800049,1322.699341,2401916
2019-11-06,1440.000000,1466.949951,1437.750000,1453.050049,1334.871826,2434431
2019-11-07,1459.949951,1459.949951,1431.000000,1435.050049,1318.335693,1999085
2019-11-08,1429.949951,1448.000000,1420.000000,1423.000000,1307.265625,2217408
2019-11-11,1419.199951,1430.750000,1408.050049,1417.000000,1301.753662,2097492
2019-11-13,1418.449951,1419.849976,1389.050049,1393.000000,1279.705811,2929404
2019-11-14,1397.000000,1405.949951,1376.949951,1380.449951,1268.176514,3000518
2019-11-15,1383.599976,1392.699951,1366.199951,1377.650024,1265.604004,3409434
2019-11-18,1388.000000,1393.800049,1361.250000,1364.500000,1253.523560,2733161
2019-11-19,1364.500000,1378.199951,1361.500000,1365.750000,1254.671875,2396206
2019-11-20,1372.000000,1393.349976,1365.349976,1380.800049,1268.498047,3914075
2019-11-21,1405.000000,1417.900024,1385.000000,1392.699951,1279.430176,5719318
2019-11-22,1393.750000,1398.949951,1371.000000,1378.650024,1266.522583,2363205
2019-11-25,1378.500000,1389.000000,1371.099976,1380.849976,1268.543823,2956576
2019-11-26,1379.349976,1380.000000,1359.550049,1363.000000,1252.145508,4853977
2019-11-27,1365.000000,1370.000000,1314.150024,1335.500000,1226.881958,7904745
2019-11-28,1344.000000,1354.000000,1327.199951,1349.900024,1240.110962,4503913
2019-11-29,1350.000000,1350.199951,1328.000000,1330.550049,1222.334717,2515083
2019-12-02,1330.550049,1342.900024,1320.349976,1333.349976,1224.907104,3044008
2019-12-03,1333.449951,1333.449951,1310.000000,1313.199951,1206.395752,3068849
2019-12-04,1310.000000,1312.000000,1282.150024,1285.099976,1180.581299,10230371
2019-12-05,1294.000000,1313.000000,1285.150024,1302.199951,1196.290405,6644324
2019-12-06,1308.849976,1309.000000,1283.099976,1290.800049,1185.817749,3302384
2019-12-09,1294.000000,1298.900024,1271.800049,1276.000000,1172.221436,3038475
2019-12-10,1277.000000,1284.000000,1267.150024,1279.000000,1174.977539,2759100
2019-12-11,1282.949951,1288.750000,1255.000000,1264.300049,1161.473022,3949135
2019-12-12,1270.000000,1282.849976,1268.199951,1279.699951,1175.620483,3264836
2019-12-13,1287.949951,1308.000000,1285.300049,1305.300049,1199.138306,3655956
2019-12-16,1314.449951,1318.000000,1300.000000,1303.000000,1197.025269,3969819
2019-12-17,1309.199951,1325.000000,1303.800049,1317.949951,1210.759521,3719446
2019-12-18,1324.750000,1325.949951,1314.599976,1319.349976,1212.045654,2961222
2019-12-19,1316.750000,1321.000000,1307.099976,1311.750000,1205.063843,1936623
2019-12-20,1313.000000,1327.900024,1307.300049,1311.550049,1204.880127,3297390
2019-12-23,1307.900024,1322.000000,1305.000000,1311.250000,1204.604492,3394916
2019-12-24,1314.650024,1319.000000,1298.000000,1301.000000,1195.187988,1803814
2019-12-26,1299.650024,1306.699951,1277.000000,1279.300049,1175.253052,3723801
2019-12-27,1281.550049,1301.849976,1280.150024,1299.599976,1193.901978,2459664
2019-12-30,1301.900024,1307.199951,1296.500000,1302.300049,1196.382446,2072838
2019-12-31,1300.000000,1310.000000,1291.150024,1298.199951,1192.615967,3043254
2020-01-01,1308.400024,1318.900024,1303.000000,1309.949951,1203.410156,3123998
2020-01-02,1312.000000,1348.000000,1311.000000,1345.300049,1235.885132,4335359
2020-01-03,1344.949951,1344.949951,1330.150024,1335.050049,1226.468872,2059871
2020-01-06,1331.000000,1332.000000,1314.099976,1316.750000,1209.657349,2646905
2020-01-07,1328.000000,1339.500000,1313.750000,1320.500000,1213.102173,2077893
2020-01-08,1302.000000,1308.699951,1283.349976,1291.550049,1186.506836,4147568
2020-01-09,1311.000000,1319.900024,1305.099976,1316.150024,1209.106201,2067779
2020-01-10,1319.000000,1335.949951,1319.000000,1324.599976,1216.868774,2360798
2020-01-13,1329.000000,1339.400024,1328.699951,1334.699951,1226.147339,1825244
2020-01-14,1329.800049,1331.000000,1315.099976,1326.099976,1218.246582,2046500
2020-01-15,1325.599976,1336.150024,1320.000000,1323.599976,1215.950073,2127677
2020-01-16,1327.699951,1332.900024,1317.400024,1319.300049,1211.999756,1773135
2020-01-17,1320.599976,1325.949951,1302.000000,1304.199951,1198.127930,2941837
2020-01-20,1313.949951,1319.900024,1306.500000,1309.599976,1203.088745,2542477
2020-01-21,1304.750000,1313.900024,1300.449951,1302.349976,1196.428345,1361576
2020-01-22,1311.000000,1312.000000,1292.000000,1294.199951,1188.941040,2449753
2020-01-23,1307.000000,1339.849976,1306.000000,1332.300049,1223.942383,10056067
2020-01-24,1332.000000,1367.849976,1332.000000,1359.199951,1248.654419,5837319
2020-01-27,1340.000000,1364.900024,1340.000000,1348.599976,1238.916626,2510013
2020-01-28,1350.900024,1355.000000,1338.000000,1346.650024,1237.125244,2352852
2020-01-29,1353.099976,1374.949951,1352.099976,1365.699951,1254.625977,3678474
2020-01-30,1365.949951,1376.800049,1353.000000,1370.199951,1258.759888,2743506
2020-01-31,1375.949951,1377.000000,1360.449951,1369.300049,1257.933228,3939306
2020-02-03,1290.000000,1303.900024,1272.000000,1286.650024,1182.005249,5767353
2020-02-04,1296.000000,1307.300049,1287.550049,1291.750000,1186.690186,3604309
2020-02-05,1297.900024,1325.000000,1295.000000,1310.050049,1203.502075,4220104
2020-02-06,1322.900024,1325.000000,1309.050049,1317.599976,1210.438110,2354458
2020-02-07,1313.050049,1314.400024,1296.000000,1299.000000,1193.350708,3053804
2020-02-10,1300.000000,1302.449951,1273.099976,1285.300049,1180.764893,3039992
2020-02-11,1292.000000,1298.949951,1284.000000,1286.900024,1182.234985,2200796
2020-02-12,1289.099976,1299.849976,1280.000000,1297.300049,1191.788940,2568696
2020-02-13,1299.000000,1299.849976,1285.000000,1292.250000,1187.149780,1545536
2020-02-14,1295.000000,1304.949951,1290.599976,1295.150024,1189.813843,1780119
2020-02-17,1297.000000,1297.849976,1277.000000,1280.199951,1176.079590,2155085
2020-02-18,1281.500000,1289.800049,1266.449951,1286.349976,1181.729614,2347917
2020-02-19,1298.000000,1299.000000,1276.599976,1281.400024,1177.182251,1820353
2020-02-20,1279.900024,1288.900024,1275.300049,1280.599976,1176.447388,3034681
2020-02-24,1271.900024,1271.900024,1252.650024,1259.699951,1157.246948,3414064
2020-02-25,1262.199951,1265.650024,1240.150024,1242.050049,1141.032715,3133077
2020-02-26,1235.000000,1238.000000,1206.000000,1211.150024,1112.645874,5721483
2020-02-27,1212.349976,1216.949951,1200.000000,1210.349976,1111.910645,4003149
2020-02-28,1189.650024,1196.449951,1162.000000,1187.550049,1090.965210,6286647
2020-03-02,1205.000000,1212.349976,1150.550049,1160.900024,1066.482666,3177486
2020-03-03,1166.000000,1186.800049,1162.050049,1181.300049,1085.223511,3134527
2020-03-04,1185.000000,1187.849976,1158.000000,1176.650024,1080.951782,3135151
2020-03-05,1180.099976,1187.250000,1166.199951,1182.449951,1086.279907,2625152
2020-03-06,1148.000000,1164.000000,1130.849976,1158.900024,1064.645264,3956575
2020-03-09,1135.800049,1135.800049,1067.300049,1101.949951,1012.327026,8038295
2020-03-11,1090.000000,1120.949951,1085.800049,1116.949951,1026.106934,5628125
2020-03-12,1070.000000,1070.050049,1004.099976,1016.549988,933.872681,9200130
2020-03-13,950.000000,1060.449951,890.000000,1051.449951,965.934265,8117911
2020-03-16,1014.250000,1042.000000,961.900024,968.700012,889.914551,6671806
2020-03-17,972.000000,1005.000000,940.150024,956.750000,878.936401,4720207
2020-03-18,968.000000,974.750000,900.000000,904.549988,830.981934,5586097
2020-03-19,873.900024,884.000000,837.700012,843.099976,774.529724,7251950
2020-03-20,849.000000,877.799988,831.299988,864.700012,794.372986,6130185
2020-03-23,809.000000,809.950012,706.000000,724.049988,665.162109,7308612
2020-03-24,755.000000,755.750000,672.000000,707.900024,659.433289,7110384
2020-03-25,697.200012,775.000000,661.000000,765.750000,713.322571,16122446
2020-03-26,787.750000,842.299988,754.150024,838.000000,780.625854,9028497
2020-03-27,867.900024,890.000000,812.000000,837.049988,779.740906,6573448
2020-03-30,801.000000,815.000000,791.000000,798.650024,743.970093,4474168
2020-03-31,820.000000,823.000000,791.200012,808.500000,753.145630,8045468
2020-04-01,806.849976,812.400024,766.549988,774.349976,721.333618,4104403
2020-04-03,791.099976,791.099976,762.799988,774.650024,721.613098,4268480
2020-04-07,805.000000,813.000000,791.000000,801.650024,746.764648,5768998
2020-04-08,804.000000,832.000000,797.700012,807.099976,751.841492,6151091
2020-04-09,834.349976,834.349976,804.400024,812.799988,757.151184,6410296
2020-04-13,812.799988,872.400024,807.950012,865.450012,806.196533,9462711
2020-04-15,890.950012,926.599976,869.000000,880.150024,819.890076,10435477
2020-04-16,875.950012,919.799988,870.150024,911.650024,849.233337,6980512
2020-04-17,930.000000,940.000000,916.000000,932.900024,869.028442,5827648
2020-04-20,940.799988,943.000000,911.000000,915.599976,852.912842,4958362
2020-04-21,897.000000,906.599976,863.000000,870.349976,810.760925,5122305
2020-04-22,873.000000,885.500000,850.000000,852.599976,794.226196,6090168
2020-04-23,860.000000,869.500000,835.000000,840.599976,783.047791,6321888
2020-04-24,838.000000,869.000000,834.150024,851.200012,792.922119,7960368
2020-04-27,861.950012,874.900024,852.250000,855.250000,796.694763,4224177
2020-04-28,863.799988,867.700012,852.099976,857.150024,798.464783,3772704
2020-04-29,862.000000,883.049988,854.000000,875.349976,815.418640,4837925
2020-04-30,890.200012,916.799988,884.099976,897.549988,836.098694,6332497
2020-05-04,880.000000,880.000000,845.000000,850.650024,792.409790,4678576
2020-05-05,861.000000,869.799988,835.000000,836.900024,779.601257,4296433
2020-05-06,838.000000,848.000000,817.599976,837.299988,779.973755,5081524
2020-05-07,833.000000,836.049988,820.099976,822.849976,766.513184,3529134
2020-05-08,833.000000,834.849976,810.000000,815.950012,760.085571,4394509
2020-05-11,821.200012,827.500000,816.349976,821.599976,765.348633,2882920
2020-05-12,817.000000,819.250000,804.000000,814.799988,759.014221,3024381
2020-05-13,863.700012,871.950012,850.500000,862.900024,803.821045,8625444
2020-05-14,858.900024,879.599976,841.500000,871.650024,811.971985,6778584
2020-05-15,881.950012,885.000000,854.000000,864.400024,805.218384,5653901
2020-05-18,869.900024,870.000000,810.000000,813.349976,757.663391,6211249
2020-05-19,827.099976,833.799988,791.700012,796.349976,741.827454,5533176
2020-05-20,800.000000,841.000000,800.000000,835.000000,777.831238,5949898
2020-05-21,835.950012,845.000000,818.099976,820.500000,764.324036,4701930
2020-05-22,815.000000,826.500000,810.099976,815.700012,759.852600,4607479
2020-05-26,821.900024,842.700012,821.000000,825.549988,769.028259,4335209
2020-05-27,831.950012,857.200012,827.000000,850.849976,792.596069,5159287
2020-05-28,855.000000,912.000000,855.000000,905.500000,843.504395,11481079
2020-05-29,893.200012,937.500000,891.000000,932.250000,868.422974,10166556
2020-06-01,944.650024,974.150024,924.000000,928.150024,864.603638,7617144
2020-06-02,935.000000,953.000000,913.049988,945.450012,880.719177,7325471
2020-06-03,955.950012,972.849976,955.000000,961.299988,895.484070,4651554
2020-06-04,961.049988,968.000000,928.599976,930.700012,866.979126,5355931
2020-06-05,940.000000,959.900024,936.599976,955.250000,889.848267,6071040
2020-06-08,979.500000,995.000000,949.000000,961.349976,895.530640,9858804
2020-06-09,964.500000,970.250000,949.700012,953.299988,888.031738,5117749
2020-06-10,957.000000,959.500000,935.700012,946.549988,881.743958,5175923
2020-06-11,944.000000,952.000000,928.200012,930.450012,866.746216,3602957
2020-06-12,890.000000,929.900024,890.000000,926.400024,862.973511,5411314
2020-06-15,921.799988,929.450012,894.099976,899.900024,838.287903,4982324
2020-06-16,920.000000,924.700012,891.150024,895.049988,833.769836,4661460
2020-06-17,892.700012,899.750000,881.099976,884.799988,824.221680,4681085
2020-06-18,876.000000,900.000000,874.000000,896.650024,835.260376,5869802
2020-06-19,902.000000,915.900024,895.099976,898.200012,836.704224,5409996
2020-06-22,905.000000,916.000000,896.000000,907.450012,845.320984,6839642
2020-06-23,910.000000,970.000000,909.000000,967.599976,901.352722,14580218
2020-06-24,979.000000,989.900024,952.000000,955.549988,890.127686,11985132
2020-06-25,949.900024,964.799988,936.250000,943.099976,878.530029,7508087
2020-06-26,955.000000,976.099976,940.500000,962.200012,896.322449,6554103
2020-06-29,950.000000,956.099976,930.000000,936.599976,872.475098,4575801
2020-06-30,948.700012,952.150024,931.400024,943.650024,879.042480,3656480
2020-07-01,941.000000,941.000000,917.000000,924.299988,861.017212,6426017
2020-07-02,936.000000,950.700012,926.000000,941.299988,876.853271,6542705
2020-07-03,948.000000,955.400024,941.599976,944.250000,879.601440,3928063
2020-07-06,953.099976,959.500000,946.650024,951.200012,886.075623,3900219
2020-07-07,955.000000,961.900024,940.000000,943.599976,878.995911,4051767
2020-07-08,944.950012,964.400024,938.000000,941.250000,876.806824,5227021
2020-07-09,945.000000,952.000000,940.000000,944.950012,880.253479,3777760
2020-07-10,940.000000,952.000000,930.549988,932.150024,868.329956,4537688
2020-07-13,940.000000,944.799988,925.000000,928.150024,864.603638,3821300
2020-07-14,928.000000,934.950012,905.849976,912.900024,850.397827,3646237
2020-07-15,918.049988,925.000000,909.299988,912.200012,849.745850,3229770
2020-07-16,913.000000,924.000000,898.450012,921.150024,858.082947,3134451
2020-07-17,922.099976,929.950012,918.000000,925.549988,862.181702,2040517
2020-07-20,929.000000,931.900024,915.000000,919.599976,856.639160,3035845
2020-07-21,927.000000,942.299988,920.599976,938.049988,873.825867,4756570
2020-07-22,939.200012,941.000000,910.000000,920.900024,857.850037,4977432
2020-07-23,912.000000,937.950012,911.349976,916.549988,853.797791,9075059
2020-07-24,914.400024,914.500000,898.049988,904.400024,842.479675,6059379
2020-07-27,908.000000,915.000000,896.299988,903.799988,841.920898,3615970
2020-07-28,908.799988,917.000000,899.000000,913.500000,850.956665,3793721
2020-07-29,919.599976,940.849976,917.250000,921.950012,858.828186,7245021
2020-07-30,929.000000,932.700012,904.200012,908.250000,846.066223,3364408
2020-07-31,913.900024,922.900024,907.049988,913.450012,850.910156,2943858
2020-08-03,913.000000,919.750000,903.549988,915.900024,853.192444,3583167
2020-08-04,918.000000,930.000000,916.599976,924.250000,860.970764,3860346
2020-08-05,923.950012,934.500000,920.799988,925.750000,869.897522,3007723
2020-08-06,926.049988,933.700012,920.250000,922.150024,866.514709,2188023
2020-08-07,922.549988,926.849976,914.099976,915.650024,860.406921,2461109
2020-08-10,925.000000,970.000000,925.000000,960.049988,902.128174,11861641
2020-08-11,969.599976,979.700012,957.099976,961.900024,903.866516,5427516
2020-08-12,952.000000,956.000000,945.000000,949.750000,892.449585,3672458
2020-08-13,957.000000,993.650024,951.549988,990.700012,930.929016,8816193
2020-08-14,999.950012,1017.000000,973.400024,982.799988,923.505554,13443785
2020-08-17,1002.000000,1007.000000,987.700012,1000.799988,940.419556,4735094
2020-08-18,1005.950012,1008.000000,995.400024,1004.549988,943.943359,4362050
2020-08-19,1017.250000,1024.949951,1005.400024,1009.099976,948.218872,4914223
2020-08-20,986.000000,1005.000000,981.000000,995.750000,935.674255,4791040
2020-08-21,1010.000000,1010.000000,992.000000,994.150024,934.170837,2806380
2020-08-24,996.000000,1001.400024,990.000000,991.349976,931.539734,2026255
2020-08-25,993.000000,999.900024,977.799988,980.400024,921.250427,2914757
2020-08-26,987.000000,988.000000,965.000000,968.950012,910.491211,4482066
2020-08-27,975.250000,980.000000,965.299988,975.599976,916.739990,4466609
2020-08-28,988.000000,1004.700012,978.200012,981.849976,922.612915,7821191
2020-08-31,988.099976,995.400024,940.400024,944.950012,887.939209,8489726
2020-09-01,964.950012,966.000000,943.299988,955.200012,897.570801,5099949
2020-09-02,956.450012,959.799988,948.000000,955.549988,897.899597,2107714
2020-09-03,960.000000,971.000000,953.299988,961.150024,903.161865,3278899
2020-09-04,948.000000,956.150024,940.000000,942.500000,885.637024,3130721
2020-09-07,947.150024,950.750000,916.250000,932.150024,875.911560,3470806
2020-09-08,936.000000,936.000000,912.950012,916.700012,861.393494,3738931
2020-09-09,907.549988,928.000000,901.000000,909.500000,854.627991,5656245
2020-09-10,917.700012,923.000000,912.000000,920.950012,865.387146,2948599
2020-09-11,920.000000,921.549988,912.000000,917.400024,862.051331,2632298
2020-09-14,922.400024,923.349976,901.000000,902.099976,847.674377,5006356
2020-09-15,910.000000,915.200012,900.000000,909.950012,855.050903,4488829
2020-09-16,915.000000,924.000000,911.349976,921.799988,866.185852,3596197
2020-09-17,915.000000,917.950012,905.049988,906.299988,851.621033,4512652
2020-09-18,911.200012,914.099976,897.000000,900.700012,846.358948,7496145
2020-09-21,901.000000,903.799988,874.299988,881.849976,828.646179,4597697
2020-09-22,887.950012,887.950012,852.000000,856.500000,804.825500,5089087
2020-09-23,866.200012,873.700012,854.549988,860.599976,808.678223,3709291
2020-09-24,856.000000,859.900024,843.000000,850.700012,799.375427,11609426
2020-09-25,860.099976,895.400024,852.000000,889.250000,835.599670,4961967
2020-09-28,898.000000,917.500000,893.000000,902.849976,848.379211,3853608
2020-09-29,909.950012,912.849976,892.400024,895.450012,841.425598,3362381
2020-09-30,897.799988,904.500000,884.099976,901.599976,847.204590,3582787
2020-10-01,909.950012,913.599976,900.700012,902.799988,848.332214,2506154
2020-10-05,907.950012,908.549988,895.049988,896.950012,842.835144,2788003
2020-10-06,901.049988,904.549988,888.250000,892.599976,838.747559,3497325
2020-10-07,895.000000,895.000000,876.049988,887.900024,834.331116,5073845
2020-10-08,890.299988,894.000000,879.049988,881.049988,827.894409,3918217
2020-10-09,887.400024,914.950012,885.599976,908.450012,853.641235,9668150
2020-10-12,916.950012,925.750000,902.049988,905.750000,851.104309,6188905
2020-10-13,907.950012,915.700012,888.849976,896.450012,842.365295,4548652
2020-10-14,897.000000,917.000000,887.200012,915.200012,859.984070,5286914
2020-10-15,913.000000,919.000000,885.400024,888.799988,835.176758,4927777
2020-10-16,894.000000,903.500000,889.500000,894.099976,840.157043,2373435
2020-10-19,899.000000,906.000000,884.000000,902.900024,848.426147,5800391
2020-10-20,919.000000,935.500000,913.000000,917.299988,861.957336,13188572
2020-10-21,924.950012,931.000000,908.650024,924.450012,868.675964,6390783
2020-10-22,922.000000,939.000000,920.150024,936.299988,879.811096,6151367
2020-10-23,940.000000,948.500000,928.000000,941.250000,884.462463,5102184
2020-10-26,949.849976,959.250000,943.000000,951.750000,894.328918,6975809
2020-10-27,960.000000,986.000000,955.150024,981.950012,922.706787,9638520
2020-10-28,989.950012,994.650024,974.200012,982.849976,923.552551,7369181
2020-10-29,951.099976,958.799988,926.000000,934.500000,878.119690,11852038
2020-10-30,941.000000,946.799988,924.200012,929.500000,873.421326,4797473
2020-11-02,930.000000,937.950012,920.650024,929.299988,873.233337,3682174
2020-11-03,944.900024,952.900024,932.500000,947.750000,890.570313,4049112
2020-11-04,934.250000,950.650024,930.000000,939.849976,900.244629,3369408
2020-11-05,952.000000,959.799988,944.299988,958.099976,917.725525,2889134
2020-11-06,959.000000,967.500000,950.099976,960.750000,920.263977,3419233
2020-11-09,971.000000,974.599976,962.400024,965.849976,925.148926,3040456
2020-11-10,975.000000,1036.900024,971.599976,1033.699951,990.139771,12149416
2020-11-11,1040.000000,1062.800049,1021.250000,1059.449951,1014.804504,10254627
2020-11-12,1054.900024,1075.849976,1052.449951,1073.199951,1027.975342,6743163
2020-11-13,1065.050049,1068.150024,1038.099976,1051.500000,1007.189758,5025096
2020-11-14,1060.050049,1067.800049,1054.000000,1059.199951,1014.565186,911852
2020-11-17,1063.000000,1096.849976,1061.050049,1080.900024,1035.350830,7611327
2020-11-18,1080.900024,1154.250000,1079.150024,1148.150024,1099.766968,13436421
2020-11-19,1125.050049,1177.000000,1107.699951,1134.250000,1086.452515,10841151
2020-11-20,1140.000000,1161.000000,1118.500000,1132.300049,1084.584717,7009257
2020-11-23,1138.800049,1147.849976,1122.849976,1125.849976,1078.406494,4998877
2020-11-24,1135.000000,1144.000000,1128.300049,1135.500000,1087.650024,4623887
2020-11-25,1141.500000,1147.800049,1112.449951,1116.000000,1068.971802,4651911
2020-11-26,1130.000000,1134.949951,1101.550049,1118.849976,1071.701538,7360928
2020-11-27,1129.000000,1139.800049,1092.000000,1122.400024,1075.102173,18995549
2020-12-01,1140.000000,1140.000000,1111.199951,1115.949951,1068.923828,3551604
2020-12-02,1120.050049,1132.050049,1104.099976,1113.750000,1066.816528,4434968
2020-12-03,1135.000000,1137.449951,1120.300049,1125.150024,1077.736084,4087608
2020-12-04,1130.000000,1162.000000,1128.750000,1149.500000,1101.059937,6542918
2020-12-07,1154.800049,1171.900024,1144.000000,1169.699951,1120.408691,5484461
2020-12-08,1174.949951,1182.500000,1148.050049,1171.400024,1122.037109,4982626
2020-12-09,1178.000000,1185.000000,1166.349976,1181.000000,1131.232544,4304573
2020-12-10,1182.000000,1193.750000,1170.050049,1190.349976,1140.188477,4921373
2020-12-11,1188.000000,1216.800049,1182.000000,1194.300049,1143.972168,6689415
2020-12-14,1198.099976,1263.900024,1198.099976,1249.650024,1196.989624,9723233
2020-12-15,1250.000000,1252.000000,1216.099976,1246.250000,1193.732910,6953407
2020-12-16,1256.250000,1278.000000,1247.050049,1268.250000,1214.805786,5729223
2020-12-17,1270.000000,1284.000000,1254.050049,1278.800049,1224.911255,5345257
2020-12-18,1283.949951,1301.000000,1270.000000,1281.550049,1227.545410,10315248
2020-12-21,1276.250000,1338.500000,1154.000000,1234.849976,1182.813354,21153346
2020-12-22,1235.250000,1268.000000,1213.550049,1262.699951,1209.489624,7998730
2020-12-23,1268.000000,1271.300049,1248.349976,1264.800049,1211.501343,4057070
2020-12-24,1275.000000,1281.000000,1253.500000,1262.199951,1209.010742,3277840
2020-12-28,1275.000000,1291.000000,1266.500000,1289.400024,1235.064697,3405825
2020-12-29,1294.949951,1295.050049,1267.699951,1284.849976,1230.706177,3778319
2020-12-30,1288.199951,1296.349976,1271.000000,1292.050049,1237.602905,2866392
2020-12-31,1293.000000,1304.000000,1282.000000,1287.599976,1233.340454,3889877
2021-01-01,1283.000000,1299.949951,1283.000000,1297.000000,1242.344360,2058419
2021-01-04,1305.000000,1322.550049,1302.000000,1314.599976,1259.202637,4014636
2021-01-05,1307.000000,1313.000000,1295.050049,1306.300049,1251.252441,2833637
2021-01-06,1308.000000,1330.000000,1300.000000,1314.000000,1258.628052,4615963
2021-01-07,1330.000000,1346.800049,1325.000000,1338.949951,1282.526367,4270598
2021-01-08,1349.800049,1382.949951,1347.000000,1373.400024,1315.524780,4984995
2021-01-11,1382.000000,1384.949951,1345.000000,1350.000000,1293.110962,3252470
2021-01-12,1354.000000,1366.849976,1344.050049,1349.800049,1292.919312,2836161
2021-01-13,1354.000000,1373.000000,1344.300049,1352.500000,1295.505493,4389762
2021-01-14,1358.000000,1389.699951,1356.250000,1376.599976,1318.590088,5168591
2021-01-15,1376.699951,1384.500000,1345.050049,1354.150024,1297.086060,2587576
2021-01-18,1345.199951,1353.849976,1326.150024,1336.050049,1279.748779,3185998
2021-01-19,1340.050049,1382.000000,1337.000000,1369.849976,1312.124512,3885798
2021-01-20,1369.000000,1393.050049,1362.550049,1382.650024,1324.385010,3957992
2021-01-21,1395.000000,1396.000000,1361.050049,1371.300049,1313.513306,2985423
2021-01-22,1362.000000,1375.000000,1348.500000,1362.099976,1304.701050,3282665
2021-01-25,1370.000000,1396.400024,1342.000000,1361.300049,1303.934692,4847989
2021-01-27,1368.800049,1392.699951,1330.099976,1359.849976,1302.545776,8896211
2021-01-28,1344.699951,1365.099976,1340.000000,1345.349976,1288.656982,2962948
2021-01-29,1362.000000,1369.000000,1325.099976,1334.699951,1278.455688,5130876
2021-02-01,1345.750000,1462.000000,1337.199951,1448.849976,1387.795410,11317043
2021-02-02,1474.000000,1593.000000,1474.000000,1520.199951,1456.138672,14349665
2021-02-03,1530.000000,1558.000000,1505.000000,1528.550049,1464.136963,6197782
2021-02-04,1525.000000,1550.000000,1510.000000,1529.800049,1465.334106,3957579
2021-02-05,1534.400024,1547.000000,1511.099976,1516.500000,1452.594727,3270494
2021-02-08,1521.150024,1570.000000,1520.000000,1551.800049,1486.407104,5223019
2021-02-09,1557.000000,1574.500000,1545.000000,1566.449951,1500.439697,3825206
2021-02-10,1560.000000,1564.000000,1528.699951,1552.849976,1487.412842,2578777
2021-02-11,1549.400024,1559.900024,1526.550049,1530.500000,1466.004639,2720190
2021-02-12,1535.000000,1544.000000,1516.099976,1521.349976,1457.240112,1867284
2021-02-15,1527.000000,1544.000000,1521.349976,1537.650024,1472.853271,1917477
2021-02-16,1540.000000,1574.000000,1539.000000,1549.449951,1484.156128,3838556
2021-02-17,1544.000000,1567.000000,1533.000000,1548.349976,1483.102417,2340184
2021-02-18,1542.199951,1551.199951,1515.150024,1524.599976,1460.353149,2446843
2021-02-19,1523.849976,1547.000000,1498.849976,1508.800049,1445.218994,3044240
2021-02-22,1510.900024,1511.949951,1447.099976,1452.199951,1391.004272,6168108
2021-02-23,1462.000000,1498.000000,1460.000000,1486.300049,1423.667236,3733776
2021-02-24,1486.699951,1532.000000,1486.699951,1526.599976,1462.269043,2380414
2021-02-25,1534.000000,1540.599976,1502.000000,1506.449951,1442.968140,3168105
2021-02-26,1482.000000,1493.500000,1435.150024,1442.500000,1381.713013,5579058
2021-03-01,1456.000000,1486.000000,1438.199951,1472.849976,1410.783813,2494481
2021-03-02,1479.300049,1489.650024,1458.150024,1485.650024,1423.044556,2089473
2021-03-03,1493.500000,1510.000000,1481.349976,1496.900024,1433.820557,2184001
2021-03-04,1473.000000,1494.349976,1458.000000,1462.599976,1400.965942,3530366
2021-03-05,1453.599976,1477.199951,1439.099976,1463.550049,1401.875854,3306902
2021-03-08,1478.000000,1525.000000,1470.000000,1515.199951,1451.349243,4150049
2021-03-09,1525.000000,1532.300049,1491.800049,1508.300049,1444.740112,3779948
2021-03-10,1523.000000,1534.750000,1507.500000,1524.199951,1459.969971,2210547
2021-03-12,1526.300049,1565.000000,1503.150024,1514.000000,1450.199951,4885349
2021-03-15,1520.000000,1528.099976,1463.300049,1483.750000,1421.224854,3181450
2021-03-16,1488.300049,1497.000000,1457.000000,1461.800049,1400.199829,3233903
2021-03-17,1476.000000,1492.949951,1431.750000,1437.650024,1377.067383,5178384
2021-03-18,1455.550049,1469.699951,1420.000000,1428.099976,1367.919556,3381940
2021-03-19,1415.000000,1421.849976,1378.599976,1411.250000,1351.779907,9920812
2021-03-22,1409.000000,1417.400024,1392.250000,1400.050049,1341.051880,2964175
2021-03-23,1401.900024,1416.500000,1398.099976,1404.349976,1345.170532,2564844
2021-03-24,1400.000000,1407.000000,1360.050049,1369.150024,1311.453857,4237815
2021-03-25,1361.000000,1389.000000,1361.000000,1371.099976,1313.321655,3894604
2021-03-26,1386.300049,1408.000000,1382.000000,1398.300049,1339.375488,3093766
2021-03-30,1408.000000,1428.199951,1395.550049,1423.550049,1363.561523,2801282
2021-03-31,1423.599976,1431.599976,1410.400024,1418.900024,1359.107422,2400871
2021-04-01,1432.000000,1447.849976,1420.500000,1444.599976,1383.724487,1380763
2021-04-05,1439.000000,1439.000000,1381.400024,1403.800049,1344.643799,2548649
2021-04-06,1405.900024,1416.300049,1393.300049,1401.000000,1341.961670,1824079
2021-04-07,1402.000000,1417.199951,1389.250000,1404.150024,1344.979126,1841308
2021-04-08,1410.000000,1434.800049,1410.000000,1419.150024,1359.346924,1644834
2021-04-09,1414.000000,1417.000000,1397.099976,1404.099976,1344.931030,2015002
2021-04-12,1393.949951,1393.949951,1332.000000,1345.150024,1288.465210,3755497
2021-04-13,1347.250000,1382.000000,1347.250000,1373.699951,1315.812134,2063654
2021-04-15,1378.949951,1391.099976,1358.099976,1374.650024,1316.722168,2625838
2021-04-16,1360.500000,1393.300049,1355.300049,1359.150024,1301.875244,3752588
2021-04-19,1340.000000,1346.199951,1306.000000,1310.449951,1255.227417,4157065
2021-04-20,1320.000000,1339.449951,1317.699951,1331.500000,1275.390381,2989204
2021-04-22,1310.000000,1339.500000,1307.250000,1336.800049,1280.467163,2398100
2021-04-23,1330.000000,1344.650024,1314.449951,1322.900024,1267.152954,2062964
2021-04-26,1330.050049,1341.199951,1323.000000,1335.900024,1279.604980,1431562
2021-04-27,1339.000000,1388.449951,1335.900024,1380.650024,1322.469238,4303909
2021-04-28,1384.849976,1399.949951,1372.500000,1375.900024,1317.919434,3220346
2021-04-29,1383.949951,1389.550049,1353.500000,1358.650024,1301.396362,2221346
2021-04-30,1350.000000,1365.000000,1336.099976,1340.449951,1283.963257,1968093
2021-05-03,1325.500000,1351.300049,1319.150024,1342.500000,1285.927124,1653245
2021-05-04,1350.000000,1350.900024,1331.000000,1337.599976,1281.233276,2029558
2021-05-05,1342.199951,1346.750000,1324.000000,1338.650024,1282.239258,1813150
2021-05-06,1344.000000,1356.550049,1335.750000,1339.900024,1283.436523,2333882
2021-05-07,1347.000000,1359.900024,1339.000000,1342.699951,1286.118408,2362325
2021-05-10,1347.000000,1398.849976,1347.000000,1395.000000,1336.214600,3929224
2021-05-11,1380.000000,1399.900024,1376.099976,1383.599976,1325.295044,1975828
2021-05-12,1380.000000,1425.000000,1377.000000,1385.300049,1326.923462,4283174
2021-05-14,1394.000000,1423.900024,1374.050049,1415.500000,1355.850586,4558155
2021-05-17,1433.000000,1441.000000,1368.199951,1386.750000,1328.312256,9620003
2021-05-18,1405.000000,1422.000000,1397.000000,1417.300049,1357.574951,3312380
2021-05-19,1414.000000,1435.000000,1400.000000,1403.449951,1344.308472,3215258
2021-05-20,1410.800049,1426.949951,1401.650024,1409.750000,1350.343140,1996254
2021-05-21,1415.000000,1424.699951,1407.099976,1418.050049,1358.293335,2185322
2021-05-24,1420.000000,1458.000000,1410.000000,1443.250000,1382.431396,5035538
2021-05-25,1460.000000,1461.949951,1442.099976,1450.949951,1389.806763,2892219
2021-05-26,1458.900024,1476.599976,1452.800049,1472.900024,1410.831909,3230579
2021-05-27,1475.949951,1485.000000,1461.750000,1482.849976,1420.362549,3747221
2021-05-28,1487.099976,1499.650024,1473.900024,1478.099976,1415.812622,2315923
2021-05-31,1472.300049,1476.000000,1457.550049,1467.699951,1405.850952,2405318
2021-06-01,1465.949951,1492.500000,1463.000000,1474.650024,1412.508179,2077742
2021-06-02,1468.300049,1474.599976,1455.050049,1471.050049,1409.059937,2469417
2021-06-03,1480.099976,1515.000000,1473.199951,1510.849976,1447.182617,3025466
2021-06-04,1518.949951,1547.250000,1516.900024,1537.550049,1472.757446,5677538
2021-06-07,1545.449951,1569.500000,1540.750000,1557.800049,1492.154175,3131245
2021-06-08,1561.000000,1583.000000,1546.050049,1549.150024,1483.868774,3945382
2021-06-09,1550.000000,1555.000000,1513.300049,1519.300049,1455.276611,3025732
2021-06-10,1525.000000,1534.000000,1515.000000,1519.699951,1455.659668,1584311
2021-06-11,1521.000000,1527.150024,1498.650024,1503.449951,1440.094604,1909384
2021-06-14,1503.449951,1519.500000,1478.000000,1515.750000,1451.876099,2005404
2021-06-15,1520.000000,1523.699951,1505.849976,1510.800049,1447.134888,1831871
2021-06-16,1505.849976,1516.000000,1488.000000,1490.900024,1428.073364,1504791
2021-06-17,1481.000000,1499.849976,1480.250000,1487.550049,1424.864502,1675778
2021-06-18,1487.550049,1490.949951,1460.099976,1476.000000,1413.801270,4649835
2021-06-21,1460.000000,1469.400024,1447.250000,1467.050049,1405.228394,1970012
2021-06-22,1470.099976,1504.800049,1469.550049,1499.199951,1436.023682,3862264
2021-06-23,1505.000000,1507.000000,1476.099976,1479.250000,1416.914307,1818874
2021-06-24,1490.000000,1513.199951,1482.000000,1504.050049,1440.669189,2762042
2021-06-25,1510.500000,1529.300049,1507.500000,1523.849976,1459.634888,2099002
2021-06-28,1526.000000,1527.949951,1510.349976,1514.449951,1450.630737,1173658
2021-06-29,1513.000000,1529.800049,1503.900024,1510.900024,1447.230713,2174022
2021-06-30,1516.000000,1523.400024,1495.500000,1500.550049,1437.316895,2139362
2021-07-01,1497.099976,1503.000000,1480.150024,1492.300049,1429.414307,2060651
2021-07-02,1500.000000,1500.650024,1475.500000,1485.650024,1423.044556,1814564
2021-07-05,1490.000000,1514.000000,1488.000000,1507.949951,1444.404907,1605396
2021-07-06,1506.000000,1519.000000,1500.000000,1505.500000,1442.058105,1072506
2021-07-07,1495.000000,1519.699951,1495.000000,1516.449951,1452.546631,1096808
2021-07-08,1503.000000,1524.000000,1497.000000,1500.699951,1437.460205,1456033
2021-07-09,1497.900024,1502.849976,1485.500000,1499.599976,1436.406738,1248405
2021-07-12,1504.400024,1516.000000,1491.599976,1500.750000,1437.508301,865284
2021-07-13,1515.000000,1515.000000,1501.349976,1513.599976,1449.816772,995833
2021-07-14,1513.550049,1549.900024,1508.000000,1544.699951,1479.606079,4010254
2021-07-15,1550.000000,1625.000000,1549.949951,1609.349976,1541.531860,9066480
2021-07-16,1609.349976,1622.800049,1595.099976,1618.750000,1550.535645,4157388
2021-07-19,1600.000000,1639.400024,1597.599976,1609.599976,1541.771484,3027093
2021-07-20,1609.849976,1622.650024,1582.000000,1590.349976,1523.332397,1847026
2021-07-22,1610.000000,1647.150024,1591.550049,1642.150024,1572.949707,3231269
2021-07-23,1644.000000,1645.949951,1606.849976,1611.750000,1543.830688,2259058
2021-07-26,1611.750000,1627.300049,1592.800049,1597.599976,1530.276978,2219416
2021-07-27,1610.150024,1619.000000,1584.250000,1608.250000,1540.478149,3984778
2021-07-28,1592.449951,1601.300049,1553.000000,1594.199951,1544.304443,4119892
2021-07-29,1594.000000,1607.349976,1586.000000,1596.000000,1546.048096,1672177
2021-07-30,1598.000000,1624.900024,1585.000000,1601.449951,1551.327637,2536568
2021-08-02,1606.300049,1618.000000,1602.050049,1613.949951,1563.436401,1083353
2021-08-03,1625.000000,1638.699951,1610.300049,1634.349976,1583.197876,1777140
2021-08-04,1640.000000,1644.300049,1613.599976,1623.199951,1572.396973,2067087
2021-08-05,1620.000000,1632.849976,1608.800049,1627.400024,1576.465576,1831728
2021-08-06,1627.000000,1639.000000,1608.300049,1610.349976,1559.949097,1192143
2021-08-09,1620.000000,1624.000000,1590.000000,1597.449951,1547.452759,1223794
2021-08-10,1606.000000,1609.900024,1572.000000,1588.449951,1538.734497,1429931
2021-08-11,1590.199951,1597.900024,1562.750000,1583.300049,1533.745850,1370930
2021-08-12,1590.000000,1627.000000,1582.000000,1623.449951,1572.639038,1645811
2021-08-13,1626.000000,1676.800049,1625.000000,1668.400024,1616.182129,5439442
2021-08-16,1674.000000,1677.050049,1653.349976,1656.099976,1604.267212,1794407
2021-08-17,1658.000000,1665.000000,1625.050049,1638.750000,1587.460205,1838525
2021-08-18,1647.000000,1661.099976,1627.099976,1632.849976,1581.744751,1570228
2021-08-20,1618.900024,1623.000000,1590.000000,1593.599976,1543.723267,2416059
2021-08-23,1600.099976,1619.000000,1567.900024,1580.750000,1531.275513,1973841
2021-08-24,1590.000000,1613.349976,1582.800049,1605.800049,1555.541504,1580003
2021-08-25,1614.949951,1626.000000,1590.000000,1593.800049,1543.917114,1795313
2021-08-26,1593.800049,1602.949951,1585.000000,1595.750000,1545.805908,2051262
2021-08-27,1604.000000,1666.699951,1598.050049,1638.099976,1586.830566,4903187
2021-08-30,1646.699951,1684.949951,1645.099976,1660.099976,1608.141968,3345934
2021-08-31,1660.050049,1676.000000,1645.000000,1672.199951,1619.863159,3264644
2021-09-01,1672.250000,1718.000000,1672.199951,1686.400024,1633.618774,3530101
2021-09-02,1687.900024,1710.000000,1682.000000,1686.199951,1633.425049,2400278
2021-09-03,1697.000000,1704.300049,1672.099976,1691.500000,1638.559204,2336258
2021-09-06,1700.000000,1716.000000,1690.199951,1694.199951,1641.174683,1850835
2021-09-07,1694.199951,1705.000000,1679.449951,1681.699951,1629.065796,1734879
2021-09-08,1682.000000,1694.699951,1658.000000,1666.550049,1614.390259,1644392
2021-09-09,1655.199951,1680.599976,1655.199951,1670.050049,1617.780640,1225239
2021-09-13,1662.050049,1675.650024,1660.500000,1671.699951,1619.378906,1578773
2021-09-14,1676.000000,1698.800049,1675.400024,1696.449951,1643.354248,1407269
2021-09-15,1700.000000,1724.599976,1697.000000,1717.000000,1663.261108,2757989
2021-09-16,1709.599976,1728.500000,1709.250000,1721.250000,1667.378174,2128381
2021-09-17,1724.000000,1741.699951,1706.099976,1716.199951,1662.486206,3473932
2021-09-20,1700.199951,1735.000000,1699.949951,1704.349976,1651.006958,1820374
2021-09-21,1698.599976,1730.750000,1692.400024,1720.900024,1667.039063,2029747
2021-09-22,1720.900024,1730.000000,1706.000000,1710.900024,1657.352051,1487933
2021-09-23,1718.300049,1775.000000,1715.050049,1769.699951,1714.311523,3702946
2021-09-24,1780.000000,1810.000000,1750.000000,1768.750000,1713.391357,3612494
2021-09-27,1772.000000,1782.750000,1737.000000,1739.599976,1685.153687,1650711
2021-09-28,1745.300049,1759.050049,1719.000000,1737.150024,1682.780518,1442615
2021-09-29,1732.000000,1742.000000,1716.599976,1721.000000,1667.136108,1698747
2021-09-30,1719.949951,1734.250000,1697.000000,1702.949951,1649.650757,1792078
2021-10-01,1697.500000,1712.500000,1687.500000,1696.900024,1643.790283,1563937
2021-10-04,1696.500000,1723.949951,1684.050049,1715.250000,1661.565918,1588493
2021-10-05,1714.500000,1740.000000,1706.000000,1716.699951,1662.970459,1705242
2021-10-06,1716.699951,1735.900024,1690.000000,1695.050049,1641.998169,1845661
2021-10-07,1710.000000,1729.300049,1700.000000,1712.449951,1658.853394,1378863
2021-10-08,1740.000000,1741.000000,1720.000000,1726.900024,1672.851318,1755402
2021-10-11,1733.750000,1746.849976,1715.000000,1716.900024,1663.164185,1528151
2021-10-12,1710.500000,1725.550049,1700.000000,1718.199951,1664.423462,1671988
2021-10-13,1727.000000,1763.900024,1724.050049,1752.050049,1697.214233,2105025
2021-10-14,1775.000000,1817.900024,1767.449951,1789.300049,1733.298218,4440909
2021-10-18,1807.150024,1810.500000,1782.000000,1788.449951,1732.474854,1918546
2021-10-19,1809.800049,1885.000000,1802.050049,1846.050049,1788.272217,6639827
2021-10-20,1855.000000,1868.650024,1796.300049,1806.699951,1750.153564,3295376
2021-10-21,1815.000000,1826.500000,1791.050049,1805.750000,1749.233276,2774633
2021-10-22,1816.000000,1831.500000,1781.349976,1792.250000,1736.156006,1520637
2021-10-25,1792.250000,1812.800049,1760.349976,1784.150024,1728.309570,2488386
2021-10-26,1785.000000,1811.900024,1781.550049,1796.250000,1740.030640,1930107
2021-10-27,1801.000000,1814.000000,1775.099976,1784.550049,1728.697021,1408879
2021-10-28,1799.550049,1862.000000,1791.000000,1814.250000,1757.467407,6379424
2021-10-29,1822.000000,1824.900024,1735.800049,1766.650024,1711.357178,3984689
2021-11-01,1776.000000,1805.000000,1751.199951,1795.349976,1739.158936,2316925
2021-11-02,1800.000000,1824.449951,1795.400024,1815.650024,1758.823730,1687119
2021-11-03,1818.000000,1915.000000,1818.000000,1889.500000,1830.362183,11580233
2021-11-04,1900.000000,1920.849976,1900.000000,1908.949951,1849.203491,764191
2021-11-08,1944.550049,1953.900024,1912.199951,1924.550049,1864.315308,3674523
2021-11-09,1933.500000,1964.099976,1930.300049,1943.599976,1882.769043,3550645
2021-11-10,1932.699951,1954.000000,1932.000000,1950.150024,1889.114014,3208195
2021-11-11,1947.849976,1981.750000,1925.650024,1931.699951,1871.241333,7061537
2021-11-12,1940.000000,1965.000000,1928.099976,1959.949951,1898.607178,2026320
2021-11-15,1961.250000,1974.500000,1943.000000,1947.050049,1886.110962,1127678
2021-11-16,1950.000000,1979.949951,1944.000000,1955.300049,1894.102905,2279531
2021-11-17,1949.000000,1978.900024,1943.550049,1952.900024,1891.777832,2166686
2021-11-18,1952.900024,1954.000000,1893.000000,1897.000000,1837.627563,1883794
2021-11-22,1898.250000,1900.000000,1837.849976,1864.500000,1806.144653,2407464
2021-11-23,1850.000000,1895.599976,1844.500000,1886.349976,1827.310791,2028470
2021-11-24,1894.000000,1902.400024,1845.949951,1862.500000,1804.207275,1361828
2021-11-25,1855.000000,1866.849976,1838.199951,1849.900024,1792.001587,1930012
2021-11-26,1820.000000,1841.750000,1768.599976,1778.150024,1722.497314,2796595
2021-11-29,1778.000000,1790.050049,1735.150024,1767.250000,1711.938477,2111420
2021-11-30,1767.250000,1798.900024,1751.300049,1764.750000,1709.516724,3385628
2021-12-01,1764.000000,1794.000000,1762.050049,1786.000000,1730.101563,1359786
2021-12-02,1785.949951,1794.000000,1763.000000,1789.199951,1733.201416,2813690
2021-12-03,1799.949951,1844.800049,1796.550049,1801.250000,1744.874268,3612772
2021-12-06,1799.000000,1821.000000,1778.000000,1782.650024,1726.856323,1566109
2021-12-07,1790.199951,1810.000000,1772.099976,1798.099976,1741.822876,2097201
2021-12-08,1802.000000,1841.000000,1802.000000,1825.050049,1767.929443,3433206
2021-12-09,1835.000000,1884.150024,1827.949951,1879.800049,1820.965820,3791595
2021-12-10,1879.800049,1890.849976,1861.050049,1873.400024,1814.766113,1771926
2021-12-13,1893.699951,1896.250000,1855.050049,1861.500000,1803.238647,1857829
2021-12-14,1850.000000,1874.000000,1846.199951,1865.699951,1807.307129,1685243
2021-12-15,1866.000000,1898.750000,1863.650024,1880.800049,1821.934692,2176709
2021-12-16,1892.000000,1908.000000,1866.300049,1873.900024,1815.250488,2469902
2021-12-17,1866.500000,1874.699951,1831.699951,1847.099976,1789.289307,2352938
2021-12-20,1821.000000,1829.650024,1771.500000,1799.349976,1743.033691,2488158
2021-12-21,1817.900024,1852.199951,1812.500000,1827.550049,1770.351196,2077840
2021-12-22,1827.550049,1879.550049,1827.550049,1871.000000,1812.441284,1692505
2021-12-23,1883.000000,1887.849976,1862.099976,1878.449951,1819.658081,1677127
2021-12-24,1888.750000,1888.750000,1850.000000,1859.400024,1801.204346,1203991
2021-12-27,1859.400024,1875.650024,1845.800049,1866.199951,1807.791504,1139744
2021-12-28,1872.099976,1909.000000,1872.099976,1899.500000,1840.049194,1916098
2021-12-29,1895.000000,1908.949951,1890.050049,1894.849976,1835.544678,1287946
2021-12-30,1892.300049,1901.699951,1880.900024,1885.699951,1826.681030,1805349
2021-12-31,1887.349976,1907.099976,1887.300049,1895.900024,1836.561890,1145546
2022-01-03,1895.000000,1937.449951,1893.650024,1922.849976,1862.668457,1906676
2022-01-04,1922.849976,1943.000000,1914.550049,1937.550049,1876.908203,1643920
2022-01-05,1940.699951,1951.000000,1927.650024,1948.599976,1887.612427,1711667
2022-01-06,1944.500000,1953.000000,1919.599976,1924.500000,1864.266846,1372015
2022-01-07,1929.050049,1934.949951,1897.150024,1904.900024,1845.280151,1447123
2022-01-10,1910.000000,1959.949951,1907.250000,1953.099976,1891.971680,2397846
2022-01-11,1949.000000,1970.000000,1937.650024,1961.150024,1899.769775,2232435
2022-01-12,1978.500000,1984.000000,1960.300049,1974.199951,1912.411133,1585970
2022-01-13,1975.550049,2029.000000,1975.550049,2018.400024,1955.227905,2373324
2022-01-14,2014.000000,2049.949951,2007.000000,2044.750000,1980.753296,3124945
2022-01-17,2044.750000,2071.949951,2042.000000,2069.399902,2004.631592,1858651
2022-01-18,2075.649902,2078.550049,2010.550049,2022.199951,1958.908813,1460676
2022-01-19,2019.900024,2027.000000,1987.000000,2020.900024,1957.649536,2336679
2022-01-20,2020.000000,2035.000000,1984.099976,2003.500000,1940.794312,2031107
2022-01-21,1982.150024,1994.800049,1943.050049,1956.050049,1894.829224,2209132
2022-01-24,1955.000000,1959.000000,1881.550049,1899.900024,1840.436768,2307120
2022-01-25,1895.000000,1931.300049,1850.099976,1925.300049,1865.041748,2998042
2022-01-27,1914.550049,1922.000000,1867.000000,1910.849976,1851.044067,2932713
2022-01-28,1916.099976,1948.000000,1891.300049,1897.550049,1838.160400,2233620
2022-01-31,1890.199951,1924.000000,1850.449951,1909.199951,1849.445557,3161064
2022-02-01,1928.650024,1999.900024,1917.000000,1990.500000,1928.201050,5392787
2022-02-02,1995.099976,2008.000000,1970.599976,1982.699951,1920.645142,3579380
2022-02-03,1981.500000,1985.000000,1930.000000,1933.650024,1873.130371,2262217
2022-02-04,1948.000000,1957.800049,1923.300049,1947.949951,1886.982788,1440816
2022-02-07,1932.500000,1947.500000,1874.550049,1884.500000,1825.518555,2641464
2022-02-08,1890.000000,1896.949951,1848.000000,1875.599976,1816.897217,2040523
2022-02-09,1884.500000,1899.900024,1875.599976,1888.800049,1829.684204,1390810
2022-02-10,1892.000000,1911.000000,1881.000000,1901.000000,1841.502197,1288856
2022-02-11,1889.000000,1889.000000,1850.000000,1871.250000,1812.683472,1744894
2022-02-14,1843.250000,1846.949951,1795.000000,1799.000000,1742.694580,2290199
2022-02-15,1810.000000,1882.000000,1806.150024,1876.050049,1817.333252,2602134
2022-02-16,1876.050049,1887.300049,1842.150024,1860.699951,1802.463623,1898439
2022-02-17,1869.000000,1884.900024,1854.099976,1868.699951,1810.213257,1459905
2022-02-18,1870.000000,1896.000000,1865.150024,1883.099976,1824.162476,1912482
2022-02-21,1874.949951,1883.900024,1848.849976,1863.949951,1805.611816,1262585
2022-02-22,1813.000000,1855.000000,1800.500000,1844.449951,1786.722290,2288298
2022-02-23,1849.000000,1852.000000,1816.150024,1820.300049,1763.328125,1583872
2022-02-24,1783.250000,1800.000000,1751.000000,1757.349976,1702.348267,3616355
2022-02-25,1782.000000,1798.699951,1765.000000,1777.050049,1721.431763,2476882
2022-02-28,1764.900024,1822.250000,1752.800049,1816.750000,1759.889160,2553662
2022-03-02,1800.000000,1826.949951,1768.500000,1784.500000,1728.648438,3152628
2022-03-03,1810.000000,1813.550049,1745.550049,1752.300049,1697.456299,2259979
2022-03-04,1740.000000,1754.050049,1703.000000,1711.750000,1658.175415,3906819
2022-03-07,1658.250000,1666.800049,1605.550049,1634.449951,1583.294922,6318251
2022-03-08,1627.900024,1666.000000,1595.000000,1658.500000,1606.592041,4421730
2022-03-09,1676.500000,1699.800049,1650.050049,1690.949951,1638.026245,3306502
2022-03-10,1740.000000,1758.000000,1707.000000,1728.199951,1674.110596,2776325
2022-03-11,1720.000000,1735.449951,1705.800049,1728.650024,1674.546509,1577597
2022-03-14,1735.000000,1754.000000,1715.500000,1746.750000,1692.079956,1558334
2022-03-15,1748.000000,1765.000000,1726.599976,1743.449951,1688.883179,2062332
2022-03-16,1761.000000,1770.650024,1746.199951,1756.199951,1701.234253,2101909
2022-03-17,1781.150024,1804.599976,1768.449951,1787.900024,1731.942139,3383036
2022-03-21,1805.000000,1805.000000,1745.000000,1756.300049,1701.331177,2301462
2022-03-22,1756.300049,1777.000000,1721.150024,1774.050049,1718.525635,3986030
2022-03-23,1780.000000,1791.550049,1759.150024,1767.250000,1711.938477,1574226
2022-03-24,1755.000000,1779.699951,1751.000000,1771.550049,1716.104004,1580887
2022-03-25,1775.599976,1777.900024,1739.000000,1751.099976,1696.293823,1483897
2022-03-28,1752.000000,1755.000000,1725.099976,1741.599976,1687.091187,1799629
2022-03-29,1748.699951,1754.099976,1733.000000,1746.650024,1691.983276,2071779
2022-03-30,1766.900024,1777.050049,1754.099976,1773.599976,1718.089600,1712835
2022-03-31,1779.949951,1781.349976,1758.000000,1767.650024,1712.325928,1401916
2022-04-01,1759.000000,1794.000000,1759.000000,1790.099976,1734.073120,2050573
2022-04-04,1784.000000,1829.849976,1776.599976,1826.349976,1769.188721,1955281
2022-04-05,1840.000000,1845.000000,1827.000000,1836.050049,1778.585205,1718581
2022-04-06,1833.000000,1858.000000,1827.699951,1852.800049,1794.810913,2245496
2022-04-07,1849.900024,1855.849976,1810.150024,1826.300049,1769.140381,2003954
2022-04-08,1835.400024,1838.900024,1818.050049,1830.750000,1773.451050,1903321
2022-04-11,1820.250000,1829.750000,1779.000000,1781.500000,1725.742310,2262446
2022-04-12,1780.000000,1781.500000,1733.599976,1747.699951,1693.000244,4215141
2022-04-13,1754.199951,1772.849976,1747.099976,1760.800049,1705.690308,1673417
2022-04-18,1746.300049,1749.949951,1715.000000,1738.349976,1683.942871,1808707
2022-04-19,1748.300049,1760.750000,1687.000000,1705.750000,1652.363281,2737766
2022-04-20,1709.949951,1712.400024,1671.349976,1691.599976,1638.656128,3832617
2022-04-21,1702.949951,1725.800049,1700.000000,1714.500000,1660.839355,1797489
2022-04-22,1701.000000,1716.400024,1690.400024,1694.349976,1641.320068,1474689
2022-04-25,1675.000000,1675.000000,1652.000000,1657.349976,1605.478027,1964344
2022-04-26,1680.000000,1703.099976,1664.000000,1699.949951,1646.744751,2440990
2022-04-27,1675.000000,1691.599976,1666.699951,1677.050049,1624.561401,1346726
2022-04-28,1690.000000,1731.000000,1680.000000,1719.250000,1665.440674,3117433
2022-04-29,1731.000000,1739.000000,1687.150024,1694.349976,1641.320068,2404830
2022-05-02,1668.599976,1685.949951,1655.050049,1679.449951,1626.886230,1399802
2022-05-04,1679.500000,1681.900024,1625.050049,1633.949951,1582.810303,1777673
2022-05-05,1650.699951,1671.199951,1633.000000,1637.650024,1586.394653,1707752
2022-05-06,1616.000000,1633.000000,1612.099976,1622.449951,1571.670410,1439520
2022-05-09,1607.550049,1629.849976,1591.250000,1616.150024,1565.567505,1400010
2022-05-10,1611.000000,1629.599976,1601.000000,1607.949951,1557.624146,1176030
2022-05-11,1600.500000,1609.000000,1557.349976,1570.800049,1521.636841,2988788
2022-05-12,1550.000000,1554.949951,1513.099976,1526.150024,1478.384399,3407191
2022-05-13,1530.000000,1574.900024,1502.000000,1534.500000,1486.472900,4328846
2022-05-16,1550.000000,1567.500000,1539.449951,1542.900024,1494.610107,1775914
2022-05-17,1545.000000,1607.900024,1545.000000,1604.099976,1553.894653,1608711
2022-05-18,1623.000000,1623.000000,1565.000000,1572.500000,1523.283691,2984009
2022-05-19,1550.000000,1562.750000,1540.349976,1547.949951,1499.501953,1798843
2022-05-20,1569.400024,1613.449951,1561.050049,1610.099976,1559.706909,2175224
2022-05-23,1629.000000,1660.000000,1605.599976,1644.150024,1592.691162,4177811
2022-05-24,1644.800049,1653.699951,1610.099976,1626.300049,1575.400024,1970395
2022-05-25,1633.000000,1639.699951,1571.099976,1574.750000,1525.463257,1417130
2022-05-26,1575.000000,1588.900024,1536.650024,1564.550049,1515.582642,3578710
2022-05-27,1575.199951,1606.000000,1574.000000,1600.300049,1550.213623,1279218
2022-05-30,1620.000000,1663.699951,1613.599976,1660.849976,1608.868530,2119326
2022-05-31,1660.500000,1674.400024,1645.000000,1654.500000,1602.717285,3534742
2022-06-01,1653.550049,1661.000000,1638.449951,1648.000000,1596.420654,1425466
2022-06-02,1632.000000,1649.449951,1623.699951,1637.150024,1585.910278,1852251
2022-06-03,1657.949951,1673.699951,1644.949951,1652.050049,1600.343994,2928263
2022-06-06,1652.150024,1662.300049,1634.099976,1640.199951,1588.864868,1538005
2022-06-07,1630.000000,1638.400024,1586.099976,1589.449951,1539.703247,2157491
2022-06-08,1595.000000,1607.800049,1570.099976,1584.550049,1534.956665,2122442
2022-06-09,1556.199951,1600.000000,1556.199951,1595.099976,1545.176270,1361104
2022-06-10,1570.000000,1594.500000,1569.050049,1585.099976,1535.489380,1337799
2022-06-13,1560.150024,1565.949951,1518.300049,1532.050049,1484.099854,2460367
2022-06-14,1532.050049,1554.300049,1525.199951,1544.650024,1496.305420,1983405
2022-06-15,1547.949951,1567.000000,1539.050049,1560.349976,1511.514038,1461683
2022-06-16,1568.400024,1575.000000,1516.750000,1527.400024,1479.595337,2329325
2022-06-17,1522.000000,1529.949951,1481.400024,1489.949951,1443.317383,4548572
2022-06-20,1490.000000,1497.849976,1456.349976,1471.800049,1425.735596,1837431
2022-06-21,1480.000000,1515.199951,1476.900024,1500.300049,1453.343506,1458922
2022-06-22,1490.000000,1490.949951,1468.000000,1478.750000,1432.467896,1906619
2022-06-23,1481.500000,1511.750000,1481.500000,1494.300049,1447.531128,1828491
2022-06-24,1501.750000,1512.000000,1489.000000,1494.849976,1448.063965,1731440
2022-06-27,1524.000000,1544.699951,1509.750000,1535.800049,1487.732422,2389778
2022-06-28,1530.000000,1557.500000,1524.099976,1551.500000,1502.941040,2072405
2022-06-29,1531.250000,1554.000000,1525.400024,1547.900024,1499.453613,1480197
2022-06-30,1549.050049,1566.900024,1542.099976,1558.250000,1509.479614,3308971
2022-07-01,1560.949951,1576.000000,1534.599976,1572.150024,1522.944702,1294305
2022-07-04,1572.099976,1587.449951,1550.199951,1581.699951,1532.195679,1269969
2022-07-05,1584.000000,1597.250000,1561.599976,1564.900024,1515.921509,1445200
2022-07-06,1565.550049,1590.500000,1551.800049,1556.150024,1507.445313,2422594
2022-07-07,1565.900024,1614.150024,1565.650024,1611.099976,1560.675537,1697912
2022-07-08,1621.000000,1702.000000,1618.000000,1687.449951,1634.635986,6516138
2022-07-11,1684.949951,1688.849976,1653.400024,1663.000000,1610.951172,1316037
2022-07-12,1655.000000,1672.900024,1649.050049,1653.750000,1601.990601,781516
2022-07-13,1664.000000,1683.250000,1644.400024,1647.250000,1595.694092,1914814
2022-07-14,1651.849976,1667.349976,1634.599976,1646.150024,1594.628662,1170472
2022-07-15,1653.900024,1687.849976,1649.199951,1684.849976,1632.117188,1345141
2022-07-18,1696.050049,1734.599976,1690.000000,1727.650024,1673.577881,3200640
2022-07-19,1719.949951,1734.949951,1714.000000,1729.800049,1675.660645,1351783
2022-07-20,1740.349976,1746.849976,1727.949951,1739.949951,1685.492798,1509911
2022-07-21,1726.900024,1768.949951,1715.099976,1765.150024,1731.801025,2827327
2022-07-22,1765.500000,1779.550049,1752.550049,1767.750000,1734.351929,1495629
2022-07-25,1765.000000,1785.500000,1760.050049,1782.449951,1748.774170,1916615
2022-07-26,1780.750000,1780.750000,1741.900024,1751.250000,1718.163696,1585897
2022-07-27,1754.000000,1819.500000,1750.000000,1796.650024,1762.706055,5369460
2022-07-28,1805.000000,1816.000000,1786.949951,1801.250000,1767.219116,1831059
2022-07-29,1814.949951,1832.500000,1794.000000,1808.050049,1773.890625,1747781
2022-08-01,1808.000000,1817.849976,1790.300049,1814.699951,1780.414795,1341943
2022-08-02,1809.000000,1811.650024,1775.699951,1793.050049,1759.174072,1749346
2022-08-03,1793.050049,1804.000000,1773.000000,1789.800049,1755.985352,1264299
2022-08-04,1793.800049,1814.800049,1775.000000,1780.099976,1746.468628,1856927
2022-08-05,1782.949951,1807.000000,1775.300049,1787.449951,1753.679688,1430542
2022-08-08,1796.400024,1832.050049,1790.250000,1829.650024,1795.082520,2625195
2022-08-10,1830.000000,1867.000000,1822.250000,1855.150024,1820.100708,3422074
2022-08-11,1870.050049,1878.800049,1855.199951,1867.150024,1831.874023,1918049
2022-08-12,1865.000000,1869.000000,1838.000000,1846.449951,1811.565063,1041383
2022-08-16,1860.000000,1864.000000,1842.000000,1848.900024,1813.968872,1426893
2022-08-17,1861.449951,1867.349976,1850.050049,1855.699951,1820.640259,1748371
2022-08-18,1857.000000,1898.550049,1850.000000,1894.550049,1858.756470,2519639
2022-08-19,1894.099976,1942.000000,1892.750000,1936.050049,1899.472412,4134598
2022-08-22,1937.099976,1944.000000,1875.000000,1880.650024,1845.119019,3175874
2022-08-23,1870.000000,1911.949951,1865.699951,1877.050049,1841.587158,1811509
2022-08-24,1876.000000,1898.000000,1851.599976,1893.349976,1857.578979,1534933
2022-08-25,1900.000000,1918.000000,1873.000000,1877.900024,1842.420898,1121363
2022-08-26,1890.199951,1912.000000,1887.199951,1905.400024,1869.401367,1119310
2022-08-29,1870.000000,1890.000000,1861.000000,1881.500000,1845.952881,1183546
2022-08-30,1893.900024,1928.000000,1889.150024,1922.500000,1886.178345,1394462
2022-09-01,1905.000000,1930.500000,1892.099976,1912.949951,1876.808716,2014905
2022-09-02,1900.500000,1958.800049,1900.250000,1940.500000,1903.838257,3201140
2022-09-05,1947.949951,1972.750000,1942.099976,1968.349976,1931.161987,2474746
2022-09-06,1973.800049,1985.099976,1951.300049,1962.300049,1925.226440,1172733
2022-09-07,1941.099976,1961.349976,1934.000000,1958.099976,1921.105713,1238549
2022-09-08,1967.900024,1977.000000,1947.550049,1974.400024,1937.097778,1632797
2022-09-09,1977.349976,1987.400024,1944.000000,1949.750000,1912.913452,980869
2022-09-12,1949.750000,1967.000000,1947.900024,1961.900024,1924.833862,791708
2022-09-13,1968.900024,1995.000000,1963.099976,1991.349976,1953.727539,1761021
2022-09-14,1964.650024,1972.949951,1949.400024,1953.900024,1916.984985,2322752
2022-09-15,1959.099976,1984.699951,1954.800049,1957.500000,1920.517090,1566565
2022-09-16,1947.000000,1956.900024,1915.000000,1920.000000,1883.725464,3881617
2022-09-19,1921.099976,1931.949951,1905.000000,1910.699951,1874.601196,1755456
2022-09-20,1931.000000,1955.800049,1925.000000,1932.699951,1896.185547,1666658
2022-09-21,1921.099976,1946.300049,1891.599976,1895.650024,1859.835571,1618385
2022-09-22,1882.000000,1905.599976,1873.000000,1888.199951,1852.526245,1875115
2022-09-23,1890.000000,1895.449951,1852.550049,1856.849976,1821.768555,1948766
2022-09-26,1849.000000,1876.800049,1818.000000,1851.449951,1816.470581,1529101
2022-09-27,1856.000000,1864.000000,1832.500000,1841.199951,1806.414185,1443698
2022-09-28,1829.699951,1856.000000,1825.599976,1835.449951,1800.772949,1853503
2022-09-29,1844.650024,1857.400024,1797.400024,1815.500000,1781.199707,2377718
2022-09-30,1823.949951,1882.949951,1816.050049,1847.699951,1812.791504,2339518
2022-10-03,1852.000000,1852.000000,1814.000000,1819.300049,1784.928223,1850414
2022-10-04,1835.300049,1880.949951,1835.300049,1871.550049,1836.190918,1637532
2022-10-06,1882.000000,1919.000000,1878.099976,1912.949951,1876.808716,2771898
2022-10-07,1905.000000,1928.949951,1903.050049,1924.550049,1888.189697,1469264
2022-10-10,1905.000000,1917.000000,1883.500000,1909.650024,1873.571167,1656954
2022-10-11,1923.800049,1923.800049,1871.250000,1878.949951,1843.451050,1047963
2022-10-12,1880.000000,1916.000000,1858.050049,1911.250000,1875.140869,1907748
2022-10-13,1901.000000,1912.000000,1868.250000,1876.150024,1840.703979,1303645
2022-10-14,1900.000000,1936.750000,1898.449951,1911.599976,1875.484253,1819114
2022-10-17,1902.900024,1914.000000,1878.400024,1883.199951,1847.620728,2588147
2022-10-18,1893.099976,1931.199951,1893.099976,1918.099976,1881.861450,1401849
2022-10-19,1920.000000,1947.000000,1901.650024,1904.900024,1868.910767,1636141
2022-10-20,1898.650024,1917.800049,1886.300049,1904.150024,1868.174927,1374019
2022-10-21,1913.699951,1925.000000,1867.099976,1876.750000,1841.292603,2225676
2022-10-24,1906.000000,1919.900024,1900.000000,1909.750000,1873.669189,269400
2022-10-25,1915.000000,1954.650024,1891.550049,1949.099976,1912.275757,2136147
2022-10-27,1952.099976,1971.849976,1949.900024,1964.050049,1926.943359,2245395
2022-10-28,1972.000000,1986.000000,1963.800049,1975.050049,1937.735596,2013794
2022-10-31,1986.000000,2034.650024,1978.199951,2023.099976,1984.877686,3176507
2022-11-01,2032.000000,2056.000000,1990.050049,2024.449951,1986.202148,4464211
2022-11-02,2036.500000,2042.000000,2000.000000,2013.300049,1975.262817,1889651
2022-11-03,2006.000000,2022.500000,1993.000000,2008.699951,1970.749634,1052241
2022-11-04,2010.000000,2029.349976,2004.750000,2015.099976,1977.028809,2312753
2022-11-07,2021.400024,2032.000000,1993.000000,2017.650024,1979.530640,1395070
2022-11-09,2025.050049,2036.949951,1996.250000,2003.500000,1965.647949,1301233
2022-11-10,1995.000000,2001.849976,1970.199951,1977.650024,1940.286377,1261210
2022-11-11,2003.599976,2018.800049,1991.949951,2011.099976,1973.104370,1203125
2022-11-14,2013.050049,2021.900024,1995.250000,1999.800049,1962.017944,1175155
2022-11-15,2003.000000,2017.000000,1978.099976,1996.550049,1958.829224,1450841
2022-11-16,1986.000000,2009.849976,1985.050049,2003.599976,1965.745972,1195832
2022-11-17,2002.000000,2059.000000,2001.099976,2029.550049,1991.205933,3786182
2022-11-18,2039.000000,2050.949951,2006.849976,2024.449951,1986.202148,1248459
2022-11-21,2019.000000,2033.000000,2007.000000,2011.449951,1973.447754,714687
2022-11-22,2021.550049,2033.150024,2019.599976,2029.800049,1991.451172,1337869
2022-11-23,2038.949951,2044.000000,2018.000000,2025.000000,1986.741821,1046988
2022-11-24,2030.500000,2060.000000,2028.400024,2052.199951,2013.427979,1611889
2022-11-25,2061.000000,2095.800049,2058.449951,2062.750000,2023.778687,2652761
2022-11-28,2064.350098,2072.000000,2052.000000,2064.449951,2025.446411,1105372
2022-11-29,2070.000000,2072.000000,2038.599976,2050.550049,2011.809082,1413764
2022-11-30,2053.000000,2086.000000,2045.000000,2074.850098,2035.650024,2104550
2022-12-01,2085.250000,2110.000000,2079.449951,2104.250000,2064.494385,2614357
2022-12-02,2096.100098,2098.899902,2069.149902,2085.500000,2046.098633,1957264
2022-12-05,2095.949951,2096.800049,2068.850098,2085.600098,2046.196899,1767537
2022-12-06,2081.000000,2100.000000,2067.000000,2093.500000,2053.947754,1530731
2022-12-07,2096.300049,2144.000000,2096.300049,2124.000000,2083.871582,3438327
2022-12-08,2120.000000,2175.000000,2120.000000,2167.699951,2126.745605,3743754
2022-12-09,2168.000000,2194.350098,2137.500000,2154.050049,2113.353760,2573609
2022-12-12,2148.899902,2169.000000,2134.550049,2163.699951,2122.821289,1536090
2022-12-13,2170.000000,2175.699951,2152.500000,2172.899902,2131.847412,1233124
2022-12-14,2176.949951,2210.000000,2175.050049,2195.449951,2153.971436,1516631
2022-12-15,2196.699951,2209.000000,2173.600098,2177.550049,2136.409668,1323412
2022-12-16,2161.000000,2211.600098,2161.000000,2175.000000,2133.907715,2822390
2022-12-19,2171.000000,2187.449951,2155.050049,2184.000000,2142.737793,1592779
2022-12-20,2179.899902,2179.899902,2138.000000,2163.250000,2122.379883,1747181
2022-12-21,2153.100098,2174.949951,2142.850098,2146.300049,2105.750244,1979681
2022-12-22,2144.000000,2148.350098,2096.899902,2109.949951,2070.086670,1993744
2022-12-23,2094.500000,2104.149902,2050.100098,2062.750000,2023.778687,2026125
2022-12-26,2052.750000,2108.000000,2051.000000,2091.050049,2051.543945,1154610
2022-12-27,2101.550049,2128.000000,2085.000000,2124.100098,2083.969482,1059351
2022-12-28,2129.000000,2136.000000,2113.649902,2121.100098,2081.026123,1153883
2022-12-29,2109.649902,2120.550049,2094.149902,2110.899902,2071.018799,1517150
2022-12-30,2115.000000,2133.000000,2081.100098,2085.800049,2046.393188,1189427
2023-01-02,2092.899902,2097.600098,2075.050049,2089.449951,2049.974121,807344
2023-01-03,2088.000000,2096.800049,2067.949951,2088.949951,2049.483398,1260225
2023-01-04,2090.949951,2101.449951,2058.000000,2070.550049,2031.431396,1015547
2023-01-05,2080.000000,2099.199951,2068.500000,2087.350098,2047.913818,1881403
2023-01-06,2090.199951,2121.699951,2071.850098,2086.550049,2047.128906,1877917
2023-01-09,2108.000000,2127.300049,2100.750000,2121.699951,2081.614746,1844365
2023-01-10,2131.899902,2131.899902,2097.199951,2106.649902,2066.849121,1425414
2023-01-11,2106.100098,2140.000000,2097.100098,2125.350098,2085.195801,1455621
2023-01-12,2118.100098,2164.649902,2118.100098,2159.750000,2118.945801,2726901
2023-01-13,2161.899902,2164.850098,2117.199951,2153.399902,2112.715820,2180210
2023-01-16,2147.000000,2161.000000,2132.300049,2137.199951,2096.822021,1009649
2023-01-17,2139.899902,2217.800049,2136.399902,2213.100098,2171.288086,4645453
2023-01-18,2221.000000,2274.800049,2200.000000,2266.500000,2223.679199,4090049
2023-01-19,2259.850098,2283.800049,2241.000000,2273.100098,2230.154297,2176835
2023-01-20,2282.449951,2297.649902,2238.449951,2249.949951,2207.441895,1962410
2023-01-23,2255.000000,2273.300049,2227.000000,2233.500000,2191.302490,1466706
2023-01-24,2244.699951,2252.300049,2200.000000,2207.500000,2165.793701,1036962
2023-01-25,2201.000000,2205.000000,2155.000000,2174.699951,2133.613525,2134447
2023-01-27,2174.699951,2195.000000,2127.100098,2159.850098,2119.044189,1647900
2023-01-30,2129.399902,2173.250000,2083.800049,2112.899902,2072.980957,3441304
2023-01-31,2119.949951,2132.750000,2072.649902,2124.399902,2084.263672,4516463
2023-02-01,2133.000000,2215.949951,2080.300049,2145.550049,2105.014404,6868872
2023-02-02,2135.600098,2166.949951,2107.850098,2144.899902,2104.376465,3488506
2023-02-03,2176.949951,2181.850098,2131.050049,2166.550049,2125.617676,2045634
2023-02-06,2164.250000,2181.600098,2142.300049,2156.100098,2115.364990,1332484
2023-02-07,2162.250000,2172.000000,2150.050049,2165.300049,2124.391113,1089248
2023-02-08,2160.550049,2175.250000,2125.550049,2130.850098,2090.592041,1452145
2023-02-09,2150.000000,2151.949951,2135.699951,2147.399902,2106.829346,1563181
2023-02-10,2140.199951,2169.949951,2137.550049,2163.850098,2122.968506,1454665
2023-02-13,2173.000000,2210.399902,2160.199951,2203.300049,2161.673340,2978938
2023-02-14,2215.000000,2216.000000,2182.149902,2191.649902,2150.243164,1874906
2023-02-15,2186.000000,2187.850098,2157.250000,2175.050049,2133.957031,1946344
2023-02-16,2186.800049,2202.300049,2171.699951,2178.300049,2137.145508,2464602
2023-02-17,2169.800049,2249.000000,2160.000000,2226.350098,2184.287842,3753179
2023-02-20,2233.699951,2252.000000,2215.000000,2225.500000,2183.453857,1779752
2023-02-21,2239.000000,2262.000000,2222.699951,2229.449951,2187.329346,1882604
2023-02-22,2229.000000,2241.000000,2182.050049,2194.750000,2153.284668,2103097
2023-02-23,2204.000000,2208.199951,2153.500000,2159.149902,2118.357178,2000556
2023-02-24,2160.000000,2172.300049,2118.750000,2134.050049,2093.731445,1479060
2023-02-27,2134.050049,2139.899902,2082.100098,2113.699951,2073.766113,1398112
2023-02-28,2115.000000,2138.300049,2085.000000,2109.149902,2069.302002,2108587
2023-03-01,2100.000000,2130.000000,2100.000000,2115.300049,2075.335693,1389077
2023-03-02,2129.949951,2149.000000,2107.550049,2121.600098,2081.516846,1727640
2023-03-03,2140.000000,2159.899902,2132.250000,2152.050049,2111.391357,1821066
2023-03-06,2158.250000,2184.850098,2139.800049,2141.149902,2100.697266,1821012
2023-03-08,2152.000000,2189.600098,2140.600098,2170.800049,2129.787109,2965342
2023-03-09,2174.949951,2199.000000,2171.500000,2193.199951,2151.763916,1873933
2023-03-10,2171.500000,2182.000000,2133.000000,2157.850098,2117.081787,1900535
2023-03-13,2164.050049,2178.949951,2107.000000,2133.850098,2093.535400,2334468
2023-03-14,2144.350098,2171.000000,2134.399902,2144.199951,2103.689697,2871343
2023-03-15,2164.199951,2212.449951,2160.000000,2176.649902,2135.526611,3044201
2023-03-16,2184.899902,2187.000000,2132.000000,2173.600098,2132.534424,2946792
2023-03-17,2186.699951,2228.899902,2186.699951,2195.750000,2154.265869,3286473
2023-03-20,2191.100098,2205.000000,2152.000000,2177.550049,2136.409668,1996773
2023-03-21,2182.699951,2227.000000,2182.000000,2208.449951,2166.726074,3178680
2023-03-22,2219.500000,2246.250000,2207.899902,2213.949951,2172.121826,1956033
2023-03-23,2214.000000,2242.000000,2200.550049,2206.649902,2164.959717,2455799
2023-03-24,2206.000000,2219.350098,2153.050049,2166.149902,2125.224854,1449544
2023-03-27,2175.050049,2190.000000,2150.000000,2154.000000,2113.304443,1540581
2023-03-28,2167.750000,2169.800049,2122.449951,2133.600098,2093.290039,1627243
2023-03-29,2137.649902,2159.300049,2121.000000,2147.449951,2106.878174,2372385
2023-03-31,2156.500000,2176.949951,2150.550049,2164.199951,2123.311768,1489542
2023-04-03,2180.000000,2183.500000,2155.000000,2170.149902,2129.149414,1231654
2023-04-05,2170.000000,2262.500000,2165.000000,2257.750000,2215.094727,2763363
2023-04-06,2257.750000,2291.649902,2254.449951,2274.250000,2231.282715,2389899
2023-04-10,2284.899902,2319.899902,2278.050049,2309.699951,2266.062988,1955914
2023-04-11,2320.000000,2330.000000,2287.300049,2301.500000,2258.018066,1342440
2023-04-12,2304.000000,2312.699951,2281.949951,2288.500000,2245.263428,1165839
2023-04-13,2294.800049,2295.000000,2242.449951,2258.750000,2216.075684,1956668
2023-04-17,2258.750000,2273.800049,2201.149902,2214.000000,2172.170898,4125850
2023-04-18,2220.000000,2230.000000,2188.000000,2216.600098,2174.721924,2848601
2023-04-19,2208.100098,2235.000000,2208.100098,2219.600098,2177.665283,1970015
2023-04-20,2225.000000,2251.449951,2222.250000,2232.750000,2190.566650,1898996
2023-04-21,2240.149902,2243.000000,2202.000000,2215.199951,2173.348389,1009316
2023-04-24,2220.000000,2232.699951,2186.550049,2228.899902,2186.789551,1239073
2023-04-25,2231.050049,2254.000000,2218.100098,2247.949951,2205.479492,1350118
2023-04-26,2247.850098,2287.300049,2244.050049,2276.149902,2233.146729,1894812
2023-04-27,2275.750000,2310.000000,2267.100098,2305.600098,2262.040527,1252989
2023-04-28,2312.300049,2369.000000,2312.300049,2364.399902,2319.729248,2884961
2023-05-02,2373.199951,2416.350098,2373.199951,2384.449951,2339.400635,1840153
2023-05-03,2384.100098,2390.000000,2348.500000,2356.300049,2311.782715,998235
2023-05-04,2361.800049,2381.649902,2342.850098,2356.899902,2312.371094,1230912
2023-05-05,2357.000000,2406.949951,2357.000000,2377.500000,2332.582031,2425866
2023-05-08,2377.449951,2385.000000,2354.050049,2365.399902,2320.710449,1583576
2023-05-09,2367.649902,2401.899902,2367.649902,2374.350098,2329.491943,1417301
2023-05-10,2387.000000,2388.949951,2350.000000,2364.449951,2319.778564,1675409
2023-05-11,2300.000000,2314.050049,2237.350098,2242.149902,2199.789063,9470848
2023-05-12,2222.649902,2235.000000,2197.350098,2221.100098,2179.136963,5367292
2023-05-15,2220.899902,2260.000000,2215.000000,2246.850098,2204.400391,2662740
2023-05-16,2254.600098,2255.000000,2223.100098,2227.199951,2185.121582,2528855
2023-05-17,2224.350098,2244.000000,2210.199951,2219.600098,2177.665283,1961004
2023-05-18,2230.000000,2233.550049,2181.000000,2188.199951,2146.858643,2290757
2023-05-19,2192.000000,2199.050049,2168.500000,2190.050049,2148.673584,1729803
2023-05-22,2190.000000,2222.000000,2178.399902,2216.600098,2174.721924,1112099
2023-05-23,2225.600098,2228.600098,2194.000000,2197.649902,2156.129883,2265389
2023-05-24,2200.000000,2208.500000,2176.000000,2185.149902,2143.865967,2648479
2023-05-25,2190.000000,2207.300049,2178.000000,2204.699951,2163.046631,1689521
2023-05-26,2209.000000,2220.750000,2201.000000,2218.449951,2176.536865,1249128
2023-05-29,2225.000000,2241.800049,2220.199951,2224.550049,2182.521484,1369656
2023-05-30,2230.000000,2237.000000,2207.199951,2210.800049,2169.031738,1716729
2023-05-31,2201.100098,2224.000000,2200.000000,2205.649902,2163.978516,2809284
2023-06-01,2217.000000,2222.000000,2202.149902,2207.800049,2166.087891,1049488
2023-06-02,2221.000000,2237.300049,2212.149902,2234.550049,2192.333008,1399950
2023-06-05,2245.000000,2272.800049,2240.000000,2268.300049,2225.445313,2344944
2023-06-06,2269.000000,2280.699951,2263.699951,2277.949951,2234.912598,1677680
2023-06-07,2278.000000,2318.000000,2278.000000,2315.500000,2271.753662,2128603
2023-06-08,2316.949951,2345.050049,2312.750000,2340.300049,2296.084717,2556995
2023-06-09,2345.000000,2368.850098,2338.250000,2363.000000,2318.355957,2501720
2023-06-12,2365.000000,2370.000000,2333.100098,2339.949951,2295.741455,1172382
2023-06-13,2345.850098,2357.899902,2327.100098,2354.399902,2309.918457,1688768
2023-06-14,2352.899902,2360.000000,2340.000000,2355.050049,2310.556152,1013564
2023-06-15,2355.000000,2369.500000,2349.000000,2361.300049,2316.687988,2561534
2023-06-16,2363.750000,2380.000000,2352.250000,2366.800049,2322.084473,1794542
2023-06-19,2379.000000,2419.899902,2361.000000,2366.350098,2321.642822,3111256
2023-06-20,2364.949951,2389.649902,2354.449951,2382.000000,2336.997070,1771306
2023-06-21,2382.000000,2412.000000,2382.000000,2394.449951,2349.211670,1607299
2023-06-22,2394.600098,2424.000000,2380.000000,2416.250000,2370.599854,1741775
2023-06-23,2418.949951,2427.000000,2383.250000,2389.550049,2344.404541,1212955
2023-06-26,2398.100098,2403.850098,2367.949951,2377.550049,2332.630859,793572
2023-06-27,2387.449951,2396.949951,2371.550049,2388.050049,2342.932617,1012317
2023-06-28,2400.000000,2432.899902,2390.050049,2421.449951,2375.701660,1734938
2023-06-30,2420.000000,2483.500000,2415.050049,2475.550049,2428.779785,2690699
2023-07-03,2478.199951,2492.399902,2448.000000,2454.050049,2407.685791,1078456
2023-07-04,2458.199951,2484.399902,2458.199951,2461.850098,2415.338379,1441581
2023-07-05,2461.000000,2484.949951,2454.350098,2470.800049,2424.119385,1191896
2023-07-06,2468.100098,2499.949951,2467.550049,2488.600098,2441.583252,1796824
2023-07-07,2482.750000,2504.000000,2444.600098,2449.350098,2403.074951,1837661
2023-07-10,2450.000000,2463.350098,2420.000000,2438.750000,2392.674805,1178479
2023-07-11,2447.199951,2479.000000,2447.199951,2474.550049,2427.798340,1219658
2023-07-12,2480.300049,2485.949951,2447.800049,2454.949951,2408.568604,1822435
2023-07-13,2466.000000,2484.899902,2446.250000,2450.149902,2403.859131,1141663
2023-07-14,2450.250000,2477.050049,2448.649902,2472.250000,2425.541748,845623
2023-07-17,2475.000000,2494.000000,2465.000000,2468.800049,2422.157227,878697
2023-07-18,2469.000000,2489.949951,2468.100098,2474.699951,2427.945557,720865
2023-07-19,2474.600098,2502.949951,2466.399902,2494.149902,2447.028076,1431080
2023-07-20,2494.000000,2495.699951,2469.050049,2489.699951,2442.662354,1045704
2023-07-21,2522.000000,2595.000000,2521.100098,2586.250000,2537.388184,4610417
2023-07-24,2637.649902,2638.000000,2583.899902,2605.250000,2556.029053,2155297
2023-07-25,2616.000000,2617.750000,2553.000000,2560.899902,2512.517090,2068876
2023-07-26,2591.000000,2673.850098,2585.000000,2646.250000,2596.254395,5820099
2023-07-27,2668.949951,2676.350098,2646.449951,2660.199951,2609.941162,2117794
2023-07-28,2660.149902,2668.149902,2625.000000,2649.550049,2599.492188,1325724
2023-07-31,2655.000000,2690.000000,2631.100098,2681.350098,2630.691406,1284981
2023-08-01,2681.350098,2689.000000,2655.350098,2666.649902,2639.897949,1298745
2023-08-02,2638.000000,2644.949951,2602.699951,2622.149902,2601.698242,1479486
2023-08-03,2615.000000,2642.750000,2586.300049,2598.100098,2577.835938,1612618
2023-08-04,2605.000000,2635.000000,2598.500000,2626.899902,2606.411133,1101278
2023-08-07,2628.000000,2654.000000,2623.100098,2635.899902,2615.341064,1163125
2023-08-08,2639.050049,2649.500000,2628.300049,2632.199951,2611.669922,767310
2023-08-09,2635.000000,2655.000000,2615.250000,2651.600098,2630.918701,906865
2023-08-10,2640.100098,2661.600098,2621.649902,2643.500000,2622.881836,1040041
2023-08-11,2642.050049,2656.899902,2631.250000,2638.500000,2617.920898,1320121
2023-08-14,2637.000000,2663.550049,2616.000000,2659.899902,2639.153809,1364413
2023-08-16,2669.000000,2695.000000,2652.050049,2691.050049,2670.061035,1703875
2023-08-17,2691.050049,2691.050049,2642.000000,2652.500000,2631.811768,1629067
2023-08-18,2650.000000,2674.699951,2632.750000,2641.949951,2621.343994,1898966
2023-08-21,2641.850098,2666.600098,2623.449951,2662.250000,2641.485596,1376318
2023-08-22,2668.000000,2685.649902,2662.000000,2678.800049,2657.906494,1497180
2023-08-23,2689.550049,2726.000000,2682.449951,2717.600098,2696.404053,1990672
2023-08-24,2747.500000,2766.800049,2680.600098,2688.149902,2667.183594,2619182
2023-08-25,2677.449951,2682.699951,2631.000000,2638.399902,2617.821533,1408427
2023-08-28,2653.550049,2700.000000,2650.050049,2695.350098,2674.327637,1551734
2023-08-29,2710.000000,2722.100098,2696.300049,2718.949951,2697.743408,1101830
2023-08-30,2722.949951,2737.649902,2707.000000,2709.000000,2687.871094,1920079
2023-08-31,2720.000000,2724.600098,2678.350098,2702.699951,2681.620117,2439625
2023-09-01,2710.000000,2715.949951,2688.300049,2702.100098,2681.024902,1263430
2023-09-04,2733.000000,2742.000000,2705.000000,2711.100098,2689.954590,1548282
2023-09-05,2720.500000,2739.000000,2720.000000,2732.949951,2711.634033,1066447
2023-09-06,2740.000000,2742.800049,2712.000000,2730.449951,2709.153564,1747425
2023-09-07,2733.000000,2855.949951,2730.000000,2846.399902,2824.199219,4100519
2023-09-08,2888.000000,2928.699951,2872.449951,2901.600098,2878.968994,3638510
2023-09-11,2905.000000,2926.000000,2890.050049,2894.199951,2871.626465,1545803
2023-09-12,2951.600098,3009.000000,2932.449951,2944.100098,2921.137451,7788759
2023-09-13,2943.500000,2943.699951,2888.449951,2906.750000,2884.078613,2458417
2023-09-14,2924.899902,2931.649902,2906.000000,2918.600098,2895.836182,1910041
2023-09-15,2933.000000,2934.949951,2900.000000,2908.550049,2885.864502,1655275
2023-09-18,2910.000000,2930.000000,2907.000000,2919.850098,2897.076416,736631
2023-09-20,2926.949951,2944.949951,2886.050049,2890.000000,2867.459229,1399240
2023-09-21,2885.050049,2905.100098,2846.050049,2899.350098,2876.736328,2444711
2023-09-22,2908.699951,2936.449951,2902.250000,2918.500000,2895.737061,1965569
2023-09-25,2917.949951,2923.800049,2871.000000,2902.500000,2879.861816,1049532
2023-09-26,2915.000000,2944.000000,2910.000000,2912.550049,2889.833496,953456
2023-09-27,2922.000000,2994.899902,2911.649902,2965.050049,2941.923828,2903693
2023-09-28,2989.000000,3050.500000,2978.250000,3010.000000,2986.523193,4081102
2023-09-29,3040.000000,3058.350098,3005.250000,3023.550049,2999.967773,2698016
2023-10-03,3040.500000,3077.449951,2995.100098,3073.250000,3049.280029,3254492
2023-10-04,3064.100098,3064.100098,2990.050049,3027.750000,3004.134766,3100946
2023-10-05,3032.550049,3114.899902,3032.550049,3096.050049,3071.902100,3413447
2023-10-06,3114.949951,3114.949951,3073.149902,3093.699951,3069.570557,1898118
2023-10-09,3075.000000,3085.000000,3055.550049,3074.699951,3050.718506,1181760
2023-10-10,3073.850098,3099.000000,3072.149902,3076.000000,3052.008545,1551789
2023-10-11,3090.000000,3110.000000,3084.399902,3088.699951,3064.609375,2066921
2023-10-12,3094.000000,3105.050049,3067.050049,3081.750000,3057.713623,1870280
2023-10-13,3067.750000,3099.000000,3063.500000,3089.600098,3065.502441,1437808
2023-10-16,3098.949951,3113.250000,3074.699951,3101.899902,3077.706543,818794
2023-10-17,3109.899902,3114.199951,3063.000000,3066.300049,3042.384277,1847182
2023-10-18,3068.649902,3079.149902,3037.149902,3045.600098,3021.845703,1350839
2023-10-19,3025.600098,3069.899902,3007.149902,3054.399902,3030.576904,1599104
2023-10-20,3039.949951,3056.250000,2977.300049,3012.350098,2988.854980,1667471
2023-10-23,3003.000000,3006.899902,2949.000000,2958.300049,2935.226563,1614030
2023-10-25,2959.000000,2965.500000,2910.300049,2916.100098,2893.355713,2108353
2023-10-26,2906.000000,2916.149902,2857.050049,2864.600098,2842.257568,3286109
2023-10-27,2864.649902,2910.550049,2857.649902,2901.899902,2879.266357,2399538
2023-10-30,2899.199951,2932.000000,2856.149902,2926.350098,2903.525879,1693052
2023-10-31,2929.949951,2951.550049,2907.949951,2929.050049,2906.204834,1556467
2023-11-01,2947.449951,2983.149902,2871.050049,2895.300049,2872.718018,3875595
2023-11-02,2935.000000,2937.850098,2903.199951,2918.100098,2895.340088,1451606
2023-11-03,2934.000000,2948.050049,2905.000000,2911.250000,2888.543457,1136175
2023-11-06,2933.000000,2979.000000,2927.250000,2975.449951,2952.242676,1235499
2023-11-07,2970.000000,2983.600098,2956.100098,2961.300049,2938.203125,1112206
2023-11-08,2974.699951,3002.750000,2961.000000,2996.449951,2973.078857,1013438
2023-11-09,3003.000000,3028.699951,2997.000000,3024.850098,3001.257568,1719911
2023-11-10,3021.050049,3044.000000,3005.250000,3033.250000,3009.592041,947753
2023-11-13,3050.000000,3054.350098,3031.649902,3048.500000,3024.723145,531769
2023-11-15,3062.350098,3071.050049,3055.000000,3064.949951,3041.044678,1160184
2023-11-16,3057.949951,3082.100098,3045.000000,3051.149902,3027.352295,1597607
2023-11-17,3050.000000,3115.449951,3045.149902,3109.000000,3084.751221,1325050
2023-11-20,3095.100098,3111.949951,3076.199951,3088.800049,3064.708740,1231164
2023-11-21,3088.500000,3099.000000,3062.449951,3074.850098,3050.867676,1884782
2023-11-22,3074.850098,3088.649902,3062.500000,3082.300049,3058.259521,1104208
2023-11-23,3080.000000,3088.000000,3031.050049,3045.649902,3021.895264,1514688
2023-11-24,3050.000000,3067.000000,3039.600098,3054.250000,3030.428223,915121
2023-11-28,3054.000000,3059.149902,3035.000000,3050.000000,3026.211426,1210508
2023-11-29,3050.000000,3089.899902,3049.000000,3083.750000,3059.697998,1801107
2023-11-30,3076.300049,3124.550049,3058.699951,3109.199951,3084.949463,3131624
2023-12-01,3129.949951,3197.949951,3121.050049,3190.649902,3165.764160,2112908
2023-12-04,3285.000000,3347.550049,3250.000000,3313.550049,3287.705811,3095974
2023-12-05,3319.050049,3325.000000,3279.050049,3315.449951,3289.590820,1659309
2023-12-06,3330.000000,3401.000000,3321.000000,3392.300049,3365.841553,2057233
2023-12-07,3392.300049,3409.899902,3337.050049,3355.600098,3329.427979,2128823
2023-12-08,3377.000000,3430.000000,3366.000000,3378.449951,3352.099609,2428891
2023-12-11,3377.949951,3405.000000,3360.000000,3385.800049,3359.392334,1534238
2023-12-12,3375.000000,3375.000000,3332.000000,3342.399902,3316.330566,1888423
2023-12-13,3352.949951,3410.000000,3346.199951,3399.800049,3373.283203,1509107
2023-12-14,3425.949951,3440.000000,3400.100098,3433.100098,3406.323486,2425646
2023-12-15,3435.149902,3498.899902,3432.850098,3488.000000,3460.795166,2632935
2023-12-18,3496.000000,3506.000000,3466.000000,3491.600098,3464.367188,1767429
2023-12-19,3488.949951,3525.000000,3476.050049,3498.949951,3471.659668,1311700
2023-12-20,3505.000000,3514.600098,3412.550049,3418.500000,3391.837158,1876048
2023-12-21,3390.050049,3439.949951,3333.000000,3424.149902,3397.443115,2292802
2023-12-22,3424.000000,3496.000000,3408.600098,3477.949951,3450.823486,1681707
2023-12-26,3477.949951,3508.350098,3477.949951,3490.050049,3462.829102,1072263
2023-12-27,3510.000000,3549.000000,3504.149902,3544.000000,3516.358398,1389266
2023-12-28,3545.000000,3559.949951,3500.500000,3518.050049,3490.610840,3371121
2023-12-29,3531.000000,3540.000000,3495.000000,3526.000000,3498.498779,968577
2024-01-01,3538.000000,3538.000000,3496.050049,3525.449951,3497.952881,777080
2024-01-02,3525.050049,3525.449951,3432.000000,3438.100098,3411.284424,1511464
2024-01-03,3433.000000,3465.850098,3411.600098,3440.350098,3413.516846,1283859
2024-01-04,3441.050049,3480.100098,3423.000000,3458.699951,3431.723633,1651616
2024-01-05,3464.949951,3555.000000,3460.000000,3521.899902,3494.430664,2069018
2024-01-08,3540.000000,3559.949951,3490.000000,3501.100098,3473.792969,1993855
2024-01-09,3527.449951,3593.750000,3520.100098,3555.949951,3528.215088,1807271
2024-01-10,3549.949951,3558.949951,3520.000000,3545.500000,3517.846680,1534821
2024-01-11,3545.500000,3559.550049,3500.550049,3504.850098,3477.513672,1105348
2024-01-12,3505.050049,3578.649902,3494.050049,3568.800049,3540.964844,1782631
2024-01-15,3576.100098,3605.699951,3538.050049,3543.050049,3515.415771,1783518
2024-01-16,3548.000000,3589.000000,3538.000000,3573.500000,3545.628174,1791818
2024-01-17,3555.000000,3614.449951,3547.699951,3570.949951,3543.098145,2699076
2024-01-18,3570.800049,3616.949951,3525.000000,3596.000000,3567.952881,2148898
2024-01-19,3603.000000,3655.850098,3603.000000,3646.000000,3617.562744,1913923
2024-01-23,3637.600098,3661.350098,3536.199951,3551.000000,3523.303711,1742142
2024-01-24,3570.000000,3617.949951,3521.699951,3589.199951,3561.205811,3711521
2024-01-25,3599.899902,3618.250000,3564.800049,3593.449951,3565.422607,2206540
2024-01-29,3604.000000,3733.850098,3600.100098,3708.000000,3679.079102,2072982
2024-01-30,3715.949951,3737.899902,3624.899902,3633.300049,3604.961914,1454989
2024-01-31,3520.000000,3538.000000,3387.050049,3479.750000,3452.609375,9637606
2024-02-01,3480.000000,3493.750000,3371.000000,3398.000000,3371.497070,6149780
2024-02-02,3402.699951,3436.350098,3361.000000,3376.050049,3349.718262,7579802
2024-02-05,3375.500000,3407.949951,3318.449951,3341.750000,3315.685791,2954238
2024-02-06,3346.000000,3427.750000,3337.550049,3424.250000,3397.542236,2545192
2024-02-07,3445.000000,3447.000000,3389.000000,3394.699951,3368.222656,2099940
2024-02-08,3413.000000,3417.800049,3293.850098,3335.500000,3309.484619,3471727
2024-02-09,3336.250000,3390.000000,3308.949951,3324.550049,3298.620117,3121873
2024-02-12,3330.000000,3339.149902,3287.000000,3299.550049,3273.814941,1922273
2024-02-13,3312.000000,3338.550049,3284.100098,3321.500000,3295.593750,2151493
2024-02-14,3290.050049,3316.949951,3263.050049,3309.000000,3283.191162,2502138
2024-02-15,3309.000000,3321.949951,3290.199951,3300.300049,3274.559082,1999189
2024-02-16,3304.949951,3398.000000,3304.050049,3386.750000,3360.334717,2768329
2024-02-19,3400.550049,3408.000000,3335.500000,3339.850098,3313.800781,1216447
2024-02-20,3339.850098,3367.750000,3328.449951,3356.750000,3330.568848,1578162
2024-02-21,3356.899902,3356.899902,3290.050049,3296.399902,3270.689453,2430672
2024-02-22,3310.000000,3369.000000,3276.949951,3363.750000,3337.514160,2521388
2024-02-23,3363.750000,3399.899902,3340.750000,3387.949951,3361.525391,2107176
2024-02-26,3400.000000,3491.649902,3393.000000,3470.149902,3443.084229,4122419
2024-02-27,3475.000000,3512.000000,3451.899902,3506.449951,3479.101074,2122286
2024-02-28,3505.000000,3513.000000,3446.149902,3470.199951,3443.133789,1666903
2024-02-29,3485.000000,3496.000000,3436.449951,3477.550049,3450.426758,2119512
2024-03-01,3501.649902,3658.350098,3500.000000,3633.500000,3605.160156,4407803
2024-03-04,3670.000000,3679.800049,3622.050049,3644.449951,3616.024902,1307501
2024-03-05,3631.199951,3644.449951,3590.300049,3612.600098,3584.423340,1981370
2024-03-06,3618.000000,3652.449951,3586.050049,3642.199951,3613.792480,1500196
2024-03-07,3660.750000,3705.149902,3643.250000,3676.949951,3648.271240,2344401
2024-03-11,3700.000000,3700.000000,3631.449951,3640.600098,3612.205078,1748541
2024-03-12,3639.050049,3672.000000,3613.149902,3621.649902,3593.402588,1470377
2024-03-13,3634.899902,3636.800049,3511.899902,3538.550049,3510.950928,2503293
2024-03-14,3527.050049,3636.000000,3522.000000,3608.199951,3580.057617,4528490
2024-03-15,3598.000000,3603.000000,3524.050049,3537.149902,3509.561768,4054210
2024-03-18,3537.149902,3572.199951,3526.699951,3561.199951,3533.424072,1354787
2024-03-19,3541.000000,3549.500000,3481.000000,3501.699951,3474.388184,1447405
2024-03-20,3502.750000,3524.949951,3487.750000,3509.699951,3482.325928,1442811
2024-03-21,3525.149902,3596.000000,3525.149902,3560.000000,3532.233643,2504962
2024-03-22,3546.199951,3647.300049,3546.199951,3617.800049,3589.582764,3020545
2024-03-26,3605.000000,3676.899902,3600.000000,3670.100098,3641.474854,2320963
2024-03-27,3683.000000,3727.199951,3670.100098,3706.399902,3677.491699,2387693
2024-03-28,3706.550049,3813.350098,3697.550049,3763.899902,3734.543213,4278668
2024-04-01,3780.850098,3851.850098,3780.850098,3838.000000,3808.065186,1905190
2024-04-02,3849.800049,3860.000000,3771.250000,3807.399902,3777.703857,3608162
2024-04-03,3799.699951,3799.699951,3770.149902,3782.449951,3752.948486,1684618
2024-04-04,3804.899902,3819.750000,3731.050049,3797.850098,3768.228516,2339529
2024-04-05,3770.100098,3790.000000,3716.250000,3743.100098,3713.905518,1645597
2024-04-08,3745.000000,3819.800049,3743.100098,3807.850098,3778.150635,1083395
2024-04-09,3820.000000,3827.949951,3775.000000,3785.250000,3755.726807,1997057
2024-04-10,3800.000000,3800.000000,3750.100098,3753.199951,3723.926514,1951581
2024-04-12,3749.949951,3802.100098,3663.500000,3679.250000,3650.553467,3437544
2024-04-15,3626.050049,3679.850098,3586.199951,3600.800049,3572.715332,1719910
2024-04-16,3580.050049,3598.149902,3529.449951,3543.449951,3515.812500,2291042
2024-04-18,3561.949951,3617.649902,3539.699951,3550.949951,3523.254150,3273257
2024-04-19,3525.000000,3542.899902,3472.399902,3518.350098,3490.908447,2759031
2024-04-22,3568.750000,3620.000000,3540.949951,3612.699951,3584.522461,2605754
2024-04-23,3632.750000,3632.750000,3588.000000,3610.149902,3581.992188,1434580
2024-04-24,3616.550049,3654.949951,3601.100098,3634.850098,3606.499756,1501234
2024-04-25,3616.100098,3666.000000,3611.600098,3652.300049,3623.813721,2420380
2024-04-26,3652.000000,3660.899902,3585.000000,3605.199951,3577.081055,1973113
2024-04-29,3606.100098,3649.899902,3605.199951,3634.300049,3605.954102,1396979
2024-04-30,3639.000000,3648.949951,3584.050049,3594.300049,3566.266113,1571996
2024-05-02,3590.050049,3634.149902,3576.050049,3599.500000,3571.425537,3748847
2024-05-03,3610.000000,3622.000000,3488.449951,3499.800049,3472.503174,4079696
2024-05-06,3522.800049,3527.000000,3441.100098,3463.300049,3436.287842,2614667
2024-05-07,3479.399902,3496.000000,3425.000000,3427.750000,3401.015137,3376013
2024-05-08,3429.000000,3497.399902,3367.800049,3486.850098,3459.654297,4116670
2024-05-09,3312.750000,3377.000000,3266.649902,3275.449951,3249.902832,12120574
2024-05-10,3281.600098,3306.149902,3234.600098,3271.449951,3245.934082,4132191
2024-05-13,3267.050049,3315.000000,3225.199951,3293.850098,3268.159424,3557067
2024-05-14,3300.000000,3384.899902,3293.399902,3379.449951,3353.091797,2870328
2024-05-15,3390.000000,3417.399902,3353.149902,3411.300049,3384.693359,2718682
2024-05-16,3428.949951,3468.500000,3378.699951,3460.600098,3433.608887,3398714
2024-05-17,3475.949951,3475.949951,3412.149902,3450.750000,3423.835693,2676919
2024-05-21,3458.000000,3470.300049,3434.000000,3440.949951,3414.112061,2100848
2024-05-22,3450.050049,3472.699951,3435.050049,3460.850098,3433.856934,1409992
2024-05-23,3460.899902,3601.649902,3455.000000,3585.399902,3557.435303,4525637
2024-05-24,3586.000000,3659.000000,3582.300049,3625.899902,3597.619385,2740360
2024-05-27,3644.899902,3695.000000,3600.000000,3652.000000,3623.515869,2570708
2024-05-28,3652.000000,3685.250000,3646.050049,3658.199951,3629.667480,1440187
2024-05-29,3611.000000,3661.850098,3610.350098,3634.800049,3606.450195,1506146
2024-05-30,3626.050049,3643.949951,3607.750000,3634.699951,3606.350830,2701849
2024-05-31,3636.399902,3744.800049,3636.399902,3669.300049,3640.681152,6432341
2024-06-03,3855.399902,3919.899902,3801.100098,3897.149902,3866.753906,5767666
2024-06-04,3852.000000,3898.000000,3320.000000,3403.199951,3376.656494,9920882
2024-06-05,3441.500000,3441.500000,3175.050049,3409.000000,3382.411377,10372458
2024-06-06,3438.000000,3538.199951,3385.300049,3482.550049,3455.387695,8374602
2024-06-07,3465.050049,3548.000000,3446.000000,3532.500000,3504.947998,5879660
2024-06-10,3521.050049,3585.000000,3521.050049,3543.750000,3516.110352,3151257
2024-06-11,3570.000000,3639.000000,3551.199951,3598.699951,3570.631592,2548176
2024-06-12,3615.000000,3648.949951,3578.000000,3630.300049,3601.985352,2242274
2024-06-13,3665.500000,3715.899902,3635.000000,3703.649902,3674.762939,2965500
2024-06-14,3718.000000,3720.000000,3675.000000,3687.800049,3659.036865,1746508
2024-06-18,3708.000000,3710.000000,3675.000000,3689.199951,3660.425781,1936792
2024-06-19,3690.000000,3699.000000,3575.000000,3589.949951,3561.949951,2936151
2024-06-20,3584.949951,3613.300049,3564.600098,3594.449951,3594.449951,2618715
2024-06-21,3604.050049,3610.000000,3516.000000,3535.000000,3535.000000,4508508
2024-06-24,3520.350098,3567.000000,3505.000000,3531.600098,3531.600098,2330559
2024-06-25,3556.500000,3591.949951,3528.000000,3587.800049,3587.800049,2158039
2024-06-26,3601.000000,3624.899902,3592.250000,3602.949951,3602.949951,2480187
2024-06-27,3597.449951,3601.300049,3550.000000,3564.399902,3564.399902,5519875
2024-06-28,3540.000000,3575.949951,3538.100098,3548.449951,3548.449951,3141514
2024-07-01,3535.199951,3541.399902,3514.000000,3526.550049,3526.550049,2961120
2024-07-02,3535.050049,3634.000000,3535.050049,3626.500000,3626.500000,5087748
2024-07-03,3650.350098,3650.500000,3605.000000,3614.350098,3614.350098,1923801
2024-07-04,3616.100098,3644.000000,3565.800049,3573.300049,3573.300049,1851947
2024-07-05,3573.300049,3638.000000,3568.000000,3627.149902,3627.149902,1635209
2024-07-08,3640.100098,3645.699951,3594.000000,3632.000000,3632.000000,1706210
2024-07-09,3650.000000,3685.000000,3646.100098,3666.100098,3666.100098,2425176
2024-07-10,3685.050049,3694.000000,3601.000000,3650.050049,3650.050049,2231438
2024-07-11,3660.000000,3684.600098,3603.000000,3621.100098,3621.100098,2942924
2024-07-12,3630.000000,3667.699951,3612.699951,3649.350098,3649.350098,2001185
2024-07-15,3670.000000,3674.000000,3637.000000,3651.600098,3651.600098,943302
2024-07-16,3646.100098,3651.600098,3621.000000,3636.550049,3636.550049,2220953
2024-07-18,3640.000000,3679.250000,3598.649902,3656.199951,3656.199951,3240772
2024-07-19,3651.000000,3658.949951,3610.000000,3618.500000,3618.500000,2432533
2024-07-22,3617.899902,3661.850098,3567.600098,3651.449951,3651.449951,3639057
2024-07-23,3669.600098,3714.000000,3460.000000,3538.050049,3538.050049,6957691
2024-07-24,3549.000000,3557.949951,3501.000000,3519.449951,3519.449951,3184060
2024-07-25,3539.000000,3630.899902,3532.050049,3619.149902,3619.149902,4691483
2024-07-26,3629.000000,3701.000000,3596.100098,3679.899902,3679.899902,2617659
2024-07-29,3701.000000,3784.899902,3686.600098,3769.000000,3769.000000,2316070