Date,Open,High,Low,Close,Adj Close,Volume
2019-01-01,7449.750000,7494.000000,7395.000000,7476.799805,7147.149414,625360
2019-01-02,7445.000000,7460.000000,7244.000000,7267.850098,6947.412598,891844
2019-01-03,7280.000000,7350.000000,7185.600098,7203.950195,6886.330078,715168
2019-01-04,7239.000000,7309.000000,7161.200195,7234.500000,6915.532227,774445
2019-01-07,7310.000000,7407.000000,7300.000000,7362.049805,7037.458496,687845
2019-01-08,7380.000000,7454.799805,7322.100098,7439.500000,7111.493652,516841
2019-01-09,7460.500000,7529.000000,7414.000000,7492.899902,7162.540039,740580
2019-01-10,7500.000000,7511.000000,7360.149902,7391.600098,7065.706055,452699
2019-01-11,7382.700195,7400.000000,7282.000000,7320.500000,6997.740723,488399
2019-01-14,7330.000000,7433.350098,7257.000000,7408.700195,7082.052246,424152
2019-01-15,7430.000000,7470.000000,7317.000000,7355.149902,7030.862793,491196
2019-01-16,7349.500000,7384.000000,7291.100098,7310.250000,6987.942871,424769
2019-01-17,7339.000000,7398.950195,7307.500000,7336.250000,7012.796387,462725
2019-01-18,7345.000000,7379.950195,7318.000000,7357.950195,7033.540039,334555
2019-01-21,7358.000000,7380.000000,7161.000000,7208.399902,6890.583496,654537
2019-01-22,7180.000000,7180.000000,7054.500000,7068.850098,6757.185547,896521
2019-01-23,7050.000000,7132.250000,7025.000000,7045.399902,6734.770020,702474
2019-01-24,7059.899902,7098.000000,7014.399902,7040.600098,6730.181152,520703
2019-01-25,7054.000000,7133.000000,6410.000000,6513.399902,6226.226074,3062762
2019-01-28,6512.500000,6610.000000,6317.700195,6511.049805,6223.979004,2398091
2019-01-29,6480.000000,6619.149902,6447.399902,6526.950195,6239.178711,1101399
2019-01-30,6559.000000,6588.000000,6508.000000,6548.250000,6259.539063,583773
2019-01-31,6575.000000,6660.049805,6460.049805,6641.149902,6348.342773,926270
2019-02-01,6679.000000,7204.000000,6652.549805,6962.299805,6655.333984,2545419
2019-02-04,6975.000000,7039.000000,6851.649902,6988.200195,6680.092773,658776
2019-02-05,6995.000000,7125.000000,6985.399902,7093.600098,6780.845215,681498
2019-02-06,7120.000000,7220.000000,7067.000000,7183.399902,6866.685059,567827
2019-02-07,7201.000000,7320.000000,7185.100098,7302.549805,6980.581543,690174
2019-02-08,7270.000000,7300.000000,7100.000000,7134.250000,6819.702637,576159
2019-02-11,7150.000000,7209.950195,7051.100098,7177.899902,6861.428223,502244
2019-02-12,7193.000000,7230.000000,7127.950195,7162.500000,6846.707520,494592
2019-02-14,7036.700195,7111.200195,6990.000000,7017.500000,6708.100098,622311
2019-02-15,7027.399902,7058.700195,6900.000000,6930.049805,6624.505371,768798
2019-02-18,6964.700195,6997.799805,6817.000000,6842.700195,6541.006836,509963
2019-02-19,6855.000000,6915.899902,6771.000000,6804.549805,6504.538574,493861
2019-02-20,6842.000000,6888.000000,6804.399902,6849.899902,6547.889648,534284
2019-02-21,6868.950195,6879.649902,6715.000000,6801.549805,6501.670898,722938
2019-02-22,6827.000000,6939.000000,6819.049805,6912.399902,6607.633301,764535
2019-02-25,6948.000000,6984.899902,6870.049805,6924.899902,6619.582520,495728
2019-02-26,6885.000000,6975.000000,6812.600098,6904.299805,6599.890625,673415
2019-02-27,6943.000000,7048.000000,6853.200195,6968.500000,6661.260742,961829
2019-02-28,7010.000000,7040.000000,6801.000000,6829.700195,6528.580078,1031563
2019-03-01,6876.799805,6950.000000,6827.250000,6935.149902,6629.380859,768822
2019-03-05,6950.000000,7158.149902,6894.450195,7117.750000,6803.930176,838538
2019-03-06,7137.850098,7144.899902,7010.000000,7056.899902,6745.763184,557197
2019-03-07,7078.000000,7092.500000,7002.000000,7029.049805,6719.140625,396771
2019-03-08,6975.000000,7025.000000,6951.000000,6967.700195,6660.495117,486432
2019-03-11,6980.000000,7121.600098,6975.000000,7081.899902,6769.660156,720905
2019-03-12,7097.000000,7232.000000,7096.000000,7157.200195,6841.641113,828847
2019-03-13,7177.000000,7202.950195,7050.000000,7091.049805,6778.407227,534982
2019-03-14,7103.000000,7148.000000,7047.250000,7086.299805,6773.866211,584482
2019-03-15,7109.000000,7157.000000,7060.000000,7084.000000,6771.667969,861945
2019-03-18,7077.450195,7077.450195,6776.600098,6894.000000,6590.044922,1336134
2019-03-19,6900.000000,6901.950195,6809.250000,6825.200195,6524.278809,816763
2019-03-20,6860.000000,6860.000000,6650.000000,6673.549805,6379.314453,1017560
2019-03-22,6567.000000,6716.299805,6532.350098,6552.700195,6263.793457,1715983
2019-03-25,6515.000000,6621.000000,6491.200195,6522.600098,6235.020020,1093184
2019-03-26,6558.000000,6600.000000,6480.000000,6585.700195,6295.337891,909087
2019-03-27,6628.000000,6640.000000,6500.000000,6518.000000,6230.622559,887601
2019-03-28,6535.000000,6625.000000,6501.200195,6596.250000,6305.422852,949713
2019-04-01,6730.799805,6870.000000,6700.000000,6840.700195,6539.095703,1142386
2019-04-02,6859.450195,6900.700195,6785.500000,6889.700195,6585.935059,866805
2019-04-03,6896.000000,7098.000000,6896.000000,7072.899902,6761.057129,1491021
2019-04-04,7120.000000,7170.000000,7061.649902,7113.100098,6799.485840,1388375
2019-04-05,7095.000000,7143.950195,7050.000000,7107.700195,6794.323242,729603
2019-04-08,7107.000000,7150.000000,7044.700195,7129.450195,6815.114258,498374
2019-04-09,7134.000000,7235.000000,7080.000000,7216.549805,6898.374023,741669
2019-04-10,7218.950195,7218.950195,7144.600098,7186.350098,6869.505371,590107
2019-04-11,7186.950195,7220.000000,7150.000000,7187.850098,6870.939453,609539
2019-04-12,7188.899902,7357.000000,7161.049805,7342.850098,7019.105469,929935
2019-04-15,7351.049805,7389.950195,7295.000000,7352.500000,7028.329590,585205
2019-04-16,7369.899902,7475.000000,7350.000000,7458.549805,7129.703613,707823
2019-04-18,7533.100098,7539.350098,7434.049805,7447.450195,7119.093750,713163
2019-04-22,7422.000000,7424.899902,7300.000000,7321.250000,6998.458008,479609
2019-04-23,7327.000000,7388.899902,7006.000000,7048.899902,6738.115723,952628
2019-04-24,7065.000000,7101.950195,6910.000000,7016.700195,6707.335449,1063510
2019-04-25,7014.750000,7144.950195,6865.000000,6905.250000,6600.798828,3075510
2019-04-26,6805.000000,6886.850098,6750.000000,6842.850098,6541.149902,1999920
2019-04-30,6700.000000,6750.000000,6630.000000,6666.399902,6372.479980,1640025
2019-05-02,6550.000000,6709.950195,6525.000000,6683.250000,6388.586914,1337101
2019-05-03,6675.000000,6780.000000,6675.000000,6710.000000,6414.157715,795679
2019-05-06,6659.000000,6732.000000,6639.299805,6709.649902,6413.822754,480317
2019-05-07,6744.899902,6785.250000,6680.000000,6702.000000,6406.510254,586684
2019-05-08,6679.000000,6693.000000,6616.000000,6650.149902,6356.946289,552749
2019-05-09,6637.000000,6678.000000,6600.000000,6624.950195,6332.857910,570000
2019-05-10,6623.000000,6664.899902,6575.000000,6631.600098,6339.214844,608669
2019-05-13,6626.000000,6659.299805,6500.000000,6543.750000,6255.237793,555672
2019-05-14,6511.000000,6612.000000,6450.000000,6576.200195,6286.256836,843313
2019-05-15,6590.000000,6640.000000,6463.299805,6493.750000,6207.441895,612357
2019-05-16,6506.000000,6527.299805,6441.399902,6479.649902,6193.963867,555991
2019-05-17,6497.000000,6790.000000,6485.000000,6706.850098,6411.146484,782196
2019-05-20,6875.000000,7150.000000,6860.000000,7084.600098,6772.241699,1286198
2019-05-21,7105.000000,7137.750000,6818.000000,6875.350098,6572.217773,973836
2019-05-22,6877.200195,6930.549805,6841.000000,6899.799805,6595.588867,645280
2019-05-23,6996.000000,7049.100098,6830.000000,6929.250000,6623.741211,1364516
2019-05-24,6964.950195,7120.000000,6886.750000,7093.149902,6780.414063,1002742
2019-05-27,7095.000000,7193.899902,6900.049805,7068.450195,6756.803711,1022289
2019-05-28,7067.000000,7130.000000,7031.500000,7054.649902,6743.612305,915732
2019-05-29,7001.000000,7009.000000,6870.000000,6891.450195,6587.607910,768022
2019-05-30,6890.000000,6921.000000,6825.000000,6867.700195,6564.904785,850456
2019-05-31,6891.000000,6961.299805,6825.000000,6869.850098,6566.959961,1084204
2019-06-03,6760.000000,7055.000000,6760.000000,7022.899902,6713.261230,1157809
2019-06-04,7000.000000,7099.000000,6971.750000,7051.799805,6740.887695,575281
2019-06-06,7060.200195,7099.000000,6928.000000,6988.700195,6680.569824,720856
2019-06-07,6990.000000,6990.000000,6862.649902,6948.250000,6641.903320,470376
2019-06-10,6980.000000,7043.299805,6922.000000,6969.950195,6662.646484,395116
2019-06-11,6989.950195,7018.200195,6930.000000,6978.299805,6670.627930,387309
2019-06-12,6963.799805,6967.950195,6825.049805,6852.000000,6549.896973,494886
2019-06-13,6843.000000,6863.700195,6766.299805,6784.700195,6485.564453,561159
2019-06-14,6775.000000,6839.000000,6727.350098,6747.399902,6449.908691,449930
2019-06-17,6749.399902,6768.049805,6560.500000,6581.649902,6291.466797,567397
2019-06-18,6604.500000,6649.000000,6390.000000,6439.000000,6155.105957,1048826
2019-06-19,6485.000000,6560.649902,6380.000000,6424.649902,6141.388672,715496
2019-06-20,6390.000000,6649.000000,6340.250000,6616.750000,6325.019531,992450
2019-06-21,6549.000000,6549.000000,6370.200195,6417.250000,6134.314941,1345890
2019-06-24,6411.000000,6497.100098,6322.850098,6459.899902,6175.084473,911826
2019-06-25,6459.000000,6540.000000,6427.350098,6522.500000,6234.924316,580392
2019-06-26,6519.000000,6557.799805,6460.100098,6480.299805,6194.584961,572239
2019-06-27,6496.200195,6575.000000,6475.000000,6486.700195,6200.703125,1022011
2019-06-28,6500.000000,6550.000000,6475.000000,6534.649902,6246.538086,618701
2019-07-01,6600.000000,6618.000000,6490.000000,6507.850098,6220.919922,754667
2019-07-02,6510.049805,6588.799805,6482.000000,6560.000000,6270.770996,518084
2019-07-03,6582.000000,6590.000000,6515.049805,6533.799805,6245.726074,517709
2019-07-04,6540.000000,6588.000000,6510.200195,6544.450195,6255.907227,576449
2019-07-05,6547.200195,6579.000000,6300.000000,6360.000000,6079.588867,866460
2019-07-08,6280.100098,6283.149902,5985.649902,6038.700195,5772.455078,1927495
2019-07-09,6060.000000,6070.000000,5910.000000,5945.450195,5683.316406,1337999
2019-07-10,5959.000000,5995.000000,5900.000000,5927.899902,5666.540039,809385
2019-07-11,5974.000000,6050.000000,5930.000000,6031.200195,5765.286133,779113
2019-07-12,6017.700195,6090.000000,5951.950195,5971.450195,5708.169922,719883
2019-07-15,5980.000000,6096.000000,5955.000000,6079.700195,5811.647949,675004
2019-07-16,6079.950195,6172.000000,6056.000000,6158.049805,5886.542480,627259
2019-07-17,6168.000000,6174.000000,6050.000000,6075.700195,5807.824219,598778
2019-07-18,6054.399902,6055.700195,5857.500000,5882.350098,5622.998535,1097857
2019-07-19,5885.000000,5910.950195,5710.100098,5769.100098,5514.742188,1228672
2019-07-22,5780.000000,5940.000000,5745.049805,5912.500000,5651.819336,897510
2019-07-23,5910.000000,5972.399902,5820.200195,5873.750000,5614.777832,841517
2019-07-24,5865.000000,5865.000000,5725.299805,5768.000000,5513.689941,800687
2019-07-25,5789.100098,5844.950195,5701.049805,5756.750000,5502.936523,990461
2019-07-26,5728.000000,5955.000000,5683.899902,5805.649902,5549.680176,2346714
2019-07-29,5770.000000,5770.000000,5540.000000,5561.250000,5316.055664,1548125
2019-07-30,5562.000000,5644.850098,5492.000000,5507.149902,5264.341309,1189163
2019-07-31,5525.799805,5582.299805,5446.049805,5469.700195,5228.542480,1053202
2019-08-01,5469.700195,5615.000000,5450.000000,5572.600098,5326.905762,1134178
2019-08-02,5539.600098,5724.000000,5485.000000,5689.350098,5438.507813,1391678
2019-08-05,5600.000000,5695.000000,5452.000000,5670.350098,5420.345215,1122496
2019-08-06,5640.000000,5849.000000,5640.000000,5833.299805,5576.111328,1125521
2019-08-07,5833.950195,5867.000000,5735.700195,5775.000000,5520.381836,955090
2019-08-08,5725.000000,5947.000000,5725.000000,5902.250000,5642.020996,831725
2019-08-09,5937.649902,6155.000000,5927.200195,6099.899902,5830.956543,1445079
2019-08-13,6099.700195,6123.000000,5791.549805,5815.450195,5559.048340,909354
2019-08-14,5792.000000,5933.399902,5710.000000,5816.000000,5637.120605,1030939
2019-08-16,5805.000000,5995.000000,5590.000000,5975.049805,5791.278809,1207075
2019-08-19,5999.000000,6024.399902,5911.600098,5982.549805,5798.547363,902389
2019-08-20,6003.000000,6233.000000,5959.049805,6190.950195,6000.538574,2198337
2019-08-21,6223.000000,6276.000000,6141.000000,6228.899902,6037.321289,2128640
2019-08-22,6200.000000,6298.500000,6168.000000,6208.549805,6017.597168,1551394
2019-08-23,6160.000000,6279.600098,6040.000000,6254.350098,6061.988770,1232405
2019-08-26,6460.000000,6466.700195,6116.149902,6255.549805,6063.151367,1552155
2019-08-27,6297.500000,6340.000000,6256.000000,6277.750000,6084.668945,1078065
2019-08-28,6248.000000,6248.000000,6070.000000,6103.399902,5915.681152,1242304
2019-08-29,6103.399902,6198.000000,6065.000000,6110.200195,5922.272461,1006756
2019-08-30,6144.000000,6159.250000,6052.899902,6123.750000,5935.405273,794518
2019-09-03,6035.000000,6130.000000,6002.250000,6049.700195,5863.633301,1173373
2019-09-04,6062.000000,6076.200195,5800.000000,5830.750000,5651.416992,1964992
2019-09-05,5805.000000,5998.000000,5791.250000,5968.649902,5785.075195,1149196
2019-09-06,5997.700195,6220.000000,5962.100098,6186.950195,5996.661621,1524051
2019-09-09,6085.000000,6366.950195,6040.000000,6335.500000,6140.642578,2061193
2019-09-11,6330.000000,6630.000000,6285.100098,6597.299805,6394.390625,2492039
2019-09-12,6565.000000,6640.000000,6370.000000,6392.049805,6195.453613,1892862
2019-09-13,6434.000000,6512.799805,6340.000000,6450.299805,6251.911621,1929801
2019-09-16,6349.899902,6489.000000,6340.100098,6412.750000,6215.516602,1377371
2019-09-17,6410.000000,6445.850098,6110.000000,6130.399902,5941.851074,1706567
2019-09-18,6165.000000,6211.799805,5986.600098,6095.049805,5907.587891,1955137
2019-09-19,6139.000000,6175.000000,5942.399902,5971.750000,5788.080078,1721431
2019-09-20,6015.000000,6949.799805,5982.450195,6591.950195,6389.205566,4892962
2019-09-23,6676.100098,7000.000000,6676.100098,6897.850098,6685.697266,3140286
2019-09-24,6935.000000,7177.899902,6855.000000,7009.100098,6793.524902,2354230
2019-09-25,7000.000000,7000.000000,6602.000000,6638.500000,6434.323242,2296343
2019-09-26,6700.000000,6899.899902,6681.049805,6857.450195,6646.539551,1893865
2019-09-27,6860.000000,6915.000000,6735.000000,6773.700195,6565.365234,1457894
2019-09-30,6773.000000,6809.600098,6640.000000,6715.799805,6509.246094,1264165
2019-10-01,6720.000000,6850.000000,6650.000000,6782.000000,6573.410156,1473158
2019-10-03,6786.600098,6794.950195,6680.000000,6754.049805,6546.319336,850852
2019-10-04,6793.000000,6845.899902,6618.399902,6649.600098,6445.082520,1065056
2019-10-07,6674.700195,6699.000000,6558.149902,6629.850098,6425.939941,696713
2019-10-09,6628.000000,6743.799805,6590.000000,6719.549805,6512.880371,1017731
2019-10-10,6700.000000,6742.100098,6558.250000,6605.450195,6402.290527,985523
2019-10-11,6626.299805,6720.000000,6626.299805,6698.899902,6492.865234,835065
2019-10-14,6697.950195,6874.549805,6696.049805,6821.100098,6611.307129,963217
2019-10-15,6811.000000,7019.000000,6809.000000,6985.750000,6770.893555,1276061
2019-10-16,7003.450195,7013.899902,6895.000000,6975.000000,6760.473633,876844
2019-10-17,6977.000000,7155.549805,6940.000000,7123.899902,6904.793945,1248295
2019-10-18,7081.299805,7450.000000,7061.649902,7302.299805,7077.707520,1463126
2019-10-22,7333.000000,7392.000000,7232.000000,7256.250000,7033.073730,959552
2019-10-23,7201.049805,7472.000000,7200.000000,7440.250000,7211.414551,1278695
2019-10-24,7460.000000,7475.000000,7271.000000,7391.399902,7164.066895,1658859
2019-10-25,7396.500000,7509.000000,7353.850098,7471.149902,7241.363770,1353615
2019-10-27,7477.000000,7500.000000,7392.049805,7422.100098,7193.822754,128351
2019-10-29,7416.000000,7758.700195,7381.850098,7721.299805,7483.820313,1396732
2019-10-30,7744.000000,7753.649902,7539.700195,7556.950195,7324.525391,1243366
2019-10-31,7612.899902,7645.000000,7502.000000,7559.399902,7326.899902,1067275
2019-11-01,7599.950195,7649.000000,7545.100098,7618.649902,7384.327148,1151035
2019-11-04,7550.000000,7625.000000,7407.450195,7424.000000,7195.664551,824953
2019-11-05,7429.950195,7541.950195,7325.000000,7389.000000,7161.740723,1207089
2019-11-06,7395.000000,7415.000000,7295.000000,7311.149902,7086.285156,923041
2019-11-07,7357.000000,7357.000000,7241.000000,7287.149902,7063.023438,877885
2019-11-08,7286.450195,7370.000000,7178.049805,7200.549805,6979.086426,983936
2019-11-11,7160.000000,7237.450195,7074.000000,7137.299805,6917.782227,864507
2019-11-13,7130.000000,7169.850098,7095.000000,7154.600098,6934.550293,687017
2019-11-14,7160.000000,7270.000000,7160.000000,7247.149902,7024.253418,802462
2019-11-15,7300.000000,7359.000000,7116.200195,7147.200195,6927.377930,1049492
2019-11-18,7150.000000,7177.000000,7075.000000,7098.450195,6880.126953,537228
2019-11-19,7146.000000,7155.000000,7032.000000,7045.450195,6828.756836,755114
2019-11-20,7120.000000,7218.000000,7044.000000,7152.750000,6932.756836,1289948
2019-11-21,7150.000000,7200.000000,7004.799805,7019.049805,6803.169434,763454
2019-11-22,7034.000000,7077.450195,7000.000000,7060.450195,6843.295898,685503
2019-11-25,7075.200195,7263.500000,7040.299805,7236.100098,7013.543457,952419
2019-11-26,7238.000000,7274.000000,7084.000000,7125.000000,6905.860352,1249810
2019-11-27,7166.600098,7300.000000,7166.600098,7294.399902,7070.049805,1070680
2019-11-28,7299.799805,7321.100098,7220.950195,7261.250000,7037.919922,602077
2019-11-29,7254.000000,7293.850098,7132.000000,7245.850098,7022.993164,792083
2019-12-02,7291.000000,7294.850098,7106.750000,7139.350098,6919.769043,703838
2019-12-03,7142.649902,7240.000000,7060.000000,7138.799805,6919.235840,668269
2019-12-04,7129.799805,7170.000000,7052.000000,7076.100098,6858.464355,737723
2019-12-05,7090.000000,7125.149902,6990.549805,7012.850098,6797.160156,602894
2019-12-06,7012.850098,7050.000000,6864.100098,6886.700195,6674.890137,770911
2019-12-09,7007.000000,7108.000000,6952.350098,6994.750000,6779.616699,1479832
2019-12-10,7019.000000,7048.950195,6905.000000,6963.649902,6749.473145,790378
2019-12-11,7000.000000,7035.000000,6955.200195,6993.200195,6778.114258,603048
2019-12-12,7030.399902,7045.950195,6975.500000,6999.799805,6784.510742,932863
2019-12-13,7043.950195,7249.000000,7030.149902,7214.950195,6993.043945,1199360
2019-12-16,7240.000000,7257.700195,7125.000000,7140.049805,6920.447266,727854
2019-12-17,7209.899902,7276.500000,7166.000000,7195.149902,6973.853027,939918
2019-12-18,7220.000000,7254.950195,7164.000000,7240.649902,7017.953125,841740
2019-12-19,7248.950195,7310.000000,7166.000000,7240.649902,7017.953125,1001697
2019-12-20,7240.649902,7304.350098,7227.500000,7261.500000,7038.162109,679779
2019-12-23,7275.000000,7378.600098,7250.100098,7360.899902,7134.504883,914067
2019-12-24,7397.000000,7423.700195,7302.000000,7327.799805,7102.422852,850537
2019-12-26,7334.000000,7343.450195,7222.000000,7240.899902,7018.195801,556360
2019-12-27,7268.000000,7368.500000,7251.399902,7344.899902,7118.997070,665383
2019-12-30,7378.000000,7431.950195,7341.600098,7416.250000,7188.152832,739631
2019-12-31,7412.500000,7412.500000,7355.250000,7368.600098,7141.968262,560622
2020-01-01,7377.000000,7409.950195,7282.049805,7311.700195,7086.818359,634725
2020-01-02,7327.600098,7368.000000,7312.000000,7329.850098,7104.410156,616838
2020-01-03,7328.950195,7332.000000,7226.000000,7254.250000,7031.135254,571967
2020-01-06,7200.000000,7210.000000,7026.500000,7042.399902,6825.800781,748516
2020-01-07,7100.000000,7165.600098,7026.399902,7073.600098,6856.041992,590500
2020-01-08,7060.000000,7116.649902,6980.450195,7035.200195,6818.822754,793313
2020-01-09,7140.000000,7240.000000,7102.000000,7227.899902,7005.595703,798184
2020-01-10,7261.399902,7349.899902,7234.399902,7330.500000,7105.040039,747847
2020-01-13,7332.000000,7370.000000,7279.799805,7352.700195,7126.557617,537399
2020-01-14,7355.000000,7412.399902,7325.600098,7386.799805,7159.607910,548522
2020-01-15,7388.950195,7505.000000,7353.000000,7482.950195,7252.801270,692726
2020-01-16,7456.500000,7521.000000,7421.200195,7462.649902,7233.125488,640207
2020-01-17,7469.000000,7569.899902,7432.549805,7520.149902,7288.856934,750738
2020-01-20,7521.250000,7529.500000,7421.049805,7449.600098,7220.477051,407828
2020-01-21,7411.500000,7434.649902,7287.799805,7302.649902,7078.046875,442561
2020-01-22,7340.000000,7374.950195,7107.950195,7135.600098,6916.134277,1048435
2020-01-23,7145.399902,7220.000000,7123.149902,7147.100098,6927.280762,589326
2020-01-24,7148.799805,7210.000000,7111.250000,7128.450195,6909.204590,645723
2020-01-27,7101.500000,7225.000000,7061.000000,7148.799805,6928.928223,573149
2020-01-28,7179.950195,7219.950195,6963.000000,6997.049805,6781.845703,1614448
2020-01-29,7010.000000,7116.250000,6975.000000,7010.299805,6794.687988,1001252
2020-01-30,7020.000000,7049.000000,6981.000000,7020.450195,6804.526367,579174
2020-01-31,7035.000000,7064.000000,6895.549805,6913.500000,6700.865234,868935
2020-02-03,6780.000000,7044.850098,6780.000000,7011.299805,6795.657227,1010531
2020-02-04,7020.000000,7215.000000,7001.000000,7199.600098,6978.166016,973311
2020-02-05,7215.000000,7231.600098,7025.600098,7040.899902,6824.346680,718489
2020-02-06,7075.000000,7120.350098,6976.799805,7021.600098,6805.640625,875714
2020-02-07,7039.000000,7050.000000,6935.000000,6971.750000,6757.323730,645814
2020-02-10,6975.000000,6989.100098,6851.100098,6892.899902,6680.898926,593773
2020-02-11,6950.000000,7089.000000,6912.299805,7033.750000,6817.416992,743160
2020-02-12,7056.100098,7110.000000,7007.950195,7043.299805,6826.673340,599364
2020-02-13,7050.000000,7056.000000,6925.000000,7005.049805,6789.599609,723169
2020-02-14,7000.049805,7088.950195,6901.000000,6913.799805,6701.155762,614859
2020-02-17,6920.000000,6980.000000,6880.000000,6906.750000,6694.322754,463548
2020-02-18,6925.000000,6930.000000,6735.799805,6781.100098,6572.538086,830678
2020-02-19,6850.000000,6854.950195,6624.600098,6756.600098,6548.791016,1033939
2020-02-20,6761.000000,6807.549805,6720.000000,6757.600098,6549.760254,682513
2020-02-24,6710.000000,6710.000000,6439.799805,6470.399902,6271.393555,1091346
2020-02-25,6505.399902,6510.000000,6376.549805,6414.549805,6217.261230,964897
2020-02-26,6350.000000,6368.850098,6186.049805,6234.850098,6043.087891,1580738
2020-02-27,6230.000000,6338.049805,6166.799805,6289.799805,6096.348145,1492657
2020-02-28,6163.049805,6367.350098,6103.200195,6283.100098,6089.854004,1468843
2020-03-02,6400.950195,6439.549805,6250.000000,6285.149902,6091.841797,1219764
2020-03-03,6318.000000,6422.149902,6280.500000,6386.049805,6189.637695,849199
2020-03-04,6390.000000,6424.000000,6209.000000,6384.350098,6187.990723,904360
2020-03-05,6411.899902,6464.000000,6330.200195,6365.950195,6170.155762,645853
2020-03-06,6196.399902,6480.000000,6100.149902,6445.950195,6247.695801,1140899
2020-03-09,6301.000000,6374.000000,6079.399902,6201.100098,6010.376465,1082030
2020-03-11,6160.000000,6310.950195,6105.000000,6146.299805,5957.262207,937029
2020-03-12,5939.299805,5939.299805,5555.549805,5643.149902,5469.586914,1345964
2020-03-13,5325.200195,6063.500000,4803.049805,5838.600098,5659.025879,1480205
2020-03-16,5638.600098,5688.000000,5400.000000,5480.250000,5311.697266,933412
2020-03-17,5502.000000,5746.950195,5502.000000,5603.950195,5431.592773,1238640
2020-03-18,5671.000000,5688.799805,5312.549805,5352.649902,5188.021484,973395
2020-03-19,4870.000000,5096.600098,4652.549805,4819.549805,4671.317871,2554559
2020-03-20,4869.000000,5225.000000,4812.600098,5079.200195,4922.982422,1614552
2020-03-23,4575.000000,4790.000000,4141.000000,4220.350098,4090.546875,1531965
2020-03-24,4341.000000,4570.000000,4030.000000,4486.450195,4348.462891,1746431
2020-03-25,4439.000000,5159.399902,4310.100098,5005.950195,4851.985352,1728819
2020-03-26,5024.450195,5120.000000,4750.000000,4878.000000,4727.970215,1338787
2020-03-27,5100.000000,5136.500000,4555.000000,4646.100098,4503.202637,1339426
2020-03-30,4587.450195,4639.950195,4270.000000,4328.450195,4195.322754,1528082
2020-03-31,4450.000000,4468.049805,4210.000000,4288.299805,4156.406738,2140261
2020-04-01,4290.000000,4424.850098,4190.100098,4246.350098,4115.747559,1323842
2020-04-03,4250.000000,4267.000000,4001.100098,4011.500000,3888.120850,1724808
2020-04-07,4150.000000,4612.899902,4120.000000,4553.649902,4413.595703,2688172
2020-04-08,4406.500000,4925.000000,4406.500000,4698.100098,4553.603027,2798833
2020-04-09,4794.450195,5399.000000,4736.200195,5326.649902,5162.821777,3786650
2020-04-13,5285.000000,5343.399902,5001.000000,5283.149902,5120.659180,2192268
2020-04-15,5307.500000,5350.000000,5041.000000,5094.299805,4937.617676,2094519
2020-04-16,5017.000000,5228.000000,4970.000000,5130.799805,4972.994629,1752169
2020-04-17,5325.000000,5602.950195,5211.700195,5505.000000,5335.685547,2192902
2020-04-20,5512.000000,5573.950195,5280.000000,5331.350098,5167.376953,1555307
2020-04-21,5131.299805,5131.299805,4884.500000,5001.100098,4847.284180,1843169
2020-04-22,5009.000000,5248.250000,4991.000000,5180.850098,5021.505859,1991584
2020-04-23,5169.000000,5244.600098,5045.000000,5156.350098,4997.759277,1454061
2020-04-24,5100.000000,5140.000000,5030.000000,5045.649902,4890.463867,1070808
2020-04-27,5150.100098,5225.000000,4991.549805,5056.350098,4900.834961,1432313
2020-04-28,5090.000000,5120.000000,4990.250000,5052.700195,4897.296875,1172062
2020-04-29,5100.000000,5100.000000,5011.049805,5068.450195,4912.562988,1038094
2020-04-30,5122.000000,5425.000000,5122.000000,5358.799805,5193.981934,2341081
2020-05-04,5096.000000,5130.250000,4840.000000,4886.299805,4736.014160,1742771
2020-05-05,4995.000000,5029.549805,4800.000000,4829.850098,4681.301758,1570620
2020-05-06,4841.200195,5000.000000,4710.000000,4843.250000,4694.288574,2214528
2020-05-07,4899.500000,4935.350098,4735.000000,4749.299805,4603.228516,1530808
2020-05-08,4874.000000,4879.000000,4637.500000,4654.149902,4511.005371,1828141
2020-05-11,4750.000000,5014.600098,4730.149902,4937.799805,4785.930176,3176473
2020-05-12,4914.000000,4985.000000,4690.049805,4951.299805,4799.015625,3124672
2020-05-13,5250.000000,5317.450195,4986.250000,5036.100098,4881.208008,3304845
2020-05-14,4905.000000,5145.000000,4852.149902,5114.049805,4956.759766,2590674
2020-05-15,5110.000000,5123.200195,4961.149902,5100.399902,4943.529785,2182462
2020-05-18,5080.399902,5095.000000,4680.549805,4720.950195,4575.750488,3164086
2020-05-19,4842.000000,4900.000000,4755.750000,4805.299805,4657.505371,2108177
2020-05-20,4754.000000,4920.000000,4745.500000,4891.950195,4741.491699,1518296
2020-05-21,4890.000000,5073.799805,4851.049805,5050.100098,4894.776855,1868166
2020-05-22,5010.000000,5150.000000,4930.750000,5134.299805,4976.387207,1935875
2020-05-26,5200.000000,5285.799805,5160.649902,5246.149902,5084.797363,1508751
2020-05-27,5270.000000,5291.000000,5135.399902,5244.399902,5083.100586,1534655
2020-05-28,5267.000000,5495.000000,5220.000000,5468.350098,5300.163086,2325084
2020-05-29,5375.000000,5666.750000,5375.000000,5610.799805,5438.231934,3386733
2020-06-01,5690.000000,5864.649902,5666.899902,5793.600098,5615.409668,2340994
2020-06-02,5797.750000,5849.000000,5625.100098,5690.100098,5515.092773,2110719
2020-06-03,5730.000000,5832.000000,5606.000000,5624.000000,5451.025879,1652859
2020-06-04,5658.000000,5719.950195,5572.000000,5690.200195,5515.189941,1642049
2020-06-05,5728.299805,5785.000000,5671.100098,5746.200195,5569.467285,1236658
2020-06-08,5850.000000,5850.000000,5701.500000,5734.799805,5558.417969,1176769
2020-06-09,5754.000000,5787.000000,5620.000000,5662.299805,5488.147461,1336806
2020-06-10,5655.000000,5740.000000,5615.000000,5675.600098,5501.039063,1432292
2020-06-11,5637.000000,5689.000000,5400.299805,5426.149902,5259.261230,1766481
2020-06-12,5201.000000,5608.299805,5201.000000,5561.750000,5390.690430,2064628
2020-06-15,5520.000000,5585.000000,5391.049805,5475.750000,5307.335449,1530562
2020-06-16,5590.000000,5612.549805,5400.000000,5502.200195,5332.972168,1184933
2020-06-17,5445.000000,5813.450195,5445.000000,5726.200195,5550.083008,3454833
2020-06-18,5695.000000,5758.000000,5641.000000,5714.399902,5538.645020,1580214
2020-06-19,5751.000000,5935.000000,5707.000000,5897.350098,5715.969238,1854589
2020-06-22,5900.000000,5975.000000,5806.350098,5896.000000,5714.660156,1497563
2020-06-23,5900.000000,6007.200195,5862.549805,5886.500000,5705.452637,1398070
2020-06-24,5938.000000,5938.000000,5730.000000,5755.350098,5578.335938,1268449
2020-06-25,5677.000000,5846.799805,5651.000000,5762.299805,5585.072266,1266203
2020-06-26,5800.000000,5810.000000,5695.000000,5754.899902,5577.899902,1063057
2020-06-29,5730.000000,5800.000000,5650.000000,5678.700195,5504.043945,1102655
2020-06-30,5750.000000,5874.500000,5681.450195,5838.299805,5658.734863,2015814
2020-07-01,5838.299805,5885.000000,5775.000000,5803.100098,5624.617188,1284965
2020-07-02,5850.000000,5960.000000,5762.799805,5948.450195,5765.497070,1470941
2020-07-03,5948.450195,5988.600098,5883.049805,5932.100098,5749.650391,1059779
2020-07-06,5963.450195,6147.700195,5925.000000,6123.600098,5935.260254,1385081
2020-07-07,6140.000000,6250.000000,6092.649902,6226.750000,6035.237793,1799721
2020-07-08,6226.750000,6235.000000,6022.600098,6044.399902,5858.496094,1204072
2020-07-09,6080.000000,6096.000000,5931.350098,6002.350098,5817.739258,1043427
2020-07-10,5980.000000,6085.100098,5921.000000,5955.649902,5772.475586,1168821
2020-07-13,6000.000000,6059.250000,5927.799805,5988.850098,5804.654785,1035069
2020-07-14,5951.000000,5958.750000,5750.000000,5771.750000,5594.231934,1602929
2020-07-15,5810.000000,5879.799805,5755.000000,5801.299805,5622.872559,1246705
2020-07-16,5809.000000,5920.000000,5752.000000,5875.350098,5694.645020,1018658
2020-07-17,5898.000000,5956.000000,5851.000000,5919.500000,5737.437500,810152
2020-07-20,5935.000000,5936.000000,5812.000000,5867.500000,5687.036133,912610
2020-07-21,5919.500000,6150.000000,5900.000000,6130.850098,5942.287598,1854694
2020-07-22,6117.000000,6129.000000,5939.700195,6003.399902,5818.757324,1140092
2020-07-23,6013.000000,6090.000000,5967.950195,6065.950195,5879.382813,701651
2020-07-24,6010.000000,6047.350098,5932.100098,6000.700195,5816.139648,793324
2020-07-27,6008.000000,6062.850098,5928.049805,6043.299805,5857.429199,902597
2020-07-28,6050.000000,6320.350098,6031.149902,6282.799805,6089.563477,1774828
2020-07-29,6269.950195,6295.000000,6118.950195,6185.149902,5994.916992,2057197
2020-07-30,6184.049805,6393.649902,6170.049805,6265.399902,6072.698242,2217867
2020-07-31,6265.000000,6379.850098,6209.000000,6262.750000,6070.129883,1613555
2020-08-03,6380.000000,6437.450195,6125.049805,6165.200195,5975.580566,1836582
2020-08-04,6199.000000,6376.850098,6185.000000,6358.950195,6163.371094,1223516
2020-08-05,6388.899902,6597.700195,6380.000000,6526.250000,6325.525879,2278663
2020-08-06,6534.950195,6585.850098,6434.399902,6555.750000,6354.118652,1233252
2020-08-07,6498.000000,6749.500000,6481.850098,6679.000000,6473.578125,1567980
2020-08-10,6690.000000,6728.700195,6576.000000,6608.899902,6405.633789,1601750
2020-08-11,6665.000000,6713.500000,6611.000000,6649.200195,6444.694336,880808
2020-08-12,6609.950195,6778.049805,6592.100098,6730.299805,6523.299805,1114981
2020-08-13,6729.950195,6772.000000,6655.000000,6731.649902,6583.297363,1087096
2020-08-14,6740.000000,6745.149902,6552.049805,6588.200195,6443.009277,905793
2020-08-17,6660.000000,6789.950195,6588.200195,6768.399902,6619.237793,1028536
2020-08-18,6768.399902,6924.899902,6760.899902,6893.100098,6741.189941,1322527
2020-08-19,6924.000000,7014.700195,6885.049805,6990.299805,6836.247559,1326450
2020-08-20,6891.100098,6999.000000,6880.049805,6974.700195,6820.991699,958157
2020-08-21,7048.000000,7065.000000,6951.000000,6973.000000,6819.328613,971836
2020-08-24,6985.000000,7100.000000,6955.000000,7082.500000,6926.416016,961177
2020-08-25,7100.000000,7175.700195,7075.649902,7109.950195,6953.261230,1047620
2020-08-26,7110.000000,7158.000000,6972.000000,7008.649902,6854.193359,992395
2020-08-27,7043.000000,7127.700195,6960.799805,7098.000000,6941.574219,1158891
2020-08-28,7125.000000,7156.000000,7028.450195,7104.100098,6947.539551,1019984
2020-08-31,7138.000000,7160.000000,6790.450195,6839.950195,6689.211426,1580774
2020-09-01,6860.450195,7018.700195,6802.000000,6905.649902,6753.463379,1117127
2020-09-02,6905.500000,6980.000000,6852.399902,6920.750000,6768.230469,776392
2020-09-03,6925.000000,7116.899902,6920.750000,7072.600098,6916.733887,947751
2020-09-04,6985.000000,7324.000000,6965.049805,7190.100098,7031.644531,2185292
2020-09-07,7225.000000,7300.000000,7129.250000,7209.149902,7050.274414,1348919
2020-09-08,7220.000000,7278.000000,7137.649902,7224.000000,7064.797363,1145062
2020-09-09,7200.000000,7256.350098,7121.200195,7215.250000,7056.240234,1273303
2020-09-10,7264.000000,7299.399902,7168.000000,7231.649902,7072.278809,978701
2020-09-11,7279.950195,7349.899902,7175.000000,7193.600098,7035.067383,1383019
2020-09-14,7219.000000,7239.600098,7085.000000,7128.850098,6971.744629,1003491
2020-09-15,7164.000000,7175.000000,7005.000000,7052.799805,6897.370117,894418
2020-09-16,7074.000000,7169.000000,7041.000000,7057.950195,6902.406738,920570
2020-09-17,7049.500000,7112.899902,6941.000000,7085.850098,6929.692383,1133411
2020-09-18,7148.000000,7149.000000,6931.600098,6964.750000,6811.261230,1143550
2020-09-21,6964.750000,6986.899902,6590.000000,6626.950195,6480.905762,1290480
2020-09-22,6675.000000,6685.950195,6312.350098,6440.549805,6298.613281,2665724
2020-09-23,6462.000000,6549.950195,6380.000000,6501.299805,6358.024414,1456226
2020-09-24,6435.000000,6486.799805,6270.149902,6297.700195,6158.911621,1237674
2020-09-25,6395.000000,6518.549805,6331.000000,6497.700195,6354.503906,1316468
2020-09-28,6579.000000,6720.000000,6542.299805,6703.000000,6555.279297,1099583
2020-09-29,6749.000000,6813.299805,6671.000000,6742.750000,6594.153320,1199391
2020-09-30,6710.000000,6779.950195,6671.000000,6743.450195,6594.837891,812841
2020-10-01,6838.200195,6909.000000,6775.399902,6796.299805,6646.522949,1255993
2020-10-05,6865.000000,6877.600098,6745.000000,6818.850098,6668.576172,833476
2020-10-06,6858.000000,6939.799805,6830.000000,6892.399902,6740.504883,756192
2020-10-07,6920.000000,7070.000000,6865.549805,7046.899902,6891.600098,1101957
2020-10-08,7090.000000,7140.000000,7021.000000,7079.850098,6923.824219,851205
2020-10-09,7060.000000,7159.000000,7001.000000,7062.399902,6906.758789,839682
2020-10-12,7110.000000,7155.000000,7005.000000,7136.649902,6979.372559,799712
2020-10-13,7135.000000,7185.000000,7022.000000,7032.899902,6877.908691,819414
2020-10-14,7040.000000,7075.000000,6927.450195,7002.350098,6848.032227,779630
2020-10-15,7029.000000,7049.899902,6857.700195,6892.600098,6740.701172,681316
2020-10-16,6895.000000,6980.000000,6863.000000,6894.899902,6742.950195,657914
2020-10-19,6975.000000,6980.000000,6825.000000,6851.950195,6700.947266,548457
2020-10-20,6817.000000,6949.000000,6810.000000,6844.600098,6693.758301,659864
2020-10-21,6904.000000,6947.600098,6764.649902,6861.850098,6710.628418,911967
2020-10-22,6828.000000,6860.000000,6775.200195,6811.549805,6661.436523,584523
2020-10-23,6858.000000,7124.700195,6832.000000,7103.250000,6946.708496,1758998
2020-10-26,7100.000000,7161.299805,6935.049805,7054.799805,6899.326172,1559351
2020-10-27,7067.000000,7209.750000,7053.000000,7158.399902,7000.643066,1461819
2020-10-28,7194.950195,7332.000000,7110.000000,7186.049805,7027.683594,1645177
2020-10-29,7114.000000,7199.000000,6986.700195,7117.700195,6960.840332,1434852
2020-10-30,7079.049805,7110.000000,6881.000000,6965.149902,6811.651855,1360249
2020-11-02,7044.899902,7053.399902,6850.000000,6868.350098,6716.985352,1059351
2020-11-03,6940.000000,6963.250000,6852.450195,6913.350098,6760.993164,926491
2020-11-04,6913.350098,7054.000000,6909.500000,6954.049805,6800.796387,901404
2020-11-05,7020.000000,7104.899902,6979.649902,7092.799805,6936.488770,843221
2020-11-06,7092.000000,7135.000000,6890.000000,6907.600098,6755.370605,1378439
2020-11-09,6989.950195,7032.600098,6815.000000,6872.149902,6720.701172,1479540
2020-11-10,6973.100098,6974.000000,6761.450195,6793.450195,6643.736328,1695413
2020-11-11,6859.000000,6904.000000,6753.100098,6857.350098,6706.228027,1481918
2020-11-12,6857.000000,6930.000000,6792.000000,6836.850098,6686.179199,1418041
2020-11-13,6880.000000,6880.000000,6786.000000,6809.250000,6659.187988,970632
2020-11-14,6850.000000,6859.899902,6835.000000,6852.250000,6701.240234,128193
2020-11-17,6865.000000,6996.899902,6863.000000,6981.450195,6827.592773,1243068
2020-11-18,6979.950195,7070.000000,6948.000000,7054.299805,6898.836914,1400300
2020-11-19,7031.000000,7130.000000,6915.200195,6963.299805,6809.842285,1305695
2020-11-20,6959.549805,7020.000000,6904.000000,6965.850098,6812.336426,923474
2020-11-23,7040.000000,7044.000000,6932.600098,6987.750000,6833.753906,735755
2020-11-24,7050.000000,7209.000000,7050.000000,7158.399902,7000.643066,1910670
2020-11-25,7250.000000,7252.350098,7017.000000,7055.700195,6900.206543,947742
2020-11-26,7080.000000,7098.000000,6903.000000,6994.250000,6840.110840,1068945
2020-11-27,7040.299805,7111.000000,6930.000000,7035.799805,6880.745117,2123905
2020-12-01,7141.799805,7141.799805,6975.200195,7101.700195,6945.192383,1076695
2020-12-02,7110.000000,7220.000000,7105.000000,7206.500000,7047.683105,1106734
2020-12-03,7250.000000,7782.850098,7249.600098,7739.100098,7568.545898,3846792
2020-12-04,7798.000000,7882.649902,7641.250000,7803.149902,7631.184570,2393536
2020-12-07,7828.799805,7835.000000,7690.000000,7743.399902,7572.750977,1037296
2020-12-08,7748.000000,8013.149902,7700.000000,7762.700195,7591.625977,1885285
2020-12-09,7775.000000,7799.950195,7692.000000,7709.250000,7539.353516,822760
2020-12-10,7760.000000,7850.000000,7710.000000,7736.000000,7565.513672,1186739
2020-12-11,7779.950195,7795.700195,7700.000000,7733.549805,7563.117676,706875
2020-12-14,7810.000000,7825.000000,7655.000000,7696.799805,7527.177734,1038032
2020-12-15,7696.799805,7790.000000,7640.549805,7765.250000,7594.119629,891801
2020-12-16,7820.000000,7899.000000,7770.000000,7796.350098,7624.534180,963504
2020-12-17,7799.899902,7831.899902,7625.000000,7694.000000,7524.439941,734075
2020-12-18,7714.000000,7727.000000,7541.750000,7559.750000,7393.147949,1078328
2020-12-21,7560.000000,7599.000000,7278.100098,7376.100098,7213.545898,970306
2020-12-22,7380.000000,7438.000000,7205.100098,7395.399902,7232.419922,1138240
2020-12-23,7400.399902,7555.600098,7394.000000,7449.950195,7285.768066,951805
2020-12-24,7507.250000,7532.750000,7414.200195,7446.049805,7281.954102,589281
2020-12-28,7465.000000,7543.000000,7454.000000,7483.000000,7318.089844,521320
2020-12-29,7520.000000,7545.000000,7418.299805,7452.350098,7288.114746,538719
2020-12-30,7497.000000,7635.000000,7430.000000,7612.899902,7445.126465,1029800
2020-12-31,7614.649902,7697.000000,7580.000000,7649.600098,7481.018555,908515
2021-01-01,7654.000000,7748.500000,7650.000000,7691.299805,7521.798828,767574
2021-01-04,7739.000000,7755.200195,7642.600098,7702.299805,7532.556641,598645
2021-01-05,7660.000000,7673.000000,7586.000000,7655.450195,7486.738770,562668
2021-01-06,7654.000000,7749.000000,7555.500000,7628.600098,7460.480957,840678
2021-01-07,7676.000000,7704.399902,7552.100098,7566.049805,7399.309082,642968
2021-01-08,7600.000000,8060.000000,7600.000000,8014.899902,7838.267090,2557157
2021-01-11,8099.000000,8288.000000,7882.399902,8232.750000,8051.316406,2182019
2021-01-12,8161.000000,8329.000000,8140.000000,8188.049805,8007.601563,1514072
2021-01-13,8188.000000,8250.000000,8111.000000,8139.850098,7960.463867,877225
2021-01-14,8164.799805,8180.000000,8023.450195,8149.450195,7969.852539,718274
2021-01-15,8157.149902,8219.500000,8000.049805,8024.750000,7847.900391,751177
2021-01-18,8011.000000,8023.950195,7745.000000,7830.649902,7658.078125,771183
2021-01-19,7900.000000,7990.299805,7835.000000,7922.600098,7748.001953,779892
2021-01-20,7882.000000,8170.000000,7860.250000,8144.950195,7965.451660,999226
2021-01-21,8205.000000,8267.000000,8021.450195,8076.750000,7898.754883,769494
2021-01-22,8085.000000,8308.000000,8000.000000,8048.850098,7871.469727,1172914
2021-01-25,8117.000000,8164.700195,7950.100098,7981.500000,7805.604004,753043
2021-01-27,7992.950195,8090.000000,7820.500000,7870.899902,7697.440918,1080785
2021-01-28,7840.000000,7984.549805,7562.000000,7588.500000,7421.264160,2085637
2021-01-29,7685.000000,7685.000000,7170.000000,7206.649902,7047.830078,3069968
2021-02-01,7265.200195,7475.000000,7152.000000,7399.799805,7236.723145,1611478
2021-02-02,7534.899902,7769.750000,7490.149902,7654.700195,7486.006348,1700845
2021-02-03,7680.000000,7716.450195,7475.850098,7589.200195,7421.949219,1491567
2021-02-04,7600.000000,7765.000000,7529.049805,7640.000000,7471.629883,1198036
2021-02-05,7680.000000,7736.000000,7461.000000,7494.149902,7328.994141,1128089
2021-02-08,7515.000000,7638.000000,7474.500000,7574.600098,7407.671387,912372
2021-02-09,7581.000000,7680.000000,7574.000000,7627.049805,7458.965332,925127
2021-02-10,7605.200195,7674.899902,7506.049805,7621.700195,7453.732910,1015600
2021-02-11,7600.000000,7744.000000,7567.649902,7667.350098,7498.376953,818869
2021-02-12,7620.100098,7675.000000,7525.899902,7568.500000,7401.705078,756833
2021-02-15,7600.000000,7649.100098,7580.000000,7596.649902,7429.234863,470093
2021-02-16,7639.000000,7799.000000,7625.250000,7697.049805,7527.421875,1321126
2021-02-17,7679.950195,7691.500000,7471.299805,7503.200195,7337.844727,1023548
2021-02-18,7574.850098,7579.049805,7460.000000,7497.549805,7332.318848,821462
2021-02-19,7448.000000,7486.399902,7285.000000,7323.000000,7161.615723,1013887
2021-02-22,7323.000000,7325.000000,7056.000000,7086.450195,6930.279297,1502068
2021-02-23,7118.799805,7122.350098,6938.000000,6970.500000,6816.884277,1589884
2021-02-24,6905.000000,7036.000000,6877.500000,6952.950195,6799.721191,1225254
2021-02-25,7065.000000,7069.000000,6915.000000,6930.350098,6777.619141,1740066
2021-02-26,6900.000000,7075.000000,6822.200195,6866.149902,6714.833984,2687534
2021-03-01,6977.000000,7032.850098,6917.049805,7015.000000,6860.403809,1417600
2021-03-02,7060.000000,7235.000000,7030.000000,7214.100098,7055.115723,1395296
2021-03-03,7245.600098,7262.299805,7101.200195,7124.700195,6967.686035,796258
2021-03-04,7080.000000,7175.200195,7011.000000,7131.600098,6974.434082,906310
2021-03-05,7130.000000,7315.000000,7070.000000,7249.000000,7089.246582,1821165
2021-03-08,7264.899902,7338.799805,7216.000000,7259.500000,7099.515137,977572
2021-03-09,7329.399902,7329.399902,7256.000000,7301.549805,7140.638184,678485
2021-03-10,7320.000000,7387.000000,7251.000000,7272.100098,7111.837891,659270
2021-03-12,7300.000000,7313.000000,7061.399902,7096.200195,6939.813965,946720
2021-03-15,7145.000000,7162.950195,7011.000000,7089.299805,6933.065430,700250
2021-03-16,7100.000000,7200.000000,7100.000000,7150.299805,6992.721191,796357
2021-03-17,7160.000000,7169.950195,7043.500000,7064.649902,6908.959473,688581
2021-03-18,7125.000000,7242.000000,7060.000000,7113.750000,6956.977051,984545
2021-03-19,7059.950195,7149.950195,6905.500000,7113.549805,6956.781738,838756
2021-03-22,7104.000000,7142.500000,7050.200195,7101.250000,6944.752441,533767
2021-03-23,7138.000000,7225.000000,7130.000000,7186.250000,7027.879395,757590
2021-03-24,7136.000000,7158.399902,7049.950195,7066.200195,6910.475586,457147
2021-03-25,7050.000000,7059.000000,6755.250000,6786.850098,6637.281738,1338767
2021-03-26,6889.000000,6898.950195,6771.000000,6784.450195,6634.934570,911299
2021-03-30,6811.000000,6875.000000,6740.000000,6851.799805,6700.800293,1088817
2021-03-31,6852.299805,6939.899902,6795.200195,6859.200195,6708.037109,735382
2021-04-01,6950.000000,6991.500000,6855.000000,6923.899902,6771.311035,660759
2021-04-05,6908.500000,6908.500000,6724.600098,6768.549805,6619.384766,668129
2021-04-06,6818.250000,6846.950195,6720.000000,6751.299805,6602.514648,628262
2021-04-07,6790.000000,6885.000000,6775.049805,6865.000000,6713.708984,598115
2021-04-08,6881.000000,6939.299805,6806.850098,6826.850098,6676.399902,604553
2021-04-09,6850.000000,6875.250000,6778.000000,6827.100098,6676.644531,641327
2021-04-12,6739.850098,6739.850098,6502.149902,6520.600098,6376.899414,1020746
2021-04-13,6520.000000,6845.399902,6468.799805,6815.799805,6665.593262,995718
2021-04-15,6846.600098,6846.850098,6551.000000,6644.250000,6497.823730,1267365
2021-04-16,6675.000000,6784.850098,6606.049805,6648.100098,6501.589355,1000325
2021-04-19,6500.350098,6530.000000,6415.000000,6511.750000,6368.244141,772219
2021-04-20,6615.000000,6678.700195,6558.549805,6646.649902,6500.170898,914142
2021-04-22,6625.950195,6674.899902,6545.000000,6650.100098,6503.544922,667911
2021-04-23,6560.000000,6714.700195,6560.000000,6676.100098,6528.972168,709306
2021-04-26,6690.200195,6789.000000,6600.000000,6638.899902,6492.591797,937344
2021-04-27,6669.950195,6709.000000,6542.000000,6568.750000,6423.987793,1610651
2021-04-28,6568.750000,6650.000000,6545.000000,6573.799805,6428.926270,1406270
2021-04-29,6635.000000,6647.450195,6552.000000,6565.649902,6420.956055,757075
2021-04-30,6537.100098,6559.600098,6421.000000,6455.649902,6313.380371,849997
2021-05-03,6430.000000,6622.000000,6400.000000,6597.850098,6452.446777,834923
2021-05-04,6639.950195,6648.500000,6482.000000,6508.250000,6364.821289,507170
2021-05-05,6557.700195,6599.000000,6483.000000,6590.100098,6444.867676,499160
2021-05-06,6590.000000,6709.000000,6575.700195,6666.649902,6519.729980,520125
2021-05-07,6679.000000,6754.549805,6640.000000,6703.049805,6555.328125,605050
2021-05-10,6675.200195,6773.149902,6660.100098,6764.000000,6614.934570,541534
2021-05-11,6680.149902,6749.000000,6660.250000,6736.649902,6588.187988,406046
2021-05-12,6730.000000,6840.000000,6685.000000,6817.549805,6667.304688,770204
2021-05-14,6840.000000,6842.149902,6700.200195,6736.399902,6587.943359,647029
2021-05-17,6716.500000,6838.399902,6697.549805,6717.850098,6569.801758,995827
2021-05-18,6788.000000,6864.000000,6715.450195,6811.100098,6660.997070,805827
2021-05-19,6799.000000,6854.950195,6760.000000,6775.899902,6626.572754,432774
2021-05-20,6780.799805,6814.700195,6729.500000,6737.850098,6589.360840,470476
2021-05-21,6780.000000,6835.500000,6744.250000,6814.649902,6664.468750,434363
2021-05-24,6802.000000,6965.000000,6802.000000,6871.600098,6720.163574,1027484
2021-05-25,6939.950195,6948.000000,6888.000000,6911.799805,6759.477539,438736
2021-05-26,6926.000000,7051.000000,6912.000000,7034.299805,6879.277832,691574
2021-05-27,7022.000000,7069.000000,6951.149902,6968.899902,6815.318848,922091
2021-05-28,6988.600098,7047.000000,6940.500000,6970.000000,6816.395508,393809
2021-05-31,6955.000000,7100.000000,6924.049805,7086.299805,6930.132324,718277
2021-06-01,7107.549805,7143.000000,7047.049805,7091.149902,6934.875000,642841
2021-06-02,7063.450195,7197.700195,7063.450195,7184.700195,7026.363770,598862
2021-06-03,7200.000000,7230.000000,7165.049805,7209.500000,7050.617188,401590
2021-06-04,7200.000000,7272.000000,7151.100098,7214.700195,7055.703125,575591
2021-06-07,7221.000000,7328.850098,7211.100098,7275.649902,7115.309082,520482
2021-06-08,7317.500000,7366.450195,7295.200195,7336.750000,7175.062988,538816
2021-06-09,7310.200195,7339.200195,7200.000000,7239.000000,7079.467285,443778
2021-06-10,7258.000000,7279.450195,7174.049805,7199.899902,7041.229004,278027
2021-06-11,7244.000000,7244.000000,7186.399902,7223.799805,7064.601563,253689
2021-06-14,7195.000000,7212.950195,7095.049805,7177.850098,7019.664551,322353
2021-06-15,7181.149902,7228.850098,7156.299805,7166.250000,7008.320313,207625
2021-06-16,7166.000000,7193.750000,7070.000000,7114.250000,6957.466309,283007
2021-06-17,7060.000000,7099.100098,6931.100098,6969.350098,6815.759277,595255
2021-06-18,6989.850098,6989.850098,6821.000000,6959.350098,6805.979492,797389
2021-06-21,6870.000000,6925.000000,6842.000000,6899.899902,6747.840332,443795
2021-06-22,6940.000000,7299.950195,6930.000000,7265.399902,7105.285156,1757310
2021-06-23,7266.100098,7479.000000,7240.049805,7432.700195,7268.898438,2227399
2021-06-24,7448.799805,7550.000000,7410.100098,7527.450195,7361.560059,1041762
2021-06-25,7540.000000,7665.000000,7540.000000,7649.000000,7480.431641,1216123
2021-06-28,7698.000000,7698.000000,7571.399902,7596.250000,7428.844238,433364
2021-06-29,7596.000000,7601.000000,7452.549805,7487.500000,7322.490234,480219
2021-06-30,7505.500000,7646.600098,7492.600098,7515.899902,7350.264648,729267
2021-07-01,7500.000000,7605.000000,7495.049805,7584.399902,7417.254883,584331
2021-07-02,7625.000000,7634.500000,7546.549805,7573.850098,7406.937500,434905
2021-07-05,7596.299805,7690.000000,7583.000000,7599.450195,7431.973633,484183
2021-07-06,7600.000000,7657.950195,7487.450195,7514.950195,7349.335938,425103
2021-07-07,7528.000000,7581.000000,7433.649902,7449.399902,7285.229980,395336
2021-07-08,7455.000000,7498.000000,7385.000000,7401.200195,7238.092285,391940
2021-07-09,7381.000000,7447.899902,7343.399902,7425.700195,7262.052734,400686
2021-07-12,7500.000000,7589.799805,7451.049805,7470.100098,7305.474121,496478
2021-07-13,7520.000000,7529.200195,7404.000000,7430.350098,7266.600098,350032
2021-07-14,7436.000000,7449.000000,7310.000000,7326.750000,7165.283203,460178
2021-07-15,7357.000000,7358.000000,7268.000000,7307.000000,7145.968262,430055
2021-07-16,7333.000000,7333.000000,7272.799805,7303.549805,7142.593750,281552
2021-07-19,7251.700195,7297.000000,7151.100098,7165.549805,7007.635254,386598
2021-07-20,7180.000000,7265.000000,7144.450195,7232.700195,7073.306152,413816
2021-07-22,7302.000000,7325.000000,7246.299805,7299.549805,7138.682129,439934
2021-07-23,7300.000000,7375.000000,7277.000000,7293.850098,7133.107910,436330
2021-07-26,7307.000000,7360.000000,7180.000000,7235.799805,7076.337402,431758
2021-07-27,7241.299805,7320.000000,7160.850098,7240.250000,7080.688965,417171
2021-07-28,7280.000000,7312.000000,7063.000000,7165.049805,7007.146484,739427
2021-07-29,7130.000000,7130.000000,6936.000000,6993.500000,6839.377441,1519226
2021-07-30,7000.000000,7095.000000,6964.899902,6977.700195,6823.925781,715546
2021-08-02,7100.000000,7107.450195,7031.000000,7076.950195,6920.988281,433760
2021-08-03,7124.950195,7221.000000,7086.100098,7199.399902,7040.739746,470570
2021-08-04,7220.000000,7248.600098,7003.500000,7102.899902,6946.366211,484122
2021-08-05,7072.000000,7079.950195,7006.000000,7027.549805,6916.496094,495133
2021-08-06,7054.799805,7168.500000,7042.549805,7100.799805,6988.587891,517575
2021-08-09,7135.000000,7165.000000,7038.000000,7081.750000,6969.839355,264983
2021-08-10,7045.200195,7104.899902,6995.000000,7001.950195,6891.300781,356726
2021-08-11,7002.000000,7095.000000,6925.149902,7021.500000,6910.541504,414311
2021-08-12,7022.000000,7084.799805,6985.000000,7012.000000,6901.191406,330283
2021-08-13,7030.000000,7049.899902,6973.850098,7002.200195,6891.546387,431784
2021-08-16,6982.500000,7018.000000,6810.000000,6826.850098,6718.967285,750966
2021-08-17,6800.000000,6943.000000,6746.399902,6885.399902,6776.592285,752517
2021-08-18,6943.750000,6943.750000,6820.000000,6840.100098,6732.008301,434144
2021-08-20,6815.000000,6914.649902,6780.000000,6850.899902,6742.637207,657982
2021-08-23,6905.000000,6918.000000,6801.000000,6825.899902,6718.032227,537302
2021-08-24,6789.500000,6852.000000,6740.600098,6803.200195,6695.691406,646993
2021-08-25,6838.000000,6838.000000,6700.000000,6711.450195,6605.391113,722194
2021-08-26,6700.000000,6701.350098,6591.000000,6608.600098,6504.166504,1199429
2021-08-27,6629.750000,6694.600098,6600.000000,6624.850098,6520.159668,1428388
2021-08-30,6690.000000,6810.000000,6653.850098,6796.899902,6689.490723,819447
2021-08-31,6820.000000,6872.000000,6763.549805,6846.100098,6737.913086,938326
2021-09-01,6799.950195,6820.000000,6702.350098,6784.899902,6677.680176,1108476
2021-09-02,6852.700195,6858.950195,6708.200195,6792.899902,6685.553711,741052
2021-09-03,6770.000000,6958.000000,6751.600098,6863.100098,6754.645020,1196077
2021-09-06,6925.000000,6954.000000,6838.000000,6846.899902,6738.700684,897444
2021-09-07,6879.899902,6929.899902,6853.700195,6877.149902,6768.472168,743783
2021-09-08,6852.100098,6858.350098,6756.000000,6781.250000,6674.087891,847767
2021-09-09,6750.000000,6818.450195,6740.000000,6802.250000,6694.756348,515702
2021-09-13,6835.500000,6895.450195,6813.299805,6873.700195,6765.077637,508397
2021-09-14,6910.000000,6955.000000,6851.100098,6894.450195,6785.499512,817280
2021-09-15,6938.000000,6938.000000,6880.000000,6909.000000,6799.819336,310138
2021-09-16,6913.299805,6949.000000,6870.000000,6930.950195,6821.422852,556648
2021-09-17,6955.000000,7064.750000,6950.000000,7014.450195,6903.603027,980793
2021-09-20,6979.899902,7015.450195,6906.200195,6950.399902,6840.564941,550405
2021-09-21,6912.500000,6939.700195,6741.000000,6777.000000,6669.905273,1085249
2021-09-22,6820.000000,6846.000000,6785.000000,6831.000000,6723.052246,548623
2021-09-23,6868.000000,6879.899902,6821.000000,6846.700195,6738.503906,432740
2021-09-24,6850.000000,7037.799805,6848.000000,6952.250000,6842.385742,1649962
2021-09-27,6974.000000,7448.000000,6974.000000,7403.450195,7286.455566,2646138
2021-09-28,7448.000000,7521.549805,7333.500000,7423.850098,7306.533203,1346961
2021-09-29,7390.500000,7465.000000,7291.000000,7384.049805,7267.361816,643556
2021-09-30,7384.750000,7408.049805,7301.049805,7338.049805,7222.088867,625717
2021-10-01,7220.000000,7220.000000,7090.000000,7162.299805,7049.116699,901588
2021-10-04,7180.000000,7214.950195,7131.799805,7170.299805,7056.989746,466994
2021-10-05,7164.799805,7300.000000,7155.649902,7258.250000,7143.550293,546004
2021-10-06,7270.899902,7281.500000,7164.250000,7199.250000,7085.482910,726695
2021-10-07,7234.950195,7555.000000,7225.250000,7492.500000,7374.098145,1646727
2021-10-08,7548.700195,7571.950195,7401.149902,7430.000000,7312.586426,630622
2021-10-11,7420.200195,7814.799805,7419.799805,7700.799805,7579.106445,1069536
2021-10-12,7687.899902,7750.000000,7630.049805,7693.799805,7572.217285,406814
2021-10-13,7740.000000,7749.950195,7436.549805,7482.149902,7363.912109,1084436
2021-10-14,7540.000000,7560.000000,7445.000000,7496.899902,7378.428711,831546
2021-10-18,7405.000000,7705.299805,7405.000000,7657.000000,7535.999023,913963
2021-10-19,7670.200195,7768.600098,7585.000000,7655.649902,7534.670410,658869
2021-10-20,7615.000000,7667.350098,7515.000000,7590.750000,7470.795898,488082
2021-10-21,7650.000000,7650.000000,7485.000000,7575.250000,7455.541016,563128
2021-10-22,7600.000000,7625.000000,7386.549805,7408.899902,7291.819336,224520
2021-10-25,7355.000000,7396.049805,7219.649902,7260.600098,7145.863281,248058
2021-10-26,7265.000000,7337.950195,7210.200195,7297.350098,7182.032715,292203
2021-10-27,7285.000000,7461.250000,7244.000000,7356.250000,7240.001465,1218064
2021-10-28,7250.000000,7529.700195,7235.049805,7369.700195,7253.239258,961511
2021-10-29,7350.000000,7550.000000,7294.850098,7482.399902,7364.158203,819875
2021-11-01,7401.000000,7666.000000,7401.000000,7615.549805,7495.203613,1005690
2021-11-02,7647.950195,7910.000000,7630.799805,7791.750000,7668.619629,1302733
2021-11-03,7791.750000,7842.250000,7711.600098,7734.250000,7612.028320,656492
2021-11-04,7774.700195,7819.950195,7735.500000,7747.399902,7624.970215,53365
2021-11-08,7759.950195,7882.600098,7672.000000,7684.600098,7563.162598,428433
2021-11-09,7709.000000,7764.500000,7538.700195,7577.549805,7457.804199,632879
2021-11-10,7570.000000,7580.000000,7460.000000,7511.649902,7392.945801,562432
2021-11-11,7512.000000,7567.500000,7442.000000,7453.450195,7335.665527,486991
2021-11-12,7530.000000,7544.000000,7442.000000,7479.850098,7361.648438,349666
2021-11-15,7452.000000,7579.850098,7452.000000,7503.100098,7384.530762,314414
2021-11-16,7545.000000,8128.750000,7535.049805,8050.350098,7923.133301,2619355
2021-11-17,8035.000000,8350.000000,8015.049805,8274.750000,8143.986816,2377268
2021-11-18,8234.000000,8368.000000,8001.100098,8117.149902,7988.877441,1337493
2021-11-22,8158.000000,8187.850098,7806.549805,7864.399902,7740.121094,672298
2021-11-23,7849.100098,7953.950195,7805.000000,7854.000000,7729.885742,567198
2021-11-24,7865.500000,7897.950195,7636.600098,7669.450195,7548.252441,571078
2021-11-25,7640.000000,7719.399902,7435.000000,7572.500000,7452.834473,1007618
2021-11-26,7520.000000,7520.000000,7130.000000,7170.500000,7057.187012,1154876
2021-11-29,7166.000000,7210.000000,6990.700195,7149.500000,7036.518555,733010
2021-11-30,7149.500000,7250.000000,7015.549805,7067.799805,6956.109863,1287938
2021-12-01,7191.000000,7380.000000,7130.049805,7273.250000,7158.312988,1669583
2021-12-02,7285.000000,7355.450195,7245.649902,7324.950195,7209.196289,618573
2021-12-03,7305.000000,7329.000000,7148.750000,7208.700195,7094.783203,603798
2021-12-06,7193.000000,7200.000000,7021.000000,7042.850098,6931.554199,609507
2021-12-07,7129.000000,7261.799805,7091.200195,7186.600098,7073.032715,637151
2021-12-08,7225.000000,7497.850098,7151.100098,7434.899902,7317.408691,930339
2021-12-09,7469.000000,7469.000000,7325.000000,7421.750000,7304.466309,615037
2021-12-10,7380.000000,7475.000000,7357.950195,7425.649902,7308.304688,431682
2021-12-13,7485.000000,7575.899902,7425.000000,7516.399902,7397.620605,883009
2021-12-14,7516.799805,7556.299805,7457.799805,7493.149902,7374.738281,749704
2021-12-15,7476.000000,7640.000000,7453.049805,7567.950195,7448.356445,529018
2021-12-16,7591.500000,7621.000000,7406.000000,7450.799805,7333.057129,595582
2021-12-17,7480.000000,7480.000000,7241.000000,7296.600098,7181.294434,1081907
2021-12-20,7200.000000,7321.549805,7035.850098,7286.600098,7171.452637,867425
2021-12-21,7306.500000,7404.950195,7284.000000,7315.149902,7199.550781,415744
2021-12-22,7305.500000,7454.000000,7305.500000,7423.750000,7306.434570,368978
2021-12-23,7481.000000,7500.000000,7355.000000,7387.149902,7270.413574,249919
2021-12-24,7441.000000,7449.850098,7252.149902,7317.100098,7201.470215,357447
2021-12-27,7277.100098,7330.000000,7186.200195,7289.500000,7174.306641,190180
2021-12-28,7320.000000,7359.000000,7255.100098,7297.450195,7182.130859,214533
2021-12-29,7297.700195,7365.000000,7240.450195,7350.049805,7233.899414,287776
2021-12-30,7350.000000,7395.149902,7255.399902,7282.250000,7167.170898,296041
2021-12-31,7290.049805,7449.500000,7290.049805,7426.450195,7309.092285,313398
2022-01-03,7420.000000,7605.950195,7420.000000,7523.899902,7405.002441,456599
2022-01-04,7600.000000,7649.000000,7520.000000,7630.100098,7509.523926,495182
2022-01-05,7624.850098,7808.000000,7605.600098,7775.350098,7652.478516,710043
2022-01-06,7782.000000,7899.450195,7683.950195,7882.100098,7757.541504,739981
2022-01-07,7882.100098,7944.799805,7835.500000,7906.000000,7781.063965,523116
2022-01-10,7950.000000,8232.000000,7924.149902,8125.600098,7997.193848,827930
2022-01-11,8100.000000,8162.450195,8069.299805,8143.850098,8015.155273,688923
2022-01-12,8200.000000,8200.000000,8115.000000,8170.750000,8041.630371,288174
2022-01-13,8175.000000,8260.000000,7952.000000,8077.049805,7949.410645,684931
2022-01-14,7951.000000,8145.000000,7951.000000,8084.200195,7956.448242,299536
2022-01-17,8124.799805,8368.900391,8100.100098,8265.500000,8134.883301,862249
2022-01-18,8248.950195,8248.950195,7891.500000,7915.149902,7790.069336,785199
2022-01-19,7929.000000,8060.000000,7860.000000,8015.700195,7889.030762,681632
2022-01-20,8000.000000,8140.000000,7997.549805,8036.350098,7909.354004,522850
2022-01-21,7970.000000,8244.000000,7856.049805,8189.600098,8060.182617,1041476
2022-01-24,8189.000000,8332.799805,7952.799805,8052.299805,7925.051758,1153538
2022-01-25,7990.000000,8664.000000,7887.899902,8602.599609,8466.655273,2162832
2022-01-27,8656.000000,8971.650391,8400.049805,8820.200195,8680.817383,2899559
2022-01-28,8795.000000,8930.000000,8522.349609,8550.950195,8415.822266,1045088
2022-01-31,8625.000000,8720.000000,8552.799805,8597.299805,8461.439453,561419
2022-02-01,8693.000000,8790.799805,8351.000000,8559.400391,8424.138672,819689
2022-02-02,8579.700195,8683.000000,8440.250000,8515.250000,8380.686523,580433
2022-02-03,8550.000000,8798.000000,8522.700195,8593.650391,8457.847656,810019
2022-02-04,8639.900391,8680.000000,8492.099609,8550.549805,8415.427734,404421
2022-02-07,8545.000000,8615.000000,8400.000000,8511.650391,8377.143555,446099
2022-02-08,8616.700195,8789.099609,8436.049805,8599.450195,8463.555664,998182
2022-02-09,8622.000000,8989.799805,8622.000000,8949.450195,8808.025391,1403525
2022-02-10,9050.000000,9050.000000,8789.900391,8805.450195,8666.300781,811887
2022-02-11,8738.000000,8865.000000,8673.299805,8737.150391,8599.080078,671572
2022-02-14,8500.000000,8615.049805,8325.000000,8366.400391,8234.189453,995540
2022-02-15,8410.000000,8664.250000,8356.500000,8622.700195,8486.438477,682766
2022-02-16,8720.000000,8736.400391,8544.000000,8582.950195,8447.316406,422704
2022-02-17,8575.000000,8658.299805,8525.000000,8552.450195,8417.298828,305313
2022-02-18,8550.000000,8645.950195,8520.049805,8569.099609,8433.684570,385273
2022-02-21,8544.049805,8724.250000,8443.599609,8612.700195,8476.596680,626049
2022-02-22,8495.000000,8659.799805,8384.849609,8622.799805,8486.537109,620828
2022-02-23,8690.000000,8789.950195,8655.200195,8698.849609,8561.384766,557954
2022-02-24,8402.000000,8587.250000,8155.000000,8210.150391,8080.408203,947351
2022-02-25,8260.000000,8466.000000,8209.549805,8356.099609,8224.050781,1344343
2022-02-28,8300.000000,8339.950195,8114.100098,8314.150391,8182.764648,961303
2022-03-02,8197.700195,8199.000000,7764.000000,7814.200195,7690.714844,1783011
2022-03-03,7924.000000,7939.950195,7558.500000,7595.549805,7475.520020,1050154
2022-03-04,7482.000000,7519.200195,7130.000000,7247.299805,7132.772949,2511658
2022-03-07,6992.000000,7029.850098,6730.000000,6769.049805,6662.080566,2469925
2022-03-08,6705.000000,6855.000000,6536.549805,6806.299805,6698.741699,2840376
2022-03-09,6874.000000,7078.100098,6777.000000,7026.850098,6915.807129,1827539
2022-03-10,7255.000000,7399.850098,7177.299805,7211.799805,7097.834473,1535070
2022-03-11,7200.000000,7200.000000,7080.000000,7102.549805,6990.310547,1024452
2022-03-14,7050.000000,7335.000000,7012.000000,7316.750000,7201.125977,1023874
2022-03-15,7321.000000,7620.000000,7318.000000,7420.100098,7302.842773,1586111
2022-03-16,7570.000000,7595.750000,7440.000000,7485.799805,7367.503906,584457
2022-03-17,7574.000000,7741.950195,7530.000000,7693.000000,7571.429688,1133271
2022-03-21,7844.000000,7940.000000,7650.000000,7705.549805,7583.781250,1354525
2022-03-22,7714.950195,7809.000000,7536.649902,7766.649902,7643.916016,1093502
2022-03-23,7800.000000,7862.799805,7611.000000,7644.850098,7524.040527,808597
2022-03-24,7599.299805,7655.000000,7526.350098,7556.950195,7437.530273,565485
2022-03-25,7515.000000,7542.299805,7385.000000,7415.450195,7298.266113,686637
2022-03-28,7425.000000,7539.000000,7413.000000,7477.350098,7359.187988,599515
2022-03-29,7535.000000,7563.100098,7401.000000,7439.149902,7321.591309,446257
2022-03-30,7521.000000,7629.950195,7490.000000,7598.600098,7478.521973,589206
2022-03-31,7598.549805,7652.750000,7528.000000,7561.299805,7441.811035,434317
2022-04-01,7574.000000,7729.000000,7517.350098,7700.049805,7578.368164,449386
2022-04-04,7650.000000,7794.000000,7631.649902,7774.799805,7651.937500,491029
2022-04-05,7781.000000,7900.000000,7730.000000,7761.850098,7639.191895,488132
2022-04-06,7739.000000,7849.000000,7675.000000,7744.200195,7621.821289,393628
2022-04-07,7659.750000,7748.000000,7621.049805,7640.500000,7519.759766,458566
2022-04-08,7708.799805,7730.500000,7515.399902,7557.950195,7438.514648,849846
2022-04-11,7614.850098,7616.549805,7485.000000,7565.399902,7445.846191,496254
2022-04-12,7540.000000,7711.500000,7500.000000,7618.350098,7497.959473,598047
2022-04-13,7618.350098,7704.950195,7440.000000,7469.500000,7351.461914,527991
2022-04-18,7374.500000,7599.000000,7355.000000,7573.500000,7453.818359,551783
2022-04-19,7580.000000,7678.000000,7350.000000,7435.100098,7317.605469,425990
2022-04-20,7499.000000,7699.000000,7472.600098,7666.700195,7545.545898,542622
2022-04-21,7709.799805,7899.799805,7686.049805,7879.200195,7754.687500,772708
2022-04-22,7789.000000,8016.649902,7731.000000,7904.500000,7779.587402,960818
2022-04-25,7810.000000,7998.000000,7810.000000,7912.350098,7787.313477,701521
2022-04-26,8000.000000,8067.500000,7830.000000,7906.750000,7781.802246,801963
2022-04-27,7851.000000,7865.000000,7720.000000,7788.399902,7665.322754,570519
2022-04-28,7844.000000,7940.000000,7766.700195,7888.149902,7763.496094,561932
2022-04-29,7918.000000,7946.500000,7626.000000,7717.799805,7595.837891,1162749
2022-05-02,7665.000000,7750.000000,7544.299805,7634.750000,7514.100586,544053
2022-05-04,7650.000000,7747.000000,7356.500000,7397.899902,7280.993652,599211
2022-05-05,7450.000000,7538.000000,7380.149902,7407.649902,7290.589355,524174
2022-05-06,7314.000000,7359.899902,7156.649902,7279.250000,7164.218262,650559
2022-05-09,7201.500000,7424.500000,7130.000000,7360.299805,7243.987305,570578
2022-05-10,7350.149902,7575.000000,7350.149902,7515.899902,7397.128418,663616
2022-05-11,7519.000000,7559.549805,7346.600098,7396.450195,7279.566406,605312
2022-05-12,7221.500000,7323.950195,7210.799805,7253.649902,7139.022949,571754
2022-05-13,7340.000000,7340.000000,7062.350098,7101.950195,6989.720215,703097
2022-05-16,7157.000000,7305.350098,7150.000000,7247.600098,7133.068848,369545
2022-05-17,7280.000000,7584.649902,7255.049805,7532.799805,7413.761230,811448
2022-05-18,7566.000000,7640.149902,7509.600098,7566.549805,7446.978027,576970
2022-05-19,7450.000000,7525.000000,7385.049805,7404.549805,7287.538086,363255
2022-05-20,7520.549805,7648.899902,7450.000000,7586.600098,7466.711426,742204
2022-05-23,7800.100098,7954.850098,7776.100098,7897.450195,7772.649414,1161175
2022-05-24,7919.000000,7941.950195,7791.299805,7802.649902,7679.347168,581609
2022-05-25,7840.000000,7859.500000,7696.049805,7787.250000,7664.190430,454335
2022-05-26,7800.000000,7839.950195,7620.000000,7805.000000,7681.660156,476799
2022-05-27,7925.000000,7965.899902,7833.000000,7942.950195,7817.430176,431411
2022-05-30,7980.200195,8060.000000,7951.000000,8013.899902,7887.258789,389517
2022-05-31,8013.899902,8100.000000,7900.000000,7966.350098,7840.460449,2494005
2022-06-01,7975.049805,8068.899902,7880.100098,7939.399902,7813.936035,522004
2022-06-02,7925.000000,7972.000000,7855.600098,7925.399902,7800.157227,352848
2022-06-03,7950.000000,7995.000000,7681.000000,7705.049805,7583.289551,591905
2022-06-06,7690.000000,7776.899902,7591.450195,7710.549805,7588.702148,606990
2022-06-07,7615.049805,7820.000000,7555.000000,7809.399902,7685.990234,991192
2022-06-08,7824.000000,7921.000000,7720.700195,7892.450195,7767.728516,813596
2022-06-09,7848.000000,8010.000000,7830.100098,7929.850098,7804.537598,687937
2022-06-10,7826.000000,7988.200195,7826.000000,7935.100098,7809.704102,442921
2022-06-13,7849.950195,7967.350098,7793.750000,7901.600098,7776.733398,565826
2022-06-14,7805.000000,7901.399902,7750.000000,7811.649902,7688.205078,553462
2022-06-15,7816.000000,7929.000000,7816.000000,7853.450195,7729.344727,604566
2022-06-16,7938.000000,8025.000000,7805.000000,7833.600098,7709.808105,1319566
2022-06-17,7805.000000,7849.700195,7646.149902,7688.149902,7566.656250,1317656
2022-06-20,7699.799805,7784.100098,7626.000000,7660.950195,7539.886719,1043423
2022-06-21,7714.950195,7840.000000,7625.149902,7780.600098,7657.645996,954884
2022-06-22,7750.000000,7869.000000,7716.600098,7782.750000,7659.761719,796824
2022-06-23,7810.000000,8317.799805,7803.000000,8271.000000,8140.296387,1676430
2022-06-24,8310.000000,8390.000000,8238.299805,8363.200195,8231.039063,1156788
2022-06-27,8444.000000,8546.700195,8391.250000,8448.750000,8315.236328,921090
2022-06-28,8415.250000,8539.900391,8381.049805,8489.700195,8355.540039,691242
2022-06-29,8389.950195,8530.000000,8370.000000,8508.900391,8374.436523,655413
2022-06-30,8500.000000,8634.599609,8435.599609,8470.750000,8336.889648,1130302
2022-07-01,8440.000000,8450.000000,8305.599609,8402.599609,8269.815430,530569
2022-07-04,8402.599609,8467.599609,8320.000000,8443.349609,8309.921875,625431
2022-07-05,8498.500000,8508.549805,8335.000000,8348.700195,8216.767578,610290
2022-07-06,8377.000000,8652.450195,8370.000000,8630.049805,8493.671875,976098
2022-07-07,8695.000000,8700.000000,8576.200195,8606.400391,8470.395508,547662
2022-07-08,8620.000000,8656.950195,8445.000000,8475.950195,8342.007813,686327
2022-07-11,8451.700195,8525.000000,8416.099609,8507.650391,8373.207031,536114
2022-07-12,8495.000000,8497.450195,8376.250000,8419.700195,8286.646484,424358
2022-07-13,8454.000000,8488.150391,8381.000000,8440.200195,8306.823242,413855
2022-07-14,8464.950195,8587.349609,8450.000000,8567.750000,8432.356445,606496
2022-07-15,8596.000000,8799.000000,8576.200195,8778.049805,8639.333008,631246
2022-07-18,8802.000000,8843.000000,8684.000000,8704.799805,8567.240234,478682
2022-07-19,8699.950195,8798.900391,8667.450195,8715.849609,8578.115234,478458
2022-07-20,8775.500000,8865.450195,8720.200195,8749.049805,8610.791016,398132
2022-07-21,8793.000000,8831.900391,8722.049805,8797.000000,8657.984375,421090
2022-07-22,8850.000000,8889.000000,8791.000000,8830.950195,8691.397461,415294
2022-07-25,8828.500000,8858.599609,8490.000000,8621.599609,8485.355469,623462
2022-07-26,8622.000000,8625.400391,8471.349609,8525.849609,8391.118164,429454
2022-07-27,8555.549805,8707.450195,8460.000000,8658.099609,8521.278320,1298855
2022-07-28,8700.000000,8770.150391,8628.799805,8721.049805,8583.233398,725196
2022-07-29,8764.700195,8943.000000,8730.000000,8773.549805,8634.904297,821432
2022-08-01,8850.000000,9085.000000,8822.599609,9003.400391,8861.122070,1009408
2022-08-02,8985.000000,9196.849609,8954.000000,9173.049805,9028.090820,848311
2022-08-03,9144.750000,9144.750000,8855.599609,8959.450195,8875.923828,753729
2022-08-04,9024.000000,9048.000000,8830.000000,8966.700195,8883.105469,643264
2022-08-05,8966.799805,8985.200195,8810.000000,8841.200195,8758.775391,558385
2022-08-08,8841.200195,8998.000000,8841.000000,8921.950195,8838.773438,520993
2022-08-10,8938.599609,8999.500000,8826.000000,8879.700195,8796.916992,445375
2022-08-11,8955.700195,8998.000000,8724.000000,8813.849609,8731.680664,508318
2022-08-12,8815.000000,8815.000000,8675.000000,8699.200195,8618.099609,712782
2022-08-16,8737.150391,9040.000000,8705.049805,9003.700195,8919.760742,963726
2022-08-17,9010.000000,9070.000000,8920.000000,8944.349609,8860.963867,623749
2022-08-18,8925.000000,9012.400391,8877.000000,8947.700195,8864.283203,442229
2022-08-19,8955.450195,8968.000000,8715.000000,8778.950195,8697.106445,572597
2022-08-22,8751.000000,8767.450195,8602.200195,8628.000000,8547.563477,488485
2022-08-23,8607.000000,8757.000000,8564.000000,8720.500000,8639.201172,558231
2022-08-24,8660.000000,8772.000000,8594.000000,8704.000000,8622.854492,442582
2022-08-25,8721.000000,8835.000000,8680.000000,8735.900391,8654.458008,525721
2022-08-26,8800.000000,8832.750000,8706.200195,8720.599609,8639.299805,398063
2022-08-29,8602.599609,8859.900391,8590.000000,8834.200195,8751.840820,459057
2022-08-30,8884.799805,9164.000000,8870.000000,9082.250000,8997.578125,1016312
2022-09-01,8949.950195,9233.650391,8941.000000,9024.500000,8940.367188,888864
2022-09-02,9026.500000,9149.900391,8902.099609,8919.599609,8836.444336,632909
2022-09-05,8900.000000,9016.799805,8875.000000,8950.049805,8866.610352,386455
2022-09-06,8984.299805,9022.750000,8870.000000,8888.750000,8805.881836,397902
2022-09-07,8864.000000,8873.549805,8760.000000,8784.900391,8703.000977,496785
2022-09-08,8829.000000,8885.099609,8780.000000,8790.650391,8708.697266,428924
2022-09-09,8834.650391,8989.000000,8730.000000,8946.000000,8862.598633,632296
2022-09-12,8969.900391,9012.299805,8904.000000,8927.650391,8844.419922,383641
2022-09-13,8972.299805,8989.049805,8910.900391,8926.500000,8843.280273,405093
2022-09-14,8859.849609,9000.000000,8825.700195,8967.200195,8883.601563,509547
2022-09-15,9030.049805,9325.000000,9030.000000,9209.750000,9123.889648,1392132
2022-09-16,9209.500000,9315.900391,9020.049805,9189.650391,9103.977539,1056382
2022-09-19,9175.299805,9343.450195,9070.000000,9280.849609,9194.326172,727024
2022-09-20,9339.000000,9430.000000,9250.000000,9300.849609,9214.139648,747257
2022-09-21,9300.000000,9398.000000,9211.450195,9247.900391,9161.684570,440725
2022-09-22,9199.000000,9435.000000,9186.000000,9401.849609,9314.198242,511112
2022-09-23,9397.950195,9451.000000,9277.349609,9343.450195,9256.343750,574213
2022-09-26,9270.299805,9270.299805,8800.000000,8834.950195,8752.583984,865432
2022-09-27,8890.000000,8908.950195,8670.500000,8774.049805,8692.250977,686285
2022-09-28,8720.000000,8850.000000,8660.049805,8726.750000,8645.392578,663740
2022-09-29,8770.400391,8800.000000,8604.099609,8624.849609,8544.442383,817007
2022-09-30,8668.000000,8872.000000,8558.200195,8828.150391,8745.847656,658982
2022-10-03,8970.000000,8970.000000,8510.000000,8547.000000,8467.318359,1123076
2022-10-04,8699.000000,8758.549805,8630.000000,8690.500000,8609.480469,503140
2022-10-06,8734.000000,8825.000000,8690.500000,8703.000000,8621.864258,474445
2022-10-07,8750.000000,8845.599609,8711.000000,8779.099609,8697.253906,428616
2022-10-10,8675.000000,8876.450195,8658.000000,8862.400391,8779.778320,411218
2022-10-11,8811.000000,8850.000000,8665.000000,8684.150391,8603.190430,422610
2022-10-12,8698.000000,8720.000000,8590.599609,8686.599609,8605.616211,380365
2022-10-13,8665.000000,8785.450195,8592.000000,8649.549805,8568.912109,355605
2022-10-14,8760.000000,8766.599609,8606.299805,8617.299805,8536.962891,274160
2022-10-17,8610.000000,8749.700195,8567.049805,8723.799805,8642.469727,304671
2022-10-18,8765.049805,8888.250000,8752.049805,8807.349609,8725.241211,369973
2022-10-19,8851.400391,8855.000000,8695.000000,8719.349609,8638.061523,385416
2022-10-20,8700.000000,8739.200195,8611.000000,8707.400391,8626.223633,328270
2022-10-21,8730.000000,8794.000000,8641.000000,8703.299805,8622.161133,356203
2022-10-24,8788.799805,8788.799805,8745.849609,8765.450195,8683.732422,30052
2022-10-25,8820.000000,9017.000000,8797.400391,9005.000000,8921.048828,727441
2022-10-27,9050.000000,9076.950195,8902.000000,9041.950195,8957.654297,849108
2022-10-28,9095.000000,9549.950195,9051.000000,9492.549805,9404.052734,1873029
2022-10-31,9650.000000,9769.000000,9451.099609,9527.599609,9438.776367,1932020
2022-11-01,9635.000000,9636.900391,9375.000000,9454.599609,9366.457031,805517
2022-11-02,9445.000000,9454.599609,9210.000000,9229.400391,9143.356445,788679
2022-11-03,9210.000000,9310.000000,9164.400391,9239.099609,9152.965820,616860
2022-11-04,9257.900391,9324.000000,9191.049805,9229.500000,9143.455078,465775
2022-11-07,9277.000000,9352.799805,9254.299805,9333.299805,9246.288086,469017
2022-11-09,9480.349609,9480.849609,9220.000000,9253.500000,9167.231445,617256
2022-11-10,9201.000000,9250.750000,9071.000000,9097.250000,9012.438477,445700
2022-11-11,9200.000000,9240.000000,9050.000000,9087.549805,9002.829102,461074
2022-11-14,9100.000000,9163.049805,8992.549805,9152.349609,9067.024414,282822
2022-11-15,9190.000000,9203.549805,9130.000000,9162.200195,9076.783203,359888
2022-11-16,9160.000000,9252.500000,9099.849609,9134.950195,9049.787109,350737
2022-11-17,9101.000000,9169.599609,8970.000000,8986.450195,8902.671875,409572
2022-11-18,9010.000000,9023.950195,8836.000000,8848.049805,8765.561523,515615
2022-11-21,8825.000000,8929.200195,8786.000000,8865.200195,8782.551758,520644
2022-11-22,8875.000000,8934.950195,8859.049805,8873.750000,8791.022461,455948
2022-11-23,8940.000000,8989.000000,8902.000000,8934.500000,8851.206055,621006
2022-11-24,8968.900391,8994.900391,8921.000000,8967.099609,8883.501953,455343
2022-11-25,9000.000000,9080.000000,8947.500000,9019.500000,8935.413086,545439
2022-11-28,9028.000000,9104.099609,8950.000000,8985.400391,8901.631836,439956
2022-11-29,8985.000000,9024.750000,8888.000000,8910.200195,8827.132813,606692
2022-11-30,8924.000000,9020.000000,8870.000000,8974.150391,8890.486328,1087650
2022-12-01,9019.049805,9025.000000,8930.000000,8958.150391,8874.635742,694489
2022-12-02,8820.000000,8928.900391,8754.750000,8815.849609,8733.661133,971612
2022-12-05,8844.000000,8853.200195,8765.000000,8792.049805,8710.083984,519621
2022-12-06,8777.200195,8800.000000,8694.950195,8717.349609,8636.080078,551379
2022-12-07,8720.000000,8747.849609,8641.000000,8659.150391,8578.422852,546450
2022-12-08,8665.000000,8711.000000,8606.049805,8682.700195,8601.753906,476001
2022-12-09,8707.000000,8763.750000,8545.450195,8613.349609,8533.049805,790406
2022-12-12,8609.000000,8693.299805,8515.299805,8659.750000,8579.017578,445039
2022-12-13,8662.000000,8697.349609,8610.000000,8620.700195,8540.331055,330236
2022-12-14,8650.000000,8677.700195,8596.049805,8641.599609,8561.036133,343670
2022-12-15,8641.000000,8673.599609,8575.000000,8584.150391,8504.122070,472176
2022-12-16,8559.500000,8588.000000,8446.000000,8485.799805,8406.688477,624222
2022-12-19,8498.799805,8621.450195,8451.000000,8603.849609,8523.637695,464106
2022-12-20,8584.400391,8584.400391,8432.049805,8524.349609,8444.878906,694906
2022-12-21,8524.349609,8566.950195,8288.299805,8350.400391,8272.551758,800720
2022-12-22,8356.650391,8384.000000,8288.000000,8334.349609,8256.650391,580858
2022-12-23,8299.700195,8329.950195,8122.850098,8141.600098,8065.697754,503012
2022-12-26,8147.000000,8346.000000,8076.049805,8256.799805,8179.823730,315102
2022-12-27,8298.950195,8315.000000,8230.799805,8305.450195,8228.020508,423308
2022-12-28,8315.000000,8453.500000,8287.599609,8421.049805,8342.541992,538632
2022-12-29,8370.000000,8449.000000,8333.000000,8435.799805,8357.155273,452134
2022-12-30,8470.000000,8490.000000,8362.250000,8394.599609,8316.338867,433976
2023-01-02,8365.000000,8454.000000,8337.599609,8403.299805,8324.958008,398159
2023-01-03,8380.000000,8402.000000,8304.150391,8382.750000,8304.599609,493207
2023-01-04,8376.000000,8537.049805,8311.049805,8422.799805,8344.276367,566744
2023-01-05,8444.950195,8475.000000,8390.049805,8461.099609,8382.218750,417716
2023-01-06,8460.000000,8483.950195,8350.000000,8383.049805,8304.896484,368978
2023-01-09,8424.849609,8446.950195,8325.099609,8377.000000,8298.903320,613406
2023-01-10,8380.000000,8410.000000,8262.900391,8293.150391,8215.834961,493677
2023-01-11,8334.650391,8334.650391,8249.150391,8284.450195,8207.215820,327536
2023-01-12,8315.000000,8377.000000,8260.000000,8369.200195,8291.175781,283772
2023-01-13,8397.000000,8500.049805,8351.000000,8453.400391,8374.591797,705220
2023-01-16,8480.000000,8514.299805,8343.599609,8380.099609,8301.973633,500575
2023-01-17,8409.849609,8493.299805,8342.150391,8479.349609,8400.298828,409248
2023-01-18,8473.000000,8537.400391,8464.299805,8494.049805,8414.861328,402883
2023-01-19,8479.000000,8519.000000,8456.500000,8501.650391,8422.391602,184776
2023-01-20,8462.049805,8500.000000,8412.000000,8439.799805,8361.117188,346337
2023-01-23,8480.000000,8482.000000,8377.900391,8417.099609,8338.628906,410827
2023-01-24,8450.000000,8718.000000,8417.000000,8698.799805,8617.703125,1039571
2023-01-25,8747.900391,8833.000000,8680.299805,8784.099609,8702.208008,1131883
2023-01-27,8828.450195,8889.000000,8620.099609,8737.500000,8656.041992,743546
2023-01-30,8779.000000,8865.000000,8718.000000,8817.000000,8734.800781,1036998
2023-01-31,8856.900391,8943.849609,8830.200195,8895.299805,8812.371094,643670
2023-02-01,8937.000000,9030.450195,8673.900391,8768.849609,8687.099609,707460
2023-02-02,8765.000000,8940.000000,8751.099609,8870.150391,8787.456055,456995
2023-02-03,8940.000000,8963.000000,8845.150391,8942.299805,8858.932617,351157
2023-02-06,8926.950195,8936.000000,8820.000000,8908.000000,8824.953125,205161
2023-02-07,8908.000000,8920.000000,8752.549805,8762.450195,8680.759766,318669
2023-02-08,8773.000000,8854.500000,8673.049805,8834.700195,8752.335938,391645
2023-02-09,8802.299805,8833.000000,8700.000000,8801.200195,8719.148438,392186
2023-02-10,8797.799805,8875.000000,8772.950195,8811.349609,8729.203125,276298
2023-02-13,8787.000000,8864.400391,8755.700195,8809.450195,8727.322266,253037
2023-02-14,8815.000000,8847.000000,8765.000000,8774.450195,8692.648438,227030
2023-02-15,8774.450195,8895.700195,8742.000000,8845.349609,8762.886719,452568
2023-02-16,8880.000000,8880.000000,8790.000000,8805.099609,8723.011719,247514
2023-02-17,8787.000000,8874.000000,8749.750000,8807.750000,8725.637695,214587
2023-02-20,8807.750000,8849.000000,8675.250000,8693.650391,8612.601563,298434
2023-02-21,8694.000000,8720.000000,8638.450195,8669.849609,8589.022461,323478
2023-02-22,8675.500000,8719.000000,8585.000000,8658.950195,8578.224609,363931
2023-02-23,8693.450195,8747.450195,8616.000000,8696.250000,8615.176758,317544
2023-02-24,8711.000000,8740.000000,8609.299805,8660.500000,8579.759766,242982
2023-02-27,8630.000000,8643.049805,8530.000000,8632.200195,8551.724609,220225
2023-02-28,8650.000000,8709.000000,8605.299805,8624.349609,8543.947266,370998
2023-03-01,8620.000000,8776.250000,8620.000000,8764.150391,8682.444336,333441
2023-03-02,8771.000000,8771.000000,8509.099609,8548.750000,8469.051758,603893
2023-03-03,8592.049805,8629.000000,8550.000000,8601.250000,8521.062500,437977
2023-03-06,8640.000000,8663.000000,8590.950195,8631.450195,8550.981445,275417
2023-03-08,8625.000000,8712.049805,8610.049805,8693.900391,8612.849609,348171
2023-03-09,8725.000000,8737.000000,8534.049805,8541.950195,8462.315430,431466
2023-03-10,8530.000000,8628.000000,8480.099609,8601.549805,8521.359375,516128
2023-03-13,8601.549805,8637.299805,8481.099609,8518.400391,8438.985352,479314
2023-03-14,8544.950195,8544.950195,8445.000000,8512.150391,8432.793945,349510
2023-03-15,8650.000000,8704.950195,8440.000000,8474.950195,8395.940430,509229
2023-03-16,8460.099609,8533.400391,8411.000000,8437.450195,8358.790039,340261
2023-03-17,8503.000000,8510.950195,8293.549805,8316.849609,8239.313477,471602
2023-03-20,8316.849609,8316.849609,8130.000000,8219.599609,8142.970215,488199
2023-03-21,8245.000000,8275.000000,8215.000000,8228.400391,8151.688965,287497
2023-03-22,8236.000000,8289.599609,8217.000000,8252.400391,8175.465332,218120
2023-03-23,8264.000000,8375.000000,8232.599609,8353.200195,8275.325195,540553
2023-03-24,8353.200195,8386.500000,8211.000000,8242.900391,8166.053711,391840
2023-03-27,8250.000000,8316.799805,8229.549805,8278.349609,8201.172852,364326
2023-03-28,8305.900391,8355.599609,8140.000000,8208.799805,8132.270996,360349
2023-03-29,8249.849609,8319.099609,8187.500000,8295.299805,8217.964844,339851
2023-03-31,8325.950195,8370.000000,8257.049805,8292.150391,8214.844727,478757
2023-04-03,8412.849609,8579.000000,8390.349609,8503.049805,8423.778320,627265
2023-04-05,8521.950195,8548.000000,8430.000000,8447.049805,8368.299805,272888
2023-04-06,8464.000000,8535.000000,8377.099609,8516.650391,8437.251953,309551
2023-04-10,8456.599609,8555.799805,8403.049805,8535.150391,8455.579102,308275
2023-04-11,8580.000000,8670.950195,8545.000000,8659.549805,8578.819336,409240
2023-04-12,8672.000000,8709.950195,8591.000000,8621.049805,8540.677734,408458
2023-04-13,8628.049805,8704.000000,8620.000000,8670.799805,8589.963867,480202
2023-04-17,8850.000000,8850.000000,8650.000000,8674.650391,8593.778320,489356
2023-04-18,8692.950195,8748.799805,8690.000000,8732.650391,8651.238281,276111
2023-04-19,8690.049805,8741.799805,8662.450195,8679.950195,8599.029297,280819
2023-04-20,8670.000000,8739.900391,8665.150391,8714.650391,8633.406250,369060
2023-04-21,8679.400391,8704.000000,8550.000000,8558.450195,8478.662109,424157
2023-04-24,8577.000000,8577.000000,8444.750000,8466.150391,8387.222656,543745
2023-04-25,8510.000000,8525.000000,8420.000000,8468.900391,8389.947266,906406
2023-04-26,8527.000000,8550.000000,8434.900391,8506.900391,8427.592773,959058
2023-04-27,8570.000000,8570.000000,8471.250000,8542.950195,8463.306641,536521
2023-04-28,8593.000000,8612.450195,8535.099609,8589.549805,8509.471680,387567
2023-05-02,8622.700195,8827.000000,8606.000000,8776.849609,8695.025391,865562
2023-05-03,8770.000000,8828.000000,8715.049805,8797.299805,8715.285156,537008
2023-05-04,8796.650391,8822.950195,8743.000000,8800.599609,8718.553711,271926
2023-05-05,8800.599609,8988.000000,8790.000000,8948.650391,8865.224609,951591
2023-05-08,9046.000000,9120.950195,8960.000000,9076.250000,8991.633789,678780
2023-05-09,9083.000000,9140.000000,9051.849609,9111.549805,9026.605469,415394
2023-05-10,9128.799805,9180.000000,9060.000000,9168.150391,9082.677734,366827
2023-05-11,9242.950195,9315.000000,9142.049805,9260.900391,9174.563477,644550
2023-05-12,9260.950195,9329.799805,9232.650391,9295.400391,9208.741211,403028
2023-05-15,9242.000000,9307.500000,9185.400391,9207.299805,9121.461914,259316
2023-05-16,9219.099609,9229.299805,9057.099609,9071.349609,8986.779297,448981
2023-05-17,9080.349609,9132.000000,9032.049805,9119.400391,9034.382813,290482
2023-05-18,9144.950195,9150.000000,9044.099609,9053.299805,8968.898438,272497
2023-05-19,9060.000000,9118.200195,8960.549805,9105.950195,9021.057617,543472
2023-05-22,9090.000000,9169.700195,9073.849609,9156.650391,9071.285156,182115
2023-05-23,9169.000000,9235.000000,9156.750000,9200.700195,9114.923828,269008
2023-05-24,9168.000000,9318.200195,9159.000000,9270.750000,9184.321289,470365
2023-05-25,9220.750000,9293.400391,9216.049805,9281.849609,9195.317383,218979
2023-05-26,9333.000000,9415.000000,9311.250000,9399.950195,9312.316406,346760
2023-05-29,9435.000000,9488.799805,9312.049805,9333.500000,9246.486328,236834
2023-05-30,9380.000000,9402.900391,9300.000000,9383.349609,9295.871094,372004
2023-05-31,9449.950195,9449.950195,9267.599609,9367.700195,9280.367188,1614766
2023-06-01,9337.500000,9377.549805,9222.000000,9328.299805,9241.333984,378706
2023-06-02,9389.000000,9525.150391,9312.700195,9485.349609,9396.919922,445105
2023-06-05,9552.500000,9640.000000,9488.549805,9582.099609,9492.767578,434649
2023-06-06,9629.000000,9770.000000,9611.000000,9736.200195,9645.431641,542318
2023-06-07,9788.000000,9800.000000,9650.500000,9707.500000,9616.999023,453747
2023-06-08,9733.000000,9765.000000,9625.500000,9658.599609,9568.554688,273746
2023-06-09,9675.500000,9713.900391,9611.099609,9627.799805,9538.041992,161389
2023-06-12,9625.000000,9700.000000,9537.650391,9550.450195,9461.414063,316879
2023-06-13,9588.000000,9618.049805,9505.650391,9517.500000,9428.770508,561014
2023-06-14,9520.000000,9599.000000,9490.500000,9532.500000,9443.630859,328167
2023-06-15,9555.000000,9697.799805,9543.000000,9594.849609,9505.399414,459978
2023-06-16,9595.049805,9643.400391,9552.000000,9603.700195,9514.166992,682099
2023-06-19,9638.000000,9642.150391,9510.000000,9532.000000,9443.135742,395006
2023-06-20,9530.000000,9538.900391,9420.000000,9492.099609,9403.607422,612713
2023-06-21,9502.000000,9537.000000,9396.049805,9440.849609,9352.834961,356331
2023-06-22,9439.049805,9494.349609,9373.799805,9403.049805,9315.387695,288487
2023-06-23,9420.000000,9427.000000,9305.000000,9327.299805,9240.343750,309138
2023-06-26,9327.299805,9520.000000,9300.000000,9470.200195,9381.912109,405168
2023-06-27,9490.000000,9500.000000,9395.049805,9461.000000,9372.796875,339375
2023-06-28,9475.450195,9575.000000,9432.549805,9540.650391,9451.705078,482586
2023-06-30,9569.000000,9853.500000,9541.000000,9789.049805,9697.789063,845006
2023-07-03,9742.049805,9785.849609,9656.549805,9673.000000,9582.821289,398066
2023-07-04,9700.000000,9716.500000,9620.049805,9647.400391,9557.459961,247673
2023-07-05,9697.000000,10036.950195,9675.000000,9992.299805,9899.143555,815044
2023-07-06,9999.950195,10016.299805,9815.200195,9859.400391,9767.483398,652120
2023-07-07,9854.000000,9945.000000,9815.000000,9850.250000,9758.418945,457050
2023-07-10,9854.000000,9933.349609,9719.750000,9736.299805,9645.530273,272008
2023-07-11,9796.000000,9956.849609,9736.299805,9900.150391,9807.853516,568772
2023-07-12,9895.000000,9950.000000,9805.000000,9835.799805,9744.102539,552967
2023-07-13,9852.950195,9898.950195,9612.000000,9647.549805,9557.608398,519564
2023-07-14,9701.950195,9727.299805,9591.000000,9603.650391,9514.118164,498441
2023-07-17,9647.000000,9699.000000,9555.000000,9689.549805,9599.216797,444583
2023-07-18,9710.200195,9766.299805,9601.700195,9665.650391,9575.540039,320985
2023-07-19,9651.000000,9666.000000,9525.650391,9607.549805,9517.980469,450254
2023-07-20,9620.000000,9785.000000,9575.450195,9772.500000,9681.393555,466813
2023-07-21,9720.000000,9845.000000,9703.000000,9770.049805,9678.965820,328483
2023-07-24,9770.049805,9815.000000,9680.000000,9694.799805,9604.417969,358506
2023-07-25,9624.000000,9774.950195,9616.799805,9758.599609,9667.622070,240998
2023-07-26,9761.500000,9810.000000,9725.250000,9756.349609,9665.393555,209861
2023-07-27,9770.000000,9827.150391,9691.650391,9753.599609,9662.668945,256672
2023-07-28,9739.000000,9750.000000,9546.400391,9670.299805,9580.145508,381151
2023-07-31,9670.299805,9837.700195,9606.000000,9820.750000,9729.193359,600060
2023-08-01,9760.000000,9892.000000,9650.049805,9716.750000,9626.163086,1394528
2023-08-02,9715.000000,9793.450195,9520.349609,9653.799805,9563.799805,672815
2023-08-03,9598.849609,9659.950195,9515.599609,9543.700195,9543.700195,614897
2023-08-04,9560.000000,9616.000000,9427.000000,9470.400391,9470.400391,540470
2023-08-07,9490.000000,9539.799805,9422.000000,9523.799805,9523.799805,366329
2023-08-08,9539.950195,9623.000000,9505.000000,9542.549805,9542.549805,430636
2023-08-09,9540.000000,9540.049805,9417.500000,9463.099609,9463.099609,404602
2023-08-10,9463.099609,9500.000000,9342.049805,9397.599609,9397.599609,523490
2023-08-11,9397.599609,9469.000000,9344.000000,9356.849609,9356.849609,498504
2023-08-14,9360.000000,9364.000000,9257.900391,9321.650391,9321.650391,336864
2023-08-16,9334.000000,9437.750000,9254.150391,9419.549805,9419.549805,336363
2023-08-17,9414.900391,9474.750000,9350.000000,9375.299805,9375.299805,402798
2023-08-18,9350.000000,9470.000000,9336.650391,9456.049805,9456.049805,400745
2023-08-21,9455.549805,9469.000000,9413.250000,9438.799805,9438.799805,375347
2023-08-22,9420.200195,9508.049805,9409.700195,9491.900391,9491.900391,435930
2023-08-23,9519.000000,9640.000000,9446.000000,9600.950195,9600.950195,546842
2023-08-24,9661.650391,9661.650391,9555.000000,9573.700195,9573.700195,385559
2023-08-25,9554.000000,9624.750000,9485.000000,9505.700195,9505.700195,346449
2023-08-28,9514.950195,9670.000000,9510.000000,9597.700195,9597.700195,325938
2023-08-29,9600.000000,9684.750000,9506.000000,9621.250000,9621.250000,317224
2023-08-30,9660.000000,9817.950195,9610.000000,9796.400391,9796.400391,543634
2023-08-31,9770.099609,10065.000000,9770.099609,10003.799805,10003.799805,1581818
2023-09-01,9999.000000,10397.950195,9951.349609,10331.250000,10331.250000,1193178
2023-09-04,10401.000000,10467.950195,10286.299805,10362.450195,10362.450195,819552
2023-09-05,10350.000000,10412.700195,10245.799805,10262.099609,10262.099609,507107
2023-09-06,10260.000000,10260.000000,10130.150391,10178.849609,10178.849609,663758
2023-09-07,10150.000000,10300.900391,10150.000000,10280.750000,10280.750000,445805
2023-09-08,10399.000000,10400.000000,10300.000000,10332.000000,10332.000000,439721
2023-09-11,10345.000000,10550.000000,10344.000000,10533.849609,10533.849609,598050
2023-09-12,10544.000000,10568.400391,10405.000000,10503.599609,10503.599609,568773
2023-09-13,10500.000000,10536.400391,10440.000000,10473.400391,10473.400391,301707
2023-09-14,10465.049805,10580.000000,10431.049805,10488.150391,10488.150391,501196
2023-09-15,10489.299805,10550.000000,10477.400391,10525.250000,10525.250000,544616
2023-09-18,10500.049805,10623.650391,10494.049805,10522.099609,10522.099609,430213
2023-09-20,10494.049805,10494.049805,10337.549805,10346.750000,10346.750000,545106
2023-09-21,10343.049805,10345.000000,10206.500000,10284.299805,10284.299805,577252
2023-09-22,10378.000000,10566.750000,10308.450195,10535.150391,10535.150391,986206
2023-09-25,10535.150391,10720.000000,10530.000000,10588.200195,10588.200195,756801
2023-09-26,10631.900391,10633.950195,10526.549805,10556.650391,10556.650391,452503
2023-09-27,10550.000000,10706.000000,10525.000000,10680.750000,10680.750000,458359
2023-09-28,10650.500000,10705.000000,10532.049805,10565.349609,10565.349609,598144
2023-09-29,10541.000000,10705.500000,10510.549805,10610.599609,10610.599609,481725
2023-10-03,10709.799805,10709.799805,10303.299805,10346.900391,10346.900391,623006
2023-10-04,10283.900391,10283.900391,10090.000000,10129.849609,10129.849609,407793
2023-10-05,10181.950195,10270.950195,10109.000000,10210.150391,10210.150391,377196
2023-10-06,10283.000000,10332.950195,10260.000000,10302.049805,10302.049805,335700
2023-10-09,10250.000000,10334.400391,10183.950195,10244.799805,10244.799805,230083
2023-10-10,10290.000000,10417.000000,10270.099609,10375.000000,10375.000000,348342
2023-10-11,10349.950195,10440.000000,10340.049805,10412.099609,10412.099609,193526
2023-10-12,10460.000000,10624.549805,10420.200195,10580.900391,10580.900391,569237
2023-10-13,10534.049805,10745.049805,10529.799805,10727.549805,10727.549805,625954
2023-10-16,10729.950195,10810.849609,10665.000000,10704.500000,10704.500000,304196
2023-10-17,10730.000000,10797.849609,10565.299805,10750.799805,10750.799805,474718
2023-10-18,10755.000000,10809.849609,10711.049805,10788.450195,10788.450195,267435
2023-10-19,10700.000000,10798.700195,10700.000000,10771.700195,10771.700195,286284
2023-10-20,10763.099609,10799.000000,10695.700195,10725.650391,10725.650391,232512
2023-10-23,10681.000000,10724.650391,10530.450195,10553.650391,10553.650391,227925
2023-10-25,10520.000000,10647.450195,10501.599609,10588.849609,10588.849609,401105
2023-10-26,10539.000000,10594.000000,10392.500000,10424.150391,10424.150391,506129
2023-10-27,10440.049805,10845.000000,10440.000000,10560.700195,10560.700195,1116713
2023-10-30,10700.000000,10700.000000,10245.000000,10397.700195,10397.700195,991168
2023-10-31,10490.000000,10490.000000,10321.000000,10392.299805,10392.299805,439996
2023-11-01,10390.099609,10422.200195,10188.650391,10227.750000,10227.750000,699116
2023-11-02,10290.299805,10345.000000,10201.000000,10303.599609,10303.599609,569194
2023-11-03,10318.000000,10370.000000,10241.000000,10276.299805,10276.299805,517582
2023-11-06,10338.950195,10338.950195,10252.000000,10284.849609,10284.849609,490459
2023-11-07,10300.000000,10326.000000,10235.849609,10253.299805,10253.299805,264935
2023-11-08,10320.000000,10340.450195,10260.599609,10322.299805,10322.299805,287006
2023-11-09,10349.950195,10449.599609,10316.750000,10400.349609,10400.349609,310536
2023-11-10,10375.000000,10416.400391,10320.000000,10388.799805,10388.799805,206395
2023-11-13,10429.000000,10429.000000,10363.650391,10398.400391,10398.400391,261891
2023-11-15,10497.000000,10497.000000,10375.049805,10456.049805,10456.049805,436538
2023-11-16,10480.000000,10543.700195,10409.200195,10484.500000,10484.500000,488715
2023-11-17,10500.000000,10606.799805,10499.150391,10523.500000,10523.500000,403772
2023-11-20,10500.000000,10593.349609,10500.000000,10566.250000,10566.250000,234246
2023-11-21,10619.000000,10619.000000,10500.000000,10535.150391,10535.150391,312242
2023-11-22,10550.000000,10551.250000,10420.000000,10494.549805,10494.549805,378891
2023-11-23,10487.799805,10525.000000,10394.049805,10488.500000,10488.500000,453820
2023-11-24,10505.950195,10566.500000,10462.000000,10515.650391,10515.650391,380306
2023-11-28,10539.950195,10556.400391,10506.000000,10537.549805,10537.549805,268026
2023-11-29,10570.000000,10634.549805,10525.700195,10599.250000,10599.250000,343341
2023-11-30,10581.000000,10649.000000,10546.099609,10608.700195,10608.700195,665660
2023-12-01,10608.000000,10759.000000,10533.049805,10585.700195,10585.700195,591519
2023-12-04,10695.000000,10695.099609,10425.000000,10599.450195,10599.450195,625235
2023-12-05,10650.900391,10770.000000,10563.400391,10721.900391,10721.900391,580996
2023-12-06,10721.900391,10748.950195,10590.000000,10625.750000,10625.750000,464163
2023-12-07,10790.000000,10932.849609,10635.000000,10696.650391,10696.650391,704413
2023-12-08,10730.000000,10748.000000,10551.000000,10618.549805,10618.549805,548373
2023-12-11,10630.000000,10638.000000,10500.049805,10541.750000,10541.750000,579749
2023-12-12,10620.000000,10624.000000,10301.099609,10338.400391,10338.400391,1088687
2023-12-13,10360.000000,10412.900391,10260.000000,10380.049805,10380.049805,603469
2023-12-14,10440.000000,10495.000000,10312.299805,10353.200195,10353.200195,635475
2023-12-15,10459.000000,10476.750000,9832.599609,10286.400391,10286.400391,1244681
2023-12-18,10295.000000,10350.900391,10226.200195,10319.599609,10319.599609,652498
2023-12-19,10319.599609,10377.000000,10206.200195,10233.599609,10233.599609,585734
2023-12-20,10240.000000,10309.049805,9990.000000,10081.250000,10081.250000,964051
2023-12-21,10000.000000,10099.250000,9900.000000,10012.849609,10012.849609,739806
2023-12-22,10050.000000,10318.299805,10030.000000,10217.150391,10217.150391,652545
2023-12-26,10270.000000,10281.200195,10114.700195,10270.650391,10270.650391,395273
2023-12-27,10286.000000,10305.349609,10230.000000,10288.500000,10288.500000,397675
2023-12-28,10310.950195,10310.950195,10187.000000,10271.599609,10271.599609,584234
2023-12-29,10280.450195,10396.650391,10273.000000,10302.349609,10302.349609,705227
2024-01-01,10345.000000,10345.000000,10214.650391,10283.299805,10283.299805,411724
2024-01-02,10283.299805,10294.700195,10151.049805,10197.750000,10197.750000,776837
2024-01-03,10200.000000,10210.000000,10065.000000,10077.650391,10077.650391,521046
2024-01-04,10100.000000,10120.000000,9985.549805,10015.299805,10015.299805,711733
2024-01-05,10010.650391,10075.000000,9970.000000,10017.000000,10017.000000,673131
2024-01-08,10005.000000,10128.950195,9911.900391,9946.700195,9946.700195,600153
2024-01-09,9975.000000,10042.650391,9890.000000,10024.099609,10024.099609,666469
2024-01-10,10049.950195,10050.750000,9950.000000,10010.200195,10010.200195,481699
2024-01-11,10025.099609,10124.099609,10000.000000,10011.099609,10011.099609,1024815
2024-01-12,10025.000000,10044.950195,9935.950195,9965.650391,9965.650391,850190
2024-01-15,9985.099609,10098.799805,9948.000000,10086.900391,10086.900391,463380
2024-01-16,10086.849609,10240.000000,10060.000000,10183.549805,10183.549805,536823
2024-01-17,10124.000000,10161.799805,9996.450195,10051.700195,10051.700195,610250
2024-01-18,9946.049805,10050.000000,9737.650391,9924.500000,9924.500000,614860
2024-01-19,9960.000000,10051.650391,9949.049805,10037.700195,10037.700195,377018
2024-01-23,9862.000000,9973.000000,9832.099609,9860.450195,9860.450195,956269
2024-01-24,9860.000000,10000.000000,9755.000000,9988.200195,9988.200195,459092
2024-01-25,9988.200195,9999.799805,9816.549805,9881.000000,9881.000000,718817
2024-01-29,9931.150391,10035.000000,9875.049805,9991.400391,9991.400391,446516
2024-01-30,10010.849609,10033.500000,9931.500000,9951.650391,9951.650391,399869
2024-01-31,9959.299805,10235.599609,9913.000000,10186.900391,10186.900391,997024
2024-02-01,10210.000000,10699.799805,10204.000000,10637.950195,10637.950195,1869594
2024-02-02,10598.000000,10711.599609,10540.400391,10655.450195,10655.450195,814940
2024-02-05,10602.000000,10759.950195,10400.000000,10428.549805,10428.549805,365105
2024-02-06,10499.950195,10856.750000,10458.000000,10844.849609,10844.849609,829040
2024-02-07,10860.000000,10973.500000,10786.799805,10935.700195,10935.700195,560808
2024-02-08,10951.000000,10951.000000,10689.950195,10743.900391,10743.900391,557082
2024-02-09,10711.250000,10770.000000,10611.099609,10732.849609,10732.849609,645489
2024-02-12,10700.000000,10748.950195,10650.049805,10709.700195,10709.700195,190655
2024-02-13,10730.000000,10830.000000,10640.150391,10794.500000,10794.500000,397979
2024-02-14,10705.000000,11050.000000,10703.400391,11027.950195,11027.950195,354676
2024-02-15,11040.000000,11133.000000,10980.000000,11090.250000,11090.250000,447248
2024-02-16,11120.000000,11480.000000,11098.000000,11380.400391,11380.400391,716486
2024-02-19,11380.400391,11613.049805,11333.049805,11483.349609,11483.349609,581383
2024-02-20,11440.000000,11479.950195,11315.849609,11446.450195,11446.450195,355044
2024-02-21,11456.000000,11521.000000,11370.000000,11465.849609,11465.849609,348461
2024-02-22,11500.000000,11695.000000,11391.250000,11657.799805,11657.799805,584406
2024-02-23,11704.950195,11720.000000,11475.200195,11535.599609,11535.599609,472884
2024-02-26,11505.000000,11533.950195,11416.450195,11467.000000,11467.000000,277700
2024-02-27,11415.000000,11562.900391,11384.250000,11500.650391,11500.650391,307585
2024-02-28,11471.000000,11498.950195,11130.000000,11152.799805,11152.799805,358812
2024-02-29,11155.000000,11349.000000,11129.500000,11288.349609,11288.349609,943841
2024-03-01,11295.000000,11675.000000,11295.000000,11620.950195,11620.950195,487355
2024-03-04,11600.000000,11677.299805,11544.150391,11594.150391,11594.150391,369936
2024-03-05,11596.049805,11730.000000,11561.799805,11670.599609,11670.599609,320702
2024-03-06,11670.599609,11679.000000,11518.400391,11567.049805,11567.049805,639542
2024-03-07,11571.049805,11633.500000,11421.150391,11510.049805,11510.049805,255325
2024-03-11,11515.150391,11555.900391,11350.049805,11395.549805,11395.549805,525344
2024-03-12,11400.000000,11575.900391,11381.000000,11509.900391,11509.900391,283816
2024-03-13,11510.000000,11554.849609,11267.599609,11390.150391,11390.150391,385204
2024-03-14,11401.750000,11460.000000,11302.049805,11404.599609,11404.599609,523058
2024-03-15,11380.000000,11521.049805,11314.049805,11476.650391,11476.650391,972333
2024-03-18,11436.650391,11665.400391,11366.299805,11636.299805,11636.299805,311049
2024-03-19,11542.099609,11679.950195,11456.150391,11597.049805,11597.049805,409259
2024-03-20,11651.150391,12025.000000,11651.150391,11941.150391,11941.150391,1031037
2024-03-21,11999.000000,12000.000000,11825.349609,11908.150391,11908.150391,544311
2024-03-22,11890.049805,12427.299805,11890.049805,12337.700195,12337.700195,1062263
2024-03-26,12285.549805,12321.900391,12141.200195,12250.549805,12250.549805,507568
2024-03-27,12290.000000,12722.700195,12285.700195,12510.349609,12510.349609,878986
2024-03-28,12569.950195,12726.799805,12385.500000,12600.349609,12600.349609,860324
2024-04-01,12613.349609,12689.000000,12506.150391,12569.599609,12569.599609,314676
2024-04-02,12624.950195,12648.000000,12462.250000,12552.450195,12552.450195,333508
2024-04-03,12450.000000,12525.500000,12412.549805,12427.849609,12427.849609,271935
2024-04-04,12490.000000,12649.000000,12318.049805,12567.250000,12567.250000,491166
2024-04-05,12492.000000,12557.900391,12384.500000,12421.599609,12421.599609,231600
2024-04-08,12450.000000,12927.650391,12450.000000,12865.099609,12865.099609,570422
2024-04-09,12865.099609,12985.700195,12780.000000,12888.000000,12888.000000,314466
2024-04-10,12933.000000,12958.000000,12600.900391,12682.750000,12682.750000,464239
2024-04-12,12660.000000,12660.000000,12225.000000,12266.549805,12266.549805,973366
2024-04-15,12199.500000,12510.000000,12032.950195,12422.849609,12422.849609,831257
2024-04-16,12308.000000,12549.900391,12275.349609,12502.700195,12502.700195,579183
2024-04-18,12570.000000,12602.000000,12320.049805,12405.000000,12405.000000,679117
2024-04-19,12399.900391,12759.400391,12225.000000,12710.950195,12710.950195,635535
2024-04-22,12783.150391,12879.150391,12659.000000,12785.500000,12785.500000,342212
2024-04-23,12845.000000,13024.500000,12776.299805,12996.250000,12996.250000,397281
2024-04-24,13000.000000,13073.950195,12900.000000,12944.049805,12944.049805,296364
2024-04-25,12964.000000,12980.700195,12740.349609,12922.500000,12922.500000,640725
2024-04-26,12922.000000,13045.000000,12660.000000,12703.349609,12703.349609,704626
2024-04-29,12800.049805,12994.799805,12603.000000,12689.849609,12689.849609,613937
2024-04-30,12786.000000,12996.000000,12740.200195,12817.500000,12817.500000,528776
2024-05-02,12750.000000,12844.150391,12514.799805,12805.349609,12805.349609,814923
2024-05-03,12817.950195,12830.000000,12411.400391,12492.150391,12492.150391,834990
2024-05-06,12550.000000,12646.400391,12372.500000,12439.299805,12439.299805,342231
2024-05-07,12472.400391,12508.500000,12239.000000,12364.049805,12364.049805,604375
2024-05-08,12392.000000,12559.950195,12325.000000,12543.549805,12543.549805,399669
2024-05-09,12540.000000,12739.799805,12436.750000,12504.650391,12504.650391,504590
2024-05-10,12505.000000,12696.950195,12501.000000,12675.500000,12675.500000,328670
2024-05-13,12660.000000,12708.400391,12477.549805,12673.849609,12673.849609,281421
2024-05-14,12673.849609,12840.000000,12651.400391,12814.200195,12814.200195,331037
2024-05-15,12820.000000,12872.400391,12700.000000,12767.299805,12767.299805,232030
2024-05-16,12848.000000,12848.000000,12300.000000,12497.650391,12497.650391,914201
2024-05-17,12515.150391,12665.900391,12322.299805,12641.500000,12641.500000,809226
2024-05-21,12600.150391,12678.900391,12441.799805,12473.299805,12473.299805,443136
2024-05-22,12427.799805,12563.000000,12363.099609,12531.349609,12531.349609,280015
2024-05-23,12566.049805,12975.099609,12473.049805,12934.900391,12934.900391,768732
2024-05-24,12865.000000,13034.000000,12811.000000,13000.450195,13000.450195,624801
2024-05-27,13023.450195,13058.500000,12777.000000,12906.099609,12906.099609,464953
2024-05-28,12890.000000,12985.950195,12800.250000,12818.599609,12818.599609,333806
2024-05-29,12818.000000,12850.049805,12750.000000,12788.650391,12788.650391,353706
2024-05-30,12721.000000,12810.000000,12550.000000,12598.000000,12598.000000,524559
2024-05-31,12598.000000,12633.349609,12330.000000,12399.299805,12399.299805,908304
2024-06-03,12825.000000,12825.000000,12402.549805,12476.150391,12476.150391,485936
2024-06-04,12596.599609,12597.200195,11561.450195,12176.049805,12176.049805,825928
2024-06-05,12180.000000,12614.099609,12125.099609,12502.599609,12502.599609,447581
2024-06-06,12511.549805,12690.000000,12468.000000,12673.500000,12673.500000,447536
2024-06-07,12582.349609,12828.000000,12582.349609,12810.900391,12810.900391,532480
2024-06-10,12765.150391,12920.000000,12627.900391,12717.549805,12717.549805,293471
2024-06-11,12743.500000,12939.549805,12655.200195,12863.650391,12863.650391,358807
2024-06-12,12863.650391,12951.599609,12802.000000,12849.349609,12849.349609,302719
2024-06-13,12940.000000,12940.000000,12739.599609,12846.849609,12846.849609,297240
2024-06-14,12831.500000,12895.000000,12778.799805,12845.200195,12845.200195,216967
2024-06-18,12878.400391,12880.000000,12542.049805,12560.950195,12560.950195,823306
2024-06-19,12610.000000,12625.000000,12200.000000,12242.099609,12242.099609,694871
2024-06-20,12246.000000,12305.500000,12135.000000,12149.500000,12149.500000,907751
2024-06-21,12220.000000,12366.250000,12083.500000,12201.500000,12201.500000,947800
2024-06-24,12181.000000,12289.000000,12041.000000,12183.400391,12183.400391,550862
2024-06-25,12201.400391,12237.799805,12072.049805,12116.599609,12116.599609,594272
2024-06-26,12117.000000,12323.849609,12067.700195,12198.250000,12198.250000,447931
2024-06-27,12200.000000,12227.299805,12010.000000,12178.750000,12178.750000,1230852
2024-06-28,12184.950195,12201.500000,12004.150391,12033.849609,12033.849609,1160395
2024-07-01,12045.000000,12260.000000,12005.549805,12108.650391,12108.650391,1134926
2024-07-02,12149.950195,12149.950195,11995.000000,12042.599609,12042.599609,687181
2024-07-03,12115.000000,12150.000000,11960.000000,12123.650391,12123.650391,467532
2024-07-04,12135.000000,12210.000000,12071.799805,12089.599609,12089.599609,299684
2024-07-05,12069.150391,12137.450195,12021.900391,12104.049805,12104.049805,406926
2024-07-08,12104.000000,12112.000000,11966.000000,12023.599609,12023.599609,496933
2024-07-09,12325.000000,12959.950195,12264.049805,12827.700195,12827.700195,2114130
2024-07-10,12950.049805,13300.000000,12732.650391,12772.799805,12772.799805,2070520
2024-07-11,12800.000000,12923.799805,12695.049805,12715.200195,12715.200195,608983
2024-07-12,12620.000000,12669.900391,12475.000000,12562.500000,12562.500000,674746
2024-07-15,12600.000000,12768.500000,12590.000000,12643.950195,12643.950195,697186
2024-07-16,12643.000000,12798.000000,12581.750000,12639.549805,12639.549805,347810
2024-07-18,12633.000000,12680.000000,12463.000000,12644.049805,12644.049805,391216
2024-07-19,12650.000000,12710.000000,12496.450195,12524.299805,12524.299805,351955
2024-07-22,12500.000000,12658.950195,12400.049805,12641.250000,12641.250000,249631
2024-07-23,12720.000000,12734.950195,12360.000000,12629.049805,12629.049805,332258
2024-07-24,12634.000000,12663.200195,12458.200195,12487.250000,12487.250000,285860
2024-07-25,12388.049805,12525.000000,12388.049805,12509.200195,12509.200195,396789
2024-07-26,12470.000000,12743.099609,12389.200195,12663.700195,12663.700195,537693
2024-07-29,12709.000000,12773.700195,12603.000000,12720.000000,12720.000000,177432