Date,Open,High,Low,Close,Adj Close,Volume
2019-01-01,1115.000000,1117.040039,1098.994995,1101.505005,1021.500244,317090
2019-01-02,1098.050049,1116.000000,1090.704956,1103.540039,1023.387207,281670
2019-01-03,1111.099976,1149.900024,1099.989990,1120.714966,1039.314819,1692910
2019-01-04,1113.900024,1119.890015,1065.555054,1085.119995,1006.305481,2061630
2019-01-07,1087.500000,1093.964966,1070.000000,1078.609985,1000.268127,859590
2019-01-08,1080.000000,1124.000000,1069.000000,1100.540039,1020.605408,1343410
2019-01-09,1109.984985,1129.839966,1105.839966,1125.224976,1043.497437,984830
2019-01-10,1132.000000,1144.780029,1113.959961,1141.660034,1058.738770,769150
2019-01-11,1140.015015,1145.800049,1115.099976,1127.300049,1045.421875,572530
2019-01-14,1130.000000,1138.569946,1118.994995,1122.864990,1041.308716,518110
2019-01-15,1129.599976,1134.000000,1120.000000,1128.265015,1046.316772,494700
2019-01-16,1126.104980,1129.175049,1098.000000,1105.589966,1025.288574,1366790
2019-01-17,1120.000000,1123.295044,1112.199951,1116.569946,1035.471069,727370
2019-01-18,1120.000000,1132.645020,1118.099976,1124.839966,1043.140137,767620
2019-01-21,1129.599976,1130.895020,1115.010010,1125.525024,1043.775513,191080
2019-01-22,1129.000000,1135.000000,1120.000000,1123.655029,1042.041260,399580
2019-01-23,1125.500000,1134.800049,1124.000000,1131.589966,1049.400269,512100
2019-01-24,1131.589966,1146.000000,1130.604980,1143.339966,1060.296265,1046180
2019-01-25,1146.000000,1151.699951,1130.000000,1136.560059,1054.009399,599280
2019-01-28,1136.560059,1142.000000,1115.500000,1136.060059,1053.545532,1039630
2019-01-29,1138.000000,1144.000000,1129.390015,1139.910034,1057.115723,706320
2019-01-30,1142.000000,1143.974976,1128.000000,1139.665039,1056.888550,392900
2019-01-31,1142.000000,1153.895020,1137.305054,1149.785034,1066.273560,953730
2019-02-01,1149.805054,1162.199951,1143.015015,1155.655029,1071.717163,619060
2019-02-04,1151.500000,1164.214966,1150.000000,1153.375000,1069.603027,344340
2019-02-05,1153.494995,1165.400024,1151.010010,1160.744995,1076.437500,367270
2019-02-06,1165.400024,1165.400024,1146.969971,1161.739990,1077.360352,278850
2019-02-07,1161.500000,1174.900024,1154.000000,1171.569946,1086.476196,361680
2019-02-08,1170.795044,1175.099976,1111.099976,1124.270020,1042.611816,1146970
2019-02-11,1130.000000,1130.000000,1076.545044,1084.349976,1005.591309,1228410
2019-02-12,1083.500000,1085.000000,1061.569946,1078.380005,1000.054932,975760
2019-02-14,1054.099976,1077.895020,1031.000000,1062.880005,985.680725,1245630
2019-02-15,1045.000000,1074.015015,1025.099976,1053.545044,977.023682,4148130
2019-02-18,1054.900024,1057.994995,1017.625000,1034.944946,959.774475,872350
2019-02-19,1035.005005,1072.905029,1035.005005,1051.540039,975.164307,886010
2019-02-20,1053.150024,1063.885010,1039.925049,1052.180054,975.757935,623790
2019-02-21,1050.000000,1067.145020,1045.000000,1062.194946,985.045288,702800
2019-02-22,1063.989990,1070.900024,1056.165039,1068.545044,990.934326,552830
2019-02-25,1073.900024,1087.000000,1068.000000,1083.165039,1004.492493,420860
2019-02-26,1079.900024,1085.500000,1066.650024,1080.439941,1001.965271,724670
2019-02-27,1080.439941,1082.064941,1065.180054,1071.369995,993.553955,857130
2019-02-28,1075.000000,1076.344971,1055.510010,1063.974976,986.696106,1118750
2019-03-01,1064.000000,1067.500000,1040.604980,1045.180054,969.266235,1097820
2019-03-05,1028.145020,1056.665039,1028.145020,1050.594971,974.287842,816580
2019-03-06,1059.300049,1059.300049,1019.500000,1032.074951,957.112976,1454340
2019-03-07,1034.000000,1035.260010,1016.510010,1020.335022,946.225830,780520
2019-03-08,1021.994995,1022.000000,1003.500000,1009.515015,936.191650,984980
2019-03-11,1009.934998,1032.900024,1003.164978,1029.280029,954.521240,1141360
2019-03-12,1029.890015,1051.194946,1026.005005,1042.890015,967.142700,830430
2019-03-13,1052.800049,1075.494995,1050.040039,1072.329956,994.444214,1337600
2019-03-14,1075.800049,1077.000000,1054.000000,1073.930054,995.928040,558040
2019-03-15,1070.130005,1076.204956,1023.005005,1028.989990,954.252197,1834520
2019-03-18,1037.500000,1049.540039,1027.119995,1045.660034,969.711548,612620
2019-03-19,1045.660034,1075.500000,1040.984985,1070.699951,992.932739,828210
2019-03-20,1072.989990,1074.994995,1046.349976,1053.015015,976.532227,596300
2019-03-22,1059.300049,1064.900024,1052.724976,1060.064941,983.070068,856560
2019-03-25,1051.505005,1054.989990,1030.300049,1052.829956,976.360474,1097850
2019-03-26,1056.520020,1079.025024,1051.594971,1069.189941,991.532166,1506850
2019-03-27,1069.094971,1104.900024,1057.675049,1089.199951,1010.088867,1396050
2019-03-28,1093.890015,1113.000000,1080.099976,1107.310059,1026.883789,918280
2019-04-01,1098.000000,1112.099976,1086.109985,1091.515015,1012.235840,814310
2019-04-02,1097.969971,1097.969971,1070.000000,1078.680054,1000.332886,596090
2019-04-03,1094.699951,1106.699951,1078.000000,1100.375000,1020.452271,746920
2019-04-04,1105.900024,1105.900024,1085.000000,1096.185059,1016.566650,401770
2019-04-05,1093.505005,1109.099976,1090.000000,1098.074951,1018.319519,260130
2019-04-08,1099.900024,1105.000000,1080.449951,1085.060059,1006.249756,370490
2019-04-09,1088.900024,1088.900024,1074.000000,1079.005005,1000.634460,757300
2019-04-10,1079.250000,1085.000000,1073.000000,1081.194946,1002.665405,480890
2019-04-11,1079.500000,1089.900024,1069.000000,1076.410034,998.227905,939020
2019-04-12,1076.790039,1100.000000,1076.430054,1097.380005,1017.674805,497370
2019-04-15,1100.000000,1108.900024,1089.104980,1097.010010,1017.331726,847350
2019-04-16,1100.000000,1121.895020,1099.500000,1115.579956,1034.552856,893550
2019-04-18,1118.640015,1123.994995,1092.500000,1095.444946,1015.880310,563990
2019-04-22,1096.500000,1112.500000,1085.155029,1087.989990,1008.966919,318830
2019-04-23,1094.000000,1097.900024,1087.199951,1091.020020,1011.776611,251190
2019-04-24,1090.750000,1102.954956,1070.500000,1083.339966,1004.654541,763580
2019-04-25,1089.000000,1099.000000,1078.000000,1084.645020,1005.864685,902490
2019-04-26,1085.099976,1104.920044,1082.204956,1097.125000,1017.438416,514120
2019-04-30,1090.000000,1097.494995,1085.469971,1090.530029,1013.632324,742380
2019-05-02,1090.500000,1090.500000,1040.305054,1058.969971,984.297546,442490
2019-05-03,1065.000000,1065.000000,1038.000000,1048.569946,974.630798,1154480
2019-05-06,1040.000000,1049.709961,1030.505005,1036.400024,965.436768,901360
2019-05-07,1040.150024,1058.994995,1040.099976,1047.709961,975.972229,726310
2019-05-08,1048.775024,1053.599976,1027.569946,1029.834961,959.321106,463910
2019-05-09,1029.500000,1040.900024,1020.000000,1036.219971,965.268860,465520
2019-05-10,1037.189941,1043.564941,1017.104980,1023.114990,953.061279,612730
2019-05-13,1026.199951,1043.324951,1023.224976,1030.005005,959.479614,480420
2019-05-14,1031.000000,1036.439941,1012.005005,1019.864990,950.033997,542750
2019-05-15,1040.099976,1050.900024,1021.099976,1026.854980,956.545288,1271900
2019-05-16,1033.270020,1040.099976,1025.505005,1028.055054,957.663086,393220
2019-05-17,1029.994995,1054.619995,1025.685059,1046.564941,974.905823,657040
2019-05-20,1068.000000,1083.199951,1056.035034,1076.814941,1003.084412,495550
2019-05-21,1084.994995,1088.469971,1049.395020,1060.920044,988.277954,471820
2019-05-22,1065.005005,1078.420044,1060.000000,1070.055054,996.787354,314970
2019-05-23,1084.800049,1098.900024,1068.000000,1079.704956,1005.776550,562570
2019-05-24,1081.300049,1084.989990,1059.229980,1066.005005,993.014648,494650
2019-05-27,1075.000000,1108.300049,1070.000000,1103.625000,1028.058716,844000
2019-05-28,1104.000000,1116.500000,1095.000000,1110.520020,1034.481689,1334450
2019-05-29,1112.500000,1129.594971,1098.744995,1120.599976,1043.871338,1286540
2019-05-30,1117.525024,1134.500000,1117.000000,1132.050049,1054.537476,934210
2019-05-31,1135.000000,1154.000000,1130.344971,1149.810059,1071.081787,701720
2019-06-03,1149.859985,1170.000000,1149.859985,1168.645020,1088.626587,643020
2019-06-04,1160.000000,1169.800049,1142.800049,1155.234985,1076.134888,961440
2019-06-06,1155.234985,1168.400024,1153.000000,1160.329956,1080.880859,826580
2019-06-07,1161.000000,1162.800049,1145.099976,1150.385010,1071.617188,437260
2019-06-10,1160.709961,1172.900024,1137.599976,1169.839966,1089.739868,483410
2019-06-11,1175.500000,1181.770020,1149.810059,1162.295044,1082.711548,722860
2019-06-12,1167.400024,1171.500000,1150.500000,1169.550049,1089.469849,433740
2019-06-13,1162.000000,1166.155029,1157.005005,1161.375000,1081.854736,691560
2019-06-14,1161.550049,1172.364990,1145.099976,1148.900024,1070.233643,405640
2019-06-17,1155.900024,1162.964966,1142.564941,1148.084961,1069.474487,457860
2019-06-18,1150.505005,1155.194946,1130.000000,1145.760010,1067.308594,555290
2019-06-19,1147.890015,1165.050049,1145.000000,1161.170044,1081.663574,695100
2019-06-20,1161.305054,1175.900024,1147.420044,1171.805054,1091.570435,653960
2019-06-21,1171.000000,1179.000000,1153.915039,1160.089966,1080.657471,1119800
2019-06-24,1160.000000,1176.000000,1155.015015,1171.199951,1091.006714,242220
2019-06-25,1168.005005,1173.724976,1161.344971,1170.584961,1090.433960,377480
2019-06-26,1170.599976,1195.000000,1168.079956,1180.250000,1099.437012,1432130
2019-06-27,1181.030029,1186.689941,1168.444946,1180.285034,1099.469971,939270
2019-06-28,1176.199951,1194.000000,1175.500000,1191.260010,1109.693115,570690
2019-07-01,1198.400024,1202.324951,1182.364990,1186.875000,1105.608643,409010
2019-07-02,1186.000000,1200.494995,1180.099976,1196.484985,1114.560303,666470
2019-07-03,1196.400024,1199.854980,1177.994995,1181.915039,1100.988403,631520
2019-07-04,1181.000000,1197.000000,1179.994995,1188.444946,1107.070923,237140
2019-07-05,1192.994995,1200.000000,1184.000000,1195.689941,1113.819946,353760
2019-07-08,1192.900024,1192.900024,1175.199951,1180.145020,1099.339355,455070
2019-07-09,1181.979980,1182.400024,1163.000000,1168.704956,1088.682617,618430
2019-07-10,1171.500000,1179.500000,1153.000000,1155.045044,1075.958008,442370
2019-07-11,1162.405029,1162.405029,1147.150024,1150.680054,1071.891846,464920
2019-07-12,1150.699951,1171.800049,1150.699951,1167.214966,1087.294800,276050
2019-07-15,1168.900024,1168.900024,1146.560059,1148.444946,1069.809937,194320
2019-07-16,1163.199951,1174.194946,1148.709961,1170.864990,1090.694458,424490
2019-07-17,1170.599976,1174.979980,1160.250000,1169.540039,1089.460449,249220
2019-07-18,1172.680054,1174.359985,1154.250000,1159.675049,1080.271118,473940
2019-07-19,1164.989990,1172.500000,1151.229980,1154.704956,1075.641479,866770
2019-07-22,1150.805054,1156.255005,1126.500000,1130.469971,1053.065552,474640
2019-07-23,1130.500000,1169.300049,1130.500000,1147.074951,1068.533569,615630
2019-07-24,1150.000000,1161.974976,1129.875000,1147.989990,1069.385986,497400
2019-07-25,1150.900024,1166.685059,1144.000000,1149.500000,1070.792358,538850
2019-07-26,1152.500000,1167.145020,1147.000000,1162.324951,1082.739502,305440
2019-07-29,1160.000000,1169.000000,1147.925049,1162.025024,1082.459961,460520
2019-07-30,1167.385010,1169.055054,1150.000000,1153.655029,1074.663086,344590
2019-07-31,1150.005005,1174.000000,1140.099976,1167.589966,1087.644043,469710
2019-08-01,1166.400024,1166.400024,1144.500000,1154.699951,1075.636719,346230
2019-08-02,1142.500000,1153.614990,1132.244995,1141.150024,1063.014526,565480
2019-08-05,1152.800049,1195.000000,1149.000000,1171.280029,1091.081421,1229800
2019-08-06,1171.000000,1199.800049,1170.104980,1183.755005,1102.702271,859920
2019-08-07,1179.000000,1190.964966,1173.214966,1177.744995,1097.103516,469960
2019-08-08,1180.000000,1193.000000,1177.500000,1184.025024,1102.953735,366140
2019-08-09,1178.000000,1226.849976,1170.000000,1199.329956,1134.457153,1165480
2019-08-13,1196.219971,1219.295044,1182.005005,1189.344971,1125.012207,774130
2019-08-14,1189.344971,1215.900024,1185.010010,1203.655029,1138.548584,583760
2019-08-16,1209.989990,1210.790039,1190.689941,1200.439941,1135.507202,568850
2019-08-19,1209.000000,1225.989990,1204.005005,1206.660034,1141.390747,448830
2019-08-20,1211.400024,1215.584961,1191.670044,1196.979980,1132.234253,679520
2019-08-21,1197.000000,1264.650024,1197.000000,1259.410034,1191.287354,2730060
2019-08-22,1264.000000,1279.900024,1240.525024,1247.000000,1179.548950,1008580
2019-08-23,1249.949951,1254.760010,1225.000000,1243.864990,1176.583252,585710
2019-08-26,1262.175049,1262.175049,1223.000000,1239.135010,1172.109131,779060
2019-08-27,1235.410034,1255.000000,1235.410034,1247.234985,1179.770874,926990
2019-08-28,1254.500000,1285.000000,1240.994995,1251.739990,1184.032471,1036470
2019-08-29,1264.300049,1289.000000,1261.000000,1271.685059,1202.898560,2439270
2019-08-30,1272.500000,1294.880005,1256.699951,1287.520020,1217.876831,1240050
2019-09-03,1283.000000,1289.900024,1259.760010,1269.094971,1200.448486,792680
2019-09-04,1269.974976,1275.060059,1238.765015,1248.074951,1180.565308,914350
2019-09-05,1248.005005,1267.500000,1248.005005,1261.214966,1192.994873,529410
2019-09-06,1265.000000,1271.219971,1250.500000,1261.395020,1193.165039,578180
2019-09-09,1262.930054,1290.000000,1256.469971,1283.635010,1214.202148,683410
2019-09-11,1283.895020,1284.194946,1266.334961,1275.895020,1206.880859,1056650
2019-09-12,1277.645020,1283.619995,1252.030029,1255.689941,1187.768555,735030
2019-09-13,1257.000000,1271.900024,1250.949951,1268.930054,1200.292603,565070
2019-09-16,1251.189941,1286.994995,1251.189941,1284.094971,1214.637085,485050
2019-09-17,1276.005005,1279.000000,1270.604980,1276.425049,1207.381958,704720
2019-09-18,1284.400024,1288.994995,1265.000000,1286.900024,1217.290527,445180
2019-09-19,1274.005005,1288.800049,1263.500000,1269.489990,1200.822144,777190
2019-09-20,1274.500000,1362.944946,1253.099976,1349.939941,1276.920532,2840700
2019-09-23,1370.000000,1411.719971,1360.185059,1371.319946,1297.144043,1386050
2019-09-24,1372.000000,1380.000000,1331.015015,1343.069946,1270.422241,1163320
2019-09-25,1342.400024,1357.300049,1330.510010,1345.849976,1273.051880,832460
2019-09-26,1354.500000,1414.400024,1352.505005,1393.459961,1318.086548,8972530
2019-09-27,1384.000000,1389.814941,1360.000000,1374.089966,1299.764282,1101190
2019-09-30,1374.010010,1399.199951,1368.000000,1388.964966,1313.834595,964990
2019-10-01,1388.900024,1394.694946,1364.989990,1368.155029,1294.150269,835450
2019-10-03,1368.000000,1374.959961,1356.604980,1370.984985,1296.827393,408940
2019-10-04,1379.199951,1379.199951,1333.589966,1344.099976,1271.396484,919090
2019-10-07,1350.819946,1369.800049,1346.000000,1360.334961,1286.753052,427630
2019-10-09,1364.500000,1391.000000,1351.005005,1385.829956,1310.869019,935770
2019-10-10,1385.699951,1385.699951,1368.000000,1381.984985,1307.232300,279050
2019-10-11,1381.984985,1407.500000,1381.984985,1403.239990,1327.337524,610750
2019-10-14,1413.500000,1421.500000,1395.000000,1416.900024,1340.258789,706720
2019-10-15,1415.209961,1420.500000,1403.594971,1408.680054,1332.483276,978080
2019-10-16,1409.989990,1440.354980,1408.000000,1435.150024,1357.521362,672790
2019-10-17,1438.300049,1463.035034,1416.000000,1451.685059,1373.162231,1144930
2019-10-18,1451.910034,1494.334961,1440.329956,1483.545044,1403.298828,1215650
2019-10-22,1488.800049,1511.094971,1483.599976,1502.000000,1420.755615,1380110
2019-10-23,1509.099976,1512.584961,1491.625000,1498.300049,1417.255737,589860
2019-10-24,1501.900024,1504.800049,1462.584961,1466.599976,1387.270386,1148130
2019-10-25,1477.900024,1490.000000,1446.135010,1480.334961,1400.262207,1314790
2019-10-27,1493.500000,1494.949951,1477.829956,1481.339966,1401.213135,112780
2019-10-29,1486.800049,1486.800049,1451.000000,1469.974976,1390.462769,990380
2019-10-30,1488.699951,1499.890015,1475.030029,1496.780029,1415.817993,580610
2019-10-31,1497.005005,1514.689941,1478.385010,1494.699951,1413.850464,802610
2019-11-01,1494.699951,1506.959961,1485.030029,1495.979980,1415.061279,493920
2019-11-04,1498.839966,1509.170044,1480.109985,1481.334961,1401.208252,395810
2019-11-05,1484.000000,1488.500000,1460.540039,1465.020020,1385.775635,832650
2019-11-06,1467.500000,1482.099976,1458.864990,1464.964966,1385.723633,786590
2019-11-07,1471.000000,1479.005005,1455.099976,1471.125000,1391.550659,474380
2019-11-08,1475.000000,1485.000000,1437.400024,1447.130005,1368.853516,820290
2019-11-11,1449.000000,1459.989990,1405.109985,1410.844971,1334.531006,1453410
2019-11-13,1410.844971,1432.959961,1407.025024,1423.324951,1346.336060,666510
2019-11-14,1425.000000,1430.094971,1410.000000,1423.135010,1346.156616,604760
2019-11-15,1426.185059,1443.699951,1415.305054,1429.555054,1352.229248,758370
2019-11-18,1434.989990,1434.989990,1405.905029,1408.555054,1332.365112,649780
2019-11-19,1411.000000,1421.189941,1400.959961,1411.709961,1335.349365,447870
2019-11-20,1411.699951,1428.900024,1398.250000,1422.864990,1345.901123,794180
2019-11-21,1424.000000,1428.015015,1412.109985,1417.944946,1341.247070,404840
2019-11-22,1419.000000,1430.094971,1410.199951,1417.150024,1340.495117,431320
2019-11-25,1424.814941,1458.000000,1415.500000,1448.680054,1370.319702,745770
2019-11-26,1439.885010,1460.000000,1422.545044,1452.439941,1373.876343,1992480
2019-11-27,1456.000000,1470.000000,1422.685059,1456.270020,1377.499146,719190
2019-11-28,1463.550049,1470.000000,1457.400024,1465.954956,1386.660522,456780
2019-11-29,1469.900024,1469.900024,1441.099976,1445.395020,1367.212280,468730
2019-12-02,1445.395020,1463.130005,1428.589966,1455.765015,1377.021484,749540
2019-12-03,1455.329956,1455.329956,1430.579956,1435.349976,1357.710571,548720
2019-12-04,1433.000000,1437.500000,1420.099976,1430.625000,1353.241333,558880
2019-12-05,1439.564941,1439.564941,1422.000000,1428.964966,1351.671021,793350
2019-12-06,1430.099976,1432.435059,1414.900024,1416.630005,1340.003296,584870
2019-12-09,1423.000000,1426.900024,1400.500000,1423.250000,1346.265259,977120
2019-12-10,1422.400024,1424.295044,1403.170044,1409.170044,1338.117798,618000
2019-12-11,1410.900024,1415.599976,1401.000000,1406.599976,1335.677368,483060
2019-12-12,1407.709961,1423.270020,1407.709961,1415.494995,1344.123901,668410
2019-12-13,1419.000000,1438.949951,1401.099976,1430.160034,1358.049438,1560500
2019-12-16,1426.000000,1443.060059,1413.699951,1415.165039,1343.810547,670720
2019-12-17,1421.489990,1424.709961,1408.099976,1414.915039,1343.573242,814250
2019-12-18,1420.000000,1428.000000,1405.540039,1419.109985,1347.556641,937160
2019-12-19,1419.199951,1429.900024,1410.000000,1428.540039,1356.511353,686920
2019-12-20,1426.000000,1497.800049,1422.204956,1485.824951,1410.907715,4230330
2019-12-23,1478.599976,1499.334961,1449.000000,1453.250000,1379.975220,1250310
2019-12-24,1458.000000,1462.324951,1446.185059,1458.599976,1385.055420,396860
2019-12-26,1460.000000,1471.500000,1456.000000,1459.925049,1386.313721,459240
2019-12-27,1464.880005,1468.964966,1457.449951,1466.415039,1392.476440,293850
2019-12-30,1467.989990,1490.000000,1460.010010,1485.189941,1410.304688,877200
2019-12-31,1486.400024,1492.430054,1471.000000,1478.535034,1403.985229,627650
2020-01-01,1481.900024,1484.935059,1471.224976,1477.905029,1403.387207,238590
2020-01-02,1484.890015,1485.295044,1468.714966,1472.935059,1398.667725,461160
2020-01-03,1475.000000,1479.500000,1455.609985,1459.359985,1385.777222,400000
2020-01-06,1454.199951,1454.199951,1427.500000,1441.665039,1368.974487,651360
2020-01-07,1442.354980,1454.675049,1426.084961,1429.074951,1357.019043,722370
2020-01-08,1419.160034,1445.000000,1412.035034,1439.125000,1366.562500,394880
2020-01-09,1449.500000,1467.500000,1445.000000,1464.344971,1390.510742,557080
2020-01-10,1464.344971,1471.890015,1457.025024,1468.584961,1394.537109,392740
2020-01-13,1474.790039,1474.790039,1460.099976,1465.824951,1391.916260,269900
2020-01-14,1465.790039,1489.500000,1460.699951,1486.859985,1411.890503,503780
2020-01-15,1482.800049,1495.000000,1471.885010,1486.020020,1411.093140,414680
2020-01-16,1485.099976,1539.800049,1484.810059,1535.489990,1458.068726,2032080
2020-01-17,1539.900024,1560.000000,1535.864990,1543.944946,1466.097290,963990
2020-01-20,1523.015015,1547.939941,1523.015015,1541.724976,1463.989014,687700
2020-01-21,1536.104980,1550.160034,1520.000000,1528.074951,1451.027466,632580
2020-01-22,1536.900024,1558.500000,1530.099976,1554.869995,1476.471558,556270
2020-01-23,1550.000000,1562.500000,1545.500000,1554.885010,1476.485840,428610
2020-01-24,1560.000000,1585.000000,1550.015015,1575.550049,1496.108643,506320
2020-01-27,1570.000000,1584.500000,1555.994995,1566.604980,1487.614624,313620
2020-01-28,1566.400024,1571.000000,1536.680054,1541.665039,1463.932373,531070
2020-01-29,1558.500000,1589.994995,1544.000000,1586.675049,1506.672852,642510
2020-01-30,1580.199951,1581.084961,1547.125000,1552.079956,1473.821899,472520
2020-01-31,1556.000000,1563.724976,1531.030029,1535.944946,1458.500732,596490
2020-02-03,1558.900024,1650.000000,1553.000000,1630.099976,1547.908325,2037520
2020-02-04,1640.000000,1650.790039,1612.704956,1645.560059,1562.588745,1164160
2020-02-05,1647.599976,1648.189941,1625.604980,1638.484985,1555.870605,575110
2020-02-06,1639.900024,1654.944946,1615.780029,1628.494995,1546.384155,740840
2020-02-07,1634.000000,1638.500000,1619.459961,1632.780029,1550.453003,414070
2020-02-10,1630.000000,1637.310059,1611.199951,1617.219971,1535.677734,612700
2020-02-11,1624.000000,1630.005005,1595.000000,1599.714966,1519.055298,733500
2020-02-12,1602.599976,1647.260010,1596.844971,1629.770020,1547.594849,1290110
2020-02-13,1632.800049,1646.150024,1627.734985,1641.219971,1558.467407,1512280
2020-02-14,1650.000000,1678.239990,1625.000000,1635.645020,1553.173706,1657080
2020-02-17,1641.300049,1661.500000,1637.300049,1658.844971,1575.203979,1397880
2020-02-18,1656.989990,1656.989990,1638.505005,1640.385010,1557.674683,900130
2020-02-19,1653.859985,1683.150024,1647.579956,1678.505005,1593.872803,950000
2020-02-20,1674.000000,1674.000000,1652.540039,1653.949951,1570.555664,657320
2020-02-24,1649.900024,1657.675049,1631.699951,1633.724976,1551.350464,665160
2020-02-25,1637.300049,1654.084961,1630.935059,1638.050049,1555.457275,909160
2020-02-26,1654.500000,1654.500000,1615.005005,1624.015015,1542.130127,1168390
2020-02-27,1630.000000,1634.084961,1605.750000,1626.375000,1544.371216,901990
2020-02-28,1604.199951,1612.905029,1568.000000,1577.885010,1498.326050,1406730
2020-03-02,1595.000000,1631.500000,1590.099976,1610.994995,1529.766357,1172320
2020-03-03,1613.025024,1649.900024,1613.025024,1635.939941,1553.453613,933720
2020-03-04,1639.699951,1663.250000,1602.000000,1654.150024,1570.745850,1117110
2020-03-05,1655.000000,1683.515015,1648.250000,1657.630005,1574.050049,850900
2020-03-06,1635.810059,1656.555054,1620.010010,1642.930054,1560.091309,862120
2020-03-09,1624.930054,1635.000000,1570.109985,1603.135010,1522.302979,1236840
2020-03-11,1600.515015,1620.000000,1577.280029,1604.854980,1523.936157,1237320
2020-03-12,1586.944946,1588.275024,1504.500000,1556.555054,1478.071655,2228660
2020-03-13,1534.099976,1585.500000,1405.000000,1499.180054,1423.589478,2616200
2020-03-16,1480.000000,1493.104980,1349.265015,1439.719971,1367.127319,2212280
2020-03-17,1450.000000,1477.699951,1425.000000,1454.099976,1380.782349,1769800
2020-03-18,1455.000000,1473.800049,1340.000000,1353.680054,1285.425659,2129220
2020-03-19,1300.050049,1344.839966,1257.704956,1312.030029,1245.875610,2147100
2020-03-20,1319.800049,1443.310059,1315.000000,1414.550049,1343.226563,2049250
2020-03-23,1275.040039,1399.979980,1275.005005,1294.464966,1229.196533,1959270
2020-03-24,1388.900024,1388.900024,1220.000000,1347.834961,1279.875366,2586670
2020-03-25,1280.000000,1452.000000,1280.000000,1444.410034,1371.581055,1987220
2020-03-26,1469.969971,1510.000000,1405.155029,1491.964966,1416.738159,2053440
2020-03-27,1540.000000,1553.400024,1480.000000,1510.859985,1434.680542,1752440
2020-03-30,1499.000000,1589.000000,1468.770020,1565.864990,1486.911987,2014700
2020-03-31,1584.900024,1642.494995,1570.125000,1630.060059,1547.870483,1839190
2020-04-01,1630.025024,1645.599976,1550.000000,1565.454956,1486.522583,1275120
2020-04-03,1593.969971,1593.969971,1500.500000,1510.464966,1434.305420,1907760
2020-04-07,1557.500000,1720.000000,1542.604980,1703.864990,1617.953857,2469010
2020-04-08,1665.000000,1754.405029,1655.545044,1687.125000,1602.058105,2484450
2020-04-09,1743.694946,1754.400024,1657.500000,1683.969971,1599.061890,2075080
2020-04-13,1684.500000,1697.400024,1633.015015,1659.994995,1576.295776,829070
2020-04-15,1665.709961,1739.099976,1665.709961,1732.589966,1645.230347,1555790
2020-04-16,1732.000000,1800.165039,1705.214966,1789.525024,1699.295044,2257400
2020-04-17,1836.994995,1836.994995,1722.339966,1732.430054,1645.078735,1872710
2020-04-20,1748.979980,1748.979980,1693.000000,1697.640015,1612.042725,1351970
2020-04-21,1680.000000,1724.000000,1670.000000,1701.535034,1615.741333,1337540
2020-04-22,1700.834961,1770.000000,1681.719971,1764.204956,1675.251465,2022410
2020-04-23,1759.994995,1780.000000,1730.599976,1743.604980,1655.690063,1871000
2020-04-24,1730.000000,1780.000000,1730.000000,1740.604980,1652.841309,1451160
2020-04-27,1758.500000,1801.500000,1742.500000,1795.079956,1704.569946,1219860
2020-04-28,1797.650024,1802.295044,1750.099976,1756.964966,1668.376465,1075430
2020-04-29,1774.800049,1774.800049,1740.000000,1748.969971,1660.784668,1052420
2020-04-30,1770.000000,1800.000000,1751.199951,1792.464966,1702.086548,1583700
2020-05-04,1742.050049,1772.814941,1736.005005,1745.645020,1657.627441,1189740
2020-05-05,1757.099976,1763.694946,1710.000000,1742.150024,1654.308716,1306790
2020-05-06,1742.150024,1761.709961,1727.000000,1730.930054,1643.654541,1355090
2020-05-07,1720.000000,1728.000000,1682.525024,1714.244995,1627.810425,2090760
2020-05-08,1735.000000,1782.000000,1720.150024,1780.295044,1690.530273,1792000
2020-05-11,1777.000000,1792.000000,1749.000000,1756.209961,1667.659668,1840310
2020-05-12,1760.900024,1777.699951,1738.500000,1746.194946,1658.149414,2389250
2020-05-13,1775.000000,1775.000000,1640.000000,1651.234985,1567.977417,5620330
2020-05-14,1660.000000,1685.000000,1620.099976,1624.250000,1542.353149,4102380
2020-05-15,1650.000000,1655.000000,1620.194946,1644.380005,1561.468384,2715920
2020-05-18,1644.099976,1657.500000,1616.219971,1624.035034,1542.149048,1679600
2020-05-19,1628.020020,1641.579956,1610.864990,1615.030029,1533.598145,1181440
2020-05-20,1624.099976,1659.494995,1615.099976,1630.339966,1548.135986,1795390
2020-05-21,1633.000000,1650.500000,1626.500000,1629.545044,1547.381226,1210800
2020-05-22,1629.599976,1639.680054,1615.000000,1621.515015,1539.756226,1183000
2020-05-26,1638.000000,1675.000000,1632.439941,1665.515015,1581.537598,1986920
2020-05-27,1670.000000,1682.000000,1648.709961,1671.650024,1587.363159,1675330
2020-05-28,1671.650024,1703.000000,1668.000000,1698.915039,1613.253418,1762880
2020-05-29,1695.000000,1760.000000,1678.454956,1754.079956,1665.636963,2444660
2020-06-01,1754.079956,1774.900024,1711.099976,1718.344971,1631.703857,1751860
2020-06-02,1747.699951,1747.699951,1697.199951,1701.444946,1615.655884,1322010
2020-06-03,1717.500000,1752.194946,1715.199951,1740.755005,1652.983765,1461010
2020-06-04,1740.689941,1754.655029,1714.805054,1719.660034,1632.952637,976310
2020-06-05,1731.699951,1746.000000,1695.655029,1709.685059,1623.480591,1620960
2020-06-08,1725.000000,1725.000000,1679.000000,1683.619995,1598.729736,1470700
2020-06-09,1665.199951,1698.500000,1652.099976,1655.255005,1571.794922,1746850
2020-06-10,1665.000000,1683.199951,1641.000000,1653.469971,1570.099854,1234400
2020-06-11,1655.000000,1685.000000,1653.574951,1660.824951,1582.923706,1651310
2020-06-12,1630.000000,1671.709961,1630.000000,1649.630005,1572.253906,1406780
2020-06-15,1650.000000,1665.000000,1637.000000,1640.030029,1563.104248,1396540
2020-06-16,1659.800049,1659.800049,1627.000000,1634.209961,1557.557129,1932370
2020-06-17,1634.500000,1644.000000,1611.515015,1619.814941,1543.837280,1269590
2020-06-18,1621.849976,1630.000000,1605.459961,1617.895020,1542.007324,1584450
2020-06-19,1629.000000,1630.564941,1605.219971,1609.484985,1533.991943,1688930
2020-06-22,1629.000000,1629.000000,1606.500000,1614.079956,1538.371460,1359150
2020-06-23,1628.979980,1672.000000,1621.005005,1654.844971,1577.224365,2447350
2020-06-24,1666.000000,1686.000000,1651.915039,1670.795044,1592.426270,2010690
2020-06-25,1659.030029,1685.000000,1656.500000,1678.699951,1599.960205,1696650
2020-06-26,1685.000000,1693.000000,1663.000000,1667.750000,1589.524048,1103410
2020-06-29,1674.000000,1698.060059,1654.000000,1672.484985,1594.036865,1696460
2020-06-30,1679.900024,1729.800049,1675.390015,1717.444946,1636.888062,2010330
2020-07-01,1720.500000,1720.500000,1672.000000,1679.885010,1601.089722,2169000
2020-07-02,1698.500000,1698.500000,1666.109985,1678.935059,1600.184448,1469700
2020-07-03,1681.380005,1699.000000,1665.000000,1669.560059,1591.249268,1816580
2020-07-06,1675.500000,1684.199951,1668.694946,1680.199951,1601.390015,983370
2020-07-07,1685.500000,1695.000000,1673.005005,1691.239990,1611.912109,1413560
2020-07-08,1693.599976,1715.000000,1673.699951,1680.204956,1601.394775,2187210
2020-07-09,1684.000000,1696.594971,1668.099976,1675.910034,1597.301392,918940
2020-07-10,1675.910034,1687.494995,1662.800049,1683.310059,1604.354248,1336110
2020-07-13,1688.500000,1709.800049,1687.505005,1695.685059,1616.148682,1140290
2020-07-14,1694.900024,1711.515015,1685.199951,1689.579956,1610.330078,758530
2020-07-15,1694.000000,1714.300049,1674.000000,1690.875000,1611.564331,1265190
2020-07-16,1692.599976,1776.459961,1676.000000,1749.564941,1667.501343,2965370
2020-07-17,1749.400024,1762.000000,1716.500000,1722.994995,1642.177734,1251380
2020-07-20,1732.400024,1737.000000,1707.060059,1724.699951,1643.802734,1965740
2020-07-21,1735.000000,1749.494995,1720.805054,1727.560059,1646.528687,2111860
2020-07-22,1735.000000,1744.000000,1700.104980,1715.185059,1634.734375,1564780
2020-07-23,1712.000000,1729.895020,1705.000000,1725.640015,1644.698486,1069410
2020-07-24,1712.510010,1741.000000,1696.000000,1725.185059,1644.265015,2072800
2020-07-27,1730.000000,1741.494995,1721.189941,1735.025024,1653.643311,1038280
2020-07-28,1740.699951,1747.464966,1700.770020,1709.540039,1629.354004,1589670
2020-07-29,1699.994995,1719.900024,1651.060059,1659.785034,1581.932617,4505050
2020-07-30,1674.000000,1677.194946,1645.109985,1652.400024,1574.894165,1284840
2020-07-31,1652.599976,1667.425049,1643.219971,1652.219971,1574.722412,1479400
2020-08-03,1652.800049,1660.000000,1635.000000,1652.479980,1574.970093,1158430
2020-08-04,1663.530029,1664.854980,1641.385010,1658.000000,1580.231323,1100480
2020-08-05,1663.000000,1664.395020,1646.000000,1650.334961,1572.925781,977650
2020-08-06,1660.000000,1670.000000,1645.000000,1667.714966,1589.490723,1058880
2020-08-07,1666.890015,1689.900024,1655.589966,1678.859985,1600.113037,884500
2020-08-10,1678.994995,1685.994995,1664.000000,1666.574951,1588.404053,641440
2020-08-11,1672.500000,1678.564941,1658.099976,1662.280029,1584.310669,378730
2020-08-12,1658.204956,1662.204956,1645.000000,1654.084961,1576.500000,821630
2020-08-13,1646.199951,1666.194946,1645.839966,1647.420044,1570.147339,663030
2020-08-14,1648.699951,1654.900024,1630.505005,1635.469971,1558.758057,594340
2020-08-17,1645.000000,1652.449951,1631.375000,1642.290039,1565.258301,625840
2020-08-18,1640.000000,1662.459961,1631.099976,1655.459961,1577.810303,1044000
2020-08-19,1650.000000,1655.324951,1631.550049,1634.574951,1557.905273,1250050
2020-08-20,1630.000000,1634.000000,1618.525024,1621.194946,1545.152588,980850
2020-08-21,1632.250000,1669.000000,1625.000000,1656.194946,1578.510864,1441430
2020-08-24,1658.000000,1670.790039,1640.099976,1647.880005,1570.586060,740720
2020-08-25,1645.599976,1647.795044,1626.500000,1628.819946,1552.420166,1088670
2020-08-26,1629.050049,1634.834961,1617.000000,1619.005005,1543.065430,1165080
2020-08-27,1623.500000,1624.030029,1608.500000,1611.369995,1535.788330,1276450
2020-08-28,1615.599976,1636.800049,1609.000000,1610.125000,1534.601929,1484890
2020-08-31,1621.500000,1628.699951,1587.500000,1594.954956,1520.143555,2212930
2020-09-01,1599.500000,1625.494995,1573.989990,1619.689941,1543.718262,1769470
2020-09-02,1619.099976,1626.000000,1597.000000,1599.255005,1524.241943,1061920
2020-09-03,1605.000000,1643.959961,1592.125000,1639.375000,1562.479980,1338870
2020-09-04,1615.500000,1642.390015,1615.000000,1623.260010,1547.120850,989320
2020-09-07,1624.099976,1651.500000,1597.209961,1640.349976,1563.409180,1048080
2020-09-08,1636.959961,1636.959961,1610.000000,1612.650024,1537.008545,1054140
2020-09-09,1600.000000,1635.000000,1600.000000,1631.250000,1554.736084,1358000
2020-09-10,1626.125000,1645.000000,1620.125000,1642.069946,1565.048462,772080
2020-09-11,1640.000000,1640.000000,1620.400024,1632.535034,1555.960693,812280
2020-09-14,1640.000000,1640.000000,1604.005005,1608.329956,1532.891113,1029260
2020-09-15,1609.000000,1616.589966,1601.199951,1604.094971,1528.854736,949840
2020-09-16,1606.650024,1622.500000,1605.000000,1619.780029,1543.804199,1242620
2020-09-17,1624.000000,1629.880005,1609.000000,1612.135010,1536.517700,1006810
2020-09-18,1625.000000,1625.000000,1592.500000,1608.704956,1533.248413,1973510
2020-09-21,1602.500000,1604.949951,1515.449951,1543.074951,1470.696777,2771650
2020-09-22,1543.000000,1543.000000,1510.000000,1519.925049,1448.632813,1071200
2020-09-23,1520.005005,1539.895020,1513.000000,1536.604980,1464.530273,1314300
2020-09-24,1534.800049,1543.829956,1517.500000,1525.885010,1454.313354,1112750
2020-09-25,1549.500000,1583.000000,1530.099976,1573.680054,1499.866455,1782690
2020-09-28,1582.000000,1587.055054,1562.015015,1571.979980,1498.245972,544110
2020-09-29,1580.000000,1585.104980,1557.500000,1562.084961,1488.815308,481790
2020-09-30,1562.994995,1602.875000,1560.505005,1591.864990,1517.198364,1035000
2020-10-01,1591.900024,1605.000000,1579.760010,1600.050049,1524.999512,626380
2020-10-05,1599.800049,1614.000000,1573.234985,1603.314941,1528.111206,710810
2020-10-06,1603.300049,1612.800049,1583.405029,1587.685059,1513.214478,752780
2020-10-07,1595.619995,1612.494995,1585.464966,1611.439941,1535.854980,996470
2020-10-08,1610.000000,1633.000000,1605.204956,1630.459961,1553.983154,785760
2020-10-09,1625.000000,1635.000000,1598.500000,1603.410034,1528.201782,742460
2020-10-12,1610.000000,1614.959961,1586.000000,1590.219971,1515.630615,581660
2020-10-13,1588.000000,1597.925049,1565.199951,1567.300049,1493.785889,762350
2020-10-14,1567.400024,1582.000000,1555.000000,1567.305054,1493.790283,665950
2020-10-15,1570.000000,1578.800049,1556.180054,1560.275024,1487.090210,502440
2020-10-16,1565.000000,1582.040039,1537.500000,1543.025024,1470.649414,1323610
2020-10-19,1555.000000,1617.800049,1542.505005,1609.314941,1533.829834,1827940
2020-10-20,1590.000000,1641.000000,1585.000000,1625.255005,1549.022095,2033440
2020-10-21,1624.000000,1631.444946,1594.204956,1603.084961,1527.892212,1500910
2020-10-22,1599.005005,1608.109985,1576.805054,1590.944946,1516.321411,1135800
2020-10-23,1593.000000,1606.599976,1580.724976,1586.545044,1512.127930,735950
2020-10-26,1620.000000,1637.500000,1605.214966,1625.935059,1549.670532,3460060
2020-10-27,1648.000000,1730.000000,1639.555054,1722.984985,1642.168213,4935670
2020-10-28,1715.000000,1729.500000,1693.430054,1711.915039,1631.617432,1632620
2020-10-29,1678.005005,1721.594971,1671.185059,1687.060059,1620.708984,1365610
2020-10-30,1689.099976,1736.000000,1689.000000,1716.160034,1648.664673,2393160
2020-11-02,1720.099976,1736.000000,1694.000000,1711.494995,1644.182983,847640
2020-11-03,1723.900024,1726.994995,1676.000000,1689.250000,1622.812866,1047430
2020-11-04,1700.000000,1720.000000,1682.500000,1699.709961,1632.861572,979090
2020-11-05,1710.000000,1739.900024,1702.079956,1722.130005,1654.399902,1017470
2020-11-06,1724.000000,1727.984985,1690.310059,1700.665039,1633.778931,1190030
2020-11-09,1714.800049,1737.000000,1700.199951,1733.199951,1665.034302,1114320
2020-11-10,1733.199951,1733.199951,1658.285034,1660.474976,1595.169556,2896660
2020-11-11,1667.000000,1682.805054,1647.500000,1669.760010,1604.089233,2483110
2020-11-12,1679.900024,1690.000000,1653.359985,1671.859985,1606.106812,1478310
2020-11-13,1672.500000,1689.000000,1665.000000,1682.564941,1616.390747,742730
2020-11-14,1689.900024,1689.900024,1675.099976,1683.814941,1617.591553,104470
2020-11-17,1695.000000,1706.584961,1685.305054,1698.285034,1631.492554,1195040
2020-11-18,1695.000000,1696.939941,1667.185059,1687.260010,1620.901367,1446330
2020-11-19,1684.000000,1720.000000,1678.604980,1693.415039,1626.814331,1802220
2020-11-20,1705.000000,1750.000000,1691.515015,1746.040039,1677.369385,2540100
2020-11-23,1746.099976,1784.890015,1746.040039,1778.640015,1708.687500,2026450
2020-11-24,1775.000000,1797.119995,1760.000000,1767.760010,1698.235107,2144970
2020-11-25,1778.900024,1778.900024,1734.000000,1752.020020,1683.114258,1065080
2020-11-26,1759.900024,1783.900024,1728.000000,1774.194946,1704.417114,1453760
2020-11-27,1785.000000,1806.890015,1694.974976,1788.895020,1718.539185,11067460
2020-12-01,1806.780029,1806.790039,1733.155029,1741.814941,1673.310547,2350860
2020-12-02,1741.814941,1744.979980,1715.000000,1726.645020,1658.737183,1619520
2020-12-03,1745.000000,1754.005005,1731.599976,1749.214966,1680.419434,1272750
2020-12-04,1755.000000,1787.750000,1752.000000,1782.869995,1712.750732,1247000
2020-12-07,1765.099976,1790.000000,1744.984985,1756.255005,1687.182495,1260300
2020-12-08,1767.400024,1772.939941,1738.625000,1751.944946,1683.041992,1186990
2020-12-09,1754.359985,1764.170044,1748.114990,1756.915039,1687.816772,895030
2020-12-10,1760.699951,1840.400024,1756.219971,1835.270020,1763.090210,3044610
2020-12-11,1830.000000,1846.000000,1820.000000,1840.109985,1767.739746,1629410
2020-12-14,1835.469971,1867.900024,1830.000000,1859.180054,1786.059692,1307130
2020-12-15,1846.030029,1855.000000,1813.084961,1818.989990,1747.450562,1357550
2020-12-16,1839.800049,1873.494995,1825.015015,1832.344971,1760.280151,2216070
2020-12-17,1833.800049,1839.515015,1813.680054,1830.535034,1758.541382,981040
2020-12-18,1839.500000,1859.900024,1815.800049,1836.275024,1764.055542,2497900
2020-12-21,1826.275024,1852.500000,1810.099976,1819.260010,1747.709717,1422220
2020-12-22,1820.000000,1866.500000,1800.000000,1855.354980,1782.385010,1327740
2020-12-23,1855.505005,1881.199951,1851.494995,1873.270020,1799.595703,1028450
2020-12-24,1861.219971,1883.000000,1837.260010,1856.635010,1783.614624,1254370
2020-12-28,1884.400024,1884.400024,1852.000000,1859.734985,1786.592896,653570
2020-12-29,1862.000000,1870.000000,1817.540039,1826.265015,1754.439209,1987140
2020-12-30,1839.949951,1846.800049,1823.000000,1837.925049,1765.640747,936540
2020-12-31,1827.805054,1845.000000,1825.750000,1839.025024,1766.697388,854420
2021-01-01,1838.969971,1852.000000,1830.604980,1845.069946,1772.504517,502860
2021-01-04,1849.500000,1863.000000,1832.974976,1837.795044,1765.515747,620350
2021-01-05,1834.349976,1862.000000,1827.805054,1855.824951,1782.836548,836730
2021-01-06,1851.005005,1860.000000,1843.000000,1851.525024,1778.705811,577060
2021-01-07,1859.900024,1861.500000,1805.010010,1812.729980,1741.436646,1206050
2021-01-08,1822.729980,1835.000000,1800.000000,1830.625000,1758.627808,1516350
2021-01-11,1835.000000,1854.584961,1818.810059,1839.145020,1766.812622,1145550
2021-01-12,1841.000000,1843.994995,1795.000000,1799.910034,1729.120850,1415660
2021-01-13,1803.994995,1827.500000,1796.500000,1801.930054,1731.061401,1093870
2021-01-14,1804.900024,1822.939941,1804.900024,1813.260010,1741.945801,584880
2021-01-15,1811.005005,1824.900024,1780.000000,1783.400024,1713.260010,964010
2021-01-18,1784.994995,1807.400024,1755.675049,1763.069946,1693.729370,1206740
2021-01-19,1773.000000,1782.050049,1767.000000,1775.469971,1705.642090,628490
2021-01-20,1776.699951,1794.000000,1762.305054,1768.130005,1698.590698,738310
2021-01-21,1777.000000,1790.000000,1765.535034,1771.630005,1701.953003,709770
2021-01-22,1778.400024,1788.229980,1755.000000,1758.959961,1689.781250,982500
2021-01-25,1765.199951,1770.000000,1722.984985,1741.525024,1673.031982,1164360
2021-01-27,1747.295044,1759.770020,1734.025024,1753.810059,1684.833984,664020
2021-01-28,1747.000000,1752.000000,1720.300049,1738.765015,1670.380615,890550
2021-01-29,1738.505005,1746.785034,1696.130005,1706.000000,1638.904175,1128880
2021-02-01,1720.000000,1727.569946,1700.000000,1708.770020,1641.565308,844060
2021-02-02,1715.005005,1735.000000,1705.449951,1719.030029,1651.421509,1302980
2021-02-03,1720.005005,1728.900024,1705.099976,1716.640015,1649.125610,1123250
2021-02-04,1719.989990,1722.694946,1705.244995,1707.400024,1640.249146,921000
2021-02-05,1713.104980,1716.719971,1700.300049,1711.574951,1644.259766,980970
2021-02-08,1718.000000,1728.489990,1710.114990,1721.819946,1654.102051,1216070
2021-02-09,1721.099976,1751.000000,1715.000000,1731.895020,1663.780762,1210120
2021-02-10,1734.020020,1743.680054,1708.650024,1717.734985,1650.177612,1165760
2021-02-11,1718.989990,1744.744995,1715.000000,1741.224976,1672.743774,653660
2021-02-12,1741.010010,1751.900024,1724.000000,1729.430054,1661.412720,545280
2021-02-15,1734.900024,1750.675049,1725.805054,1747.984985,1679.238037,1101190
2021-02-16,1755.500000,1764.599976,1713.910034,1721.724976,1654.010742,2297740
2021-02-17,1690.000000,1690.000000,1635.000000,1674.119995,1608.278076,5993430
2021-02-18,1675.599976,1690.000000,1630.000000,1636.469971,1572.108765,2510660
2021-02-19,1643.000000,1646.469971,1621.295044,1637.640015,1573.232666,1302750
2021-02-22,1641.104980,1653.000000,1602.459961,1609.630005,1546.324341,2149150
2021-02-23,1613.099976,1625.500000,1600.209961,1616.994995,1553.399658,1429980
2021-02-24,1628.300049,1637.800049,1610.000000,1634.614990,1570.326660,843420
2021-02-25,1630.599976,1637.329956,1610.000000,1611.390015,1548.015015,1857130
2021-02-26,1605.050049,1628.439941,1600.390015,1610.160034,1546.833618,2268730
2021-03-01,1623.599976,1636.760010,1610.000000,1629.244995,1565.167847,907180
2021-03-02,1630.199951,1662.000000,1628.974976,1657.614990,1592.422241,1230970
2021-03-03,1670.500000,1672.000000,1654.665039,1669.925049,1604.248169,928730
2021-03-04,1665.655029,1670.795044,1644.500000,1666.180054,1600.650391,1299810
2021-03-05,1651.599976,1684.000000,1645.599976,1678.290039,1612.283936,1027410
2021-03-08,1672.505005,1690.000000,1660.699951,1685.244995,1618.965332,918420
2021-03-09,1691.020020,1694.994995,1666.000000,1691.079956,1624.571045,927170
2021-03-10,1694.969971,1700.000000,1678.500000,1693.145020,1626.554688,637880
2021-03-12,1697.699951,1700.984985,1665.000000,1672.244995,1606.476807,849140
2021-03-15,1687.984985,1687.984985,1663.000000,1683.305054,1617.101929,689830
2021-03-16,1683.500000,1702.000000,1669.500000,1674.194946,1608.350098,844700
2021-03-17,1679.000000,1679.000000,1634.005005,1645.574951,1580.855469,1571730
2021-03-18,1646.790039,1662.494995,1618.000000,1620.125000,1556.406494,963650
2021-03-19,1620.000000,1659.500000,1607.000000,1645.084961,1580.384888,1994160
2021-03-22,1645.099976,1667.500000,1635.099976,1658.805054,1593.565308,1087860
2021-03-23,1657.500000,1675.000000,1650.640015,1668.135010,1602.528320,1003580
2021-03-24,1660.000000,1676.979980,1641.925049,1644.810059,1580.120728,755550
2021-03-25,1642.500000,1658.449951,1611.599976,1617.010010,1553.414063,1087040
2021-03-26,1629.900024,1661.844971,1625.400024,1657.175049,1591.999512,1265780
2021-03-30,1661.000000,1725.354980,1661.000000,1716.500000,1648.991089,1489020
2021-03-31,1729.900024,1729.900024,1695.155029,1716.520020,1649.010376,1103310
2021-04-01,1716.520020,1718.854980,1696.760010,1708.314941,1641.128052,831760
2021-04-05,1715.000000,1715.000000,1672.390015,1688.055054,1621.664917,815570
2021-04-06,1691.000000,1712.000000,1680.000000,1708.170044,1640.988892,641930
2021-04-07,1710.000000,1786.594971,1702.500000,1740.984985,1672.513306,1784650
2021-04-08,1742.505005,1775.900024,1732.685059,1768.989990,1699.416748,1180060
2021-04-09,1761.109985,1784.900024,1750.000000,1759.239990,1690.050415,739440
2021-04-12,1737.515015,1762.000000,1734.109985,1750.170044,1681.337036,575320
2021-04-13,1758.699951,1759.994995,1704.010010,1716.885010,1649.361084,1105270
2021-04-15,1732.500000,1740.000000,1677.500000,1687.564941,1621.194092,1183140
2021-04-16,1696.900024,1733.500000,1686.280029,1725.209961,1657.358643,941900
2021-04-19,1720.104980,1724.000000,1695.000000,1708.994995,1641.781250,509380
2021-04-20,1742.000000,1742.000000,1689.005005,1709.564941,1642.328979,1036870
2021-04-22,1719.000000,1719.000000,1655.125000,1679.045044,1613.009399,2044310
2021-04-23,1678.500000,1679.930054,1660.500000,1662.569946,1597.182129,686000
2021-04-26,1679.905029,1689.500000,1666.364990,1687.060059,1620.708984,1523620
2021-04-27,1689.900024,1693.000000,1675.000000,1677.900024,1611.909180,446510
2021-04-28,1677.500000,1683.109985,1661.099976,1663.380005,1597.960449,868760
2021-04-29,1667.900024,1671.459961,1648.000000,1650.255005,1593.976074,802070
2021-04-30,1650.000000,1656.920044,1625.500000,1630.925049,1575.305420,977830
2021-05-03,1636.000000,1657.494995,1627.265015,1650.675049,1594.381836,640480
2021-05-04,1651.025024,1662.000000,1638.000000,1654.660034,1598.230713,1057960
2021-05-05,1656.104980,1661.000000,1645.744995,1654.925049,1598.486938,353220
2021-05-06,1652.505005,1676.979980,1652.505005,1671.760010,1614.747559,703190
2021-05-07,1678.854980,1679.810059,1666.500000,1676.135010,1618.973511,376660
2021-05-10,1683.000000,1685.000000,1667.000000,1678.729980,1621.479980,476580
2021-05-11,1674.900024,1694.900024,1671.035034,1687.010010,1629.477661,600630
2021-05-12,1677.025024,1685.739990,1662.000000,1671.790039,1614.776855,605760
2021-05-14,1671.699951,1726.000000,1660.500000,1722.415039,1663.675293,965820
2021-05-17,1722.000000,1730.000000,1700.060059,1703.795044,1645.690186,607030
2021-05-18,1712.020020,1724.895020,1704.199951,1718.060059,1659.468628,554390
2021-05-19,1718.699951,1746.500000,1718.699951,1744.935059,1685.427246,884370
2021-05-20,1746.000000,1749.964966,1722.199951,1728.535034,1669.586304,492530
2021-05-21,1738.535034,1755.000000,1728.025024,1749.709961,1690.039307,672600
2021-05-24,1740.005005,1758.805054,1730.074951,1736.030029,1676.825928,572060
2021-05-25,1749.699951,1775.880005,1742.204956,1751.609985,1691.874512,719520
2021-05-26,1751.609985,1761.734985,1736.800049,1754.130005,1694.308594,458030
2021-05-27,1755.000000,1790.000000,1743.530029,1774.670044,1714.148193,1196630
2021-05-28,1777.000000,1781.435059,1750.000000,1750.939941,1691.227417,531620
2021-05-31,1750.900024,1774.525024,1741.525024,1769.555054,1709.207520,570230
2021-06-01,1759.900024,1781.000000,1747.915039,1775.849976,1715.287842,577510
2021-06-02,1751.619995,1781.319946,1751.010010,1765.349976,1705.145752,742620
2021-06-03,1765.000000,1785.494995,1756.000000,1779.939941,1719.238403,503990
2021-06-04,1769.104980,1770.640015,1738.000000,1742.680054,1683.249023,2018220
2021-06-07,1747.454956,1759.000000,1735.349976,1753.255005,1693.463379,494360
2021-06-08,1753.005005,1761.295044,1740.339966,1748.260010,1688.638916,474470
2021-06-09,1746.000000,1762.560059,1744.000000,1755.714966,1695.839478,418780
2021-06-10,1752.500000,1767.500000,1749.000000,1755.609985,1695.738159,420530
2021-06-11,1760.900024,1760.900024,1736.500000,1753.640015,1693.835449,489970
2021-06-14,1746.140015,1763.000000,1741.760010,1757.750000,1697.805054,365230
2021-06-15,1764.599976,1771.000000,1751.099976,1768.479980,1708.169067,471960
2021-06-16,1765.020020,1806.849976,1761.305054,1796.520020,1735.252930,1169620
2021-06-17,1791.500000,1818.930054,1790.000000,1805.905029,1744.317993,757870
2021-06-18,1805.900024,1809.895020,1760.000000,1767.064941,1706.802368,1476700
2021-06-21,1763.140015,1771.005005,1751.300049,1764.915039,1704.725830,401800
2021-06-22,1767.000000,1774.795044,1741.000000,1743.655029,1684.190796,705320
2021-06-23,1749.994995,1756.000000,1737.000000,1741.479980,1682.090210,370840
2021-06-24,1741.505005,1767.000000,1732.239990,1761.974976,1701.885864,650450
2021-06-25,1757.025024,1765.000000,1743.500000,1750.670044,1690.966675,390000
2021-06-28,1750.704956,1762.000000,1745.349976,1750.614990,1690.913452,404500
2021-06-29,1759.000000,1775.000000,1748.964966,1759.925049,1699.906006,710960
2021-06-30,1764.000000,1774.500000,1757.500000,1763.300049,1703.166016,515670
2021-07-01,1763.000000,1772.500000,1756.949951,1764.619995,1704.440918,267000
2021-07-02,1767.900024,1768.000000,1748.599976,1760.199951,1700.171631,307230
2021-07-05,1760.510010,1771.199951,1752.329956,1764.135010,1703.972290,343220
2021-07-06,1763.555054,1763.785034,1741.699951,1747.010010,1687.431396,625510
2021-07-07,1740.000000,1780.000000,1736.025024,1771.694946,1711.274536,545190
2021-07-08,1761.599976,1769.984985,1753.810059,1761.890015,1701.803833,298680
2021-07-09,1755.505005,1768.000000,1755.000000,1763.599976,1703.455688,269410
2021-07-12,1775.530029,1775.535034,1757.160034,1764.140015,1703.977295,333010
2021-07-13,1773.000000,1773.300049,1760.109985,1769.189941,1708.854980,250040
2021-07-14,1769.189941,1769.189941,1752.000000,1753.969971,1694.153931,508610
2021-07-15,1752.500000,1765.780029,1745.000000,1762.185059,1702.089111,278390
2021-07-16,1765.500000,1771.500000,1753.795044,1765.420044,1705.213623,366850
2021-07-19,1755.000000,1784.500000,1755.000000,1775.244995,1714.703491,514020
2021-07-20,1774.994995,1790.699951,1770.099976,1785.609985,1724.715088,445940
2021-07-22,1785.609985,1804.645020,1770.000000,1799.479980,1738.112183,1133170
2021-07-23,1793.035034,1822.400024,1788.224976,1814.395020,1752.518433,752310
2021-07-26,1807.185059,1818.775024,1801.079956,1810.135010,1748.403564,534950
2021-07-27,1801.199951,1844.900024,1797.250000,1822.609985,1760.453247,1391570
2021-07-28,1833.400024,1833.400024,1790.099976,1802.255005,1740.792358,876370
2021-07-29,1795.000000,1820.000000,1778.000000,1791.474976,1730.379883,1355360
2021-07-30,1791.474976,1795.594971,1765.505005,1770.265015,1709.893188,833700
2021-08-02,1779.579956,1790.079956,1767.500000,1771.464966,1711.052490,319740
2021-08-03,1767.020020,1838.000000,1765.400024,1828.410034,1766.055298,631280
2021-08-04,1829.410034,1834.994995,1801.709961,1805.734985,1744.153809,408220
2021-08-05,1815.000000,1828.410034,1800.199951,1820.875000,1758.777344,379640
2021-08-06,1820.000000,1820.800049,1798.000000,1802.064941,1740.608765,383740
2021-08-09,1807.000000,1823.500000,1802.064941,1820.229980,1758.154419,306360
2021-08-10,1821.000000,1837.069946,1808.510010,1827.329956,1765.012207,614670
2021-08-11,1831.500000,1831.500000,1802.535034,1816.780029,1754.822021,349850
2021-08-12,1818.079956,1824.795044,1808.000000,1813.385010,1751.542847,244940
2021-08-13,1819.969971,1829.005005,1813.170044,1826.954956,1764.650024,411230
2021-08-16,1826.954956,1849.900024,1817.714966,1829.525024,1767.132324,449710
2021-08-17,1835.000000,1879.744995,1830.140015,1873.255005,1809.370972,752010
2021-08-18,1875.099976,1896.900024,1875.005005,1891.099976,1826.607544,399880
2021-08-20,1855.525024,1964.109985,1855.525024,1957.125000,1890.380737,1431070
2021-08-23,1970.000000,2009.500000,1955.765015,2002.104980,1933.826904,1487420
2021-08-24,2010.000000,2019.900024,1966.500000,1977.984985,1910.529419,830840
2021-08-25,1978.599976,2032.500000,1978.599976,1990.984985,1923.086182,1001590
2021-08-26,1997.494995,2011.969971,1980.555054,2005.270020,1936.883911,632040
2021-08-27,2010.000000,2010.000000,1989.599976,1995.734985,1927.674072,351040
2021-08-30,2005.000000,2012.250000,1968.425049,1974.224976,1906.897705,1339580
2021-08-31,1974.500000,1983.994995,1935.000000,1946.775024,1880.383911,2273700
2021-09-01,1974.680054,1989.000000,1955.209961,1982.685059,1915.069092,1048430
2021-09-02,1987.400024,2029.000000,1976.099976,2024.060059,1955.033203,785770
2021-09-03,2025.000000,2034.300049,2010.104980,2026.665039,1957.549194,469780
2021-09-06,2026.015015,2034.800049,2016.000000,2022.319946,1953.352417,340690
2021-09-07,2016.614990,2039.270020,2016.614990,2036.844971,1967.381958,341530
2021-09-08,2030.000000,2053.000000,1978.500000,1983.959961,1916.300537,1723730
2021-09-09,1991.000000,2052.500000,1984.040039,2045.719971,1975.954346,1103610
2021-09-13,2030.000000,2050.000000,2023.000000,2045.224976,1975.476318,375030
2021-09-14,2045.000000,2060.915039,2018.000000,2023.045044,1954.052856,591850
2021-09-15,2036.984985,2037.000000,2008.790039,2011.920044,1943.307007,376060
2021-09-16,2010.604980,2024.170044,1997.000000,2002.785034,1934.483765,512650
2021-09-17,2015.500000,2029.900024,2010.005005,2017.569946,1948.764282,951290
2021-09-20,2012.500000,2038.599976,2010.099976,2032.260010,1962.953491,915130
2021-09-21,2020.000000,2033.000000,2000.214966,2018.954956,1950.102295,1084110
2021-09-22,2017.385010,2017.385010,1981.010010,1992.520020,1924.568848,1075230
2021-09-23,2000.000000,2012.099976,1982.000000,1983.900024,1916.242676,537240
2021-09-24,1992.699951,1998.000000,1980.000000,1986.425049,1918.681641,418940
2021-09-27,1990.000000,1990.000000,1960.109985,1964.219971,1897.233765,459740
2021-09-28,1969.000000,1971.864990,1945.905029,1954.474976,1887.821167,576860
2021-09-29,1954.474976,1970.000000,1942.165039,1950.675049,1884.150879,462950
2021-09-30,1947.829956,1958.994995,1931.614990,1944.555054,1878.239502,443730
2021-10-01,1944.500000,1964.494995,1925.204956,1954.994995,1888.323364,398690
2021-10-04,1954.994995,1965.000000,1936.204956,1949.295044,1882.817871,327960
2021-10-05,1950.000000,1958.704956,1934.484985,1939.555054,1873.410156,273280
2021-10-06,1944.489990,1962.425049,1907.800049,1915.714966,1850.382935,726080
2021-10-07,1920.079956,1930.420044,1895.535034,1904.564941,1839.613281,476950
2021-10-08,1905.500000,1917.994995,1893.755005,1898.645020,1833.895264,872460
2021-10-11,1902.099976,1919.550049,1900.265015,1908.464966,1843.380127,388020
2021-10-12,1906.890015,1945.000000,1897.005005,1941.569946,1875.356323,722490
2021-10-13,1950.000000,1960.505005,1922.604980,1932.064941,1866.175415,539250
2021-10-14,1939.400024,1942.875000,1922.500000,1932.540039,1866.634399,421900
2021-10-18,1960.000000,1960.000000,1922.000000,1943.844971,1877.553833,563030
2021-10-19,1947.500000,1973.204956,1928.405029,1936.844971,1870.792358,593020
2021-10-20,1930.000000,2020.000000,1905.045044,1927.765015,1862.022095,2177690
2021-10-21,1946.000000,1968.000000,1905.670044,1923.314941,1857.723877,759620
2021-10-22,1943.800049,1943.800049,1885.000000,1900.670044,1835.851318,455150
2021-10-25,1900.000000,1900.094971,1860.435059,1869.625000,1805.864868,541460
2021-10-26,1867.989990,1928.000000,1863.895020,1921.760010,1867.207642,1066580
2021-10-27,1919.729980,1942.000000,1891.155029,1900.459961,1846.512207,528820
2021-10-28,1901.000000,1911.849976,1885.349976,1899.140015,1845.229858,314500
2021-10-29,1900.000000,1920.000000,1875.814941,1900.015015,1846.079956,492750
2021-11-01,1909.890015,1909.890015,1873.594971,1893.959961,1840.196777,425710
2021-11-02,1890.099976,1903.405029,1863.954956,1877.395020,1824.102051,349490
2021-11-03,1886.000000,1888.795044,1856.099976,1873.714966,1820.526489,444790
2021-11-04,1890.000000,1894.900024,1881.189941,1888.925049,1835.304688,69050
2021-11-08,1894.900024,1909.594971,1868.000000,1904.925049,1850.850708,433120
2021-11-09,1901.694946,1904.500000,1880.104980,1894.074951,1840.308594,436480
2021-11-10,1894.790039,1904.260010,1880.000000,1895.290039,1841.489136,380590
2021-11-11,1895.000000,1895.000000,1867.005005,1885.400024,1831.879761,419560
2021-11-12,1895.000000,1925.920044,1886.084961,1914.244995,1859.906006,665120
2021-11-15,1920.000000,1949.900024,1906.984985,1947.660034,1892.372314,508330
2021-11-16,1945.015015,1959.900024,1932.099976,1946.209961,1890.963745,461200
2021-11-17,1940.400024,1956.500000,1936.300049,1947.704956,1892.416138,542760
2021-11-18,1940.000000,1948.880005,1928.005005,1940.550049,1885.464355,416070
2021-11-22,1941.349976,1956.584961,1883.250000,1899.535034,1845.613647,441380
2021-11-23,1899.599976,1924.640015,1890.469971,1918.155029,1863.704956,369600
2021-11-24,1920.000000,1929.000000,1895.000000,1908.689941,1854.508667,343550
2021-11-25,1908.500000,1921.000000,1890.569946,1917.805054,1863.364746,297450
2021-11-26,1914.885010,1943.410034,1898.250000,1922.224976,1867.659424,564410
2021-11-29,1905.000000,1916.229980,1880.000000,1900.040039,1846.104248,481070
2021-11-30,1900.040039,1942.489990,1893.545044,1915.255005,1860.887329,1697800
2021-12-01,1921.000000,1944.989990,1916.189941,1939.780029,1884.716064,548120
2021-12-02,1939.780029,1965.000000,1922.675049,1950.319946,1894.956909,486000
2021-12-03,1940.219971,1949.880005,1913.699951,1932.135010,1877.288208,754480
2021-12-06,1940.000000,1941.560059,1892.915039,1901.650024,1847.668457,349270
2021-12-07,1922.599976,1944.364990,1897.599976,1934.425049,1879.513062,704290
2021-12-08,1922.505005,1952.494995,1922.505005,1947.910034,1892.615356,335780
2021-12-09,1950.000000,1954.900024,1916.244995,1928.474976,1873.732056,405220
2021-12-10,1922.099976,1931.000000,1903.045044,1927.025024,1872.323120,394490
2021-12-13,1922.020020,1934.949951,1892.400024,1898.199951,1844.316406,544900
2021-12-14,1895.310059,1932.295044,1891.339966,1923.880005,1869.267456,690670
2021-12-15,1915.104980,1930.310059,1905.000000,1920.310059,1865.798706,649090
2021-12-16,1920.500000,1931.535034,1912.540039,1925.714966,1871.050293,404170
2021-12-17,1911.505005,1923.305054,1900.000000,1907.964966,1853.804077,542780
2021-12-20,1900.000000,1906.819946,1860.000000,1888.125000,1834.527344,713100
2021-12-21,1898.699951,1928.594971,1890.005005,1922.050049,1867.489380,346780
2021-12-22,1923.000000,1933.994995,1901.229980,1919.060059,1864.584351,366120
2021-12-23,1929.500000,1929.994995,1915.500000,1920.854980,1866.328247,475690
2021-12-24,1920.854980,1943.405029,1917.109985,1922.420044,1867.848877,342200
2021-12-27,1918.599976,1940.000000,1909.944946,1930.234985,1875.441895,265880
2021-12-28,1935.000000,1946.854980,1923.500000,1935.500000,1880.557617,210490
2021-12-29,1935.500000,1945.099976,1925.155029,1939.964966,1884.895752,292690
2021-12-30,1939.000000,1958.500000,1932.319946,1940.655029,1885.566284,398680
2021-12-31,1937.500000,1981.494995,1935.020020,1970.569946,1914.632080,398870
2022-01-03,1969.500000,1981.400024,1963.805054,1967.795044,1911.935791,258690
2022-01-04,1967.800049,1994.780029,1962.805054,1988.905029,1932.446655,350340
2022-01-05,1987.400024,2002.500000,1982.910034,1993.574951,1936.983887,324320
2022-01-06,1975.010010,1993.574951,1953.500000,1964.755005,1908.982178,307090
2022-01-07,1965.050049,1996.000000,1958.704956,1990.285034,1933.787598,489830
2022-01-10,1990.300049,1996.890015,1967.905029,1970.800049,1914.855469,206170
2022-01-11,1955.000000,1982.500000,1955.000000,1976.194946,1920.097290,317880
2022-01-12,1985.000000,1985.000000,1966.000000,1970.709961,1914.768188,237110
2022-01-13,1975.000000,1975.000000,1960.000000,1971.439941,1915.477295,353830
2022-01-14,1971.439941,1971.935059,1927.000000,1940.015015,1884.944458,371900
2022-01-17,1940.000000,1951.500000,1911.109985,1933.319946,1878.439453,364030
2022-01-18,1928.199951,1945.000000,1918.800049,1937.959961,1882.947754,362080
2022-01-19,1937.000000,1944.494995,1857.209961,1893.699951,1839.944092,823830
2022-01-20,1880.000000,1908.000000,1860.505005,1873.410034,1820.230103,790560
2022-01-21,1866.000000,1906.224976,1861.005005,1897.425049,1843.563477,552410
2022-01-24,1897.425049,1904.000000,1860.000000,1871.775024,1818.641602,534370
2022-01-25,1857.314941,1888.405029,1831.295044,1879.074951,1825.734253,578800
2022-01-27,1855.000000,1879.000000,1821.775024,1838.545044,1786.354858,542590
2022-01-28,1840.000000,1864.900024,1832.824951,1838.439941,1786.252808,374230
2022-01-31,1842.800049,1863.989990,1842.800049,1852.155029,1799.578491,297610
2022-02-01,1860.000000,1877.819946,1842.099976,1867.170044,1814.167236,267910
2022-02-02,1882.000000,1885.000000,1844.064941,1850.064941,1797.547729,604160
2022-02-03,1842.000000,1857.964966,1826.109985,1830.660034,1778.693604,343540
2022-02-04,1840.000000,1840.000000,1820.280029,1833.165039,1781.127563,449240
2022-02-07,1833.165039,1842.000000,1791.099976,1807.275024,1755.972412,484690
2022-02-08,1820.500000,1821.425049,1799.000000,1808.714966,1757.371582,393850
2022-02-09,1809.000000,1823.714966,1802.145020,1813.505005,1762.025635,482430
2022-02-10,1810.099976,1821.290039,1801.000000,1813.984985,1762.491943,504220
2022-02-11,1813.500000,1813.500000,1762.000000,1781.520020,1730.948608,959800
2022-02-14,1771.599976,1780.025024,1742.979980,1767.025024,1716.864990,429170
2022-02-15,1767.025024,1832.324951,1757.145020,1818.709961,1767.082764,501700
2022-02-16,1816.699951,1839.739990,1803.349976,1822.380005,1770.648560,404100
2022-02-17,1840.000000,1840.000000,1796.015015,1812.599976,1761.146362,1138400
2022-02-18,1798.800049,1823.239990,1781.109985,1800.930054,1749.807495,963280
2022-02-21,1797.699951,1816.000000,1782.500000,1810.609985,1759.212769,370360
2022-02-22,1798.500000,1819.334961,1773.964966,1811.099976,1759.688965,630870
2022-02-23,1811.099976,1820.954956,1783.500000,1792.665039,1741.777222,592480
2022-02-24,1773.000000,1796.869995,1756.000000,1774.474976,1724.103638,1121050
2022-02-25,1780.000000,1789.494995,1760.000000,1771.510010,1721.222778,809890
2022-02-28,1770.000000,1776.930054,1733.000000,1763.915039,1713.843384,1578730
2022-03-02,1760.000000,1788.939941,1745.704956,1784.459961,1733.805176,866310
2022-03-03,1788.000000,1788.000000,1738.954956,1743.650024,1694.153442,669640
2022-03-04,1730.000000,1754.405029,1702.099976,1739.185059,1689.815308,517050
2022-03-07,1710.000000,1740.775024,1704.000000,1734.204956,1684.976685,665420
2022-03-08,1730.000000,1753.000000,1696.500000,1726.329956,1677.325195,977240
2022-03-09,1738.000000,1738.000000,1706.564941,1714.560059,1665.889404,711220
2022-03-10,1730.000000,1768.525024,1722.099976,1764.910034,1714.810059,664890
2022-03-11,1760.000000,1761.805054,1723.000000,1732.744995,1683.558105,732790
2022-03-14,1747.744995,1747.744995,1715.800049,1736.719971,1687.420166,386650
2022-03-15,1742.000000,1756.000000,1724.505005,1746.160034,1696.592407,622110
2022-03-16,1761.000000,1788.550049,1747.099976,1782.339966,1731.745239,483900
2022-03-17,1778.594971,1837.484985,1778.594971,1828.420044,1776.517212,1008900
2022-03-21,1835.000000,1837.000000,1781.349976,1787.645020,1736.899780,403350
2022-03-22,1772.699951,1786.994995,1725.364990,1742.925049,1693.449219,1402240
2022-03-23,1753.500000,1755.000000,1726.099976,1734.420044,1685.185547,592790
2022-03-24,1732.800049,1750.000000,1726.000000,1740.810059,1691.394287,431810
2022-03-25,1747.800049,1747.800049,1707.500000,1716.119995,1667.405029,532170
2022-03-28,1725.000000,1734.895020,1679.000000,1686.005005,1638.144897,801110
2022-03-29,1690.000000,1699.994995,1682.000000,1692.189941,1644.154297,837590
2022-03-30,1710.800049,1734.755005,1702.260010,1729.800049,1680.696655,749700
2022-03-31,1725.000000,1743.380005,1720.290039,1738.055054,1688.717529,622810
2022-04-01,1738.055054,1760.770020,1725.000000,1755.719971,1705.880737,311590
2022-04-04,1761.000000,1786.650024,1746.204956,1782.015015,1731.429565,397840
2022-04-05,1782.599976,1806.000000,1771.839966,1802.319946,1751.158081,397820
2022-04-06,1797.500000,1826.000000,1786.300049,1821.675049,1769.963989,470580
2022-04-07,1815.000000,1825.000000,1798.500000,1818.839966,1767.209106,374870
2022-04-08,1815.199951,1849.599976,1806.964966,1845.280029,1792.898682,342810
2022-04-11,1841.800049,1852.025024,1821.300049,1842.635010,1790.328735,376690
2022-04-12,1827.530029,1849.900024,1822.250000,1841.780029,1789.498047,549000
2022-04-13,1847.500000,1854.900024,1825.000000,1838.239990,1786.058350,273300
2022-04-18,1830.000000,1868.599976,1830.000000,1856.150024,1803.460083,537730
2022-04-19,1854.050049,1872.500000,1783.224976,1794.859985,1743.909912,659420
2022-04-20,1819.890015,1841.895020,1798.994995,1830.520020,1778.557495,881770
2022-04-21,1805.099976,1856.790039,1775.099976,1820.295044,1777.361694,1853410
2022-04-22,1804.010010,1824.944946,1783.209961,1818.775024,1775.877319,1087070
2022-04-25,1790.000000,1835.000000,1785.010010,1817.469971,1774.602905,845070
2022-04-26,1830.000000,1854.420044,1820.000000,1841.574951,1798.139526,705930
2022-04-27,1815.199951,1846.569946,1815.000000,1822.300049,1779.319336,674300
2022-04-28,1823.849976,1853.479980,1817.505005,1842.770020,1799.306396,789580
2022-04-29,1841.000000,1866.560059,1826.579956,1833.030029,1789.796143,633980
2022-05-02,1826.900024,1848.000000,1821.000000,1844.055054,1800.561157,415970
2022-05-04,1828.109985,1847.209961,1797.064941,1808.775024,1766.113159,608570
2022-05-05,1831.015015,1837.839966,1750.599976,1760.375000,1718.854736,633130
2022-05-06,1749.979980,1759.969971,1697.500000,1699.545044,1659.459595,899970
2022-05-09,1699.344971,1705.530029,1645.000000,1650.435059,1611.507813,1151470
2022-05-10,1664.000000,1668.000000,1640.099976,1652.060059,1613.094482,671770
2022-05-11,1652.060059,1663.910034,1623.489990,1651.239990,1612.293823,617870
2022-05-12,1648.449951,1648.449951,1612.675049,1622.000000,1583.743530,717760
2022-05-13,1649.000000,1656.229980,1630.489990,1640.295044,1601.607056,554390
2022-05-16,1650.199951,1652.000000,1613.444946,1621.885010,1583.631226,524830
2022-05-17,1639.000000,1639.000000,1616.464966,1632.339966,1593.839600,863050
2022-05-18,1632.339966,1641.834961,1621.199951,1634.359985,1595.811768,960090
2022-05-19,1617.000000,1624.494995,1600.000000,1609.425049,1571.465088,705020
2022-05-20,1632.099976,1696.000000,1625.005005,1686.199951,1646.429199,1524770
2022-05-23,1705.994995,1737.000000,1691.130005,1699.430054,1659.347046,1031730
2022-05-24,1714.900024,1727.829956,1685.310059,1718.709961,1678.172363,924100
2022-05-25,1728.000000,1758.599976,1720.344971,1728.375000,1687.609375,815010
2022-05-26,1743.500000,1773.000000,1732.145020,1765.250000,1723.614746,1055810
2022-05-27,1775.000000,1782.694946,1748.719971,1764.104980,1722.496704,425270
2022-05-30,1770.000000,1798.689941,1763.484985,1770.689941,1728.926270,520580
2022-05-31,1770.505005,1815.760010,1745.699951,1769.150024,1727.422852,3595370
2022-06-01,1758.000000,1784.844971,1718.010010,1724.155029,1683.489014,582470
2022-06-02,1724.000000,1747.635010,1702.005005,1739.380005,1698.354980,688990
2022-06-03,1756.300049,1756.734985,1712.560059,1717.099976,1676.600342,526860
2022-06-06,1717.099976,1723.680054,1695.310059,1699.689941,1659.600952,360010
2022-06-07,1685.005005,1699.954956,1661.000000,1674.689941,1635.190674,507620
2022-06-08,1663.050049,1676.000000,1644.655029,1672.375000,1632.930420,816360
2022-06-09,1668.020020,1682.494995,1648.505005,1676.814941,1637.265503,287480
2022-06-10,1666.099976,1687.250000,1653.680054,1677.489990,1637.924805,448100
2022-06-13,1669.000000,1696.979980,1654.000000,1685.444946,1645.691895,1184640
2022-06-14,1685.650024,1710.000000,1676.000000,1687.145020,1647.351807,660810
2022-06-15,1706.500000,1706.500000,1666.000000,1680.229980,1640.600098,647530
2022-06-16,1694.900024,1694.900024,1661.494995,1687.400024,1647.600952,807540
2022-06-17,1684.800049,1685.494995,1643.500000,1664.239990,1624.987061,1456190
2022-06-20,1670.000000,1702.295044,1653.755005,1696.709961,1656.691406,489020
2022-06-21,1698.000000,1720.000000,1686.000000,1697.180054,1657.150391,556310
2022-06-22,1695.000000,1695.000000,1658.555054,1677.515015,1637.949341,523640
2022-06-23,1682.000000,1704.494995,1670.000000,1697.630005,1657.589600,316750
2022-06-24,1695.005005,1725.000000,1692.204956,1723.165039,1682.522583,303800
2022-06-27,1735.000000,1740.719971,1718.270020,1735.824951,1694.883911,638420
2022-06-28,1730.000000,1749.984985,1705.099976,1740.390015,1699.341187,522240
2022-06-29,1735.000000,1752.500000,1725.229980,1749.905029,1708.631714,969720
2022-06-30,1749.905029,1756.880005,1723.420044,1747.000000,1705.795044,1028420
2022-07-01,1740.000000,1782.939941,1733.104980,1779.505005,1737.533691,385470
2022-07-04,1780.000000,1802.344971,1770.449951,1799.454956,1757.012939,487290
2022-07-05,1799.454956,1814.314941,1790.000000,1798.500000,1756.080688,414380
2022-07-06,1798.500000,1842.839966,1780.125000,1838.864990,1795.493530,783910
2022-07-07,1839.000000,1855.000000,1817.359985,1820.494995,1777.556641,518790
2022-07-08,1830.000000,1845.000000,1822.199951,1841.915039,1798.471558,588250
2022-07-11,1840.000000,1852.500000,1834.199951,1848.939941,1805.330811,393820
2022-07-12,1841.675049,1847.000000,1810.104980,1812.515015,1769.764893,261890
2022-07-13,1813.000000,1832.489990,1813.000000,1824.964966,1781.921143,227510
2022-07-14,1824.959961,1844.094971,1813.270020,1836.329956,1793.018188,522940
2022-07-15,1840.000000,1883.635010,1837.630005,1877.150024,1832.875610,495010
2022-07-18,1883.869995,1897.199951,1855.255005,1862.540039,1818.610229,439770
2022-07-19,1859.989990,1864.849976,1822.645020,1837.770020,1794.424194,437280
2022-07-20,1855.000000,1866.000000,1825.000000,1861.709961,1817.799561,546630
2022-07-21,1860.000000,1888.994995,1859.375000,1883.994995,1839.558960,506560
2022-07-22,1890.775024,1908.400024,1883.555054,1898.895020,1854.107544,632000
2022-07-25,1898.895020,1901.000000,1871.204956,1875.755005,1831.513306,359590
2022-07-26,1878.000000,1878.000000,1825.025024,1850.949951,1807.293335,1394710
2022-07-27,1854.400024,1866.900024,1835.000000,1854.189941,1810.456909,449730
2022-07-28,1857.500000,1934.500000,1846.000000,1911.239990,1866.161377,1304570
2022-07-29,1911.239990,1942.305054,1900.104980,1935.910034,1890.249512,1138250
2022-08-01,1944.199951,1950.000000,1910.500000,1925.520020,1880.104614,585670
2022-08-02,1937.699951,1950.099976,1930.020020,1945.880005,1899.984375,562190
2022-08-03,1934.005005,1954.625000,1905.000000,1936.589966,1890.913452,513250
2022-08-04,1939.900024,1992.380005,1939.609985,1985.000000,1938.181641,882800
2022-08-05,1984.000000,2002.000000,1972.905029,1992.150024,1945.163086,625600
2022-08-08,1990.500000,1998.729980,1955.000000,1965.295044,1918.941650,574590
2022-08-10,1985.060059,2015.000000,1950.500000,1976.949951,1930.321533,722070
2022-08-11,1980.000000,1998.239990,1958.760010,1967.959961,1921.543579,504610
2022-08-12,1970.000000,1975.645020,1941.369995,1954.324951,1908.230225,489030
2022-08-16,1955.000000,1985.459961,1948.280029,1968.295044,1921.870728,660830
2022-08-17,1968.199951,1984.395020,1966.920044,1973.530029,1926.982422,396000
2022-08-18,1972.000000,1973.275024,1948.000000,1955.765015,1909.636230,489210
2022-08-19,1960.000000,1966.989990,1935.000000,1944.089966,1898.236450,366980
2022-08-22,1940.099976,1963.000000,1935.000000,1945.219971,1899.339966,397940
2022-08-23,1930.000000,1968.895020,1925.114990,1962.564941,1916.275757,428810
2022-08-24,1961.885010,1971.694946,1936.805054,1967.104980,1920.708740,337680
2022-08-25,1967.099976,1978.599976,1946.405029,1952.665039,1906.609619,259090
2022-08-26,1954.000000,1966.604980,1942.800049,1952.810059,1906.751099,279890
2022-08-29,1940.000000,1975.900024,1928.510010,1964.635010,1918.297119,484620
2022-08-30,1966.000000,1999.500000,1966.000000,1992.584961,1945.587769,1097510
2022-09-01,1970.000000,2005.000000,1957.459961,1973.295044,1926.752930,790620
2022-09-02,1975.229980,1984.800049,1953.000000,1956.180054,1910.041504,312410
2022-09-05,1950.000000,1958.265015,1922.699951,1925.969971,1880.543945,497240
2022-09-06,1926.069946,1930.800049,1894.505005,1904.189941,1859.277832,593700
2022-09-07,1904.189941,1930.704956,1901.500000,1917.930054,1872.693604,557360
2022-09-08,1920.099976,1927.699951,1900.500000,1912.375000,1867.269653,546470
2022-09-09,1937.000000,1937.000000,1899.079956,1905.125000,1860.190552,484340
2022-09-12,1905.155029,1915.994995,1889.010010,1896.819946,1852.081543,435600
2022-09-13,1897.050049,1926.650024,1897.000000,1906.364990,1861.401611,511460
2022-09-14,1887.099976,1923.435059,1887.094971,1910.875000,1865.805054,616010
2022-09-15,1919.400024,1925.704956,1897.775024,1900.900024,1856.065308,334550
2022-09-16,1900.890015,1900.900024,1834.055054,1840.420044,1797.011963,1161630
2022-09-19,1849.625000,1884.000000,1826.729980,1876.525024,1832.265259,536310
2022-09-20,1881.000000,1892.000000,1857.510010,1861.665039,1817.755737,838000
2022-09-21,1861.599976,1888.939941,1859.104980,1864.989990,1821.002197,462990
2022-09-22,1864.989990,1883.500000,1858.055054,1863.829956,1819.869507,779310
2022-09-23,1859.099976,1865.619995,1845.005005,1849.589966,1805.965332,358420
2022-09-26,1849.579956,1888.989990,1839.755005,1845.329956,1801.805908,1130850
2022-09-27,1854.805054,1879.500000,1854.569946,1867.265015,1823.223633,693140
2022-09-28,1865.500000,1897.900024,1852.569946,1884.094971,1839.656616,1055170
2022-09-29,1893.520020,1913.000000,1879.125000,1897.915039,1853.150757,871950
2022-09-30,1895.000000,1919.500000,1889.400024,1914.479980,1869.325073,809730
2022-10-03,1911.750000,1914.395020,1877.000000,1899.260010,1854.464111,520460
2022-10-04,1925.000000,1935.000000,1905.119995,1925.185059,1879.777710,372890
2022-10-06,1934.209961,1952.515015,1923.724976,1930.015015,1884.493652,670360
2022-10-07,1927.520020,1938.000000,1916.760010,1932.099976,1886.529419,396130
2022-10-10,1910.000000,1920.500000,1900.494995,1911.905029,1866.810669,346190
2022-10-11,1920.500000,1921.464966,1841.025024,1844.994995,1801.479004,549260
2022-10-12,1854.000000,1876.685059,1844.994995,1872.540039,1828.374146,387480
2022-10-13,1879.000000,1892.165039,1860.500000,1876.364990,1832.108887,302770
2022-10-14,1895.885010,1901.375000,1885.000000,1892.800049,1848.156372,220650
2022-10-17,1885.000000,1906.000000,1879.219971,1892.015015,1847.389893,174250
2022-10-18,1902.000000,1942.905029,1899.000000,1938.785034,1893.056763,535110
2022-10-19,1938.785034,1984.800049,1925.449951,1973.910034,1927.353271,1304800
2022-10-20,1971.900024,2014.369995,1970.000000,2006.109985,1958.793945,1128540
2022-10-21,2006.109985,2035.000000,1998.250000,2029.494995,1981.627319,571930
2022-10-24,2035.500000,2105.000000,2035.005005,2087.504883,2038.268921,451980
2022-10-25,2080.000000,2104.879883,2021.699951,2028.239990,1980.401855,713530
2022-10-27,2046.849976,2047.500000,1991.000000,2013.324951,1965.838623,1014740
2022-10-28,2013.324951,2037.194946,2005.015015,2028.244995,1980.406738,649300
2022-10-31,2028.244995,2047.000000,2015.000000,2036.339966,2000.144531,795550
2022-11-01,2039.954956,2073.485107,2037.000000,2058.995117,2022.397095,397060
2022-11-02,2059.000000,2070.000000,2022.260010,2038.734985,2002.497070,433170
2022-11-03,2022.290039,2047.500000,2015.005005,2042.344971,2006.042725,353280
2022-11-04,2042.344971,2053.500000,2030.469971,2042.530029,2006.224609,188730
2022-11-07,2045.150024,2072.000000,2037.020020,2048.024902,2011.621582,677220
2022-11-09,2061.544922,2084.235107,2020.500000,2031.989990,1995.871704,522450
2022-11-10,2029.959961,2040.000000,2004.494995,2017.530029,1981.668823,389910
2022-11-11,2027.619995,2050.000000,2020.010010,2032.250000,1996.127197,358370
2022-11-14,2032.300049,2039.244995,1989.270020,2006.520020,1970.854492,484760
2022-11-15,2016.400024,2018.594971,1985.000000,2005.555054,1969.906738,393410
2022-11-16,1999.214966,2014.425049,1982.500000,2009.790039,1974.066528,447760
2022-11-17,2013.000000,2013.969971,1988.265015,1999.099976,1963.566528,277820
2022-11-18,1999.500000,2004.574951,1978.000000,1992.510010,1957.093628,366860
2022-11-21,1985.199951,1985.959961,1966.560059,1976.170044,1941.044067,498440
2022-11-22,1976.170044,1984.930054,1955.005005,1961.349976,1926.487427,474220
2022-11-23,1970.000000,1981.300049,1951.000000,1956.510010,1921.733521,517220
2022-11-24,1962.500000,1987.439941,1950.084961,1973.545044,1938.465698,596960
2022-11-25,1980.000000,1982.400024,1944.000000,1952.935059,1918.222046,578580
2022-11-28,1952.500000,1984.525024,1946.000000,1981.545044,1946.323608,530000
2022-11-29,1975.000000,2037.500000,1973.000000,2012.119995,1976.354980,737230
2022-11-30,2012.119995,2033.900024,1984.040039,2018.385010,1982.508667,3133890
2022-12-01,2019.000000,2034.989990,1993.500000,2004.949951,1969.312378,529260
2022-12-02,2004.949951,2013.770020,1967.925049,1975.119995,1940.012695,696170
2022-12-05,1975.979980,1985.000000,1955.270020,1975.219971,1940.110962,849990
2022-12-06,1974.099976,1999.000000,1957.500000,1991.109985,1955.718506,681090
2022-12-07,1992.000000,2007.915039,1982.824951,1991.084961,1955.693970,569560
2022-12-08,1990.000000,2009.900024,1973.099976,1980.535034,1945.331543,406240
2022-12-09,1996.800049,2029.494995,1984.420044,2024.175049,1988.195801,767550
2022-12-12,2025.000000,2052.000000,2014.500000,2048.735107,2012.319214,810600
2022-12-13,2056.100098,2063.594971,2033.000000,2038.829956,2002.590088,491340
2022-12-14,2038.515015,2045.064941,2000.665039,2006.349976,1970.687500,816800
2022-12-15,2006.349976,2014.994995,1963.444946,1973.785034,1938.701416,395540
2022-12-16,1972.500000,1986.000000,1957.010010,1973.869995,1938.784790,693210
2022-12-19,1980.000000,2012.000000,1979.994995,2008.165039,1972.470215,654480
2022-12-20,2015.000000,2016.785034,1985.104980,2013.555054,1977.764648,466760
2022-12-21,2016.500000,2034.800049,2006.214966,2031.420044,1995.312134,703780
2022-12-22,2039.500000,2044.000000,2015.750000,2030.660034,1994.565430,376880
2022-12-23,2020.000000,2045.500000,2005.505005,2013.275024,1977.489380,744040
2022-12-26,2017.494995,2024.564941,1986.000000,1989.750000,1954.382690,333820
2022-12-27,1990.000000,2001.770020,1974.500000,1977.599976,1942.448608,402910
2022-12-28,1979.000000,1989.589966,1971.000000,1984.359985,1949.088379,353460
2022-12-29,1984.000000,1991.755005,1963.055054,1980.800049,1945.591675,398510
2022-12-30,1983.954956,1989.000000,1956.185059,1960.599976,1925.750732,426440
2023-01-02,1961.665039,1971.500000,1950.125000,1956.155029,1921.384888,251640
2023-01-03,1959.900024,1976.094971,1947.594971,1972.729980,1937.665161,314150
2023-01-04,1978.000000,1979.800049,1950.000000,1951.989990,1917.293823,319840
2023-01-05,1954.000000,1989.415039,1951.949951,1977.599976,1942.448608,513930
2023-01-06,1980.000000,1992.645020,1977.655029,1988.525024,1953.179321,393860
2023-01-09,1993.494995,2016.430054,1989.650024,2008.569946,1972.868042,361440
2023-01-10,2006.305054,2018.900024,1995.505005,2002.395020,1966.802856,316680
2023-01-11,2007.000000,2008.489990,1971.739990,1975.829956,1940.710083,325100
2023-01-12,1975.829956,1995.000000,1974.000000,1987.324951,1952.000610,330620
2023-01-13,1995.000000,1995.000000,1972.505005,1978.435059,1943.268799,347710
2023-01-16,1984.000000,1984.000000,1970.099976,1973.560059,1938.480469,242650
2023-01-17,1973.589966,1996.619995,1971.270020,1994.574951,1959.121704,401870
2023-01-18,1994.994995,2004.189941,1977.334961,1982.334961,1947.099365,363990
2023-01-19,1982.334961,1989.500000,1961.165039,1968.109985,1933.127319,309990
2023-01-20,1966.010010,1966.785034,1914.984985,1920.005005,1885.877319,720220
2023-01-23,1925.000000,1944.000000,1915.104980,1936.709961,1902.285400,379000
2023-01-24,1940.000000,1943.400024,1914.880005,1929.069946,1894.781128,377120
2023-01-25,1934.900024,1935.050049,1915.000000,1923.550049,1889.359375,411600
2023-01-27,1926.005005,1939.400024,1902.604980,1921.635010,1887.478271,447770
2023-01-30,1920.599976,1921.364990,1897.800049,1916.589966,1882.522949,498300
2023-01-31,1920.000000,1920.000000,1892.900024,1901.775024,1867.971436,1175000
2023-02-01,1910.000000,1917.704956,1891.525024,1908.984985,1875.053223,688050
2023-02-02,1912.900024,1912.900024,1885.050049,1895.459961,1861.768555,709220
2023-02-03,1900.540039,1905.464966,1877.010010,1900.430054,1866.650391,555780
2023-02-06,1900.000000,1906.000000,1875.430054,1902.150024,1868.339722,691340
2023-02-07,1902.400024,1909.989990,1888.000000,1897.800049,1864.067139,398730
2023-02-08,1895.000000,1906.484985,1889.015015,1899.489990,1865.726929,232670
2023-02-09,1899.900024,1908.435059,1895.084961,1900.030029,1866.257446,347340
2023-02-10,1901.000000,1907.015015,1887.505005,1902.385010,1868.570435,263830
2023-02-13,1909.500000,1919.900024,1894.994995,1902.680054,1868.860352,324890
2023-02-14,1911.479980,1926.000000,1902.750000,1908.290039,1874.370605,385890
2023-02-15,1907.500000,1929.880005,1893.005005,1926.094971,1891.859131,319980
2023-02-16,1943.000000,1979.984985,1914.000000,1962.885010,1927.995117,1740070
2023-02-17,1957.505005,1957.505005,1882.204956,1902.130005,1868.319946,1884350
2023-02-20,1903.000000,1914.500000,1878.000000,1882.305054,1848.847534,653110
2023-02-21,1888.109985,1893.380005,1876.000000,1884.869995,1851.366821,449540
2023-02-22,1888.280029,1888.280029,1863.114990,1867.415039,1834.222168,420800
2023-02-23,1865.994995,1882.415039,1855.099976,1864.800049,1831.653687,492680
2023-02-24,1874.125000,1884.900024,1861.500000,1868.089966,1834.885132,388750
2023-02-27,1870.000000,1884.500000,1849.199951,1862.275024,1829.173462,516250
2023-02-28,1863.020020,1872.500000,1846.015015,1867.000000,1833.814453,1091820
2023-03-01,1870.000000,1882.040039,1857.515015,1877.885010,1844.505981,639260
2023-03-02,1879.994995,1880.000000,1845.680054,1848.175049,1815.324219,390700
2023-03-03,1854.900024,1861.464966,1840.550049,1844.989990,1812.195801,460180
2023-03-06,1852.199951,1855.405029,1842.500000,1851.484985,1818.575317,529490
2023-03-08,1840.500000,1857.380005,1839.755005,1851.824951,1818.909180,457460
2023-03-09,1850.000000,1857.900024,1843.000000,1853.569946,1820.623169,566150
2023-03-10,1853.000000,1853.000000,1835.505005,1848.574951,1815.716919,236340
2023-03-13,1842.994995,1849.989990,1826.005005,1831.744995,1799.186157,364760
2023-03-14,1835.000000,1843.500000,1821.300049,1826.464966,1794.000000,438790
2023-03-15,1830.000000,1837.109985,1788.000000,1799.334961,1767.352173,779580
2023-03-16,1799.000000,1850.000000,1796.775024,1845.064941,1812.269287,830430
2023-03-17,1849.890015,1887.500000,1847.494995,1885.814941,1852.294922,1334300
2023-03-20,1890.000000,1899.000000,1865.209961,1893.785034,1860.123535,756450
2023-03-21,1899.000000,1925.900024,1882.005005,1892.739990,1859.096924,977620
2023-03-22,1900.900024,1900.900024,1869.869995,1881.969971,1848.518433,282480
2023-03-23,1881.969971,1916.989990,1871.015015,1904.444946,1870.593994,566850
2023-03-24,1900.505005,1910.000000,1888.800049,1895.310059,1861.621338,262990
2023-03-27,1900.000000,1912.780029,1881.505005,1889.099976,1855.521606,358540
2023-03-28,1890.000000,1901.994995,1885.000000,1894.599976,1860.923828,354810
2023-03-29,1893.000000,1912.500000,1887.619995,1905.295044,1871.428711,486060
2023-03-31,1915.500000,1975.189941,1915.500000,1970.449951,1935.425537,1484440
2023-04-03,1978.400024,1979.000000,1938.604980,1970.545044,1935.519043,637400
2023-04-05,1965.900024,1987.300049,1960.099976,1982.204956,1946.971680,471510
2023-04-06,1979.500000,1984.000000,1960.500000,1970.824951,1935.794067,409780
2023-04-10,1970.000000,1971.645020,1950.099976,1953.020020,1918.305420,224140
2023-04-11,1964.800049,1969.500000,1947.500000,1967.459961,1932.488770,441260
2023-04-12,1969.500000,1969.500000,1936.494995,1944.030029,1909.475220,568820
2023-04-13,1950.000000,1968.000000,1941.625000,1946.535034,1911.935791,461510
2023-04-17,1959.000000,2041.000000,1950.214966,2024.439941,1988.455933,1943510
2023-04-18,2020.000000,2070.000000,2020.000000,2066.125000,2029.400024,1398600
2023-04-19,2065.985107,2066.364990,2038.800049,2061.870117,2025.220825,898740
2023-04-20,2059.500000,2072.070068,2038.000000,2047.310059,2010.919556,522130
2023-04-21,2047.310059,2058.699951,2038.739990,2049.685059,2023.332886,443050
2023-04-24,2050.094971,2070.899902,2040.104980,2068.929932,2042.330566,578680
2023-04-25,2070.899902,2092.860107,2030.800049,2066.520020,2039.951294,1684640
2023-04-26,2059.899902,2108.899902,2047.250000,2102.625000,2075.592285,1248940
2023-04-27,2106.625000,2119.995117,2100.004883,2114.729980,2087.541748,1022320
2023-04-28,2118.195068,2184.959961,2113.000000,2176.139893,2148.161865,1665160
2023-05-02,2180.000000,2209.899902,2167.250000,2174.584961,2146.627197,891700
2023-05-03,2174.500000,2194.584961,2157.840088,2187.570068,2159.445313,570130
2023-05-04,2187.885010,2199.495117,2163.784912,2169.375000,2141.484131,635340
2023-05-05,2179.995117,2207.870117,2174.989990,2201.985107,2173.674805,550760
2023-05-08,2205.000000,2230.000000,2176.040039,2198.324951,2170.061768,756560
2023-05-09,2200.000000,2214.495117,2184.669922,2197.135010,2168.887207,432870
2023-05-10,2197.135010,2212.989990,2196.949951,2205.000000,2176.651123,604410
2023-05-11,2209.899902,2223.500000,2195.030029,2201.979980,2173.669678,689370
2023-05-12,2201.899902,2206.939941,2174.000000,2179.415039,2151.394775,669610
2023-05-15,2182.000000,2201.989990,2175.125000,2178.659912,2150.649658,725700
2023-05-16,2187.500000,2198.899902,2172.000000,2178.040039,2150.037842,772570
2023-05-17,2178.040039,2189.129883,2160.000000,2173.250000,2145.309326,667880
2023-05-18,2185.000000,2195.000000,2165.020020,2167.959961,2140.087158,511750
2023-05-19,2180.000000,2180.000000,2150.610107,2169.014893,2141.128662,732200
2023-05-22,2169.899902,2169.899902,2142.209961,2149.479980,2121.844727,510950
2023-05-23,2145.000000,2161.000000,2136.209961,2140.370117,2112.852051,554590
2023-05-24,2140.370117,2149.800049,2127.500000,2138.060059,2110.571777,443640
2023-05-25,2150.000000,2163.199951,2131.084961,2147.489990,2119.880371,815020
2023-05-26,2148.495117,2162.899902,2137.000000,2158.175049,2130.427979,631590
2023-05-29,2172.495117,2185.000000,2155.209961,2172.945068,2145.008301,534370
2023-05-30,2168.000000,2172.860107,2151.104980,2157.445068,2129.707520,469810
2023-05-31,2158.000000,2185.834961,2151.500000,2167.310059,2139.445801,4247940
2023-06-01,2178.600098,2192.495117,2157.280029,2187.429932,2159.306885,598660
2023-06-02,2200.000000,2209.500000,2182.000000,2204.645020,2176.300537,582480
2023-06-05,2199.905029,2212.969971,2179.000000,2183.415039,2155.343750,815090
2023-06-06,2187.415039,2193.155029,2161.754883,2170.540039,2142.634033,785230
2023-06-07,2174.989990,2242.475098,2174.989990,2236.774902,2208.017578,1568120
2023-06-08,2246.000000,2257.754883,2208.745117,2214.889893,2186.413818,729290
2023-06-09,2210.090088,2228.000000,2204.090088,2207.344971,2178.965820,709150
2023-06-12,2205.000000,2234.899902,2202.915039,2228.935059,2200.278564,623520
2023-06-13,2234.899902,2267.800049,2229.235107,2249.260010,2220.342041,833470
2023-06-14,2252.500000,2275.100098,2250.000000,2272.875000,2243.653564,723770
2023-06-15,2272.875000,2300.000000,2263.250000,2296.620117,2267.093262,737570
2023-06-16,2296.620117,2317.524902,2287.729980,2296.854980,2267.324951,735410
2023-06-19,2302.500000,2315.000000,2276.125000,2279.485107,2250.178467,433310
2023-06-20,2279.485107,2299.995117,2272.000000,2295.554932,2266.041748,688770
2023-06-21,2295.610107,2306.969971,2276.500000,2289.159912,2259.729004,646420
2023-06-22,2280.000000,2289.074951,2249.270020,2253.290039,2224.320313,499030
2023-06-23,2253.290039,2261.995117,2245.364990,2253.685059,2224.710205,435150
2023-06-26,2252.004883,2270.000000,2250.500000,2263.080078,2233.984619,350150
2023-06-27,2263.135010,2287.000000,2250.510010,2263.725098,2234.621094,441330
2023-06-28,2267.000000,2280.000000,2258.000000,2274.409912,2245.168457,556240
2023-06-30,2275.000000,2294.625000,2262.500000,2289.429932,2259.995605,368620
2023-07-03,2295.000000,2295.000000,2258.300049,2263.254883,2234.156982,552690
2023-07-04,2274.800049,2284.500000,2252.550049,2262.405029,2233.318115,301490
2023-07-05,2258.600098,2294.399902,2258.000000,2289.989990,2260.548340,388880
2023-07-06,2293.500000,2339.245117,2290.500000,2309.945068,2280.247070,903670
2023-07-07,2315.504883,2324.685059,2285.000000,2290.620117,2261.170410,564640
2023-07-10,2286.899902,2304.239990,2255.000000,2258.024902,2228.994141,363880
2023-07-11,2261.000000,2295.985107,2255.030029,2285.229980,2255.849609,685260
2023-07-12,2293.899902,2310.000000,2281.699951,2306.004883,2276.357178,480900
2023-07-13,2306.004883,2312.155029,2277.685059,2282.074951,2252.735107,432160
2023-07-14,2282.074951,2320.000000,2280.000000,2313.804932,2284.057129,454570
2023-07-17,2320.000000,2339.534912,2295.500000,2307.074951,2277.413574,417950
2023-07-18,2319.000000,2319.000000,2282.050049,2297.715088,2268.174072,325840
2023-07-19,2295.000000,2302.500000,2280.149902,2294.094971,2264.600586,278810
2023-07-20,2294.100098,2308.449951,2275.100098,2300.794922,2271.214355,377920
2023-07-21,2301.495117,2323.195068,2291.280029,2298.254883,2268.706787,368430
2023-07-24,2298.014893,2304.860107,2270.774902,2282.010010,2252.671143,420810
2023-07-25,2314.000000,2314.000000,2267.524902,2277.290039,2248.011719,625760
2023-07-26,2279.090088,2290.000000,2270.199951,2279.989990,2250.676758,344620
2023-07-27,2285.919922,2290.000000,2207.604980,2232.530029,2203.827148,1793740
2023-07-28,2232.530029,2263.185059,2218.729980,2248.090088,2219.187256,672110
2023-07-31,2265.000000,2265.399902,2242.969971,2255.330078,2226.334229,486090
2023-08-01,2260.830078,2269.000000,2242.500000,2259.370117,2230.322266,650190
2023-08-02,2269.000000,2293.814941,2251.060059,2288.229980,2258.811035,1046610
2023-08-03,2288.794922,2288.794922,2240.195068,2247.580078,2218.683838,449710
2023-08-04,2249.594971,2269.885010,2241.199951,2245.449951,2216.580811,410100
2023-08-07,2245.449951,2255.159912,2215.000000,2245.929932,2217.054932,412460
2023-08-08,2247.000000,2249.895020,2210.000000,2222.925049,2194.345703,580320
2023-08-09,2228.000000,2235.625000,2216.260010,2221.840088,2193.274414,372850
2023-08-10,2216.300049,2224.455078,2189.500000,2198.975098,2170.703613,705790
2023-08-11,2198.975098,2201.000000,2175.000000,2184.239990,2156.157959,383630
2023-08-14,2184.425049,2204.000000,2170.925049,2189.949951,2161.794678,407880
2023-08-16,2213.000000,2213.000000,2178.534912,2194.790039,2166.572510,289300
2023-08-17,2190.000000,2202.830078,2160.239990,2166.745117,2138.888184,699920
2023-08-18,2166.745117,2188.000000,2145.000000,2183.000000,2154.933838,656670
2023-08-21,2183.000000,2217.610107,2173.534912,2203.435059,2175.106445,370960
2023-08-22,2203.435059,2209.245117,2190.604980,2202.594971,2174.276855,405220
2023-08-23,2210.000000,2226.979980,2195.000000,2218.314941,2189.794678,613780
2023-08-24,2228.300049,2229.000000,2214.330078,2224.489990,2195.890381,460200
2023-08-25,2219.000000,2228.044922,2211.125000,2218.850098,2190.323242,419640
2023-08-28,2219.149902,2221.455078,2200.000000,2203.445068,2175.116211,415070
2023-08-29,2207.044922,2217.979980,2195.000000,2206.300049,2177.934570,524280
2023-08-30,2206.300049,2228.000000,2201.014893,2219.850098,2191.310059,648320
2023-08-31,2225.000000,2228.899902,2167.004883,2198.639893,2170.372803,2330650
2023-09-01,2205.000000,2210.969971,2186.000000,2191.554932,2163.378906,358490
2023-09-04,2197.520020,2197.995117,2163.250000,2173.820068,2145.872070,740910
2023-09-05,2175.455078,2199.860107,2175.455078,2195.445068,2167.218994,623130
2023-09-06,2195.445068,2210.000000,2177.459961,2200.409912,2172.119873,562920
2023-09-07,2197.830078,2208.510010,2182.235107,2189.629883,2161.478516,411590
2023-09-08,2194.600098,2197.935059,2183.000000,2188.324951,2160.190430,304770
2023-09-11,2191.000000,2219.995117,2187.340088,2212.705078,2184.257080,469770
2023-09-12,2213.429932,2239.500000,2201.709961,2231.774902,2203.081543,493790
2023-09-13,2227.554932,2256.915039,2215.004883,2217.979980,2189.464111,508250
2023-09-14,2223.000000,2251.000000,2215.699951,2247.770020,2218.871094,810560
2023-09-15,2250.000000,2270.100098,2231.895020,2262.229980,2233.145508,1161410
2023-09-18,2262.000000,2284.000000,2245.264893,2281.939941,2252.602051,575320
2023-09-20,2255.604980,2282.655029,2255.604980,2268.024902,2238.865479,574500
2023-09-21,2265.995117,2266.995117,2235.000000,2253.350098,2224.379639,461830
2023-09-22,2252.000000,2263.995117,2238.000000,2253.250000,2224.280762,383010
2023-09-25,2257.000000,2270.870117,2245.100098,2263.875000,2234.769287,344270
2023-09-26,2270.000000,2306.290039,2259.604980,2300.554932,2270.977539,660010
2023-09-27,2300.500000,2300.554932,2274.145020,2287.300049,2257.893066,416530
2023-09-28,2290.000000,2290.794922,2244.780029,2253.844971,2224.868164,519810
2023-09-29,2255.094971,2270.500000,2243.000000,2250.689941,2221.753662,452290
2023-10-03,2250.689941,2259.469971,2225.514893,2231.524902,2202.834961,500130
2023-10-04,2280.504883,2335.879883,2255.100098,2298.620117,2269.067627,2134880
2023-10-05,2300.500000,2310.719971,2277.500000,2291.870117,2262.404297,680000
2023-10-06,2298.995117,2306.760010,2281.489990,2291.225098,2261.767578,388120
2023-10-09,2281.205078,2298.080078,2280.000000,2288.185059,2258.766602,237550
2023-10-10,2296.000000,2301.699951,2282.534912,2296.804932,2267.275635,396630
2023-10-11,2296.804932,2327.389893,2293.000000,2320.205078,2290.375000,673380
2023-10-12,2322.300049,2330.000000,2296.205078,2307.514893,2277.848145,542220
2023-10-13,2307.504883,2359.985107,2295.540039,2355.435059,2325.152100,907910
2023-10-16,2355.000000,2355.000000,2297.504883,2310.854980,2281.145020,866080
2023-10-17,2313.000000,2336.219971,2313.000000,2332.530029,2302.541504,381660
2023-10-18,2332.530029,2344.715088,2320.000000,2326.294922,2296.386230,356710
2023-10-19,2325.689941,2422.699951,2310.050049,2413.235107,2382.208984,2924120
2023-10-20,2409.995117,2474.500000,2400.179932,2427.969971,2396.754395,2079340
2023-10-23,2430.000000,2467.495117,2412.834961,2419.774902,2388.664551,792300
2023-10-25,2428.000000,2452.969971,2415.310059,2426.270020,2395.076416,1113500
2023-10-26,2426.000000,2426.060059,2342.100098,2354.560059,2324.288086,1269400
2023-10-27,2355.050049,2422.800049,2344.034912,2405.695068,2374.765869,1304370
2023-10-30,2410.000000,2425.000000,2386.504883,2417.169922,2386.093262,726140
2023-10-31,2430.000000,2433.000000,2412.205078,2423.479980,2392.322021,516390
2023-11-01,2420.000000,2420.004883,2378.000000,2387.270020,2370.270264,636900
2023-11-02,2399.020020,2414.979980,2377.310059,2411.179932,2394.010010,1070680
2023-11-03,2414.290039,2420.000000,2397.685059,2399.905029,2382.815186,477140
2023-11-06,2415.004883,2439.050049,2405.870117,2428.955078,2411.658447,742760
2023-11-07,2428.699951,2448.000000,2412.004883,2436.949951,2419.596436,529650
2023-11-08,2436.905029,2441.270020,2422.004883,2428.155029,2410.864258,363050
2023-11-09,2435.000000,2441.500000,2419.235107,2422.675049,2405.423340,422230
2023-11-10,2422.675049,2424.949951,2405.564941,2413.719971,2396.531982,283170
2023-11-13,2429.800049,2429.800049,2403.199951,2408.584961,2391.433594,285280
2023-11-15,2424.500000,2424.899902,2400.800049,2417.405029,2400.190918,766970
2023-11-16,2419.504883,2427.250000,2404.600098,2408.290039,2391.140625,694180
2023-11-17,2410.000000,2448.489990,2406.459961,2437.304932,2419.948975,700510
2023-11-20,2437.504883,2440.379883,2416.600098,2430.254883,2412.948975,541150
2023-11-21,2430.500000,2441.985107,2418.024902,2437.344971,2419.988770,453290
2023-11-22,2437.004883,2452.000000,2426.000000,2435.084961,2417.744873,368210
2023-11-23,2441.405029,2458.989990,2435.114990,2439.330078,2421.959717,368140
2023-11-24,2445.000000,2447.284912,2410.804932,2413.895020,2396.705811,404120
2023-11-28,2413.800049,2426.000000,2388.314941,2421.860107,2404.614014,876970
2023-11-29,2422.100098,2433.500000,2401.104980,2406.750000,2389.611572,627150
2023-11-30,2408.000000,2434.020020,2396.534912,2423.614990,2406.356445,1472030
2023-12-01,2433.995117,2436.500000,2415.639893,2433.860107,2416.528809,636500
2023-12-04,2438.899902,2453.500000,2413.864990,2440.280029,2422.902832,993920
2023-12-05,2445.100098,2467.385010,2440.280029,2460.889893,2443.365967,671870
2023-12-06,2472.879883,2509.689941,2470.199951,2496.850098,2479.070313,796080
2023-12-07,2496.850098,2517.004883,2481.330078,2497.524902,2479.740234,600850
2023-12-08,2499.500000,2517.570068,2475.635010,2478.959961,2461.307373,700760
2023-12-11,2488.000000,2512.000000,2463.899902,2504.344971,2486.511719,539370
2023-12-12,2504.344971,2524.074951,2480.225098,2494.715088,2476.950195,641230
2023-12-13,2495.840088,2508.000000,2482.500000,2504.439941,2486.605713,445720
2023-12-14,2514.399902,2514.399902,2475.010010,2479.330078,2461.674805,1047260
2023-12-15,2485.004883,2495.215088,2422.000000,2436.639893,2419.288818,1595410
2023-12-18,2445.000000,2458.060059,2429.899902,2435.425049,2418.082520,663240
2023-12-19,2456.979980,2570.500000,2451.090088,2548.969971,2530.818848,3528660
2023-12-20,2569.399902,2577.844971,2505.520020,2509.774902,2491.902832,1444880
2023-12-21,2509.774902,2524.800049,2490.770020,2511.584961,2493.699951,1106380
2023-12-22,2524.000000,2540.995117,2510.000000,2536.844971,2518.780273,888280
2023-12-26,2548.600098,2560.000000,2536.500000,2556.205078,2538.002441,617850
2023-12-27,2560.000000,2576.794922,2558.050049,2572.044922,2553.729248,714160
2023-12-28,2586.985107,2637.399902,2577.520020,2624.989990,2606.297607,1577720
2023-12-29,2625.000000,2665.000000,2614.564941,2658.030029,2639.102051,1034080
2024-01-01,2665.000000,2744.524902,2664.000000,2737.239990,2717.748047,1316100
2024-01-02,2750.000000,2769.300049,2702.405029,2722.314941,2702.929199,1415770
2024-01-03,2734.500000,2741.729980,2657.300049,2663.520020,2644.552979,1013460
2024-01-04,2685.104980,2715.004883,2665.205078,2711.639893,2692.330322,1323900
2024-01-05,2754.000000,2754.000000,2642.449951,2666.399902,2647.412354,2577064
2024-01-08,2683.000000,2689.000000,2611.000000,2619.300049,2600.648193,1032378
2024-01-09,2640.000000,2640.300049,2586.949951,2592.600098,2574.138184,813027
2024-01-10,2590.000000,2622.399902,2570.449951,2578.100098,2559.741455,1026468
2024-01-11,2580.000000,2589.949951,2550.100098,2557.199951,2538.990234,775667
2024-01-12,2557.199951,2559.949951,2530.000000,2549.600098,2531.444336,1107055
2024-01-15,2564.000000,2576.149902,2530.649902,2547.550049,2529.409180,893834
2024-01-16,2556.899902,2556.899902,2531.350098,2542.050049,2523.948242,693370
2024-01-17,2542.050049,2557.149902,2525.399902,2543.100098,2524.990723,801619
2024-01-18,2535.000000,2550.000000,2496.149902,2502.000000,2484.183105,634910
2024-01-19,2510.000000,2521.899902,2499.699951,2514.149902,2496.246826,941391
2024-01-23,2480.000000,2498.199951,2446.000000,2462.899902,2445.361572,690538
2024-01-24,2477.899902,2519.399902,2455.000000,2513.949951,2496.048096,659038
2024-01-25,2525.050049,2528.000000,2467.699951,2482.149902,2464.474609,785773
2024-01-29,2482.149902,2505.000000,2476.600098,2498.550049,2480.757813,632719
2024-01-30,2512.000000,2531.149902,2488.000000,2492.050049,2474.304199,668034
2024-01-31,2509.000000,2511.750000,2481.699951,2506.000000,2488.155029,716094
2024-02-01,2510.000000,2510.899902,2462.699951,2467.800049,2450.226807,820566
2024-02-02,2468.000000,2496.000000,2463.050049,2481.399902,2463.729980,754061
2024-02-05,2505.000000,2505.000000,2456.699951,2462.699951,2445.163330,532977
2024-02-06,2462.350098,2477.949951,2445.750000,2456.649902,2439.156250,770183
2024-02-07,2470.000000,2511.550049,2446.699951,2499.600098,2481.800537,1547404
2024-02-08,2503.949951,2513.850098,2409.100098,2423.050049,2405.795654,1654447
2024-02-09,2442.850098,2465.899902,2420.050049,2450.100098,2432.652832,838819
2024-02-12,2459.750000,2467.949951,2439.300049,2459.050049,2441.539307,445269
2024-02-13,2474.000000,2476.600098,2444.949951,2457.350098,2439.851318,310985
2024-02-14,2450.000000,2497.350098,2435.050049,2487.000000,2469.290283,509308
2024-02-15,2495.000000,2495.000000,2438.000000,2453.550049,2442.954346,840476
2024-02-16,2457.050049,2490.500000,2448.600098,2487.649902,2476.906982,746616
2024-02-19,2495.000000,2525.500000,2481.399902,2513.250000,2502.396484,477520
2024-02-20,2519.000000,2541.800049,2497.100098,2539.399902,2528.433594,631444
2024-02-21,2539.399902,2551.000000,2518.149902,2543.600098,2532.615723,893182
2024-02-22,2560.000000,2565.949951,2525.000000,2563.149902,2552.081055,752371
2024-02-23,2565.000000,2583.000000,2551.949951,2579.000000,2567.862549,605619
2024-02-26,2588.000000,2588.000000,2566.750000,2583.899902,2572.741455,661947
2024-02-27,2585.000000,2601.449951,2566.750000,2598.699951,2587.477539,630872
2024-02-28,2601.000000,2605.000000,2560.250000,2570.899902,2559.797607,492787
2024-02-29,2571.449951,2606.199951,2547.050049,2596.199951,2584.988281,1387288
2024-03-01,2596.199951,2616.550049,2582.500000,2601.449951,2590.215576,755728
2024-03-04,2594.899902,2601.100098,2577.399902,2589.100098,2577.919189,634310
2024-03-05,2590.000000,2595.199951,2532.000000,2538.649902,2527.686768,339302
2024-03-06,2540.000000,2566.750000,2508.250000,2533.050049,2522.111084,991640
2024-03-07,2530.000000,2566.000000,2519.000000,2560.949951,2549.890625,648652
2024-03-11,2560.949951,2631.000000,2548.550049,2611.500000,2600.222412,1495299
2024-03-12,2606.050049,2615.050049,2566.300049,2590.149902,2578.964355,863235
2024-03-13,2594.949951,2653.649902,2552.850098,2582.949951,2571.795654,1813802
2024-03-14,2590.000000,2619.949951,2573.899902,2612.750000,2601.466797,1122997
2024-03-15,2616.949951,2629.899902,2585.199951,2603.649902,2592.406006,1266992
2024-03-18,2603.649902,2610.800049,2558.750000,2580.350098,2569.207031,642596
2024-03-19,2580.000000,2584.750000,2468.149902,2496.050049,2485.270996,1748864
2024-03-20,2514.000000,2555.000000,2498.050049,2550.250000,2539.236816,699645
2024-03-21,2551.000000,2562.050049,2525.149902,2553.649902,2542.622070,903877
2024-03-22,2540.199951,2592.000000,2537.000000,2573.399902,2562.286621,1013563
2024-03-26,2568.000000,2596.500000,2532.149902,2586.100098,2574.932129,970852
2024-03-27,2586.100098,2590.550049,2551.750000,2566.449951,2555.366699,900596
2024-03-28,2567.050049,2638.699951,2567.050049,2622.350098,2611.025635,2182916
2024-04-01,2622.350098,2642.600098,2582.500000,2585.600098,2574.434326,743032
2024-04-02,2597.000000,2630.000000,2583.000000,2623.300049,2611.971436,722883
2024-04-03,2623.300049,2623.949951,2545.000000,2553.949951,2542.920898,1925139
2024-04-04,2569.800049,2570.000000,2514.100098,2549.600098,2538.589600,1391376
2024-04-05,2575.000000,2576.000000,2534.000000,2537.649902,2526.691162,766227
2024-04-08,2531.000000,2547.250000,2492.850098,2498.050049,2487.262207,1218490
2024-04-09,2506.000000,2522.199951,2497.000000,2502.800049,2491.991699,433941
2024-04-10,2514.000000,2533.000000,2494.050049,2527.600098,2516.684814,494880
2024-04-12,2534.699951,2559.000000,2516.199951,2536.199951,2525.247314,1239965
2024-04-15,2510.000000,2577.000000,2510.000000,2553.649902,2542.622070,1146823
2024-04-16,2550.149902,2583.649902,2542.300049,2546.100098,2535.104736,768861
2024-04-18,2540.100098,2542.649902,2410.600098,2462.550049,2451.915527,3038833
2024-04-19,2430.000000,2471.350098,2410.000000,2437.699951,2427.172852,1851012
2024-04-22,2436.500000,2482.000000,2427.850098,2458.699951,2448.082031,1252353
2024-04-23,2449.000000,2510.000000,2425.949951,2501.250000,2490.448486,1124409
2024-04-24,2515.050049,2535.800049,2488.250000,2500.149902,2489.353027,723518
2024-04-25,2519.949951,2577.899902,2471.250000,2562.649902,2551.583252,3240864
2024-04-26,2574.949951,2582.800049,2471.050049,2482.750000,2472.028320,1321564
2024-04-29,2502.000000,2524.399902,2490.000000,2509.800049,2498.961426,621562
2024-04-30,2517.699951,2537.600098,2500.550049,2507.399902,2496.571777,812639
2024-05-02,2507.399902,2541.000000,2505.000000,2512.300049,2501.450684,1111913
2024-05-03,2515.100098,2523.050049,2436.250000,2456.100098,2445.493408,1128730
2024-05-06,2474.399902,2479.949951,2446.949951,2457.399902,2446.787598,715996
2024-05-07,2469.000000,2528.350098,2459.550049,2508.649902,2497.816406,1073459
2024-05-08,2502.449951,2548.000000,2485.649902,2539.000000,2528.035400,699070
2024-05-09,2539.000000,2549.899902,2502.000000,2513.449951,2502.595703,702155
2024-05-10,2513.449951,2549.000000,2503.449951,2533.199951,2522.260498,697416
2024-05-13,2532.750000,2541.899902,2506.050049,2516.250000,2505.383545,340381
2024-05-14,2506.100098,2518.949951,2482.000000,2487.350098,2476.608643,556747
2024-05-15,2488.000000,2499.000000,2460.000000,2465.000000,2454.354980,434406
2024-05-16,2470.000000,2479.949951,2420.300049,2468.350098,2457.690674,972494
2024-05-17,2468.350098,2468.350098,2433.800049,2445.500000,2434.939209,721178
2024-05-21,2466.000000,2489.600098,2432.000000,2460.800049,2450.173096,1287451
2024-05-22,2472.000000,2487.500000,2461.899902,2469.149902,2458.486816,787327
2024-05-23,2481.000000,2487.500000,2455.550049,2474.149902,2463.465332,781663
2024-05-24,2476.949951,2485.000000,2458.050049,2467.750000,2457.093018,453772
2024-05-27,2477.000000,2479.000000,2455.000000,2459.899902,2449.276855,535831
2024-05-28,2461.149902,2467.649902,2446.000000,2451.699951,2441.112305,521672
2024-05-29,2447.699951,2497.000000,2445.000000,2476.199951,2465.506592,869600
2024-05-30,2465.050049,2473.100098,2400.550049,2404.800049,2394.415039,1274214
2024-05-31,2425.600098,2425.600098,2345.000000,2354.899902,2344.730225,2532973
2024-06-03,2374.800049,2388.949951,2350.000000,2355.050049,2344.879883,1072515
2024-06-04,2363.949951,2438.000000,2327.449951,2427.750000,2417.265869,1558531
2024-06-05,2430.000000,2574.050049,2430.000000,2509.850098,2499.011475,2028779
2024-06-06,2518.000000,2518.000000,2452.649902,2471.399902,2460.727295,972140
2024-06-07,2476.449951,2516.250000,2467.000000,2502.449951,2491.643066,1011202
2024-06-10,2510.000000,2565.000000,2507.050049,2548.199951,2537.195557,795174
2024-06-11,2560.000000,2575.000000,2534.000000,2541.949951,2530.972656,569411
2024-06-12,2544.000000,2554.750000,2521.000000,2537.300049,2526.342773,480408
2024-06-13,2594.149902,2614.449951,2545.149902,2551.750000,2540.730225,1081272
2024-06-14,2564.600098,2564.600098,2534.100098,2542.500000,2531.520264,429472
2024-06-18,2549.000000,2555.000000,2534.000000,2550.350098,2539.336426,259554
2024-06-19,2550.000000,2559.600098,2517.850098,2526.050049,2515.141357,784307
2024-06-20,2525.000000,2551.149902,2500.000000,2539.750000,2528.782227,657413
2024-06-21,2532.600098,2548.000000,2488.500000,2498.399902,2487.610596,1271544
2024-06-24,2498.399902,2532.000000,2484.500000,2530.050049,2519.124023,724201
2024-06-25,2535.000000,2538.300049,2505.000000,2515.449951,2504.587158,312730
2024-06-26,2522.600098,2547.000000,2507.449951,2534.250000,2523.305908,479356
2024-06-27,2531.199951,2554.000000,2508.050049,2533.750000,2522.808105,866311
2024-06-28,2533.750000,2573.699951,2528.300049,2551.649902,2540.630615,1182033
2024-07-01,2559.800049,2591.100098,2557.000000,2568.100098,2557.009766,924514
2024-07-02,2585.399902,2588.000000,2533.149902,2544.449951,2533.461914,581100
2024-07-03,2550.100098,2569.550049,2540.699951,2551.500000,2540.481445,315956
2024-07-04,2560.000000,2565.000000,2542.050049,2545.149902,2534.158691,313676
2024-07-05,2550.600098,2579.600098,2532.500000,2574.149902,2563.033447,791513
2024-07-08,2574.149902,2620.000000,2561.449951,2603.399902,2592.157227,724276
2024-07-09,2627.300049,2640.100098,2593.600098,2633.100098,2621.729004,832573
2024-07-10,2637.899902,2649.949951,2598.050049,2616.449951,2605.150879,534990
2024-07-11,2620.000000,2631.600098,2563.699951,2593.199951,2582.001221,1053799
2024-07-12,2605.000000,2619.850098,2585.850098,2609.000000,2597.733154,725893
2024-07-15,2609.050049,2619.500000,2597.000000,2605.100098,2593.850098,347961
2024-07-16,2604.600098,2618.850098,2569.050049,2607.300049,2607.300049,757069
2024-07-18,2575.000000,2634.899902,2575.000000,2627.050049,2627.050049,866797
2024-07-19,2634.850098,2645.500000,2586.449951,2597.850098,2597.850098,538936
2024-07-22,2597.850098,2630.000000,2565.300049,2587.300049,2587.300049,745171
2024-07-23,2596.600098,2606.500000,2550.000000,2581.550049,2581.550049,968499
2024-07-24,2581.000000,2581.000000,2518.699951,2541.399902,2541.399902,1311044
2024-07-25,2544.800049,2556.649902,2459.449951,2480.649902,2480.649902,3469181
2024-07-26,2492.600098,2492.600098,2451.500000,2476.899902,2476.899902,1619693
2024-07-29,2483.600098,2486.949951,2460.100098,2464.000000,2464.000000,374338