Date,Open,High,Low,Close,Adj Close,Volume
2019-01-01,111.065651,112.781281,110.306274,112.500031,81.966530,3961625
2019-01-02,111.993774,112.500031,109.125031,109.828156,80.019814,7876559
2019-01-03,109.631279,109.687531,108.000031,108.590652,79.118195,7942863
2019-01-04,108.731277,110.671906,107.662529,110.193779,80.286209,4017540
2019-01-07,110.306274,111.881279,110.165649,111.628151,81.331268,3592512
2019-01-08,111.318779,111.656281,110.137527,111.009399,80.880463,3990870
2019-01-09,111.009399,111.796906,110.025024,111.150024,80.982903,4087529
2019-01-10,111.065651,111.065651,109.631279,110.053154,80.183746,3589725
2019-01-11,109.631279,110.193779,108.703156,109.321899,79.650970,2995789
2019-01-14,109.153152,109.321899,107.437523,108.281281,78.892769,5370460
2019-01-15,111.937531,111.937531,107.100029,108.253151,78.872276,11498868
2019-01-16,108.281281,109.209404,107.775024,108.000031,78.687866,8515441
2019-01-17,108.000031,109.434402,108.000031,109.068779,79.466537,5325531
2019-01-18,109.125031,110.643776,108.281281,108.900024,79.343582,4366941
2019-01-21,109.096901,109.518776,107.240654,107.578148,78.380478,4067143
2019-01-22,107.437523,107.578148,106.031273,106.706276,77.745232,3577455
2019-01-23,106.621902,107.718773,104.456276,104.793777,76.351807,6173490
2019-01-24,105.018776,106.368774,104.371902,105.046898,76.536224,6157088
2019-01-25,105.525024,106.368774,104.203148,104.540649,76.167381,3868441
2019-01-28,104.625023,106.087524,102.375023,105.637527,76.966553,7440853
2019-01-29,105.075027,105.637527,103.303146,104.400024,76.064919,17469350
2019-01-30,104.118774,105.693779,103.162521,105.243774,76.679657,12711500
2019-01-31,106.031273,107.718773,105.075027,106.087524,77.294418,25774313
2019-02-01,107.409401,107.915649,104.568779,106.987526,77.950142,9474849
2019-02-04,106.593773,106.593773,103.359398,103.837524,75.655075,3678667
2019-02-05,103.556274,105.159401,103.218773,104.681274,76.269836,5500377
2019-02-06,104.765648,106.171898,103.921898,105.075027,76.556725,4322649
2019-02-07,105.159401,105.581276,103.500023,103.837524,75.655075,4309303
2019-02-08,103.837524,105.721901,101.531273,101.812523,74.179695,7692145
2019-02-11,101.025024,103.050026,100.040649,102.571899,74.732971,7913450
2019-02-12,102.937523,104.850029,101.503151,101.953148,74.282158,11930402
2019-02-14,99.843773,100.603149,97.031273,98.409401,71.700203,36962390
2019-02-15,100.350021,102.487526,99.900024,102.093773,74.384628,16005610
2019-02-18,102.065651,103.218773,100.996902,101.671898,74.077217,7973918
2019-02-19,101.390648,102.937523,100.631271,100.940651,73.544464,10824411
2019-02-20,101.671898,102.712524,100.462524,102.262527,74.507553,9658184
2019-02-21,102.768776,102.937523,101.728149,102.262527,74.507553,9197823
2019-02-22,102.206276,102.712524,101.531273,102.318771,74.548546,12182132
2019-02-25,101.812523,102.656273,100.406273,102.346901,74.569038,29907322
2019-02-26,100.968773,102.768776,100.603149,101.925026,74.261650,13683801
2019-02-27,101.981277,103.668777,101.165649,102.065651,74.364113,13566494
2019-02-28,102.881271,103.921898,101.587524,102.853149,74.937874,69863939
2019-03-01,102.993774,103.359398,102.431274,103.050026,75.081329,7227772
2019-03-05,103.500023,104.315651,102.712524,102.937523,74.999352,15733697
2019-03-06,102.993774,104.850029,102.206276,103.781273,75.614105,20336766
2019-03-07,105.187523,106.593773,103.837524,105.271904,76.700165,12295538
2019-03-08,105.750023,106.003151,104.203148,105.187523,76.638687,6211299
2019-03-11,106.031273,110.250031,105.609398,109.293777,79.630470,17678891
2019-03-12,109.490654,113.625031,109.490654,110.446899,80.470627,26457157
2019-03-13,111.431274,111.515656,108.618774,109.546906,79.814888,6930222
2019-03-14,106.284401,106.734398,105.328148,105.525024,79.257217,8466765
2019-03-15,105.243774,109.237526,105.243774,108.703156,81.644257,14301914
2019-03-18,109.209404,111.262527,108.703156,110.840652,83.249649,14247336
2019-03-19,110.362526,112.612526,109.856277,111.937531,84.073509,16995997
2019-03-20,112.078156,112.415649,110.531281,111.037529,83.397537,9060589
2019-03-22,111.318779,112.978149,110.896904,111.656281,83.862259,8782833
2019-03-25,110.925026,114.468781,109.743774,113.625031,85.340950,14506515
2019-03-26,113.709404,114.693779,112.162529,114.103149,85.700035,8371544
2019-03-27,114.187531,115.143776,111.656281,112.612526,84.580467,11579885
2019-03-28,112.500031,112.500031,110.503151,111.515656,83.756638,17034861
2019-04-01,111.487526,112.331276,109.743774,109.996902,82.615944,10617688
2019-04-02,110.250031,112.950027,110.250031,112.387527,84.411484,17946031
2019-04-03,112.725029,113.934402,112.584404,113.034401,84.897339,15076661
2019-04-04,113.315651,114.328156,111.656281,112.134399,84.221367,10130253
2019-04-05,112.893776,112.893776,110.278152,110.418777,82.932785,9883976
2019-04-08,111.375031,112.668777,109.996902,111.571899,83.798882,13511642
2019-04-09,111.909401,112.134399,110.840652,111.571899,83.798882,10655872
2019-04-10,111.234406,112.303154,111.234406,111.740654,83.925629,8637199
2019-04-11,112.021904,112.162529,110.053154,110.221901,82.784943,13713296
2019-04-12,110.615654,111.178154,109.715652,110.840652,83.249649,11004111
2019-04-15,111.262527,112.978149,110.868774,111.403152,83.672127,8965316
2019-04-16,111.937531,112.415649,110.531281,110.728149,83.165161,4918434
2019-04-18,111.009399,111.290649,108.843781,109.293777,82.087830,11593259
2019-04-22,109.237526,110.643776,108.787529,109.575027,82.299072,7772049
2019-04-23,109.012527,109.434402,108.028152,108.562531,81.538620,6686014
2019-04-24,108.618774,109.490654,106.903152,107.971901,81.095016,7288151
2019-04-25,108.112526,110.137527,107.268776,107.746902,80.926003,17599280
2019-04-26,107.437523,109.350029,107.071899,107.325027,80.609161,8664580
2019-04-30,107.831276,108.281281,104.287529,104.850029,78.750244,14290974
2019-05-02,105.215652,107.325027,104.878151,106.987526,80.355667,8897549
2019-05-03,107.381279,108.534401,106.987526,107.353149,80.630280,10782838
2019-05-06,106.875023,108.478149,106.228149,107.128151,80.461288,5477945
2019-05-07,107.156273,109.012527,107.156273,107.746902,80.926003,9450289
2019-05-08,107.971901,108.984406,106.256279,106.875023,80.271164,10180731
2019-05-09,106.818779,106.903152,104.821899,105.693779,79.383965,7921214
2019-05-10,105.975029,106.003151,104.090652,104.371902,78.391151,5938686
2019-05-13,104.315651,104.653152,102.403152,102.740646,77.165947,5504435
2019-05-14,102.318771,103.612526,101.840652,102.178146,76.743462,11334983
2019-05-15,103.021896,103.837524,99.815651,100.406273,75.412643,7616268
2019-05-16,100.884399,102.768776,100.603149,102.290649,76.827972,8660893
2019-05-17,102.206276,103.275024,101.446899,102.459396,76.954712,10183233
2019-05-20,104.681274,106.256279,103.528152,105.778152,79.447342,6287120
2019-05-21,105.890648,106.087524,103.359398,103.471901,77.715172,7748239
2019-05-22,103.443771,104.231277,102.262527,102.431274,76.933594,6972640
2019-05-23,104.625023,105.806274,102.993774,103.865646,78.010902,13966122
2019-05-24,104.428154,104.934402,103.640648,104.428154,78.433380,7240775
2019-05-27,104.878151,106.650024,104.428154,105.384399,79.151604,6424176
2019-05-28,105.890648,107.606277,105.637527,106.987526,80.355667,11255911
2019-05-29,107.662529,108.562531,106.509399,106.959404,80.334541,8310232
2019-05-30,108.787529,109.068779,105.834404,107.550026,80.778152,34989609
2019-05-31,107.718773,108.225029,105.975029,106.481277,79.975441,11849847
2019-06-03,107.015648,108.843781,106.875023,108.590652,81.559738,12106965
2019-06-04,108.309402,110.250031,107.971901,108.534401,81.517487,11447117
2019-06-06,109.687531,111.459404,109.209404,109.940651,82.573692,26132949
2019-06-07,109.940651,110.278152,107.521904,107.859398,81.010506,8783688
2019-06-10,108.534401,110.221901,108.225029,109.293777,82.087830,11231885
2019-06-11,109.856277,110.081276,108.506279,108.928154,81.813232,6589306
2019-06-12,108.562531,108.900024,107.043777,107.521904,80.757019,7509749
2019-06-13,107.550026,109.378151,106.678154,109.040649,81.897720,11041648
2019-06-14,109.125031,110.784401,108.759399,109.462524,82.214584,34979466
2019-06-17,110.475029,110.503151,108.900024,109.153152,81.982216,10860754
2019-06-18,109.518776,111.853149,109.209404,111.262527,83.566521,17815522
2019-06-19,111.431274,113.343781,111.375031,112.668777,84.622711,32722391
2019-06-20,112.865654,114.046906,112.106277,113.034401,84.897339,11459458
2019-06-21,113.175026,113.653152,111.684402,112.443779,84.453712,16601442
2019-06-24,112.500031,112.921906,111.121902,111.965652,84.094604,9883389
2019-06-25,111.937531,113.793777,111.937531,113.400024,85.171944,10375296
2019-06-26,113.315651,118.659401,113.090652,117.928154,88.572906,31182825
2019-06-27,117.618782,118.068779,116.015656,116.831276,87.749077,13741562
2019-06-28,116.521904,117.900032,115.115654,116.381279,87.411079,12067819
2019-07-01,116.578156,118.125031,115.678154,116.465652,87.474464,11211814
2019-07-02,116.662529,117.675026,116.071907,116.634407,87.601204,12203723
2019-07-03,117.112526,117.928154,116.268776,117.534401,88.277168,13693989
2019-07-04,117.562531,118.575027,116.831276,118.237526,88.805267,12324046
2019-07-05,118.153152,119.250031,114.862526,115.790649,86.967491,12525923
2019-07-08,115.312531,116.071907,112.696899,113.203156,85.024086,8948141
2019-07-09,113.596901,115.425026,112.275024,115.171906,86.502769,6875651
2019-07-10,115.143776,116.128151,114.243774,115.481277,86.735115,12675299
2019-07-11,116.100029,117.646904,115.931274,117.337532,88.129303,7808266
2019-07-12,117.337532,118.040657,114.975029,116.268776,87.326584,6349095
2019-07-15,115.678154,116.296906,114.131279,115.284401,86.587250,6656137
2019-07-16,115.200027,117.787529,114.918777,117.506279,88.256042,6627472
2019-07-17,117.450027,118.434402,116.128151,117.000031,87.875824,6388864
2019-07-18,117.506279,117.506279,115.312531,115.509399,86.756233,8419638
2019-07-19,115.762527,116.803154,114.075027,115.706276,86.904106,10869152
2019-07-22,115.875031,116.550026,113.962524,114.806274,86.228134,9061812
2019-07-23,115.143776,118.687531,114.862526,118.378151,88.910889,14046808
2019-07-24,117.928154,119.812531,117.309402,118.012527,88.636284,18181391
2019-07-25,118.125031,120.600029,118.040657,119.896904,90.051582,28085772
2019-07-26,119.896904,120.375031,118.265656,118.996902,89.375618,10950941
2019-07-29,119.446907,119.531281,116.184402,116.943779,87.833557,5948953
2019-07-30,116.887527,118.012527,116.268776,117.140656,87.981422,10050004
2019-07-31,116.718781,120.346909,116.409401,118.575027,89.058746,26229893
2019-08-01,119.221901,121.640656,118.012527,120.375031,90.410683,27069006
2019-08-02,119.784401,120.346909,117.196907,118.434402,88.953140,20863783
2019-08-05,118.125031,118.125031,110.728149,113.146904,84.981827,18063375
2019-08-06,112.837524,113.934402,110.390656,111.431274,83.693253,11846580
2019-08-07,111.937531,113.034401,110.868774,111.853149,84.010117,9432897
2019-08-08,111.403152,117.365654,110.840652,114.018776,85.636658,6595239
2019-08-09,114.468781,117.478157,113.203156,113.625031,85.340950,9175926
2019-08-13,112.753151,115.537529,110.671906,113.625031,85.340950,7558090
2019-08-14,113.090652,115.987526,111.234406,115.396904,86.671738,8024154
2019-08-16,114.806274,120.515656,113.793777,118.771904,89.206635,11894601
2019-08-19,117.646904,118.125031,115.959404,116.465652,88.522568,8100095
2019-08-20,116.437531,118.631279,115.678154,115.903152,88.095032,8711658
2019-08-21,116.240654,116.775032,114.918777,115.256279,87.603340,5649369
2019-08-22,115.031281,115.621902,112.950027,114.046906,86.684135,5059207
2019-08-23,113.653152,115.087524,112.893776,113.343781,86.149712,7611285
2019-08-26,113.821899,114.468781,112.021904,114.131279,86.748260,7846961
2019-08-27,114.215652,117.787529,114.215652,116.184402,88.308792,18828020
2019-08-28,116.971901,118.828156,114.946899,115.734406,87.966751,15756988
2019-08-29,115.734406,116.325027,114.553154,115.200027,87.560600,8660979
2019-08-30,115.509399,116.550026,109.125031,112.781281,85.722153,15630977
2019-09-03,113.287529,113.850029,110.278152,110.840652,84.247139,9494810
2019-09-04,111.065651,111.937531,109.856277,110.756279,84.183022,8565768
2019-09-05,111.937531,114.356277,111.009399,112.134399,85.230484,14199248
2019-09-06,112.696899,114.946899,112.528152,114.468781,87.004791,13782929
2019-09-09,114.328156,115.228149,113.512527,114.131279,86.748260,4769289
2019-09-11,114.187531,114.693779,112.387527,113.287529,86.106949,7723322
2019-09-12,113.625031,113.625031,111.178154,112.303154,85.358765,11516235
2019-09-13,112.218781,114.187531,111.965652,113.990654,86.641388,7223537
2019-09-16,113.062531,114.750031,112.978149,113.709404,86.427605,6031015
2019-09-17,113.850029,114.018776,112.134399,112.753151,85.700790,5823968
2019-09-18,112.781281,114.187531,111.515656,113.653152,86.384850,7206830
2019-09-19,114.046906,114.046906,111.993774,113.146904,86.000069,6306748
2019-09-20,112.612526,117.506279,109.912529,110.362526,83.883736,51859153
2019-09-23,110.812531,111.515656,104.850029,105.918777,80.506149,24586363
2019-09-24,105.693779,107.971901,104.062523,107.128151,81.425362,18234411
2019-09-25,108.843781,114.412529,108.618774,111.796906,84.973976,48245282
2019-09-26,112.471901,113.287529,110.868774,112.078156,85.187729,15826874
2019-09-27,111.262527,112.359406,110.278152,111.431274,84.696053,10034452
2019-09-30,110.812531,112.500031,110.053154,111.965652,85.102219,9111327
2019-10-01,112.218781,113.990654,110.250031,110.531281,84.011986,7634447
2019-10-03,110.643776,112.500031,109.406281,111.993774,85.123581,9432906
2019-10-04,111.965652,112.387527,110.025024,110.559402,84.033363,19442087
2019-10-07,110.643776,111.037529,109.350029,110.531281,84.011986,11655995
2019-10-09,111.093781,111.881279,109.912529,111.206276,84.525040,8504262
2019-10-10,111.318779,112.275024,110.531281,111.993774,85.123581,6982965
2019-10-11,111.965652,114.890656,111.881279,113.062531,85.935936,10517558
2019-10-14,113.062531,113.793777,111.206276,111.600029,84.824326,11162487
2019-10-15,111.600029,113.625031,111.543777,113.203156,86.042824,5013200
2019-10-16,113.062531,113.203156,110.615654,111.684402,84.888443,6668842
2019-10-17,111.796906,112.359406,110.531281,111.206276,84.525040,7899823
2019-10-18,111.206276,114.328156,110.812531,113.934402,86.598618,8795448
2019-10-22,113.062531,116.746902,113.062531,115.340652,87.667473,10675241
2019-10-23,115.312531,116.437531,113.793777,116.015656,88.180527,5777589
2019-10-24,116.100029,116.578156,114.525024,114.806274,87.261307,5428181
2019-10-25,115.537529,115.537529,113.146904,114.159401,86.769638,3993616
2019-10-27,114.750031,114.918777,113.062531,113.821899,86.513107,388417
2019-10-29,113.765656,114.131279,112.218781,113.090652,85.957298,5943950
2019-10-30,114.665649,114.665649,112.106277,112.471901,85.487007,6419057
2019-10-31,112.668777,113.006279,111.290649,111.571899,84.802948,15582577
2019-11-01,111.628151,111.853149,110.671906,110.981277,84.354027,8803683
2019-11-04,111.318779,111.740654,109.153152,109.546906,83.263786,15175738
2019-11-05,109.546906,110.531281,109.068779,109.912529,83.541695,8153818
2019-11-06,109.912529,110.531281,109.518776,109.743774,83.413437,9183411
2019-11-07,110.250031,110.728149,108.928154,109.237526,83.028641,15498054
2019-11-08,109.828156,109.912529,107.353149,107.803154,81.938408,11762251
2019-11-11,107.803154,108.618774,107.071899,107.859398,81.981155,10089055
2019-11-13,108.000031,109.321899,105.918777,106.453148,80.912308,9456977
2019-11-14,106.875023,106.959404,105.131279,105.750023,80.377884,19380370
2019-11-15,105.750023,106.256279,105.046898,105.553154,80.228241,18256039
2019-11-18,105.581276,107.437523,104.990654,107.240654,81.510872,11766437
2019-11-19,107.437523,110.250031,106.987526,109.940651,83.563065,22218922
2019-11-20,110.221901,110.896904,109.125031,110.306274,83.840965,9597590
2019-11-21,110.137527,110.784401,109.125031,110.418777,83.926476,12107895
2019-11-22,110.250031,113.175026,110.250031,111.796906,84.973976,16199814
2019-11-25,111.937531,112.725029,111.262527,111.712524,84.909828,6529113
2019-11-26,111.965652,112.162529,109.068779,109.350029,83.114166,21594044
2019-11-27,109.659401,110.250031,109.181274,109.743774,83.413437,12155700
2019-11-28,110.362526,111.234406,109.237526,110.334404,83.862358,6724188
2019-11-29,109.912529,110.193779,108.056274,108.731277,82.643852,17547179
2019-12-02,109.687531,109.687531,107.100029,107.662529,81.831520,19957065
2019-12-03,108.056274,108.056274,106.368774,106.537529,80.976448,7451455
2019-12-04,106.565651,106.875023,105.581276,105.975029,80.548889,10311154
2019-12-05,106.031273,106.256279,104.906273,105.356277,80.078598,4569931
2019-12-06,105.440651,105.834404,104.540649,104.962524,79.779320,5388071
2019-12-09,105.187523,106.228149,104.371902,105.721901,80.356491,5459781
2019-12-10,105.721901,105.721901,102.487526,102.796898,78.133286,10563080
2019-12-11,102.937523,103.106277,100.293777,102.234398,77.705750,39214905
2019-12-12,102.796898,105.946899,101.840652,103.921898,78.988365,63493233
2019-12-13,104.456276,105.496902,104.062523,104.456276,79.394539,12987237
2019-12-16,104.737526,105.693779,104.315651,105.159401,79.928963,8479418
2019-12-17,105.384399,106.228149,104.400024,105.778152,80.399261,17903634
2019-12-18,105.215652,106.312523,104.709404,105.300026,80.035843,10099352
2019-12-19,105.243774,105.271904,104.006279,104.850029,79.693817,5749401
2019-12-20,104.428154,105.440651,104.118774,104.681274,79.565552,9690984
2019-12-23,104.428154,105.468773,103.921898,104.512527,79.437294,17045076
2019-12-24,104.878151,105.412529,104.343773,105.271904,80.014473,3748896
2019-12-26,105.356277,105.468773,103.528152,103.978149,79.031120,3925143
2019-12-27,104.343773,106.593773,104.343773,106.340652,80.826797,7122947
2019-12-30,106.312523,107.718773,106.143776,107.043777,81.361229,6925363
2019-12-31,106.593773,108.140656,106.453148,107.015648,81.339844,11907723
2020-01-01,107.184402,110.193779,107.015648,109.968781,83.584457,13620373
2020-01-02,109.996902,110.643776,109.321899,109.743774,83.413437,5673692
2020-01-03,109.265656,109.575027,107.578148,108.562531,82.515602,7358268
2020-01-06,108.000031,109.096901,105.750023,108.618774,82.558350,7355290
2020-01-07,108.646904,109.406281,107.521904,107.831276,81.959793,14023712
2020-01-08,107.043777,107.409401,106.228149,107.184402,81.468109,9451757
2020-01-09,107.971901,108.787529,107.521904,108.534401,82.494209,7714854
2020-01-10,108.956276,108.956276,107.437523,108.084404,82.152184,4118638
2020-01-13,108.225029,109.687531,107.887527,109.575027,83.285172,27682638
2020-01-14,109.575027,110.446899,109.265656,109.828156,83.477570,5994314
2020-01-15,109.912529,110.137527,108.506279,109.265656,83.050034,7114590
2020-01-16,109.181274,111.206276,109.181274,110.503151,83.990608,8552344
2020-01-17,110.221901,111.290649,108.928154,111.037529,84.396782,4698386
2020-01-20,114.975029,118.687531,114.328156,115.115654,87.496468,49337827
2020-01-21,114.553154,114.918777,111.937531,112.837524,85.764908,17283910
2020-01-22,112.781281,113.821899,108.590652,112.528152,85.529762,56787054
2020-01-23,110.671906,116.662529,109.068779,113.596901,86.342079,226059260
2020-01-24,110.503151,111.459404,109.265656,110.784401,84.204391,16151679
2020-01-27,110.475029,110.503151,108.168777,108.562531,82.515602,8213919
2020-01-28,108.562531,108.562531,106.368774,107.128151,81.425362,9174575
2020-01-29,107.128151,109.012527,106.453148,108.225029,82.259087,17600091
2020-01-30,108.225029,109.828156,107.662529,109.350029,83.114166,26386034
2020-01-31,109.856277,109.968781,104.118774,105.103149,79.886208,63986362
2020-02-03,101.756271,106.312523,99.815651,105.384399,80.099976,16329297
2020-02-04,105.946899,109.856277,105.750023,109.321899,83.092773,14207381
2020-02-05,109.181274,110.081276,105.750023,106.509399,80.955070,14550344
2020-02-06,106.846901,108.984406,106.115654,108.506279,82.472839,9175642
2020-02-07,108.450027,108.450027,106.059402,107.100029,81.403976,18058457
2020-02-10,107.268776,107.493774,103.921898,104.962524,79.779320,30471811
2020-02-11,106.031273,107.550026,105.806274,106.593773,81.019188,32456571
2020-02-12,106.903152,107.943779,106.059402,106.509399,80.955070,16386952
2020-02-13,106.200027,107.521904,105.581276,107.184402,81.468109,18581113
2020-02-14,107.156273,107.662529,103.162521,103.556274,78.710472,23830630
2020-02-17,104.062523,104.512527,101.559402,103.275024,78.496696,17670292
2020-02-18,102.712524,104.821899,101.728149,104.062523,79.095245,30879880
2020-02-19,104.625023,105.721901,102.937523,105.468773,80.164108,22313738
2020-02-20,105.468773,107.268776,104.568779,106.453148,80.912308,25907657
2020-02-24,106.312523,106.425026,104.090652,104.681274,79.565552,14921452
2020-02-25,104.681274,105.581276,104.259399,104.709404,79.586922,17807428
2020-02-26,104.062523,105.975029,103.471901,104.540649,79.458664,17113656
2020-02-27,104.118774,105.581276,101.981277,104.878151,79.715195,28472046
2020-02-28,103.190651,104.231277,100.771896,102.093773,77.598862,28010970
2020-03-02,103.359398,105.300026,102.234398,103.218773,78.453941,19540018
2020-03-03,103.387527,109.518776,102.403152,107.831276,81.959793,16039306
2020-03-04,107.268776,111.375031,106.059402,110.840652,84.247139,16939245
2020-03-05,110.278152,112.246902,109.434402,110.221901,83.776848,9715265
2020-03-06,107.156273,108.337524,105.834404,107.212524,81.489494,14371982
2020-03-09,104.006279,106.087524,100.096901,101.784401,77.363701,69609292
2020-03-11,100.968773,103.443771,99.703148,102.037521,77.556091,42604599
2020-03-12,99.112526,100.068771,92.671898,93.431274,71.014717,58418097
2020-03-13,91.575020,97.087524,84.093773,94.443771,71.784294,44617540
2020-03-16,91.350021,91.631271,87.187523,88.846893,70.015617,39669086
2020-03-17,88.059395,95.821899,87.609398,91.125023,71.810883,35460792
2020-03-18,92.250023,92.756271,68.709389,81.084396,63.898384,119909061
2020-03-19,81.787521,85.443771,78.806267,82.771896,65.228226,44039786
2020-03-20,83.390648,91.040649,83.390648,88.453148,69.705315,131485883
2020-03-23,79.621895,87.665649,79.621895,86.062523,67.821396,39665620
2020-03-24,85.528145,88.425018,81.787521,82.856270,65.294708,42302851
2020-03-25,83.531273,88.284393,83.446892,84.515648,66.602379,23309603
2020-03-26,84.712524,90.956268,82.828148,89.071899,70.192917,25329120
2020-03-27,89.212524,93.515648,88.115646,90.000023,70.924339,28883749
2020-03-30,87.187523,89.943771,86.090645,87.553146,68.996078,22364337
2020-03-31,89.100021,91.012520,87.975021,89.493774,70.525391,24838523
2020-04-01,89.437523,91.096893,86.146896,86.962524,68.530640,14182117
2020-04-03,86.934395,90.253143,85.359398,87.862518,69.239891,21066826
2020-04-07,90.562523,91.068771,87.975021,88.875023,70.037781,24741992
2020-04-08,88.818771,91.518768,87.328148,89.071899,70.192917,21481260
2020-04-09,90.506271,93.768776,89.071899,92.503151,72.896927,15607786
2020-04-13,92.250023,92.756271,88.453148,89.971893,70.902168,14901247
2020-04-15,90.815643,92.193771,89.128143,89.746895,70.724854,25249654
2020-04-16,88.987518,93.768776,88.593773,91.912521,72.431473,31150756
2020-04-17,94.303146,97.453148,92.390648,94.359398,74.359734,18536308
2020-04-20,95.175026,95.175026,91.209396,93.093773,73.362358,24177042
2020-04-21,92.250023,93.375023,91.209396,91.490646,72.099014,13915863
2020-04-22,90.000023,91.546898,88.087524,91.237518,71.899529,19702407
2020-04-23,90.843773,91.068771,88.650024,88.875023,70.037781,32128585
2020-04-24,88.312523,90.056274,87.609398,89.521896,70.547546,33134279
2020-04-27,90.843773,90.843773,88.678146,89.775024,70.747017,9762001
2020-04-28,90.028145,90.225021,88.200020,88.425018,69.683159,26134701
2020-04-29,89.718773,90.337524,87.750023,88.903145,70.059952,14509262
2020-04-30,89.775024,91.940643,88.425018,91.153145,71.833054,18702868
2020-05-04,90.506271,90.843773,88.650024,89.465645,70.503220,12598146
2020-05-05,90.815643,93.290649,90.112518,92.053146,72.542290,18305545
2020-05-06,91.631271,93.740646,91.518768,93.037521,73.318031,12853774
2020-05-07,92.053146,92.812523,90.562523,90.984398,71.700066,8561359
2020-05-08,91.462524,91.462524,88.931274,89.437523,70.481056,30898767
2020-05-11,89.606270,91.350021,89.071899,89.325020,70.392387,9453421
2020-05-12,89.156273,92.812523,88.706268,91.856270,72.387146,19986028
2020-05-13,96.440651,96.693771,91.153145,93.740646,73.872116,27175817
2020-05-14,92.250023,92.250023,90.000023,90.450020,71.278946,26454121
2020-05-15,89.550018,90.984398,89.015648,89.887520,70.835670,20009870
2020-05-18,89.915649,90.112518,86.231270,86.906273,68.486305,32898286
2020-05-19,87.187523,89.606270,86.625023,88.903145,70.059952,12276533
2020-05-20,87.890648,90.365646,87.609398,89.128143,70.237259,24677051
2020-05-21,88.621895,89.915649,88.312523,89.381271,70.436729,17176100
2020-05-22,88.312523,88.875023,86.681274,87.665649,69.084732,25080927
2020-05-26,87.834396,89.268768,87.468773,88.509399,69.749641,18512685
2020-05-27,88.509399,88.818771,87.609398,88.396896,69.660995,22655078
2020-05-28,89.071899,89.071899,87.778145,88.453148,69.705315,25797051
2020-05-29,88.453148,89.240646,88.087524,88.621895,69.838303,63844851
2020-06-01,89.184395,90.590645,88.706268,89.353149,70.414574,45314328
2020-06-02,89.915649,94.696899,89.212524,92.840645,73.162888,43626060
2020-06-03,93.093773,94.218773,92.165649,92.559395,72.941238,13811685
2020-06-04,92.925026,95.596901,92.868774,95.203148,75.024658,23992166
2020-06-05,93.937523,98.043777,92.559395,96.440651,75.999870,22851633
2020-06-08,97.565651,98.381271,96.103149,96.946899,76.398804,11723588
2020-06-09,97.875023,97.903152,95.625023,95.934395,75.600906,8412588
2020-06-10,95.934395,96.328148,94.837524,95.653145,75.379265,10101681
2020-06-11,94.528145,100.293777,94.415649,96.187523,75.800369,22109491
2020-06-12,93.403145,95.287521,93.150024,93.543770,73.716980,20331770
2020-06-15,92.925026,93.375023,91.462524,91.828148,72.364975,13833335
2020-06-16,93.206276,93.515648,90.815643,91.518768,72.121185,13972830
2020-06-17,90.478149,91.012520,89.071899,89.718773,70.702690,28371013
2020-06-18,90.393768,93.543770,89.718773,93.065651,73.340202,19720997
2020-06-19,93.290649,96.918777,92.840645,96.412521,75.977692,21577413
2020-06-22,99.225021,101.109398,95.990646,100.462524,79.169289,33039735
2020-06-23,102.093773,106.312523,100.715652,105.440651,83.092270,34298071
2020-06-24,105.046898,105.975029,99.562523,100.406273,79.124954,32910525
2020-06-25,100.350021,103.106277,98.071899,100.884399,79.501755,40909792
2020-06-26,101.784401,102.431274,100.209396,100.800026,79.435257,11954078
2020-06-29,100.125023,101.418777,99.646896,100.265648,79.014137,7547198
2020-06-30,100.687523,101.221901,97.875023,98.353149,77.506989,11889584
2020-07-01,98.437523,98.662521,96.693771,97.565651,76.886414,15209917
2020-07-02,97.593773,99.450027,97.087524,98.493774,77.617805,15481100
2020-07-03,99.000023,100.912521,98.493774,99.900024,78.726013,22720042
2020-07-06,100.350021,100.518776,98.887527,100.125023,78.903313,11724475
2020-07-07,100.406273,100.406273,96.581276,97.368774,76.731270,20855578
2020-07-08,97.312523,98.240646,94.950020,95.484398,75.246284,16818545
2020-07-09,95.906273,97.031273,95.343773,96.496902,76.044189,16110083
2020-07-10,96.525024,97.734398,95.343773,97.087524,76.509613,23809286
2020-07-13,97.087524,97.987526,94.612526,95.118774,74.958153,10803798
2020-07-14,94.781273,94.950020,91.687523,91.884399,72.409317,16288923
2020-07-15,92.840645,93.543770,91.743774,91.996895,72.497955,15061461
2020-07-16,92.531273,92.531273,89.718773,91.237518,71.899529,15458966
2020-07-17,90.928146,92.165649,90.928146,91.856270,72.387146,13711930
2020-07-20,91.856270,92.390648,91.321899,91.968773,72.475800,8390572
2020-07-21,92.306274,98.128151,92.306274,97.678146,76.975052,33717545
2020-07-22,97.875023,102.037521,97.762527,101.053146,79.634727,46076322
2020-07-23,100.125023,102.684402,99.815651,102.234398,80.565605,18738194
2020-07-24,100.968773,103.078148,100.490646,102.375023,80.676414,14438899
2020-07-27,101.981277,102.121902,100.546898,101.756271,80.188820,11938756
2020-07-28,101.362526,102.853149,100.518776,102.318771,80.632095,11893746
2020-07-29,101.981277,103.781273,101.531273,102.234398,80.565605,13335993
2020-07-30,102.656273,103.078148,98.775024,99.478149,78.393547,23995122
2020-07-31,99.337524,100.884399,99.112526,100.293777,79.036301,14354565
2020-08-03,100.687523,100.968773,97.931274,100.434402,79.147133,12500988
2020-08-04,100.040649,100.715652,98.775024,100.265648,79.014137,9628257
2020-08-05,99.590652,100.096901,98.521896,98.971901,77.994614,10577794
2020-08-06,99.365646,99.984398,98.662521,98.943771,77.972427,8564058
2020-08-07,98.887527,100.096901,98.578148,98.971901,77.994614,8026904
2020-08-10,99.478149,100.575027,99.140648,99.703148,78.570854,7766140
2020-08-11,100.209396,102.571899,98.746902,99.478149,78.393547,21833550
2020-08-12,99.112526,100.940651,97.425026,100.153152,78.925484,19435650
2020-08-13,101.221901,101.418777,99.225021,100.546898,79.235779,10641012
2020-08-14,101.615646,101.615646,97.931274,98.662521,77.750801,17130105
2020-08-17,99.000023,102.656273,98.775024,100.490646,79.191437,17368089
2020-08-18,101.165649,101.193771,99.309402,99.984398,78.792496,13890131
2020-08-19,100.406273,100.912521,99.590652,99.759399,78.615196,12400644
2020-08-20,99.675026,105.806274,99.253151,101.925026,80.321793,44062975
2020-08-21,102.937523,107.156273,102.712524,106.368774,83.823685,49949864
2020-08-24,106.678154,107.240654,103.725021,104.203148,82.117073,19724617
2020-08-25,104.906273,105.075027,102.937523,103.921898,81.895439,10109220
2020-08-26,105.187523,106.678154,103.556274,104.259399,82.161400,18000615
2020-08-27,105.131279,105.553154,103.893776,104.175026,82.094902,10363056
2020-08-28,104.906273,105.046898,102.262527,102.543777,80.809410,12114955
2020-08-31,103.218773,104.259399,100.125023,100.659401,79.324417,24259718
2020-09-01,100.715652,102.543777,100.462524,101.475021,79.967186,16505345
2020-09-02,100.096901,102.993774,98.578148,101.925026,82.161789,30959608
2020-09-03,101.475021,102.065651,99.928146,100.406273,80.937515,11884498
2020-09-04,99.675026,100.125023,97.706276,98.465652,79.373177,17373558
2020-09-07,98.465652,99.534401,97.340652,99.084396,79.871956,13069001
2020-09-08,98.915649,99.000023,97.734398,98.381271,79.305176,9597878
2020-09-09,98.437523,100.096901,97.537521,98.578148,79.463875,20122483
2020-09-10,99.000023,100.378151,97.959396,99.900024,80.529427,19635358
2020-09-11,100.181274,100.293777,97.931274,98.521896,79.418526,31182063
2020-09-14,99.843773,99.843773,96.046898,96.468773,77.763504,14143608
2020-09-15,96.665649,97.818771,96.187523,97.481277,78.579689,7858789
2020-09-16,97.312523,97.565651,96.075027,96.721901,77.967552,13201491
2020-09-17,96.384399,96.412521,94.443771,94.668770,76.312523,10765947
2020-09-18,95.118774,97.312523,94.106270,96.693771,77.944870,23788415
2020-09-21,96.187523,96.581276,94.303146,95.906273,77.310074,13331596
2020-09-22,94.950020,95.878151,93.656273,94.950020,76.539230,9039386
2020-09-23,95.568771,95.568771,91.575020,92.193771,74.317421,8404497
2020-09-24,91.265648,92.840645,89.156273,89.634399,72.254318,20770480
2020-09-25,90.562523,91.406273,89.831268,90.421898,72.889122,8761400
2020-09-28,90.562523,95.090645,90.562523,94.584396,76.244514,16915185
2020-09-29,95.062523,95.287521,91.406273,91.856270,74.045364,13468026
2020-09-30,91.659393,91.828148,90.168770,91.378143,73.659943,14349950
2020-10-01,92.671898,93.375023,91.575020,92.587524,74.634827,14856837
2020-10-05,92.250023,93.600021,91.209396,91.603149,73.841324,10360105
2020-10-06,91.743774,92.475021,91.040649,91.800018,74.000015,8989183
2020-10-07,91.687523,91.800018,89.437523,89.775024,72.367668,17614061
2020-10-08,90.112518,90.618774,88.875023,89.043770,71.778206,12953710
2020-10-09,89.268768,89.634399,88.143768,88.875023,71.642181,11980039
2020-10-12,89.550018,91.575020,89.184395,89.887520,72.458351,20670634
2020-10-13,90.000023,91.125023,89.550018,90.253143,72.753098,11179799
2020-10-14,90.253143,90.450020,87.918770,88.340645,71.211418,13362234
2020-10-15,88.087524,88.340645,86.962524,87.609398,70.621979,15536883
2020-10-16,87.806274,90.675018,87.384399,89.409393,72.072937,18673957
2020-10-19,89.971893,91.350021,89.662521,89.859398,72.435692,18793008
2020-10-20,90.000023,90.225021,88.256271,88.425018,71.279442,13701957
2020-10-21,88.650024,93.459396,88.453148,92.109398,74.249405,36573148
2020-10-22,91.209396,93.318771,90.675018,92.868774,74.861565,39056262
2020-10-23,92.868774,96.412521,92.643776,95.709396,77.151382,29149043
2020-10-26,95.653145,97.284401,95.428146,96.778152,78.012886,36760149
2020-10-27,96.778152,98.634399,96.468773,97.593773,78.670357,23610507
2020-10-28,98.184402,98.184402,96.496902,97.228149,78.375633,14060472
2020-10-29,96.215652,97.481277,95.765648,96.525024,77.808846,17654072
2020-10-30,95.906273,96.750023,95.231270,96.187523,77.536797,22904945
2020-11-02,97.059402,98.100021,96.721901,97.340652,78.466324,13423596
2020-11-03,97.875023,101.643776,97.790649,101.221901,81.594994,27441682
2020-11-04,101.221901,101.250023,98.240646,99.618774,80.302719,19461431
2020-11-05,100.125023,101.137527,99.337524,100.715652,81.186905,10248002
2020-11-06,100.265648,100.940651,99.618774,100.378151,80.914856,8815864
2020-11-09,101.193771,103.893776,100.743774,103.528152,83.454071,15228920
2020-11-10,103.106277,105.103149,102.121902,104.568779,84.292923,13815795
2020-11-11,103.443771,107.437523,103.443771,106.678154,85.993301,15502357
2020-11-12,107.156273,107.409401,105.271904,106.593773,85.925270,26079694
2020-11-13,106.087524,106.846901,104.737526,106.228149,85.630539,11968619
2020-11-14,106.312523,106.818779,105.187523,105.750023,85.245117,1162700
2020-11-17,105.187523,106.453148,104.540649,105.075027,84.701004,16872514
2020-11-18,105.075027,106.706276,103.921898,104.287529,84.066208,16685757
2020-11-19,100.406273,110.925026,100.350021,106.762527,86.061302,64832376
2020-11-20,108.843781,109.125031,106.368774,107.915649,86.990829,27479934
2020-11-23,108.000031,110.193779,107.156273,109.546906,88.305794,20909280
2020-11-24,109.687531,111.206276,108.703156,109.406281,88.192421,15308572
2020-11-25,109.406281,111.065651,108.871902,109.856277,88.555183,19854793
2020-11-26,109.771904,112.021904,108.478149,111.178154,89.620750,24879552
2020-11-27,111.178154,111.178154,106.143776,108.225029,87.240227,46793847
2020-12-01,109.603149,110.503151,107.803154,108.196899,87.217560,18193922
2020-12-02,108.478149,109.800026,106.621902,109.209404,88.033730,15836732
2020-12-03,109.687531,109.743774,107.437523,108.815651,87.716331,21308517
2020-12-04,109.237526,110.784401,108.421906,109.321899,88.124413,14838659
2020-12-07,108.562531,110.953156,108.281281,108.843781,87.738998,22078115
2020-12-08,109.125031,109.462524,107.493774,107.775024,86.877480,15896364
2020-12-09,108.506279,109.546906,107.493774,108.393776,87.376251,18701467
2020-12-10,108.562531,109.912529,107.718773,108.421906,87.398933,13612880
2020-12-11,109.125031,109.828156,108.084404,108.618774,87.557625,14876364
2020-12-14,110.250031,110.812531,108.450027,109.293777,88.101753,20316890
2020-12-15,109.350029,109.518776,107.634399,108.450027,87.421600,16084083
2020-12-16,109.518776,110.728149,108.309402,110.362526,88.963272,35024972
2020-12-17,108.731277,109.912529,107.775024,108.731277,89.940369,23058726
2020-12-18,108.731277,109.575027,108.028152,109.068779,90.219551,20310375
2020-12-21,108.562531,108.675026,103.753151,104.343773,86.311119,21609326
2020-12-22,104.315651,107.465652,104.062523,107.043777,88.544495,23934507
2020-12-23,107.718773,107.831276,106.312523,106.846901,88.381645,9836093
2020-12-24,107.015648,108.140656,106.565651,106.875023,88.404907,12945145
2020-12-28,106.987526,108.168777,106.875023,107.746902,89.126114,6879688
2020-12-29,107.775024,108.365654,106.312523,106.706276,88.265327,8549660
2020-12-30,106.875023,107.240654,105.075027,106.987526,88.497971,19132583
2020-12-31,107.156273,107.437523,105.778152,106.790649,88.335121,23272111
2021-01-01,106.312523,106.818779,106.031273,106.593773,88.172272,3074621
2021-01-04,106.875023,107.100029,105.750023,106.003151,87.683716,7133203
2021-01-05,106.593773,106.593773,104.737526,105.750023,87.474327,10478882
2021-01-06,105.750023,111.150024,105.187523,110.334404,91.266441,54265234
2021-01-07,111.375031,113.512527,109.968781,110.840652,91.685219,40129922
2021-01-08,111.796906,114.750031,111.121902,114.496902,94.709595,29487917
2021-01-11,114.750031,115.312531,113.315651,114.496902,94.709595,12726089
2021-01-12,113.090652,115.171906,112.471901,114.581276,94.779373,31454127
2021-01-13,114.637527,116.212532,113.962524,115.312531,95.384254,23792586
2021-01-14,115.846901,116.718781,114.525024,115.368774,95.430794,12024674
2021-01-15,114.721901,115.734406,113.906281,114.187531,94.453674,13530190
2021-01-18,113.203156,113.625031,109.434402,110.109406,91.080322,26118654
2021-01-19,109.996902,112.500031,109.828156,112.303154,92.894958,19382828
2021-01-20,112.500031,112.837524,109.771904,110.334404,91.266441,21158179
2021-01-21,110.503151,111.206276,109.209404,109.771904,90.801155,12509109
2021-01-22,109.687531,110.418777,108.562531,109.237526,90.359131,16720401
2021-01-25,109.378151,110.700027,106.650024,106.987526,88.497971,9393599
2021-01-27,106.875023,109.321899,106.481277,108.196899,89.498360,18874916
2021-01-28,107.409401,107.409401,104.512527,105.356277,87.148636,16072463
2021-01-29,106.143776,106.312523,102.937523,103.753151,85.822556,13415015
2021-02-01,103.753151,106.565651,102.656273,106.256279,87.893089,9485240
2021-02-02,107.437523,110.053154,106.425026,109.237526,90.359131,10803602
2021-02-03,109.406281,118.125031,109.406281,116.156281,96.082191,73411707
2021-02-04,116.156281,116.803154,114.862526,115.509399,95.547104,23523019
2021-02-05,115.678154,117.168777,113.203156,116.493782,96.361366,28755118
2021-02-08,116.156281,120.037529,115.706276,119.559402,98.897179,28436890
2021-02-09,118.125031,122.315659,118.125031,118.546906,98.059677,27738169
2021-02-10,118.434402,120.375031,116.437531,118.378151,97.920074,34189378
2021-02-11,117.478157,120.825027,117.196907,120.234406,99.455528,20504448
2021-02-12,123.187531,123.187531,118.434402,119.615654,98.943710,25066544
2021-02-15,120.375031,121.190659,118.996902,119.503151,98.850655,8599603
2021-02-16,120.037529,129.318787,119.981277,126.871902,104.945938,80200957
2021-02-17,126.843781,130.050034,124.987534,129.403152,107.039734,39034960
2021-02-18,129.937531,134.043777,128.531281,133.031281,110.040863,44291912
2021-02-19,131.343781,132.806290,128.671906,130.612534,108.040108,36335681
2021-02-22,130.753159,131.568787,125.775032,126.534409,104.666763,25800846
2021-02-23,126.984406,128.868774,126.365654,127.181282,105.201843,18293559
2021-02-24,127.209404,128.362534,124.650032,125.296906,103.643120,11421326
2021-02-25,125.831284,130.950027,124.200027,127.996910,105.876526,30696079
2021-02-26,124.593781,127.828156,118.800026,120.543777,99.711441,38070699
2021-03-01,122.343781,128.700027,122.287529,127.828156,105.736923,31441940
2021-03-02,128.812531,129.009399,125.634407,126.590652,104.713287,18223787
2021-03-03,129.375031,129.459412,125.831284,127.968781,105.853249,19350542
2021-03-04,125.465652,129.346909,125.465652,126.646904,104.759819,22865747
2021-03-05,127.125031,127.125031,123.384407,123.890656,102.479904,17342685
2021-03-08,122.540657,125.943779,122.062531,123.834404,104.328102,15749448
2021-03-09,124.031281,124.931282,119.953156,121.500031,102.361443,12585004
2021-03-10,122.625031,123.159409,120.375031,121.021904,101.958626,10661165
2021-03-12,121.331284,124.256279,121.162529,123.778152,104.280708,18173078
2021-03-15,124.312531,127.406281,123.609406,126.084404,106.223686,30092241
2021-03-16,126.646904,127.800034,125.718781,126.253159,106.365860,14767699
2021-03-17,126.534409,126.562531,123.384407,124.003159,104.470268,12571132
2021-03-18,124.312531,125.718781,123.834404,124.340652,104.754608,14232655
2021-03-19,124.818779,130.556274,123.271904,129.487534,109.090752,70334403
2021-03-22,131.850037,131.850037,124.987534,125.746902,105.939339,29180881
2021-03-23,125.746902,126.000031,122.906281,123.187531,103.783119,38455903
2021-03-24,122.090652,125.943779,122.006279,124.340652,104.754608,24398959
2021-03-25,124.340652,125.662529,121.134407,121.725029,102.550995,20272124
2021-03-26,123.384407,124.875031,119.334404,120.712532,101.697983,25184863
2021-03-30,122.006279,125.831284,121.162529,124.509407,104.896782,53328751
2021-03-31,123.693779,124.368782,120.740654,121.303154,102.195572,20694060
2021-04-01,121.865654,123.384407,120.796906,123.018784,103.640945,11229344
2021-04-05,121.050034,123.187531,120.009407,120.459404,101.484726,14484908
2021-04-06,121.050034,123.187531,117.281281,117.675026,99.138947,25301732
2021-04-07,118.631279,121.612534,117.871902,118.434402,99.778702,22841720
2021-04-08,119.221901,120.093781,117.281281,117.562531,99.044174,20468881
2021-04-09,117.787529,118.940651,117.000031,117.168777,98.712440,11773021
2021-04-12,116.240654,116.240654,111.656281,113.146904,95.324089,18544315
2021-04-13,115.396904,117.787529,113.878151,117.421906,98.925697,19831072
2021-04-15,116.943779,118.912529,116.465652,116.887527,98.475494,10159348
2021-04-16,116.718781,120.825027,116.578156,118.040657,99.446976,22020846
2021-04-19,115.790649,116.437531,112.500031,113.175026,95.347778,18404990
2021-04-20,115.312531,115.706276,113.428154,114.581276,96.532516,14467660
2021-04-22,114.750031,115.256279,113.175026,114.440651,96.414055,11626459
2021-04-23,114.918777,119.756279,114.750031,118.771904,100.063049,38318040
2021-04-26,117.112526,121.753159,117.112526,121.387527,102.266663,19139358
2021-04-27,121.528152,124.031281,121.387527,121.865654,102.669479,15270611
2021-04-28,123.075027,124.706284,121.668777,124.256279,104.683517,16383579
2021-04-29,125.493782,125.803154,123.215652,123.834404,104.328102,14761969
2021-04-30,122.484406,125.043777,121.865654,123.778152,104.280708,16897105
2021-05-03,122.343781,125.353157,121.921906,124.200027,104.636124,15528063
2021-05-04,124.537529,124.706284,121.893784,122.653152,103.332916,20857434
2021-05-05,122.653152,123.946907,121.950027,122.737534,103.404022,23178237
2021-05-06,122.878159,123.412529,120.150032,121.162529,102.077103,18823613
2021-05-07,121.696907,121.950027,120.093781,120.684402,101.674286,12509591
2021-05-10,121.162529,123.834404,120.909409,123.665657,104.185936,17845577
2021-05-11,123.750031,126.675034,122.850029,125.662529,105.868256,22995780
2021-05-12,125.662529,132.187531,125.465652,127.096909,107.076698,55645370
2021-05-14,128.109406,129.375031,125.915657,128.728149,108.450989,18820793
2021-05-17,129.909409,129.937531,127.743782,128.475037,108.237755,10996347
2021-05-18,129.881287,134.915665,128.531281,131.118774,110.465050,52885042
2021-05-19,131.737534,133.875031,130.162537,131.484406,110.773071,28081040
2021-05-20,131.625031,132.159409,128.475037,128.784409,108.498390,10707136
2021-05-21,128.278152,128.953156,127.125031,128.221909,108.024483,21702883
2021-05-24,128.812531,131.850037,128.475037,129.937531,109.469864,22028927
2021-05-25,131.062531,131.878159,130.021912,131.006287,110.370270,9165363
2021-05-26,131.175034,131.512527,126.534409,126.900032,106.910835,18322114
2021-05-27,127.518784,129.150024,125.578156,128.418777,108.190346,51194207
2021-05-28,129.937531,129.937531,126.450027,126.815659,106.839752,15307498
2021-05-31,127.125031,127.462532,125.859406,126.928154,106.934525,13102261
2021-06-01,127.293777,128.250031,125.943779,126.225029,106.342155,15733731
2021-06-02,126.112534,128.334412,126.056282,127.940659,107.787537,7995532
2021-06-03,128.840652,130.190659,126.928154,127.293777,107.242561,10291328
2021-06-04,127.125031,128.334412,126.450027,127.209404,107.171471,6142487
2021-06-07,127.856277,133.762527,127.631279,132.890656,111.957809,18058790
2021-06-08,134.409409,134.409409,130.528152,131.653152,110.915245,22511761
2021-06-09,132.750031,138.093781,131.512527,136.181290,114.730110,39865778
2021-06-10,139.500031,139.500031,135.140656,135.928162,114.516861,32690784
2021-06-11,139.950027,139.950027,137.250031,138.543777,116.720482,29142097
2021-06-14,139.471909,140.512527,136.181290,139.893784,117.857826,18732629
2021-06-15,140.934402,141.468781,138.965652,139.275040,117.336548,15026686
2021-06-16,138.853165,139.218781,135.534409,136.209412,114.753815,30706682
2021-06-17,137.278152,137.278152,133.171906,134.915665,113.663857,22261167
2021-06-18,137.250031,137.812531,129.431274,131.062531,110.417656,49278209
2021-06-21,130.443787,132.440659,128.475037,132.103165,111.294365,11719831
2021-06-22,130.528152,133.312531,130.528152,131.653152,110.915245,10961545
2021-06-23,132.609406,132.750031,130.500031,130.640656,110.062241,10721151
2021-06-24,130.640656,131.034409,128.306274,130.021912,109.540947,12964208
2021-06-25,130.190659,130.950027,129.037537,129.853149,109.398773,7736431
2021-06-28,130.500031,130.781281,129.768784,130.415649,109.872673,9989595
2021-06-29,130.837524,133.818787,130.303162,132.750031,111.839355,61089570
2021-06-30,133.396912,133.650040,130.500031,130.725037,110.133331,17437744
2021-07-01,130.809402,131.034409,129.487534,129.825027,109.375076,15924813
2021-07-02,129.825027,129.993774,128.025024,128.221909,108.024483,9549992
2021-07-05,128.981277,129.881287,128.446899,129.543777,109.138145,6849185
2021-07-06,129.037537,129.656281,128.418777,128.700027,108.427292,5343938
2021-07-07,128.700027,130.190659,128.700027,129.909409,109.446175,7228897
2021-07-08,129.431274,131.146912,129.121902,130.021912,109.540947,8740010
2021-07-09,129.965652,130.190659,129.375031,129.515656,109.114456,2990856
2021-07-12,129.768784,130.359406,128.362534,128.812531,108.522072,5578309
2021-07-13,129.600037,130.443787,128.418777,128.615662,108.356209,8264289
2021-07-14,128.615662,130.190659,128.503159,129.346909,108.972282,9228746
2021-07-15,129.937531,130.190659,128.981277,129.600037,109.185539,5376823
2021-07-16,130.303162,133.031281,129.656281,131.540649,110.820450,15903784
2021-07-19,131.540649,131.990662,130.218781,131.146912,110.488739,13725925
2021-07-20,132.131287,132.918777,129.909409,130.106277,109.612038,14178067
2021-07-22,131.906281,131.906281,128.643784,131.203156,110.536133,10378326
2021-07-23,131.484406,131.596909,130.528152,131.062531,110.417656,6660369
2021-07-26,131.315659,132.384415,130.528152,130.893784,110.275497,12963701
2021-07-27,131.062531,132.103165,129.740662,130.415649,109.872673,10832912
2021-07-28,130.500031,130.725037,127.912529,128.306274,108.095566,13828088
2021-07-29,128.250000,130.162506,125.362503,125.550003,105.773468,28609665
2021-07-30,126.787498,129.899994,126.150002,128.362503,108.142937,34142169
2021-08-02,128.625000,129.000000,126.974998,128.250000,108.048149,9575755
2021-08-03,129.412506,131.399994,128.324997,130.837494,110.228073,20959435
2021-08-04,131.737503,132.449997,130.387497,131.437500,110.733551,23323277
2021-08-05,131.437500,131.812500,129.937500,131.399994,110.701973,6621382
2021-08-06,131.625000,132.375000,130.912506,131.250000,110.575584,5340311
2021-08-09,132.750000,132.750000,130.537506,132.337494,111.491798,16415005
2021-08-10,132.074997,132.074997,128.512497,129.449997,109.059135,11925263
2021-08-11,129.712494,132.750000,129.412506,132.262497,111.428612,31279965
2021-08-12,132.750000,140.774994,132.225006,140.250000,118.157928,58107755
2021-08-13,138.149994,140.475006,137.699997,138.562500,116.736244,26776843
2021-08-16,138.000000,138.225006,135.300003,135.524994,114.177200,21308655
2021-08-17,135.787506,137.812500,135.750000,137.437500,115.788452,15962459
2021-08-18,137.774994,139.500000,135.112503,135.449997,114.114021,25227527
2021-08-20,132.975006,135.037506,132.787506,133.949997,112.850304,18720467
2021-08-23,134.625000,134.925003,130.649994,131.737503,110.986298,13112745
2021-08-24,132.975006,134.475006,131.587494,132.449997,111.586571,11029463
2021-08-25,132.899994,133.087494,131.287506,131.625000,110.891525,12001351
2021-08-26,131.550003,131.550003,128.699997,129.824997,109.375053,12115246
2021-08-27,130.350006,131.137497,128.812500,130.762497,110.164886,8051699
2021-08-30,131.399994,132.262497,129.600006,131.625000,110.891525,14512401
2021-08-31,131.625000,132.787506,131.212494,131.512497,110.796738,43248333
2021-09-01,133.350006,133.350006,130.987503,131.737503,110.986298,11817591
2021-09-02,131.550003,132.074997,130.649994,131.812500,111.049484,13545023
2021-09-03,132.000000,132.600006,130.800003,131.662506,110.923119,12286475
2021-09-06,131.774994,132.262497,129.750000,130.574997,110.006927,13950485
2021-09-07,130.574997,130.612503,129.337494,129.750000,109.311882,12485031
2021-09-08,128.437500,130.199997,127.650002,129.637497,111.144455,25370295
2021-09-09,129.300003,130.612503,128.925003,130.125000,111.562416,5078350
2021-09-13,130.687500,130.725006,129.524994,130.425003,111.819618,7522483
2021-09-14,130.425003,131.324997,130.125000,130.574997,111.948212,8434427
2021-09-15,130.500000,134.250000,130.312500,133.425003,114.391655,20064238
2021-09-16,134.212494,136.237503,133.725006,134.587494,115.388313,16214883
2021-09-17,134.662506,135.300003,132.562500,134.100006,114.970375,21219226
2021-09-20,132.899994,134.399994,131.324997,132.750000,113.812950,7833069
2021-09-21,132.037506,133.800003,131.587494,131.925003,113.105621,9481007
2021-09-22,131.850006,133.087494,131.850006,132.562500,113.652199,9165634
2021-09-23,132.750000,134.062500,132.750000,133.687500,114.616714,10295913
2021-09-24,133.725006,134.625000,131.850006,132.112503,113.266396,7093411
2021-09-27,132.375000,132.862503,131.324997,132.000000,113.169937,5205649
2021-09-28,132.637497,141.675003,132.074997,137.962494,118.281876,38873626
2021-09-29,137.625000,147.225006,136.837494,146.287506,125.419304,53686662
2021-09-30,146.212494,148.500000,141.487503,142.425003,122.107788,23618199
2021-10-01,143.100006,145.125000,142.237503,143.887497,123.361649,16994903
2021-10-04,144.000000,144.787506,142.537506,143.737503,123.233063,10757286
2021-10-05,143.737503,146.324997,142.012497,142.462494,122.139915,17200858
2021-10-06,143.962494,144.112503,140.062500,140.699997,120.628876,8929507
2021-10-07,143.250000,143.662506,140.699997,141.225006,121.078964,6733699
2021-10-08,141.750000,142.612503,140.250000,140.774994,120.693153,8165175
2021-10-11,142.500000,146.324997,141.975006,145.087494,124.390465,12982042
2021-10-12,145.425003,145.987503,143.737503,145.012497,124.326180,8539966
2021-10-13,146.324997,153.375000,145.612503,149.550003,128.216400,33075614
2021-10-14,150.149994,154.462494,148.687500,153.487503,131.592224,19185455
2021-10-18,157.350006,157.462494,151.612503,152.850006,131.045670,38546365
2021-10-19,153.000000,153.600006,147.750000,148.987503,127.734138,16174177
2021-10-20,150.000000,150.187500,145.012497,145.762497,124.969200,21909934
2021-10-21,147.187500,148.012497,145.125000,145.537506,124.776314,16946547
2021-10-22,146.925003,147.750000,143.437500,145.837494,125.033501,7705870
2021-10-25,145.837494,146.250000,142.875000,144.487503,123.876076,7862419
2021-10-26,144.449997,144.712494,142.274994,142.800003,122.429291,8525850
2021-10-27,142.612503,143.887497,141.412506,142.687500,122.332840,9862679
2021-10-28,143.024994,143.324997,138.937500,139.425003,119.535751,11095238
2021-10-29,140.175003,141.487503,135.975006,138.787506,118.989197,12988035
2021-11-01,138.449997,141.375000,138.412506,140.812500,120.725327,5475153
2021-11-02,141.487503,143.437500,138.862503,139.125000,119.278549,10946890
2021-11-03,139.125000,140.475006,137.250000,137.962494,118.281876,13957727
2021-11-04,138.712494,139.387497,138.187500,138.787506,118.989197,830214
2021-11-08,140.699997,142.762497,138.449997,141.862503,121.625534,11947323
2021-11-09,142.762497,142.762497,138.975006,139.912506,119.953720,10381150
2021-11-10,139.462494,139.875000,137.662506,138.300003,118.571236,13857851
2021-11-11,138.750000,138.937500,135.524994,136.612503,117.124451,8851354
2021-11-12,137.774994,137.774994,135.225006,136.500000,117.028008,9590673
2021-11-15,136.649994,141.562500,136.500000,141.225006,121.078964,24821341
2021-11-16,141.750000,143.512497,139.875000,140.699997,120.628876,23206330
2021-11-17,140.250000,145.350006,140.250000,143.287506,122.847267,18359498
2021-11-18,143.887497,145.837494,143.287506,144.375000,123.779610,10742933
2021-11-22,145.800003,147.750000,144.000000,145.649994,124.872749,25095721
2021-11-23,144.937500,151.800003,144.862503,151.387497,129.791763,19671538
2021-11-24,151.649994,155.587494,151.500000,152.475006,130.724167,18120478
2021-11-25,151.949997,153.750000,150.937500,153.187500,131.334991,18537454
2021-11-26,153.037506,153.712494,150.600006,151.500000,129.888229,12814537
2021-11-29,149.250000,153.000000,148.875000,150.187500,128.762955,16066147
2021-11-30,150.225006,157.125000,150.225006,155.062500,132.942520,37739647
2021-12-01,155.250000,156.562500,153.524994,155.399994,133.231888,20332817
2021-12-02,156.750000,162.000000,154.875000,160.875000,137.925873,33758843
2021-12-03,159.862503,162.337494,154.125000,154.574997,132.524551,47614182
2021-12-06,155.512497,156.000000,151.012497,151.500000,129.888229,11322446
2021-12-07,151.949997,155.212494,151.612503,154.350006,132.331680,8049102
2021-12-08,153.862503,155.737503,152.662506,153.600006,131.688675,8788449
2021-12-09,154.125000,154.837494,151.574997,152.399994,130.659836,5755422
2021-12-10,153.187500,153.187500,151.387497,151.987503,130.306183,6164402
2021-12-13,154.125000,157.237503,152.774994,153.300003,131.431458,21648126
2021-12-14,153.074997,159.862503,152.399994,159.187500,136.479095,48042035
2021-12-15,159.824997,161.737503,155.850006,157.387497,134.935867,15207306
2021-12-16,158.550003,158.850006,154.725006,156.149994,133.874893,13410737
2021-12-17,156.149994,157.875000,153.787506,157.462494,135.000137,15209414
2021-12-20,158.062500,159.487503,155.625000,157.387497,134.935867,22539246
2021-12-21,158.587494,158.812500,153.600006,154.949997,132.846069,17566511
2021-12-22,149.850006,152.250000,148.500000,151.162506,131.508484,14750231
2021-12-23,151.875000,157.199997,151.537506,156.262497,135.945389,15932489
2021-12-24,156.149994,156.524994,153.637497,154.050003,134.020569,8975969
2021-12-27,154.050003,155.437500,153.750000,154.574997,134.477280,8648187
2021-12-28,154.987503,156.487503,152.475006,154.199997,134.151047,15736206
2021-12-29,152.250000,154.425003,152.024994,153.449997,133.498566,17172943
2021-12-30,153.449997,158.550003,151.237503,154.012497,133.987915,87481206
2021-12-31,153.000000,154.649994,152.662506,153.300003,133.368073,9842223
2022-01-03,154.050003,155.212494,153.112503,153.750000,133.759567,7410054
2022-01-04,154.725006,159.750000,154.125000,157.949997,137.413452,14784090
2022-01-05,157.500000,158.512497,156.037506,156.487503,136.141129,9565107
2022-01-06,155.812500,156.524994,153.487503,154.462494,134.379410,5615931
2022-01-07,155.212494,156.375000,153.375000,153.899994,133.890030,11908249
2022-01-10,155.437500,155.437500,152.587494,153.000000,133.107071,11085710
2022-01-11,153.412506,154.350006,152.625000,152.887497,133.009201,7208789
2022-01-12,154.500000,155.024994,153.262497,153.712494,133.726929,11018139
2022-01-13,155.699997,158.625000,154.912506,156.000000,135.716995,20522807
2022-01-14,155.962494,157.237503,154.912506,155.812500,135.553894,14183654
2022-01-17,156.862503,157.162506,154.350006,154.762497,134.640411,7574539
2022-01-18,154.687500,155.887497,153.449997,153.862503,133.857437,8475422
2022-01-19,154.500000,155.550003,150.787506,153.487503,133.531204,13724367
2022-01-20,155.324997,161.512497,154.050003,160.987503,140.056046,30170343
2022-01-21,160.425003,164.437500,159.750000,161.324997,140.349670,29509593
2022-01-24,162.300003,163.312500,158.625000,160.500000,139.631958,12850189
2022-01-25,160.125000,165.149994,158.962494,164.137497,142.796478,27389035
2022-01-27,163.500000,164.475006,159.262497,161.137497,140.186554,28512473
2022-01-28,163.125000,163.125000,156.937500,157.649994,137.152466,18932049
2022-01-31,159.000000,162.562500,158.399994,161.550003,140.545425,19907759
2022-02-01,162.750000,162.787506,158.475006,159.712494,138.946823,8622355
2022-02-02,161.137497,163.350006,159.937500,160.500000,139.631958,9921099
2022-02-03,160.500000,161.250000,158.250000,158.475006,137.870209,4594389
2022-02-04,159.000000,160.012497,156.824997,157.274994,136.826233,7329263
2022-02-07,158.287506,160.725006,157.500000,160.237503,139.403580,7869237
2022-02-08,160.500000,161.550003,156.375000,157.537506,137.054611,9074237
2022-02-09,157.949997,158.737503,156.524994,157.012497,136.597855,9833985
2022-02-10,157.537506,161.774994,157.537506,159.037506,138.359604,19180334
2022-02-11,157.649994,159.000000,155.287506,155.850006,135.586533,20071130
2022-02-14,155.212494,155.212494,150.937500,151.387497,131.704224,12109375
2022-02-15,151.500000,152.887497,149.250000,152.587494,132.748215,19046061
2022-02-16,148.949997,150.750000,146.774994,147.225006,131.641693,20270061
2022-02-17,148.687500,149.137497,147.000000,147.750000,132.111130,16405551
2022-02-18,147.600006,150.112503,146.437500,146.774994,131.239319,14600643
2022-02-21,146.774994,149.250000,146.662506,148.612503,132.882339,10682638
2022-02-22,145.649994,148.837494,143.850006,148.612503,132.882339,13606058
2022-02-23,148.762497,149.625000,148.199997,148.537506,132.815262,6493463
2022-02-24,145.500000,147.000000,142.425003,143.324997,128.154495,13145037
2022-02-25,144.412506,148.425003,144.112503,147.975006,132.312332,10920938
2022-02-28,148.087494,157.687500,147.037506,156.862503,140.259094,31938385
2022-03-02,155.812500,159.862503,154.649994,158.175003,141.432663,20502615
2022-03-03,158.024994,164.512497,158.024994,163.387497,146.093445,19805555
2022-03-04,161.962494,163.125000,158.212494,161.287506,144.215729,12794317
2022-03-07,157.875000,161.399994,156.637497,159.600006,142.706833,17635653
2022-03-08,160.500000,167.550003,157.350006,159.262497,142.405060,28410490
2022-03-09,161.362503,162.000000,154.949997,156.074997,139.554947,22830958
2022-03-10,158.250000,158.550003,155.287506,156.637497,140.057892,16516553
2022-03-11,156.975006,159.750000,155.812500,159.337494,142.472122,12992850
2022-03-14,159.337494,160.500000,157.199997,160.050003,143.109207,12598659
2022-03-15,159.899994,161.287506,156.225006,157.237503,140.594406,14528285
2022-03-16,158.437500,158.850006,156.712494,157.012497,140.393219,11933774
2022-03-17,159.000000,159.562500,155.812500,158.662506,141.868576,28464621
2022-03-21,162.000000,162.000000,153.375000,153.675003,137.408966,17797415
2022-03-22,153.750000,157.125000,153.037506,156.524994,139.957321,13285297
2022-03-23,157.125000,157.949997,156.225006,157.574997,140.896179,9408783
2022-03-24,157.500000,158.399994,156.000000,158.062500,141.332077,11188958
2022-03-25,158.062500,158.100006,155.024994,157.237503,140.594406,9842670
2022-03-28,157.237503,159.562500,155.625000,159.225006,142.371521,12823578
2022-03-29,160.387497,160.837494,157.274994,158.475006,141.700928,10470515
2022-03-30,159.824997,164.024994,158.850006,162.824997,145.590469,54218485
2022-03-31,161.662506,162.937500,161.062500,162.600006,145.389297,10326026
2022-04-01,162.074997,169.312500,162.074997,168.787506,150.921875,39663961
2022-04-04,169.500000,171.074997,168.037506,170.550003,152.497849,9907530
2022-04-05,172.462494,175.949997,170.175003,174.787506,156.286774,17167487
2022-04-06,173.512497,178.837494,173.362503,177.487503,158.701004,17153675
2022-04-07,176.962494,179.925003,172.500000,173.512497,155.146744,11913911
2022-04-08,174.750000,175.574997,172.949997,174.449997,155.985001,6746769
2022-04-11,174.375000,176.662506,171.300003,173.175003,154.844955,12413822
2022-04-12,171.937500,175.237503,171.449997,174.824997,156.320313,14769907
2022-04-13,176.212494,176.512497,170.662506,172.125000,153.906113,11015439
2022-04-18,172.125000,173.850006,170.662506,173.324997,154.979095,19069923
2022-04-19,174.524994,175.012497,169.875000,170.887497,152.799591,15036942
2022-04-20,171.187500,171.750000,167.587494,170.250000,152.229568,9814641
2022-04-21,169.574997,171.487503,168.937500,170.437500,152.397232,11134333
2022-04-22,168.787506,172.649994,168.524994,169.087494,151.190125,12032249
2022-04-25,167.962494,170.175003,166.125000,167.137497,149.446518,11042683
2022-04-26,170.250000,174.149994,168.262497,173.699997,155.314392,15389155
2022-04-27,173.512497,174.637497,170.587494,171.975006,153.771988,12680209
2022-04-28,175.050003,177.187500,172.537506,176.699997,157.996841,18378146
2022-04-29,176.324997,177.262497,170.287506,170.812500,152.732544,9026331
2022-05-02,169.425003,174.937500,169.425003,173.662506,155.280853,12634353
2022-05-04,174.750000,179.587494,174.675003,178.199997,159.338074,23124643
2022-05-05,178.800003,180.487503,174.637497,175.312500,156.756226,16481935
2022-05-06,173.587494,179.362503,173.587494,178.800003,159.874573,17715186
2022-05-09,179.250000,184.837494,176.737503,183.862503,164.401230,54118806
2022-05-10,184.350006,186.262497,181.875000,182.737503,163.395309,30997494
2022-05-11,183.000000,186.000000,179.024994,179.399994,160.411057,15412618
2022-05-12,179.250000,181.425003,174.112503,176.925003,158.198044,26538994
2022-05-13,179.887497,179.887497,174.824997,177.225006,158.466293,15074553
2022-05-16,176.625000,178.425003,174.750000,176.399994,157.728607,7960529
2022-05-17,176.175003,179.475006,174.562500,178.987503,160.042236,15470937
2022-05-18,178.125000,178.687500,170.324997,170.925003,152.833130,19181550
2022-05-19,167.250000,172.237503,166.237503,171.225006,153.101379,15085602
2022-05-20,173.062500,174.824997,170.062500,171.787506,153.604340,15148281
2022-05-23,174.000000,174.000000,168.149994,168.449997,150.620102,11572501
2022-05-24,168.750000,172.237503,168.449997,170.250000,152.229568,16336858
2022-05-25,171.300003,172.050003,166.912506,168.637497,150.787750,11062614
2022-05-26,170.250000,171.824997,167.925003,170.399994,152.363693,14150454
2022-05-27,171.449997,171.487503,167.550003,168.524994,150.687164,8430491
2022-05-30,168.375000,172.425003,168.225006,171.187500,153.067841,9305758
2022-05-31,171.187500,176.362503,171.149994,174.675003,156.186188,26351545
2022-06-01,174.112503,174.750000,171.112503,171.899994,153.704926,10282009
2022-06-02,172.050003,172.050003,168.412506,169.162506,151.257172,10071898
2022-06-03,169.500000,171.074997,168.750000,169.500000,151.558960,16082518
2022-06-06,169.500000,170.587494,167.662506,168.600006,150.754227,12693293
2022-06-07,167.962494,169.687500,167.774994,168.750000,150.888351,9103195
2022-06-08,167.287506,169.875000,167.287506,168.412506,150.586578,11240130
2022-06-09,168.524994,169.274994,165.750000,168.637497,150.787750,9468041
2022-06-10,166.537506,170.587494,166.537506,168.337494,150.519501,9019239
2022-06-13,166.387497,169.125000,166.125000,166.762497,149.111191,10186775
2022-06-14,166.762497,170.475006,166.500000,167.962494,150.184204,17023962
2022-06-15,168.187500,169.725006,166.425003,166.687500,149.044128,5898563
2022-06-16,167.512497,168.225006,161.737503,162.262497,145.087524,11883333
2022-06-17,160.649994,162.675003,157.687500,158.512497,141.734436,19675226
2022-06-20,156.824997,158.175003,154.762497,156.187500,139.655533,7402273
2022-06-21,156.787506,159.862503,155.475006,157.762497,141.063843,9459619
2022-06-22,158.100006,158.437500,156.149994,157.987503,141.265030,10257637
2022-06-23,157.574997,158.774994,154.612503,156.412506,139.856735,13114525
2022-06-24,159.000000,159.000000,155.812500,156.712494,140.124954,9499105
2022-06-27,160.012497,160.012497,157.237503,158.662506,141.868576,17545390
2022-06-28,157.162506,158.662506,156.262497,157.725006,141.030304,6770087
2022-06-29,156.824997,161.250000,156.337494,158.324997,141.566788,41502918
2022-06-30,158.625000,161.062500,157.800003,158.925003,142.103287,22260722
2022-07-01,158.287506,159.675003,153.899994,154.875000,138.481979,11133663
2022-07-04,153.787506,159.112503,153.787506,158.024994,141.298553,20178279
2022-07-05,158.250000,161.962494,158.212494,160.612503,143.612183,20083997
2022-07-06,160.500000,160.612503,156.149994,157.837494,141.130890,19203527
2022-07-07,159.937500,161.475006,159.074997,159.412506,142.539169,14069302
2022-07-08,160.500000,164.550003,159.487503,164.100006,146.730530,17142257
2022-07-11,165.000000,165.937500,162.149994,162.787506,145.556946,10826079
2022-07-12,161.324997,162.712494,159.862503,160.125000,143.176270,8503695
2022-07-13,160.875000,162.524994,160.087494,160.837494,143.813354,10210005
2022-07-14,164.437500,164.437500,159.637497,161.137497,144.081604,10898403
2022-07-15,162.750000,162.750000,156.600006,156.975006,140.359695,22067479
2022-07-18,157.762497,159.300003,156.675003,157.687500,140.996765,15155654
2022-07-19,157.425003,158.625000,157.199997,157.500000,140.829117,14922395
2022-07-20,158.475006,159.225006,156.375000,156.937500,140.326157,14181034
2022-07-21,157.462494,159.899994,157.087494,159.225006,142.371521,12461554
2022-07-22,160.462494,160.462494,157.125000,157.500000,140.829117,9272199
2022-07-25,157.500000,158.250000,155.550003,155.925003,139.420822,6635194
2022-07-26,155.925003,158.250000,155.324997,156.824997,140.225555,11451315
2022-07-27,157.425003,158.250000,157.050003,157.987503,141.265030,9209354
2022-07-28,158.250000,161.100006,157.537506,160.649994,143.645691,13192642
2022-07-29,162.300003,163.350006,159.637497,160.462494,143.478058,15433067
2022-08-01,161.287506,165.112503,160.612503,164.212494,146.831116,12136557
2022-08-02,164.962494,167.550003,163.012497,166.949997,149.278885,17748747
2022-08-03,167.512497,168.562500,164.737503,167.699997,149.949478,12406038
2022-08-04,168.000000,168.149994,164.324997,165.600006,148.071762,9712267
2022-08-05,166.274994,168.562500,164.137497,167.737503,149.983017,14099223
2022-08-08,168.750000,169.725006,165.824997,166.425003,148.809433,8392041
2022-08-10,165.562500,168.675003,165.412506,167.625000,149.882431,8585266
2022-08-11,168.487503,170.175003,166.274994,167.137497,149.446518,5040626
2022-08-12,167.250000,171.449997,166.500000,171.037506,152.933731,13279062
2022-08-16,171.899994,172.462494,170.287506,171.637497,153.470215,11298246
2022-08-17,171.637497,173.212494,170.774994,171.375000,153.235489,11225465
2022-08-18,170.962494,173.774994,170.812500,173.512497,155.146744,11360485
2022-08-19,171.337494,172.274994,169.274994,171.112503,154.503418,9829530
2022-08-22,171.074997,173.100006,169.237503,169.462494,153.013550,9190493
2022-08-23,168.712494,171.637497,168.149994,170.662506,154.097092,8903751
2022-08-24,170.512497,172.462494,169.875000,172.087494,155.383759,13007225
2022-08-25,172.875000,173.250000,168.824997,169.725006,153.250580,12124365
2022-08-26,169.949997,173.399994,169.949997,172.837494,156.060944,7966045
2022-08-29,171.187500,171.675003,169.199997,170.287506,153.758484,7517013
2022-08-30,171.149994,172.687500,171.074997,172.199997,155.485321,7214498
2022-09-01,168.787506,172.574997,168.750000,169.574997,153.115143,13109081
2022-09-02,170.625000,171.637497,167.850006,168.149994,151.828445,6897237
2022-09-05,168.750000,169.162506,166.274994,167.550003,151.286697,18055474
2022-09-06,168.000000,171.000000,168.000000,168.787506,152.404083,14103701
2022-09-07,167.287506,170.212494,167.287506,168.300003,151.963913,7866745
2022-09-08,169.500000,170.175003,167.587494,168.300003,151.963913,7187735
2022-09-09,169.537506,169.612503,166.875000,167.175003,150.948105,9162027
2022-09-12,167.662506,168.524994,166.649994,167.962494,151.659164,8778919
2022-09-13,168.225006,170.625000,167.850006,170.100006,153.589203,11278383
2022-09-14,168.750000,174.899994,168.524994,174.412506,157.483093,25072958
2022-09-15,175.087494,178.687500,174.262497,178.199997,160.902939,23606369
2022-09-16,178.800003,178.837494,175.050003,176.737503,159.582428,29399642
2022-09-19,176.962494,178.574997,173.737503,174.862503,157.889404,13920046
2022-09-20,175.500000,177.187500,174.074997,174.524994,157.584656,20162973
2022-09-21,175.387497,175.762497,168.225006,170.287506,153.758484,14468837
2022-09-22,168.000000,169.800003,164.362503,165.074997,149.051941,26264530
2022-09-23,163.725006,164.812500,148.574997,151.912506,137.167068,87162722
2022-09-26,150.000000,157.012497,139.762497,150.637497,136.015808,167547134
2022-09-27,154.350006,155.925003,150.937500,153.637497,138.724609,54127095
2022-09-28,153.899994,157.800003,151.912506,155.774994,140.654633,52877873
2022-09-29,156.712494,159.074997,154.537506,156.000000,140.857803,36761869
2022-09-30,155.250000,164.024994,155.250000,159.149994,143.702026,62897614
2022-10-03,159.750000,160.987503,156.750000,158.100006,142.753967,11740863
2022-10-04,159.074997,159.262497,156.000000,156.337494,141.162537,19179333
2022-10-06,156.637497,158.175003,154.199997,154.725006,139.706573,20692745
2022-10-07,153.000000,157.312500,153.000000,157.050003,141.805878,14282850
2022-10-10,155.962494,158.962494,155.662506,156.712494,141.501129,16834226
2022-10-11,157.500000,158.587494,154.912506,156.262497,141.094803,17807162
2022-10-12,157.837494,161.962494,157.012497,161.662506,145.970673,35288330
2022-10-13,161.212494,162.975006,159.937500,160.462494,144.887161,16436903
2022-10-14,163.500000,163.500000,158.662506,159.487503,144.006790,23365190
2022-10-17,158.962494,161.212494,158.250000,158.887497,143.465027,9520537
2022-10-18,159.712494,161.250000,158.662506,159.262497,143.803619,13256574
2022-10-19,159.750000,162.675003,159.712494,160.425003,144.853302,11595367
2022-10-20,159.412506,163.500000,159.262497,163.125000,147.291199,16371066
2022-10-21,161.512497,164.175003,160.500000,162.975006,147.155777,11634491
2022-10-24,164.850006,165.187500,163.949997,164.137497,148.205414,1132859
2022-10-25,164.137497,164.550003,160.687500,163.875000,147.968414,20622687
2022-10-27,164.475006,168.637497,163.012497,167.925003,151.625305,24298489
2022-10-28,167.850006,171.750000,167.399994,170.100006,153.589203,11669879
2022-10-31,170.962494,172.687500,170.024994,171.112503,154.503418,11755682
2022-11-01,172.987503,176.925003,172.350006,176.362503,159.243805,15220278
2022-11-02,176.362503,177.412506,174.637497,174.975006,157.990982,12884449
2022-11-03,174.750000,175.199997,170.024994,171.037506,154.435699,9358215
2022-11-04,171.000000,172.087494,168.750000,169.612503,153.149002,8059667
2022-11-07,170.475006,173.925003,169.800003,171.000000,154.401840,14862038
2022-11-09,173.250000,173.250000,163.537506,164.062500,148.137726,22831150
2022-11-10,162.000000,165.112503,160.125000,161.175003,145.530502,16217631
2022-11-11,162.000000,163.387497,160.162506,160.537506,144.954895,12123886
2022-11-14,158.212494,160.274994,157.687500,158.512497,146.549667,18460862
2022-11-15,157.500000,162.375000,157.237503,162.000000,149.773972,15258103
2022-11-16,161.962494,163.087494,160.087494,162.824997,150.536713,9825807
2022-11-17,162.675003,165.337494,162.187500,163.725006,151.368805,9449665
2022-11-18,163.762497,164.100006,162.637497,163.762497,151.403473,5828998
2022-11-21,163.125000,164.625000,162.375000,164.287506,151.888855,4712051
2022-11-22,163.875000,164.399994,162.675003,163.350006,151.022095,4366445
2022-11-23,163.687500,164.100006,160.687500,161.362503,149.184601,13510578
2022-11-24,161.550003,165.750000,161.324997,165.562500,153.067612,7622243
2022-11-25,165.562500,165.675003,162.449997,165.449997,152.963608,10989671
2022-11-28,164.362503,166.649994,164.362503,165.975006,153.448990,4526153
2022-11-29,165.975006,166.687500,163.912506,164.512497,152.096863,6476054
2022-11-30,164.512497,168.712494,163.237503,168.000000,155.321182,17317951
2022-12-01,168.000000,168.637497,165.375000,166.425003,153.865021,13241961
2022-12-02,163.912506,166.125000,163.912506,164.850006,152.408905,12880949
2022-12-05,164.774994,166.687500,162.899994,166.425003,153.865021,16477957
2022-12-06,166.162506,168.112503,164.550003,167.625000,154.974487,11299945
2022-12-07,167.137497,168.074997,165.337494,165.787506,153.275635,5813973
2022-12-08,166.350006,166.387497,162.675003,163.350006,151.022095,11176439
2022-12-09,163.800003,164.212494,161.774994,162.899994,150.606049,6020031
2022-12-12,162.000000,163.500000,160.949997,161.662506,149.461960,8194429
2022-12-13,161.662506,162.600006,159.787506,162.225006,149.981995,8235450
2022-12-14,162.225006,165.412506,162.225006,164.399994,151.992859,10055353
2022-12-15,164.625000,165.300003,161.925003,162.262497,150.016678,5385778
2022-12-16,161.250000,163.649994,159.449997,159.899994,147.832458,11166617
2022-12-19,160.537506,164.399994,160.125000,164.175003,151.784851,7758862
2022-12-20,164.175003,164.175003,160.425003,162.975006,150.675400,6541929
2022-12-21,162.787506,163.687500,160.387497,162.037506,149.808670,7005861
2022-12-22,162.074997,162.750000,159.637497,161.250000,149.080597,6961415
2022-12-23,160.050003,161.475006,157.837494,158.437500,146.480347,4554651
2022-12-26,158.625000,160.687500,158.212494,158.887497,146.896378,6864331
2022-12-27,159.712494,161.399994,158.850006,159.487503,147.451096,13115851
2022-12-28,159.375000,163.800003,159.375000,161.812500,149.600647,16815549
2022-12-29,160.537506,162.375000,160.125000,161.812500,149.600647,22536873
2022-12-30,162.037506,162.562500,159.937500,160.274994,148.179153,4643134
2023-01-02,160.912506,161.625000,159.750000,161.287506,149.115265,5959394
2023-01-03,161.437500,162.149994,160.762497,161.699997,149.496628,2873110
2023-01-04,161.550003,161.550003,157.875000,158.287506,146.341660,9954542
2023-01-05,158.925003,158.925003,154.949997,156.600006,144.781509,21273509
2023-01-06,156.112503,157.725006,155.662506,156.074997,144.296143,11510471
2023-01-09,156.899994,158.962494,153.187500,156.824997,144.989517,52485126
2023-01-10,157.425003,159.337494,156.750000,158.850006,146.861710,17248326
2023-01-11,159.149994,159.787506,157.574997,158.962494,146.965698,9164361
2023-01-12,160.162506,160.425003,158.550003,160.125000,148.040497,21179555
2023-01-13,160.199997,161.512497,159.975006,160.500000,148.387192,6560245
2023-01-16,161.250000,161.925003,159.524994,161.737503,149.531296,8362194
2023-01-17,161.737503,164.024994,161.175003,163.800003,151.438141,13000571
2023-01-18,163.725006,165.112503,162.300003,164.512497,152.096863,11171369
2023-01-19,164.100006,165.937500,163.987503,165.562500,153.067612,11586815
2023-01-20,165.750000,167.925003,165.750000,167.437500,154.801117,10112645
2023-01-23,168.000000,171.225006,167.662506,168.824997,156.083893,14393610
2023-01-24,169.687500,169.949997,165.375000,165.712494,153.206299,6150893
2023-01-25,165.524994,165.937500,163.350006,164.550003,152.131531,5790331
2023-01-27,164.475006,166.087494,162.750000,164.437500,152.027527,10458603
2023-01-30,163.500000,164.137497,157.912506,158.887497,146.896378,24288177
2023-01-31,159.449997,165.149994,159.112503,162.487503,150.224701,20997546
2023-02-01,168.750000,168.750000,160.199997,162.412506,150.155350,20246369
2023-02-02,162.000000,162.824997,158.512497,159.524994,147.485748,12820663
2023-02-03,159.899994,161.362503,157.800003,161.137497,148.976578,10815686
2023-02-06,160.087494,163.012497,159.787506,162.787506,150.502045,6948201
2023-02-07,163.500000,163.649994,161.324997,162.637497,150.363358,10035526
2023-02-08,159.637497,159.937500,157.837494,159.000000,150.469849,12432719
2023-02-09,159.000000,160.462494,159.000000,159.637497,151.073135,7011082
2023-02-10,158.925003,160.837494,158.887497,160.574997,151.960327,10892159
2023-02-13,160.574997,162.375000,160.500000,162.000000,153.308884,7710133
2023-02-14,162.787506,162.787506,159.562500,161.250000,152.599121,6010681
2023-02-15,159.937500,161.399994,159.750000,160.875000,152.244247,8107497
2023-02-16,162.675003,162.675003,160.500000,160.949997,152.315216,3963115
2023-02-17,160.500000,161.925003,159.750000,160.350006,151.747421,6491149
2023-02-20,161.699997,162.750000,160.649994,161.850006,153.166931,6841917
2023-02-21,163.162506,164.062500,162.037506,162.899994,154.160599,6701434
2023-02-22,162.000000,162.975006,159.750000,160.987503,152.350708,9128659
2023-02-23,161.250000,161.925003,159.449997,159.937500,151.357040,10345874
2023-02-24,159.300003,161.550003,159.300003,161.287506,152.634628,9808830
2023-02-27,162.337494,164.962494,160.912506,164.399994,155.580124,17763618
2023-02-28,165.449997,167.250000,164.062500,166.687500,157.744904,36559278
2023-03-01,166.162506,166.687500,163.050003,164.175003,155.367188,12896085
2023-03-02,163.500000,165.750000,161.850006,165.262497,156.396347,79708558
2023-03-03,165.300003,169.087494,165.300003,166.574997,157.638443,9951869
2023-03-06,168.000000,171.600006,167.250000,170.362503,161.222748,15659957
2023-03-08,170.212494,171.262497,169.274994,171.037506,161.861542,11591495
2023-03-09,171.750000,172.837494,169.125000,169.350006,160.264557,13941653
2023-03-10,166.687500,171.112503,166.687500,169.912506,160.796890,9605434
2023-03-13,171.037506,172.537506,169.050003,169.574997,160.477493,13209653
2023-03-14,168.862503,170.812500,168.000000,168.899994,159.838699,9583405
2023-03-15,169.949997,172.537506,169.274994,171.225006,162.038971,12228069
2023-03-16,172.087494,174.675003,171.262497,174.112503,164.771561,18437817
2023-03-17,175.462494,175.500000,171.225006,172.274994,163.032639,33711025
2023-03-20,168.975006,172.050003,168.975006,170.625000,161.471161,9281411
2023-03-21,170.437500,170.774994,166.837494,167.362503,158.383698,11272787
2023-03-22,167.250000,168.524994,165.600006,168.074997,159.057953,7589846
2023-03-23,168.000000,168.375000,165.937500,166.612503,157.673935,17091298
2023-03-24,167.250000,168.187500,165.600006,166.800003,157.851364,10371666
2023-03-27,167.175003,169.687500,164.662506,165.074997,156.218918,19983733
2023-03-28,165.937500,167.324997,164.024994,166.574997,157.638443,8689166
2023-03-29,166.574997,167.774994,165.412506,166.837494,157.886856,19743258
2023-03-31,168.000000,170.062500,167.250000,169.274994,160.193588,10202058
2023-04-03,170.512497,170.512497,167.887497,168.449997,159.412857,7643214
2023-04-05,169.949997,169.949997,167.774994,169.237503,160.158112,12019382
2023-04-06,170.399994,170.550003,168.487503,168.937500,159.874191,4282875
2023-04-10,168.899994,172.050003,168.750000,171.787506,162.571304,4145643
2023-04-11,171.675003,174.000000,171.337494,173.512497,164.203735,5106602
2023-04-12,173.550003,173.662506,170.287506,170.475006,161.329224,9118795
2023-04-13,170.475006,173.737503,170.250000,173.399994,164.097290,11428621
2023-04-17,174.449997,179.925003,174.225006,177.487503,167.965500,21815047
2023-04-18,177.675003,178.125000,172.237503,172.725006,163.458511,13482833
2023-04-19,171.750000,173.550003,171.487503,172.462494,163.210083,8264190
2023-04-20,173.137497,174.675003,172.237503,173.175003,163.884354,7308750
2023-04-21,173.850006,174.262497,172.199997,173.662506,164.345718,5030650
2023-04-24,173.250000,174.225006,172.462494,173.962494,164.629593,5725067
2023-04-25,173.475006,175.425003,172.987503,174.675003,165.303894,8338703
2023-04-26,175.537506,179.625000,174.000000,178.725006,169.136612,13581018
2023-04-27,178.500000,178.725006,175.125000,176.962494,167.468658,9794457
2023-04-28,177.712494,178.462494,174.824997,177.937500,168.391357,10585487
2023-05-02,179.024994,180.862503,178.687500,180.074997,170.414169,6732907
2023-05-03,180.000000,181.500000,179.100006,179.774994,170.130264,4789217
2023-05-04,179.737503,180.524994,176.212494,179.137497,169.526962,9189783
2023-05-05,179.100006,181.125000,178.649994,180.787506,171.088455,3896441
2023-05-08,181.387497,184.687500,180.824997,183.562500,173.714584,8758321
2023-05-09,183.037506,185.175003,182.024994,182.550003,172.756409,9166941
2023-05-10,183.862503,185.962494,183.449997,185.737503,175.772903,9689409
2023-05-11,185.774994,186.899994,184.949997,186.412506,176.411697,12616726
2023-05-12,186.637497,187.199997,180.862503,181.312500,171.585297,13853807
2023-05-15,182.550003,184.237503,181.762497,182.437500,172.649933,12187763
2023-05-16,182.662506,183.412506,180.000000,180.449997,170.769058,11418509
2023-05-17,180.675003,181.425003,178.087494,179.100006,169.491486,11560929
2023-05-18,180.750000,180.750000,175.949997,176.737503,167.255753,14497723
2023-05-19,176.737503,178.125000,174.000000,175.274994,165.871689,10071694
2023-05-22,176.024994,179.250000,174.487503,175.762497,166.333054,12566129
2023-05-23,175.537506,177.412506,175.012497,175.574997,166.155594,12458561
2023-05-24,178.350006,178.387497,176.137497,176.850006,167.362198,8877971
2023-05-25,178.274994,180.225006,177.225006,178.462494,168.888184,12502747
2023-05-26,178.387497,178.425003,176.100006,177.975006,168.426865,6811801
2023-05-29,178.649994,178.762497,175.574997,175.875000,166.439499,13638297
2023-05-30,176.925003,176.925003,175.274994,176.324997,166.865356,9469926
2023-05-31,176.250000,176.399994,172.500000,175.387497,165.978149,48104157
2023-06-01,174.712494,175.574997,172.537506,174.750000,165.374863,8804790
2023-06-02,175.500000,176.324997,174.824997,175.949997,166.510483,6617781
2023-06-05,177.337494,178.500000,176.100006,176.699997,167.220261,27428302
2023-06-06,177.337494,177.750000,175.837494,176.475006,167.007324,6898603
2023-06-07,177.524994,180.037506,177.112503,179.399994,169.775391,11153571
2023-06-08,179.437500,184.087494,179.437500,181.237503,171.514328,19300834
2023-06-09,182.662506,184.125000,181.350006,183.675003,173.821045,11037141
2023-06-12,183.750000,184.837494,180.899994,181.237503,171.514328,8188909
2023-06-13,181.500000,182.587494,181.087494,181.687500,171.940170,6443218
2023-06-14,181.574997,185.399994,181.574997,184.875000,174.956665,10297426
2023-06-15,185.212494,185.212494,182.850006,184.837494,174.921173,9732749
2023-06-16,184.800003,185.512497,183.375000,184.837494,174.921173,9702361
2023-06-19,184.837494,186.225006,181.800003,182.324997,172.543472,10431647
2023-06-20,182.887497,187.274994,182.812500,186.562500,176.553635,13426365
2023-06-21,186.600006,194.287506,186.562500,193.649994,183.260895,31172093
2023-06-22,193.500000,193.500000,189.524994,190.162506,179.960510,7430965
2023-06-23,190.199997,190.987503,187.162506,187.574997,177.511810,5593393
2023-06-26,187.500000,187.687500,185.362503,186.375000,176.376190,7305362
2023-06-27,186.074997,187.537506,185.737503,187.162506,177.121445,11142907
2023-06-28,188.100006,189.375000,184.837494,187.612503,177.547302,17808717
2023-06-30,192.375000,194.774994,188.399994,191.362503,181.096130,17659979
2023-07-03,190.912506,191.212494,187.125000,187.875000,177.795731,12467239
2023-07-04,189.375000,189.375000,186.899994,187.199997,177.156937,8637967
2023-07-05,187.274994,190.462494,187.125000,189.937500,179.747559,5340907
2023-07-06,194.962494,197.699997,190.800003,197.024994,186.454834,16705046
2023-07-07,196.912506,196.912506,191.024994,191.587494,181.309036,13149183
2023-07-10,191.587494,192.300003,186.375000,187.500000,177.440842,15319047
2023-07-11,189.000000,191.550003,187.537506,190.125000,179.925018,7486045
2023-07-12,190.500000,191.062500,188.362503,189.037506,178.895859,9390877
2023-07-13,188.812500,189.149994,181.274994,182.324997,172.543472,30591450
2023-07-14,182.250000,183.300003,177.524994,180.037506,170.378693,72085831
2023-07-17,181.875000,183.712494,179.399994,180.750000,171.052963,11474161
2023-07-18,180.750000,182.774994,179.699997,180.862503,171.159454,14940593
2023-07-19,180.750000,184.649994,180.412506,182.437500,172.649933,22954874
2023-07-20,182.962494,184.387497,181.725006,183.187500,173.359711,10249082
2023-07-21,182.437500,184.725006,181.649994,183.074997,173.253235,18466409
2023-07-24,183.037506,186.112503,182.137497,185.587494,175.630936,14825562
2023-07-25,186.712494,188.625000,186.112503,188.362503,178.257080,10500017
2023-07-26,190.425003,191.737503,187.500000,188.250000,178.150604,12898171
2023-07-27,189.000000,190.050003,187.274994,188.024994,177.937668,10836773
2023-07-28,188.850006,195.862503,187.574997,193.649994,183.260895,17518458
2023-07-31,196.500000,200.250000,194.362503,199.537506,188.832550,24269734
2023-08-01,196.500000,196.500000,187.875000,188.850006,178.718430,31395702
2023-08-02,189.675003,190.350006,184.949997,186.412506,176.411697,20825405
2023-08-03,186.750000,187.949997,184.574997,186.524994,176.518143,10882019
2023-08-04,186.000000,186.787506,184.949997,185.512497,175.559967,7406390
2023-08-07,186.600006,186.712494,184.500000,185.962494,175.985825,6345966
2023-08-08,183.937500,183.937500,180.487503,181.125000,174.755661,15171726
2023-08-09,182.250000,182.625000,179.812500,180.262497,173.923492,18442141
2023-08-10,180.412506,181.987503,180.037506,181.350006,174.972748,9962450
2023-08-11,184.125000,184.687500,182.100006,183.225006,176.781830,23866073
2023-08-14,183.637497,183.975006,180.562500,183.375000,176.926529,9188486
2023-08-16,183.449997,186.487503,182.287506,186.037506,179.495422,9191471
2023-08-17,186.037506,186.600006,181.649994,182.774994,176.347641,15301142
2023-08-18,182.737503,182.737503,180.074997,180.750000,174.393860,12292241
2023-08-21,181.725006,185.774994,181.274994,185.399994,178.880325,9129526
2023-08-22,186.000000,187.612503,185.024994,185.850006,179.314514,11107830
2023-08-23,187.500000,187.500000,185.399994,187.199997,180.617035,8487619
2023-08-24,187.500000,189.487503,184.350006,184.725006,178.229065,18982087
2023-08-25,184.612503,185.550003,181.050003,181.500000,175.117477,12851343
2023-08-28,182.250000,186.750000,181.912506,186.375000,179.821045,11908665
2023-08-29,187.199997,189.750000,186.449997,188.362503,181.738663,12363321
2023-08-30,188.475006,188.699997,184.837494,185.324997,178.807968,6748007
2023-08-31,185.887497,187.199997,182.662506,183.412506,176.962738,20715819
2023-09-01,185.250000,189.449997,183.899994,189.149994,182.498459,13120723
2023-09-04,190.199997,192.375000,188.100006,191.550003,184.814072,10240031
2023-09-05,191.475006,192.750000,189.750000,190.725006,184.018082,10893186
2023-09-06,192.524994,192.937500,189.112503,190.875000,184.162811,10018473
2023-09-07,190.500000,193.274994,189.112503,192.750000,185.971863,13760453
2023-09-08,193.687500,195.975006,192.824997,193.987503,187.165848,16781751
2023-09-11,195.262497,198.750000,193.199997,198.375000,191.399063,17683806
2023-09-12,203.000000,204.250000,190.649994,191.300003,184.572861,29826173
2023-09-13,193.199997,194.600006,191.300003,193.199997,186.406052,10692151
2023-09-14,194.199997,195.649994,193.699997,195.149994,188.287460,10941807
2023-09-15,196.149994,196.199997,192.199997,194.100006,187.274399,20516593
2023-09-18,195.250000,200.500000,194.100006,200.100006,193.063400,25627043
2023-09-20,198.699997,205.949997,198.449997,204.649994,197.453400,33369524
2023-09-21,205.000000,205.550003,200.399994,201.600006,194.510651,20332556
2023-09-22,200.550003,202.899994,196.399994,199.149994,192.146790,21193988
2023-09-25,200.000000,200.649994,196.699997,198.899994,191.905594,11951847
2023-09-26,199.100006,200.050003,197.600006,198.350006,191.374939,7440011
2023-09-27,199.300003,199.600006,197.300003,199.350006,192.339783,6736870
2023-09-28,200.100006,204.449997,197.800003,200.750000,193.690552,50185120
2023-09-29,200.949997,201.899994,199.100006,199.750000,192.725708,16293959
2023-10-03,198.750000,200.000000,196.899994,199.550003,192.532745,10830728
2023-10-04,198.899994,199.399994,195.399994,199.000000,192.002090,14120040
2023-10-05,199.500000,199.500000,195.350006,196.600006,189.686478,14575590
2023-10-06,197.000000,197.449997,194.850006,197.050003,190.120651,12857229
2023-10-09,196.500000,196.899994,193.750000,196.250000,189.348785,7853369
2023-10-10,196.250000,198.550003,195.699997,197.949997,190.988998,7440527
2023-10-11,197.350006,199.149994,197.350006,198.500000,191.519669,10031916
2023-10-12,197.350006,202.000000,197.350006,200.750000,193.690552,21872719
2023-10-13,200.449997,202.399994,199.300003,201.800003,194.703629,13105921
2023-10-16,200.300003,203.850006,200.100006,203.050003,195.909668,18336656
2023-10-17,203.550003,209.000000,202.600006,207.149994,199.865479,19378328
2023-10-18,208.449997,208.449997,204.000000,206.500000,199.238342,14923328
2023-10-19,204.000000,207.399994,202.199997,205.800003,198.562958,13192888
2023-10-20,205.199997,205.199997,200.899994,202.850006,195.716705,22081120
2023-10-23,202.000000,205.149994,199.000000,199.750000,192.725708,6988219
2023-10-25,199.000000,200.449997,197.800003,199.500000,192.484497,16817158
2023-10-26,198.750000,200.000000,196.300003,198.949997,191.953842,11070090
2023-10-27,199.250000,201.800003,199.149994,200.949997,193.883499,9995487
2023-10-30,200.949997,202.199997,197.649994,200.850006,193.787033,7679981
2023-10-31,201.500000,202.949997,200.550003,202.149994,195.041306,7474770
2023-11-01,202.350006,202.350006,200.500000,200.949997,193.883499,5598615
2023-11-02,201.750000,203.649994,200.899994,203.100006,195.957901,12924797
2023-11-03,203.399994,206.500000,203.100006,204.399994,197.212189,8684015
2023-11-06,205.000000,208.949997,204.949997,208.199997,200.878555,9804415
2023-11-07,208.199997,209.100006,205.750000,208.000000,200.685593,10730361
2023-11-08,209.000000,209.600006,206.649994,207.000000,199.720749,7435543
2023-11-09,207.300003,210.500000,206.100006,209.800003,202.422302,13777877
2023-11-10,210.500000,213.000000,209.600006,211.149994,203.724823,12066023
2023-11-13,212.000000,215.100006,210.699997,212.300003,204.834381,11352269
2023-11-15,215.000000,215.000000,209.800003,210.149994,202.759979,19182861
2023-11-16,206.699997,208.850006,205.699997,207.199997,203.792725,27533260
2023-11-17,207.699997,210.699997,206.899994,209.500000,206.054901,16705395
2023-11-20,210.100006,211.199997,208.850006,209.300003,205.858200,11156900
2023-11-21,210.000000,210.149994,207.949997,208.949997,205.513947,9608081
2023-11-22,208.199997,212.600006,208.199997,211.600006,208.120377,13079580
2023-11-23,212.050003,213.100006,209.250000,210.899994,207.431870,11382709
2023-11-24,211.300003,212.100006,209.500000,210.449997,206.989273,7250200
2023-11-28,214.449997,214.449997,209.500000,210.199997,206.743393,15629209
2023-11-29,210.300003,211.449997,209.100006,211.050003,207.579422,10062023
2023-11-30,210.399994,212.800003,208.250000,208.949997,205.513947,60354322
2023-12-01,211.500000,212.449997,209.449997,210.199997,206.743393,20719909
2023-12-04,211.699997,214.100006,211.699997,212.899994,209.398987,27914088
2023-12-05,213.699997,223.250000,211.550003,222.300003,218.644409,40709207
2023-12-06,226.000000,226.250000,222.500000,224.399994,220.709869,29544730
2023-12-07,225.000000,232.399994,224.250000,230.000000,226.217789,24534268
2023-12-08,231.800003,233.399994,226.449997,228.600006,224.840820,22206320
2023-12-11,228.000000,232.899994,226.550003,230.949997,227.152161,19106395
2023-12-12,230.000000,233.300003,229.500000,231.350006,227.545593,14355329
2023-12-13,231.000000,237.500000,230.600006,236.949997,233.053497,26878281
2023-12-14,237.250000,237.600006,231.100006,232.100006,228.283264,29972018
2023-12-15,235.000000,238.100006,227.149994,237.350006,233.446930,41341690
2023-12-18,236.899994,236.899994,231.449997,231.850006,228.037369,29051897
2023-12-19,232.149994,234.399994,230.850006,233.550003,229.709412,12612164
2023-12-20,234.949997,235.399994,226.199997,227.149994,223.414658,20400245
2023-12-21,224.449997,233.199997,222.699997,232.350006,228.529160,17755207
2023-12-22,233.000000,234.199997,230.500000,231.750000,227.939011,9735375
2023-12-26,232.000000,235.800003,231.050003,233.350006,229.512711,6772092
2023-12-27,235.000000,235.850006,232.500000,234.050003,230.201187,10231881
2023-12-28,235.100006,239.949997,234.100006,239.100006,235.168152,39164340
2023-12-29,237.800003,238.250000,234.750000,237.199997,233.299393,12665999
2024-01-01,237.899994,239.500000,236.399994,238.250000,234.332123,5952776
2024-01-02,240.000000,240.100006,236.149994,237.850006,233.938705,9128513
2024-01-03,236.000000,238.699997,234.600006,237.050003,233.151855,8284439
2024-01-04,238.000000,243.100006,237.050003,241.449997,237.479507,19663959
2024-01-05,242.000000,245.000000,239.300003,241.250000,237.282791,16345257
2024-01-08,242.399994,245.250000,240.399994,242.350006,238.364716,13585746
2024-01-09,242.600006,244.649994,241.500000,242.300003,238.315521,8688409
2024-01-10,241.000000,242.100006,238.000000,239.149994,235.217316,16872195
2024-01-11,240.250000,243.100006,239.199997,241.949997,237.971283,18812468
2024-01-12,242.500000,242.649994,238.800003,239.500000,235.561569,11296498
2024-01-15,240.399994,241.500000,237.000000,241.149994,237.184433,12597366
2024-01-16,241.649994,242.399994,237.699997,239.050003,235.118973,7478450
2024-01-17,238.500000,241.199997,237.699997,239.199997,235.266495,13620300
2024-01-18,227.250000,235.699997,226.050003,233.449997,229.611053,25522629
2024-01-19,235.000000,236.949997,232.399994,235.399994,231.528992,20931080
2024-01-23,241.000000,246.800003,236.250000,237.949997,234.037048,27492163
2024-01-24,236.149994,247.000000,235.000000,246.199997,242.151382,28309825
2024-01-25,244.750000,248.699997,243.100006,245.500000,241.462906,20651484
2024-01-29,245.449997,255.000000,245.149994,253.949997,249.773941,26181011
2024-01-30,254.000000,256.950012,251.500000,254.100006,249.921494,16031367
2024-01-31,254.000000,260.000000,252.399994,259.299988,255.035965,34369455
2024-02-01,259.000000,270.950012,258.299988,265.799988,261.429077,29929092
2024-02-02,264.500000,281.399994,263.950012,277.100006,272.543274,33900724
2024-02-05,277.500000,289.399994,274.899994,282.899994,278.247864,27440927
2024-02-06,282.899994,282.899994,272.299988,274.250000,269.740112,29668277
2024-02-07,272.100006,274.399994,266.799988,267.950012,263.543732,27335466
2024-02-08,270.799988,288.049988,270.799988,276.200012,271.658081,69776717
2024-02-09,278.600006,279.450012,269.100006,273.000000,268.510681,24496638
2024-02-12,273.200012,276.000000,266.250000,270.299988,265.855072,19140023
2024-02-13,270.299988,270.850006,264.250000,270.250000,265.805908,22031847
2024-02-14,269.500000,275.000000,267.000000,273.649994,269.149994,13546941
2024-02-15,272.000000,283.350006,271.350006,281.649994,281.649994,25475670
2024-02-16,282.000000,282.899994,273.299988,274.549988,274.549988,25129188
2024-02-19,275.100006,278.299988,273.299988,276.350006,276.350006,11429901
2024-02-20,278.350006,288.750000,277.700012,287.899994,287.899994,43053543
2024-02-21,287.549988,289.450012,279.250000,280.100006,280.100006,24651085
2024-02-22,280.100006,283.500000,273.250000,282.600006,282.600006,26793590
2024-02-23,282.549988,285.200012,279.000000,281.950012,281.950012,14313526
2024-02-26,282.950012,291.500000,282.049988,287.799988,287.799988,31012494
2024-02-27,284.100006,293.399994,284.100006,292.500000,292.500000,36510093
2024-02-28,291.500000,293.649994,278.399994,279.549988,279.549988,18824161
2024-02-29,279.600006,285.000000,274.399994,282.850006,282.850006,35043015
2024-03-01,285.000000,289.399994,284.600006,287.700012,287.700012,15149735
2024-03-04,288.000000,297.000000,288.000000,294.649994,294.649994,23131460
2024-03-05,292.049988,295.450012,289.750000,295.000000,295.000000,13220556
2024-03-06,290.299988,294.899994,286.500000,293.700012,293.700012,15969436
2024-03-07,294.000000,298.899994,291.000000,292.649994,292.649994,14908694
2024-03-11,288.399994,291.950012,284.399994,285.549988,285.549988,19020659
2024-03-12,284.899994,288.649994,282.750000,285.149994,285.149994,17906155
2024-03-13,283.299988,283.899994,261.799988,264.299988,264.299988,39389523
2024-03-14,264.049988,268.399994,260.700012,266.350006,266.350006,26005940
2024-03-15,268.100006,272.000000,257.649994,265.950012,265.950012,43817794
2024-03-18,265.950012,266.649994,259.500000,264.899994,264.899994,12423655
2024-03-19,262.149994,266.500000,258.299988,259.000000,259.000000,20031514
2024-03-20,259.950012,265.149994,258.950012,264.649994,264.649994,11308487
2024-03-21,267.799988,274.500000,267.100006,273.750000,273.750000,23559105
2024-03-22,273.750000,278.250000,271.350006,275.750000,275.750000,22097588
2024-03-26,270.100006,274.100006,266.100006,270.049988,270.049988,28477120
2024-03-27,271.000000,272.799988,269.200012,270.250000,270.250000,18094214
2024-03-28,272.000000,279.500000,271.649994,276.899994,276.899994,26646830
2024-04-01,280.750000,281.600006,277.649994,280.149994,280.149994,8945400
2024-04-02,279.250000,281.700012,278.500000,279.549988,279.549988,13229425
2024-04-03,280.149994,283.100006,278.549988,280.100006,280.100006,14499308
2024-04-04,282.799988,286.700012,275.049988,277.649994,277.649994,23722104
2024-04-05,279.950012,279.950012,275.149994,278.399994,278.399994,9308711
2024-04-08,280.549988,284.200012,279.049988,281.750000,281.750000,14473340
2024-04-09,282.850006,284.350006,281.000000,281.200012,281.200012,5780865
2024-04-10,280.000000,285.350006,280.000000,282.549988,282.549988,8809693
2024-04-12,281.500000,284.450012,274.649994,275.250000,275.250000,17731780
2024-04-15,270.250000,276.200012,268.399994,274.049988,274.049988,13378690
2024-04-16,273.000000,275.549988,271.250000,274.250000,274.250000,9662195
2024-04-18,287.899994,289.899994,277.700012,280.100006,280.100006,51039603
2024-04-19,278.100006,282.250000,274.700012,281.649994,281.649994,18755469
2024-04-22,284.000000,284.700012,281.700012,283.649994,283.649994,14965203
2024-04-23,283.649994,287.149994,280.700012,285.350006,285.350006,11464036
2024-04-24,285.000000,291.850006,284.399994,290.399994,290.399994,19324163
2024-04-25,292.000000,294.500000,289.250000,293.299988,293.299988,22022414
2024-04-26,294.250000,296.149994,291.450012,292.250000,292.250000,15581578
2024-04-29,292.299988,294.600006,289.600006,293.700012,293.700012,9804396
2024-04-30,293.700012,304.350006,293.049988,301.850006,301.850006,33288857
2024-05-02,301.950012,317.250000,301.850006,313.600006,313.600006,44059506
2024-05-03,312.000000,316.100006,308.250000,310.850006,310.850006,27074447
2024-05-06,310.200012,310.799988,303.100006,306.850006,306.850006,16855909
2024-05-07,307.000000,308.299988,294.500000,295.250000,295.250000,13857464
2024-05-08,292.000000,302.850006,292.000000,302.000000,302.000000,18754452
2024-05-09,302.750000,304.350006,295.250000,296.149994,296.149994,11196567
2024-05-10,296.250000,304.450012,296.250000,303.750000,303.750000,11786977
2024-05-13,304.200012,307.649994,297.600006,306.549988,306.549988,11710605
2024-05-14,308.000000,313.000000,307.750000,309.250000,309.250000,9957875
2024-05-15,310.000000,316.299988,308.850006,314.850006,314.850006,11397656
2024-05-16,314.500000,315.600006,305.299988,312.500000,312.500000,19843532
2024-05-17,314.899994,316.000000,310.750000,313.149994,313.149994,9069551
2024-05-21,311.000000,327.450012,311.000000,325.649994,325.649994,21976662
2024-05-22,327.750000,327.750000,320.200012,325.750000,325.750000,10287081
2024-05-23,319.450012,320.700012,309.000000,319.899994,319.899994,35705284
2024-05-24,318.000000,322.950012,317.399994,318.799988,318.799988,15058182
2024-05-27,321.500000,321.500000,314.500000,317.950012,317.950012,12857918
2024-05-28,319.000000,319.500000,312.000000,312.799988,312.799988,10935739
2024-05-29,309.100006,318.700012,309.100006,317.700012,317.700012,16812268
2024-05-30,314.600006,317.649994,303.799988,306.700012,306.700012,22768893
2024-05-31,308.549988,311.500000,305.700012,310.000000,310.000000,36929443
2024-06-03,335.000000,348.700012,325.600006,337.649994,337.649994,55218939
2024-06-04,334.950012,334.950012,279.750000,295.950012,295.950012,73262478
2024-06-05,296.299988,301.049988,279.200012,298.799988,298.799988,45312613
2024-06-06,303.399994,311.450012,298.100006,300.450012,300.450012,36508044
2024-06-07,298.049988,310.649994,296.799988,309.350006,309.350006,38016104
2024-06-10,313.000000,323.350006,311.600006,315.799988,315.799988,25478964
2024-06-11,316.200012,319.700012,315.149994,316.549988,316.549988,12238518
2024-06-12,319.899994,327.100006,316.899994,324.649994,324.649994,20346144
2024-06-13,327.000000,327.950012,320.649994,321.450012,321.450012,11756503
2024-06-14,326.000000,326.000000,319.350006,321.500000,321.500000,14159988
2024-06-18,322.000000,332.500000,322.000000,331.799988,331.799988,21653702
2024-06-19,334.000000,334.850006,325.399994,327.299988,327.299988,14235150
2024-06-20,327.500000,328.299988,322.299988,324.549988,324.549988,11749507
2024-06-21,326.700012,329.600006,323.000000,325.950012,325.950012,17209541
2024-06-24,323.100006,334.000000,322.549988,332.950012,332.950012,18044357
2024-06-25,335.000000,335.000000,325.799988,327.399994,327.399994,13979671
2024-06-26,325.700012,330.200012,324.950012,326.700012,326.700012,12946277
2024-06-27,328.549988,332.500000,324.350006,331.549988,331.549988,27061015
2024-06-28,333.000000,337.350006,329.600006,330.950012,330.950012,21676594
2024-07-01,331.000000,331.750000,325.250000,329.600006,329.600006,11959181
2024-07-02,330.049988,334.399994,328.049988,330.799988,330.799988,12684459
2024-07-03,331.100006,336.899994,329.100006,335.149994,335.149994,9369793
2024-07-04,337.000000,338.700012,333.899994,335.000000,335.000000,12878827
2024-07-05,335.000000,339.899994,332.850006,339.399994,339.399994,10894118
2024-07-08,341.000000,341.000000,336.850006,339.399994,339.399994,7828162
2024-07-09,340.000000,342.350006,338.100006,341.149994,341.149994,9214579
2024-07-10,343.000000,347.799988,335.500000,346.049988,346.049988,10662609
2024-07-11,348.500000,348.750000,342.000000,342.799988,342.799988,12642065
2024-07-12,342.799988,345.899994,340.100006,343.100006,343.100006,11380570
2024-07-15,345.399994,345.399994,340.200012,343.850006,343.850006,5277531
2024-07-16,342.750000,347.000000,341.500000,342.450012,342.450012,11363095
2024-07-18,342.000000,344.700012,336.950012,341.250000,341.250000,13908161
2024-07-19,339.549988,341.850006,331.000000,332.200012,332.200012,12937990
2024-07-22,330.000000,339.399994,329.500000,338.600006,338.600006,10678640
2024-07-23,339.100006,340.500000,321.100006,334.250000,334.250000,15954324
2024-07-24,330.899994,338.799988,330.299988,337.149994,337.149994,12573882
2024-07-25,330.450012,342.600006,330.450012,339.450012,339.450012,16271884
2024-07-26,340.350006,345.549988,338.500000,344.200012,344.200012,11468068
2024-07-29,339.799988,344.899994,337.750000,339.799988,339.799988,15628749